# MAG          N-AS          N-FS        MS-ID; note N_AS=0 highlights singles or FS only
     4.900        14         0             1
     3.800         3         0             7
     4.300         1         0            19
     3.100         1         0          5258
     3.400         2         0            22
     3.200         1         0            23
     3.900         2         0            26
     2.800         0         1          5265
     3.100         1         0          5261
     3.900         4         2          9259
     3.000         1         1         16062
     4.100         4         0         17513
     4.500         7         0         18507
     3.700         1         0         19221
     4.500         7         0            44
     3.400         3         0          5267
     2.900         1         1          5274
     5.200        23         2         14305
     3.100         3         1         19828
     3.100         0         1          5275
     3.100         1         0          9267
     3.700         1         0            51
     3.500         1         1         17519
     3.300         0         1          5278
     2.800         0         1         20297
     3.500         3         0          9262
     2.900         1         0         20299
     3.100         1         0            57
     2.700         1         0         16071
     3.000         0         1         14298
     3.300         1         1          5282
     4.200        11         6          9273
     3.600         1         0            74
     3.400         1         0         16083
     3.000         0         1          9278
     3.200         3         1          5295
     2.600         1         0            76
     5.200        41         0            88
     3.200         2         0          5308
     2.600         1         0         12223
     3.000         2         0         12227
     3.300         1         0         14299
     3.200         2         0            90
     3.200         0         1         19229
     4.200         2         2          5338
     3.600         3         2          5340
     3.200         1         1          5341
     4.200         4         0          9318
     3.600         3         1         19822
     4.200         1         0           100
     2.700         1         1         12235
     2.500         1         0          9311
     3.500         3         0           102
     2.900         1         0           104
     2.900         0         1          9322
     2.900         1         0          9289
     2.600         1         0           112
     3.000         0         3         12230
     3.000         1         0           113
     3.000         2         0          5320
     2.800         0         1          9277
     4.500        43         0         12190
     3.200         2         0         14292
     3.800         1         0         19218
     4.300         6         0           121
     2.900         0         2         16089
     3.300         0         1          5360
     3.500         3         0          5356
     4.100         3         0         17502
     2.700         0         1         19217
     3.800         1         0           124
     3.600         1         0           126
     4.900        21         2          5363
     3.700         5         0           130
     4.800        17         1         12250
     4.100         4         0           134
     3.400         1         0         16092
     2.900         0         1          5373
     3.100         1         0         12255
     3.800         1         0          9327
     3.100         1         1          5374
     3.200         0         1          5375
     2.600         1         0           151
     3.100         1         0           152
     3.500         1         0           156
     3.000         2         0           157
     4.000         4         0           158
     3.600         2         0           166
     2.800         1         0           173
     3.800         1         0          5382
     3.500         1         0           175
     2.800         1         0          5392
     3.100         1         2          9363
     3.600         2         0         12262
     2.700         0         1         14338
     4.500         6         0           185
     3.300         1         0           193
     3.900         2         0           194
     2.900         1         0         12231
     4.300         6         0           202
     3.300         3         0          5410
     5.600       191        30         19244
     4.800        25         5         14345
     2.800         1         0         19907
     3.300         1         0         19894
     4.000         3         0         19838
     3.400         0         1         20849
     3.200         1         1         17537
     2.900         1         0         20978
     4.100         5         0         19830
     2.900         1         0         20308
     3.900         1         3         19888
     3.200         1         0           211
     3.500         1         0         19855
     3.700         5         0         16110
     2.800         0         1         19896
     2.800         1         0         19835
     3.200         1         0           218
     3.900         2         0         16097
     3.800         1         4         20675
     3.300         1         0         17528
     3.100         0         1          5419
     3.200         0         1         20983
     2.800         1         0         21084
     4.900        27         0         19856
     3.500         4         0         20327
     4.200         8         7          5421
     3.500         2         1          5424
     2.700         1         0          9381
     3.200         0         1         20637
     2.600         0         1          5426
     3.200         4         1          5428
     3.300         1         0           245
     3.300         2         0          5429
     4.300         6         0         20391
     3.400         0         1         17554
     3.200         1         0         20874
     2.900         1         0           248
     3.400         1         0         20867
     3.200         1         0          9389
     2.800         1         0           252
     2.700         2         0           253
     4.500         6         1          5435
     3.400         1         0          9364
     3.000         2         1          5437
     4.700        18         0          5439
     2.900         1         1          5440
     4.200         5         1         16119
     4.500         9         0         18528
     3.300         1         0           272
     3.900         2         0          5441
     3.300         0         1          5443
     3.100         1         0           278
     3.700         1         1          5448
     3.000         1         0         20847
     3.900         4         3          9424
     3.500         2         0           292
     2.800         1         0         20295
     4.400        14         0         12309
     3.300         3         0          5454
     3.500         1         0          5444
     4.200         9         0           296
     3.200         1         1          5460
     3.300         1         0           299
     2.800         0         1          5462
     3.500         1         0         20316
     3.100         2         1         12304
     3.400         1         0          5447
     3.200         1         3         20875
     3.700         1         3         17556
     3.000         1         0           321
     3.400         0         1          5468
     3.900         1         0         16122
     3.700         4         1         14358
     2.700         0         1         18529
     4.300         3         0           329
     3.600         1         0           330
     4.800         7         0           331
     3.900         2         0          5475
     3.000         0         2         14373
     3.200         0         1          5485
     2.700         0         1          9446
     3.000         0         3         12321
     3.200         1         1         12320
     2.600         0         2          5492
     4.100         6         0           348
     3.000         0         1          9448
     2.500         1         0         12313
     3.900         0         1          5498
     4.800        16         0           354
     5.300       108         0           356
     3.800         3         0          5511
     3.800         5         0         14364
     3.900         1         0           359
     3.900         2         0          9391
     3.000         2         0           362
     3.700         1         0         14385
     2.700         1         0           363
     4.000         1         0         12211
     4.100         5         0         16147
     3.000         1         0          5549
     4.200         2         1         12360
     3.900         8         1          9465
     3.100         0         1          5555
     3.300         2         0           367
     4.900         9         1         17565
     3.400         1         1         16162
     3.400         1         1          5559
     3.800         0         1          5560
     3.400         1         0           376
     4.100         6         5         12362
     3.200         1         0         12354
     3.000         0         1          5566
     3.000         1         0           380
     3.400         1         0           381
     2.800         1         0           385
     3.000         1         0          9473
     3.100         2         0           389
     2.900         0         1         19925
     3.300         0         1          5574
     3.900         6         1          5576
     2.700         0         1          9506
     3.400         1         1         14433
     2.900         1         0           398
     3.700         2         0          5578
     2.900         1         0           400
     3.700         1         0           401
     3.800         1         1           403
     3.500         2         0           406
     2.800         0         1          5587
     3.500         0         2          9511
     4.000         2         0          5589
     2.700         1         0           420
     2.900         1         1          5592
     3.400         1         4         14387
     3.000         1         0         14435
     3.900         2         0         14388
     4.000         6         1          9442
     3.400         1         0          5584
     3.300         1         0           432
     4.500         6         0           436
     3.100         0         1          9520
     3.500         4         0           444
     4.100         1         0           447
     3.500         1         0          9521
     3.000         2         0           448
     3.700         0         1         16159
     2.900         1         0         12374
     3.900         4         0          5496
     3.400         2         0           453
     3.000         0         1          5613
     3.200         1         0          5612
     2.700         1         0           468
     2.900         1         0         12376
     3.400         1         5         14442
     3.800         1         4          9529
     3.400         1         0           480
     3.900         1         0          9530
     2.900         2         0           483
     3.100         1         0           484
     3.000         0         1          5626
     4.300         9         0           486
     3.900         1         0           488
     3.200         3         0         14375
     4.100         4         1          5638
     3.300         1         0           512
     3.800         5         1         12370
     3.900         6         1         18547
     2.900         1         0           517
     2.900         1         0           527
     3.100         0         1          5644
     2.900         0         1          5645
     4.600         6         1          5646
     3.200         1         0         12308
     3.700         1         4         12391
     3.900         2         3         21082
     3.700         2         0         21083
     3.900         4         0           552
     3.700         5         0           554
     5.000        17         1          5661
     3.800         2         0          9538
     3.300         1         0           561
     2.800         1         0           563
     4.000        10         5         14449
     4.600         5         0         16175
     3.500         2         0           566
     3.600         4         0         18548
     3.400         0         1          5669
     3.100         1         0           578
     4.300         5         0          5672
     3.000         1         0          5671
     3.100         0         1          5673
     4.400         8         0           590
     3.200         2         1          5683
     3.100         1         0          9575
     2.900         1         1          5687
     3.900         3         2          9581
     3.800         2         1          5689
     3.000         0         1          5690
     4.000         4         0           623
     2.900         0         1          5696
     3.600         2         0           632
     2.900         1         0           633
     4.300         8         0           641
     2.700         1         0           642
     2.800         0         1          5713
     2.900         1         1          9576
     2.600         0         1          5714
     2.900         0         1          5716
     3.000         2         0         16143
     3.900         1         0          9572
     3.500         2         0          5718
     4.300         6         0           673
     3.900         3         0          5653
     2.600         1         0           679
     4.100         3         0           684
     4.900        43         0           686
     5.100        36         0         12432
     3.100         1         1         12437
     3.300         2         0          5744
     3.400         1         0         16191
     6.000       137         1         17595
     3.500         5         0         16182
     3.100         0         1         19339
     3.900         4         0          5729
     4.100         5         0           691
     3.100         1         0           687
     3.100         1         0         16183
     3.100         1         2         12428
     3.600         1         0          9637
     3.200         1         0         17602
     2.800         0         1         20689
     4.800         9         0           695
     3.700         1         0         14457
     3.400         4         1          5751
     3.500         1         0         18584
     3.300         1         0         20426
     2.900         0         1         14486
     2.600         1         0         19961
     3.100         2         0           699
     2.700         1         0           700
     4.100         3         3          9640
     3.400         3         0          9624
     3.600         3         0          5327
     4.000         2         1         19322
     3.100         2         1         20409
     2.700         0         1         21148
     3.200         1         0         19300
     3.600         1         1          5775
     3.500         1         1          5776
     3.800         1         0           715
     3.000         2         1         19969
     3.200         1         1         12454
     2.700         1         0         18589
     3.900         8         0         19342
     2.800         1         0           722
     3.600         1         0          5779
     3.300         1         1         19945
     2.600         0         1          5782
     3.000         4         0           734
     2.900         0         1         17588
     2.900         0         1          9649
     3.300         0         1          5787
     3.100         0         1         20413
     2.800         1         0          5788
     3.600         1         0           748
     4.000         3         0          5790
     3.900         6         0         20694
     2.900         4         0           752
     4.900        23         0           753
     2.700         0         2         18617
     3.900         2         0           758
     2.800         0         1          5813
     2.600         0         1          5816
     3.300         1         0         20664
     3.000         1         0           766
     3.000         1         0           769
     3.300         1         0           771
     3.000         1         0          9592
     4.800        15         0           775
     3.700         4         0           777
     4.300         6         6          5844
     3.300         1         0           784
     3.300         0         1         17606
     2.700         1         0          9616
     3.200         3         1          5851
     2.700         1         0          5849
     3.400         2         0           790
     2.900         1         0         12470
     3.600         1         0           792
     2.800         1         0           793
     3.900         4         0           796
     2.700         0         1          5861
     2.800         0         1          5862
     3.700         3         0          5864
     2.600         0         1          5865
     2.900         0         1         16086
     4.300         6         0           813
     3.300         0         1          5874
     2.800         1         0           820
     4.400         6         0           823
     3.600         2         0           827
     3.300         1         0           828
     4.800         9         0          5882
     2.900         1         0           830
     3.700         4         0           831
     3.700         4         0          9693
     4.800        14         0           833
     2.700         1         0           837
     4.000         1         1          5898
     4.200         3         2         14494
     3.800         1         0           843
     2.700         1         0           847
     3.000         1         0          9708
     4.200         2         0           850
     3.600         1         0           851
     2.800         0         1          9722
     3.500         2         0          9720
     3.000         0         1          5908
     4.200         5         0           866
     4.200         8         3         12489
     4.000         2         0         12475
     2.600         1         0         17608
     3.000         0         1          9728
     2.700         1         0           882
     3.400         1         0           883
     4.300         5         1          5922
     3.800         1         0           887
     3.400         2         0          9724
     2.800         0         1          5925
     3.100         1         0           898
     3.800         1         0           901
     2.600         1         1          5928
     3.800         3         1          5929
     3.100         3         0           905
     3.500         1         0          9738
     2.700         2         0         16096
     3.600         2         0           912
     2.800         1         0          5933
     4.000         2         0          5885
     3.300         1         2          9747
     3.200         1         0           932
     3.700         2         0           937
     4.100         9         0           939
     2.700         1         0         12503
     2.600         2         0           945
     2.900         1         0         19350
     3.300         2         2         20700
     3.700         3         0           949
     2.600         1         0          9760
     3.800         4         0           951
     3.400         0         1          9761
     3.600         2         0          5944
     3.300         1         0          9717
     2.600         1         0           957
     4.900        25         0           965
     2.900         0         1          5985
     2.700         1         0          5977
     3.600         5         0           971
     3.900         2         0           973
     2.900         0         1          5992
     3.500         0         1          5993
     2.800         0         1          5994
     4.000         3         1          5996
     3.300         1         1         12515
     3.000         0         1         12514
     3.100         1         0         12512
     3.200         3         0         14512
     2.700         0         1          5997
     2.800         0         1          5998
     3.200         0         1         12507
     2.600         0         1         12493
     3.200         1         0         14504
     3.300         2         0          1005
     3.700         1         0          1006
     2.700         1         0          1007
     4.300        16         7          9785
     3.500         2         0          1013
     2.800         0         1          6014
     2.700         0         1          9794
     3.200         1         0          1018
     2.600         1         0          6016
     2.800         1         1         12527
     6.500       495         6         12532
     3.500         3         1         16217
     3.900         6         0         14652
     3.900         3         0         16310
     3.500         2         1         18678
     3.800         1         0          5964
     3.100         4         1          6020
     3.200         1         0         14561
     3.400         1         0         16233
     3.000         2         0         14535
     3.600         3         0         14510
     3.000         0         1          9745
     3.700         5         2          9803
     3.000         1         0         14673
     2.800         1         0          1041
     2.700         1         0         12513
     3.600         0         1         16306
     3.400         2         0          1048
     4.400         8         0          1049
     3.000         0         1         16296
     3.100         2         2          9809
     3.300         3         0         14701
     3.000         1         0         17740
     3.200         1         0         18729
     3.100         1         1         17720
     3.200         0         1         17681
     3.600         1         0          1057
     2.700         0         1         19429
     3.900         3         0          1067
     4.500         5         1         18697
     3.200         1         0          1072
     2.800         0         1          9813
     2.700         1         0         18712
     3.200         0         1         17704
     3.600         3         0          1077
     4.000         3         2          6046
     3.100         1         2          6049
     3.700         0         1         18622
     2.900         0         1          6050
     2.600         1         0          1089
     2.900         1         0         16264
     3.900         6         0          1093
     3.700         3         0         20431
     4.000         3         0         17722
     2.800         0         2         20001
     4.700        61         2         17647
     3.100         1         0         20436
     3.700         3         1         21001
     4.000        11         4         12546
     4.800        28         5         17746
     2.900         1         0         18739
     4.300         3         1          6060
     4.300         5         0         20022
     3.100         1         1         20727
     3.100         1         0          1116
     4.100         1         2         19992
     3.200         1         0          1125
     3.600         1         0         18680
     7.100      1098         0          1128
     3.400         2         0          6504
     4.200         8         0         14717
     3.200         0         1         12652
     3.400         2         1          9829
     3.300         0         1         14765
     3.500         1         1         14789
     4.400         8         1         17781
     3.300         0         1         14732
     3.200         2         0         16266
     2.700         1         0         10014
     4.300         5         0          6113
     2.700         1         0          6384
     2.900         1         2         10195
     3.100         1         0          1145
     3.700         2         1          6512
     3.500         1         0         12726
     2.800         2         0         12785
     3.700         3         0          1147
     3.200         0         1          6095
     3.100         0         1         14748
     2.800         1         0          1149
     3.600         3         2         14747
     4.300         1         0          1150
     3.300         2         0         19447
     3.900         3         0          6100
     2.800         1         0          1154
     3.000         0         1          9964
     3.700         1         0         10047
     2.800         2         0          1155
     2.900         0         1         10043
     4.100         4         0         10152
     4.100         1         0         12529
     3.600         0         2         16543
     3.800         3         0         12735
     4.000         3         0         12675
     3.600         1         0          9864
     3.300         1         0         19402
     3.700         1         0          9968
     4.500        18         0          1166
     3.000         0         1         10039
     3.000         0         2         14745
     3.300         1         0         19439
     3.400         1         0          1172
     2.500         1         0         10119
     3.000         2         2         18769
     3.400         3         0         20444
     3.200         0         1         14849
     3.100         1         0         14731
     3.300         4         0         16473
     3.600         1         0         16549
     2.600         1         0         10153
     3.400         1         0          6244
     2.700         1         0          1180
     3.700         0         1         10211
     2.900         1         0          1181
     3.500         1         0         16265
     3.400         3         0          1182
     3.800         4         0          1184
     3.600         3         0         12740
     4.000         3         0          1191
     3.500         1         0          1193
     3.600         1         0          1196
     3.200         1         0          5940
     2.900         1         0          1197
     2.800         1         0         10030
     2.600         1         0          1208
     2.900         1         0         14708
     2.900         1         0          6158
     4.200         7         0          1210
     3.500         4         0          6550
     3.700         5         1          6556
     3.200         1         0         10033
     3.400         0         2         17808
     3.600         1         0         14688
     2.700         0         1          6558
     3.000         2         0         12681
     3.400         2         0         16521
     4.500        16         0         18706
     2.900         1         0         17752
     3.000         1         1          6560
     3.900         5         0         21261
     3.800         1         0         18645
     3.300         0         1          6562
     3.900         5         0          1239
     2.600         1         0          1241
     3.100         1         0          6569
     3.900         8         1         20465
     4.500         4         0          1245
     4.000         5         0         20447
     3.200         2         0          1248
     4.700        14         0          6575
     3.300         1         2         21016
     4.400         4         0         10245
     3.000         1         0         14875
     3.200         0         1          6578
     2.800         1         0          1261
     4.000         4         0          6581
     3.000         0         1          6582
     3.000         1         0          1265
     3.100         0         1          6584
     3.100         1         0         10249
     4.400         3         0         16403
     4.100         3         1         20723
     3.200         1         0          6152
     2.600         1         0         12713
     3.800         4         0          6585
     2.700         0         2         20724
     3.500         0         2         21152
     2.800         1         0          9993
     3.600         4         3         10256
     4.400         4         2         14715
     3.200         1         0          1278
     2.800         1         0          6532
     3.300         1         0          6052
     3.500         4         0          6084
     3.600         0         1          6590
     3.500         1         0         12517
     2.800         0         1         16205
     3.400         5         0          1293
     2.800         1         0          1292
     2.900         1         0          1295
     2.900         1         0          1299
     2.800         1         0          1302
     2.900         1         0         14672
     3.700         2         0         17666
     3.200         0         2         12728
     2.600         1         0          1308
     3.000         0         1          6599
     4.100         6         1          6600
     4.100         3         0          1317
     4.900        26         0          1324
     2.900         1         1         14883
     2.600         1         0          1327
     3.200         1         0          1329
     3.100         0         1          6625
     3.300         1         0          1338
     4.200         3         0          1343
     3.000         1         0          1345
     4.500        10         4         12824
     3.500         2         1         16557
     3.500         1         0         10276
     4.300        11         0          1346
     2.700         1         0          1350
     2.500         1         0          1356
     3.900         3         0          1357
     3.100         2         0          1358
     2.700         1         0         10282
     2.500         1         0         10283
     4.100         0         3         17813
     2.800         1         0          6654
     3.500         1         0          1364
     3.300         2         0          1366
     3.000         1         0          1367
     3.900         5         3         14710
     3.100         1         0          1371
     3.800         4         0         12754
     3.400         1         1         17769
     4.000         9         4         12832
     2.800         0         1          6666
     2.800         0         1          6667
     3.000         1         0          1388
     4.100         1         1          6669
     6.000       231         1          6670
     3.400         0         1         12896
     3.000         2         0         10293
     2.900         1         0          1393
     3.700         2         4         18797
     2.700         1         0         12928
     4.700         9         5         14965
     2.800         1         0          1404
     3.000         1         0         14905
     3.200         0         1         12946
     3.800         6         2         18802
     2.900         1         0          1409
     2.900         1         0         12897
     2.700         1         0          1415
     5.200        22         1         18812
     4.000         2         1         20481
     3.000         1         3         20049
     4.200         5         3         20477
     3.900         1         0         12932
     3.100         3         0         16603
     3.400         3         0          1418
     3.000         3         0         18811
     3.200         0         1         12866
     2.900         2         1         14953
     3.500         1         0          1423
     3.000         1         0          6687
     3.800         2         0          1424
     2.700         0         1         10422
     3.500         3         2         20741
     3.300         1         0          1433
     4.000         1         0          5686
     3.500         0         1          6695
     2.800         0         1          6696
     3.800         1         0          1443
     4.200         7         0         10334
     2.600         1         0          1444
     2.500         1         0          1449
     3.600         2         5          6704
     3.400         0         2         14967
     2.700         1         0          9578
     3.400         2         1          6705
     2.900         1         0         12957
     3.000         1         0          5934
     3.800         1         0          1467
     5.000        22         0         10299
     3.500         1         1         10431
     3.900         5         0          1471
     3.100         1         0          1472
     3.200         1         0         20038
     3.100         0         1          6712
     3.400         1         3          6713
     3.600         1         0          1481
     3.800         1         0          6722
     3.200         0         1         10425
     2.900         0         1          6726
     3.200         1         0         12961
     4.400        10         0         14914
     2.700         1         0         20474
     3.800         3         0          5793
     2.800         1         0         17818
     3.100         2         0         16604
     4.400        31         0          1514
     4.100         2         0         12964
     3.500         2         2         12976
     3.500         2         1          6734
     2.900         1         0         12969
     3.900         4         0         17817
     3.900         6         0          1521
     4.600        14         1          6740
     4.200         2         1         16525
     2.600         0         1         10001
     2.700         1         0          1534
     2.600         1         1         17795
     2.900         0         1          6746
     3.800         1         0         10449
     2.600         1         0         18775
     2.600         2         0         10485
     2.800         1         0         12817
     2.700         1         0          1540
     3.100         2         0          1544
     3.100         1         0          1549
     3.400         1         0          1548
     2.700         2         0          1550
     3.200         3         0          1551
     3.400         1         0          1554
     3.400         0         1          6760
     2.900         1         0          6723
     3.200         1         0          1573
     3.900         3         0          1580
     2.900         1         0         12991
     3.600         2         0         10492
     5.000        61         0         12989
     4.300         5         8         18823
     3.300         1         0         17853
     2.700         1         1         20752
     2.800         1         0          1587
     3.900         2         0          1589
     4.000         2         1          6773
     2.600         0         1         10496
     3.700         7         0          1596
     2.800         1         0         12992
     2.700         0         1          6777
     3.000         1         0          1599
     4.000         3         0          1600
     3.000         0         1          6782
     2.800         1         0          1604
     4.100         3         1          6785
     3.600         3         1         12998
     3.000         1         0         12997
     4.200         4         0          1612
     3.900         2         3         19361
     3.200         2         0         17874
     2.600         1         0          1623
     3.400         0         1          6794
     3.300         1         0          1633
     3.000         0         1          6797
     3.300         5         0          1639
     3.400         2         0          1640
     3.200         1         0         20433
     4.500        11         0          1652
     4.000         3         0         12842
     2.500         1         0          1655
     2.700         1         0          1661
     3.600         2         0          1663
     3.700         2         0          1665
     4.300         5         0          6827
     2.900         1         0         13003
     3.100         1         0          1669
     4.500         1         0          6828
     2.900         0         1          6830
     3.200         1         0         12996
     2.800         1         0          1681
     2.900         2         0          1685
     3.800         1         0          1688
     2.600         1         0          1690
     3.500         2         0          1706
     3.100         1         0          6826
     2.900         1         0         14862
     4.500         3         1          6844
     3.300         1         0          1718
     3.900         3         0          1719
     2.800         1         1          6852
     3.500         0         1         20051
     3.500         0         1         12800
     3.900         4         0          6612
     3.100         3         0          6855
     3.100         1         0          1733
     3.700         4         1          6857
     3.800         2         0          1734
     2.800         0         1         15028
     2.600         1         0          1737
     2.700         0         1          6859
     3.300         1         0          1745
     3.400         2         0          1747
     3.300         1         1         16589
     3.800         2         5         13009
     3.700         2         0          6818
     2.700         1         0          1754
     3.400         3         0          1756
     3.200         1         0         14961
     3.200         5         0          1757
     3.400         1         1          6875
     2.900         2         0          1766
     3.100         1         0          1768
     2.800         1         0          1771
     3.300         1         0         14687
     3.000         1         0          1777
     2.700         1         0          1790
     2.900         1         0         10553
     3.100         1         0          1794
     3.000         0         1          6887
     3.300         1         0          6881
     4.200         4         0          1810
     4.100         5         1          6888
     3.400         1         1          6895
     3.400         2         0         10365
     3.000         1         0          1818
     3.300         2         0         13017
     3.500         0         2         15030
     4.600        22         0         13010
     3.300         3         0          1822
     2.700         1         0         17896
     4.300         6         0          1827
     2.800         1         0         12490
     3.400         1         0          1829
     3.000         0         1          6907
     4.000         1         1          6908
     3.400         0         1         10545
     2.600         1         0          1832
     3.500         1         0          6898
     3.000         2         0          1835
     2.700         2         0         21318
     4.000         5         2         21316
     4.300         4         0         14990
     3.100         1         0         21328
     4.100         1         0         21339
     3.300         1         1          6914
     2.900         1         0          1848
     3.800         3         1          6916
     3.500         3         0         21330
     3.600         0         1          6917
     2.600         0         1          6918
     4.400         8         0         10574
     3.200         2         2          6920
     3.300         2         0          1864
     2.500         1         0          1865
     3.800         6         0         17893
     3.800         1         0         10569
     3.500         0         1          6925
     2.900         1         0          1879
     3.400         2         0          1882
     2.900         1         0         10582
     3.000         1         0         19979
     4.000         6         0          1891
     3.200         1         0          6934
     3.700         0         1          6936
     4.400        12         0          1895
     2.800         0         1          6942
     3.300         0         1          6943
     3.100         1         0          6586
     3.900         2         0          1906
     3.200         2         3         10595
     4.300         4         2         13049
     2.600         0         1         18800
     3.600         4         0         18801
     3.700         1         1         10590
     3.400         1         1          6954
     3.600         2         0         16694
     3.500         3         3          6955
     3.200         1         0         10600
     3.600         2         0         15045
     3.300         1         0          1918
     3.000         0         1          6960
     3.400         1         0          1921
     3.700         4         1          6962
     3.700         3         1         17889
     4.600         9         3          6966
     4.000         1         0         10610
     3.100         0         1         12952
     4.300        20         0         15042
     4.500        13         1          6970
     2.800         1         0         19525
     3.400         2         0         13011
     3.500         2         0          1933
     2.600         0         1         17940
     4.200         2         0         10621
     2.800         1         0         20082
     4.100         3         7         13078
     3.300         1         0         13069
     3.500         0         1         17966
     2.800         0         1          6977
     4.900        17         0          1938
     2.900         1         0          1939
     3.000         2         0          1940
     3.100         0         1         13075
     4.600        18         5         17971
     2.800         1         0          1941
     3.600         2         0          1942
     3.500         2         0          6947
     3.200         4         0          1945
     4.600         5         1         10583
     2.800         2         0         21344
     2.700         0         1         19535
     5.300        73         7         16687
     3.300         2         0          6222
     3.800         2         0         17943
     3.600         2         0         19524
     3.300         1         0         17915
     2.600         1         0         18853
     3.100         1         0          1952
     3.400         2         0          1954
     4.400         6         0         19522
     3.200         2         0         10632
     3.200         1         0          1957
     2.900         3         0         21349
     3.100         1         0         21346
     4.300        10         0          1959
     2.900         1         2         21355
     3.200         0         1         10645
     4.600        11         0         21363
     3.000         1         0         21326
     3.200         1         0          1965
     2.900         1         0          1964
     2.700         1         0          1971
     3.500         2         0          1970
     3.300         1         1         10653
     3.200         1         0         14921
     3.800         2         0          1978
     3.500         2         1          7019
     3.400         1         0          1980
     3.000         2         0         10616
     2.800         2         0          1983
     3.300         1         0          1984
     4.300        15         0          1985
     3.500         3         0         10658
     3.200         1         0         17945
     4.000         2         0         13091
     2.900         0         1         10668
     2.900         0         1         13093
     3.700         2         3         10669
     2.600         0         1         10670
     3.700         1         0          2024
     3.800         5         2          7042
     3.300         0         1          7044
     3.300         1         1         15063
     3.600         1         0          2031
     2.600         1         0         16690
     3.500         2         0          2044
     3.700         5         0          2046
     2.600         0         1          7054
     3.400         2         0          2053
     3.400         1         0          2059
     3.300         1         1         14796
     4.400        13         0         16704
     3.800         3         0         17962
     4.400         7         0          2071
     3.300         1         0          2077
     4.200         1         0         13094
     2.600         2         0          7070
     2.800         0         1          7072
     3.100         1         0          2093
     2.600         0         1         12960
     3.200         0         1          7074
     2.800         1         0          2104
     4.000         1         1          7076
     3.700         3         0          2112
     3.600         0         1         12747
     3.400         2         0          7081
     3.500         3         1          7085
     3.200         1         0          2133
     5.800        52         1          7090
     2.900         1         0         15073
     4.000         5         2         15075
     3.200         1         0         10733
     3.700         2         1          7091
     3.600         2         0         15074
     3.700         2         0         10740
     2.900         0         4         10741
     2.800         2         0          2152
     3.100         2         0          2157
     3.400         0         1          7100
     3.900         1         0         18866
     4.600        17         0         19520
     3.100         1         0         13108
     2.900         1         0          2160
     2.900         1         0          2166
     3.700         1         0          2168
     3.300         2         0          2176
     2.600         1         0          7106
     4.300         3         0          6958
     3.900         6         1          7110
     3.400         1         0          2182
     3.100         0         1         13134
     3.200         2         0          7112
     3.100         0         1         10744
     3.200         1         0         13056
     2.900         3         1         15077
     2.800         2         0          2188
     3.500         1         1          7114
     3.500         4         1         13137
     2.900         0         1         16722
     3.000         2         0          7050
     2.600         0         1          7117
     3.900         2         0          2199
     4.500        10         0          2202
     3.500         2         0          2203
     3.300         2         0          2206
     3.000         1         0          6944
     2.800         1         0          2210
     3.700         1         0          7133
     5.200        22         0          2222
     3.500         1         0         10759
     3.000         1         0          7142
     3.400         0         1         13142
     2.600         1         0         13141
     2.900         2         1          7164
     3.400         2         0          2229
     5.200        24         0         21105
     4.700        16         1          7168
     3.300         1         0         13148
     3.300         0         1          7170
     3.200         2         0          2235
     2.800         0         1          7172
     3.400         2         0         10783
     2.500         1         0          2238
     2.900         1         0         15093
     2.800         0         1         10785
     4.200         4         0          2241
     3.600         1         0          2242
     3.100         1         0         21155
     3.300         0         1         10769
     3.300         1         0          2244
     3.000         2         0          7181
     3.500         1         1          7184
     2.600         1         0         21220
     2.600         0         1         21223
     3.800         3         1         10798
     3.600         1         0          2254
     3.800         4         0          7175
     4.100         3         0          2264
     2.600         1         0          2266
     2.900         1         0          2267
     3.500         2         2         12830
     2.800         1         0          2271
     3.900         3         0          7187
     3.200         2         0         10805
     3.000         1         0          2283
     3.000         1         0         10801
     3.200         1         2          7201
     2.800         0         1          7203
     3.100         1         0          2293
     3.400         1         0          2299
     4.300         6         4         10819
     5.100        29         0          2306
     3.300         4         2          7239
     2.900         0         1         10827
     4.400         5         0          7233
     3.300         1         0          7222
     3.900         4         0         13187
     3.400         2         0         15106
     3.400         1         0          2321
     3.300         0         1         10838
     2.600         1         0          7224
     3.500         2         0          2326
     3.000         1         0          7208
     3.700         2         0          2332
     3.800         1         1          7251
     3.000         0         1          7252
     3.700         1         5         15098
     3.000         1         0         21297
     3.100         1         0          2346
     3.700         4         6         16499
     2.700         1         0          2358
     2.500         1         0          2366
     3.200         0         1          7257
     2.800         0         1         13149
     2.800         1         0          2375
     3.300         2         0          7258
     5.600       145         9         15115
     3.200         1         0         15059
     3.100         0         2         20094
     3.000         1         0         16710
     3.000         0         1         18932
     3.800        10         0         16712
     2.800         1         0          7248
     3.600         1         0         13100
     3.200         1         0          2380
     2.500         1         0         15095
     2.600         1         0          2381
     2.600         1         0          2382
     2.700         1         0          2384
     3.700         4         0          2388
     2.900         0         2         10854
     4.200        10         1          7275
     4.200         3         0         10860
     3.600         1         0          2397
     4.500         4         5         13213
     2.600         1         0         15119
     3.100         2         1         19546
     2.500         1         0          2401
     2.900         1         0          2402
     4.400        17         0          2403
     2.800         0         1          7292
     4.300        16         0          7293
     3.100         1         0         19543
     3.300         1         1         19562
     4.800        24         0          2420
     4.400         1         1          7313
     2.900         0         1         13105
     4.300         8        16         20101
     3.500         1         0         16821
     2.500         1         0         16820
     3.900         1         0          2428
     4.700         6         0          2429
     2.600         1         0         18936
     3.400         0         2         10900
     2.900         1         0          2432
     5.100        32         0         10899
     3.100         0         1         10901
     3.600         1         0          2434
     3.300         3         0          7314
     4.200         3         0         13235
     3.700         1         1         10812
     4.100         7         0          2439
     3.500         4         0          2442
     2.900         1         1         13192
     2.800         0         1         18937
     3.700         3         0          7331
     3.000         1         0          2455
     3.200         3         0         16813
     3.600         2         0          2457
     3.500         1         0         10898
     2.800         1         0          2462
     3.600         1         0          2465
     2.600         1         0          2466
     4.000         9         1         10890
     3.500         1         0         15131
     3.400         1         0         10914
     3.500         1         0          2469
     4.100         1         0         13231
     4.000         3         0         10823
     3.000         1         0          7250
     3.200         1         0          2474
     2.900         1         1          7347
     3.800         1         0          7346
     4.000         1         0         13271
     3.800         1         0          2481
     2.700         1         0          2482
     2.900         2         0          2485
     3.000         1         1          7354
     4.300         7         0          7353
     3.000         1         0          2492
     3.300         1         0         15158
     3.000         1         0          2498
     3.400         1         0          2500
     3.400         4         1         10928
     4.000         8         4         13266
     3.100         2         0          7362
     4.100         3         3         18058
     5.500        87         0         18940
     4.000         2         0         20525
     2.600         1         0         20519
     3.000         0         1         20919
     3.700         2         1          7366
     4.900        24         0          2516
     2.800         1         0         15167
     3.900         5         0          2517
     2.900         2         1         18943
     2.900         1         0         13286
     2.600         0         1         10944
     3.500         2         1          7390
     2.900         1         0          2527
     3.500         0         2         10949
     3.200         1         3         20767
     3.800         1         0         20509
     3.400         1         0          2534
     5.100        30         0          2536
     3.800         1         1         13292
     3.200         2         0          2540
     3.600         1         0          2542
     2.600         0         1          7422
     3.500         2         0          2546
     3.300         0         2         20524
     3.900         3         0          2552
     3.200         1         1          7428
     3.000         1         2          7430
     4.200         3         0          2562
     2.800         1         0          2565
     2.800         1         0          7438
     3.100         1         0          2566
     3.600         0         2         13300
     2.900         1         1         16842
     3.300         4         0          2570
     3.000         1         0          2575
     3.700         3         1         10925
     3.300         0         1         18055
     4.000         3         0          2601
     3.300         2         0          2603
     4.200         8         0          2604
     3.000         1         0         13305
     2.800         1         0          2605
     3.500         4         1          7455
     3.200         1         0          2617
     2.900         0         2          7459
     4.200         6         6         15087
     3.500         2         0         16730
     3.200         0         1         15097
     3.900         1         2          7461
     3.400         1         1          7462
     4.100         3         0          2634
     3.300         0         1         10982
     3.400         2         0          2636
     3.400         2         1         10963
     4.300         4         0          7468
     3.100         0         1          7470
     4.400        16         5         20911
     4.000         4         0         10981
     4.300         4         0          2659
     2.800         1         1          7477
     3.500         3         0          2665
     2.600         2         0          7469
     2.700         1         0          2669
     3.400         1         0          2671
     3.700         3         1         13315
     3.100         0         1         10992
     2.700         0         1          7483
     3.400         1         0          2681
     3.000         2         0          7485
     2.700         1         0          2685
     3.600         2         3         10998
     4.500         4         1         15189
     2.700         0         1         15186
     2.600         2         0         13313
     3.400         2         1          7491
     2.900         0         1          7492
     2.600         1         0          2703
     2.900         0         1          7494
     2.900         1         0          2706
     3.100         1         0          2709
     3.000         1         0          7198
     3.000         0         1          7497
     3.100         4         1          7499
     3.800         0         6         11007
     3.400         1         2          7506
     2.600         0         1         11012
     4.400         8         0         21107
     3.500         1         0          2723
     2.600         1         0          2731
     3.300         1         0          2732
     3.100         2         0          2734
     3.400         2         0          2736
     3.000         1         0         20771
     2.900         2         0          2741
     3.300         1         0          2747
     3.200         1         0          2749
     3.900         1         0          2750
     3.100         0         1         11015
     3.900         3         0          2754
     3.000         1         0          7524
     2.900         0         1          7528
     3.000         1         0         11014
     2.800         1         0          2759
     4.400        10         0          2763
     3.500         2         2         13327
     2.800         2         0          7540
     3.400         2         0          2767
     3.800         1         0          7545
     3.500         2         0          2780
     4.300        26         0          2786
     2.800         0         1          7564
     3.300         0         1         13335
     3.400         1         0         16861
     3.600         3         0         15199
     3.200         0         2         13334
     3.800         1         1          7567
     2.800         1         0          2797
     4.900        28         0          2800
     2.800         0         1          7586
     2.800         1         0          2807
     3.200         1         0          2808
     2.700         1         1         15207
     4.000         3         0          2814
     4.000         2         0          2819
     3.900         1         0          2821
     3.400         1         2         18076
     3.000         1         0          7601
     2.900         1         0          2833
     2.600         1         0          2840
     3.300         1         0          2845
     3.700         3         0          2849
     3.500         1         0          2850
     3.900         4         0          2854
     3.000         0         1          7614
     3.400         0         1          7615
     4.400         3         0          2867
     4.700         6         0          2868
     2.900         1         0          2873
     2.600         1         0         11060
     3.500         1         0         13282
     3.300         1         0          7606
     2.700         0         1          7632
     3.600         3         0          2889
     3.200         1         0         11057
     3.400         1         1          7637
     2.900         1         0          2895
     3.600         1         0          2897
     3.600         1         0          2898
     3.100         3         0          7628
     2.900         1         0          2902
     3.300         2         0          2905
     3.300         0         1         11063
     2.800         1         0          2906
     3.400         2         1          7650
     3.200         0         1          7652
     2.900         0         1          7653
     4.600        25         0         16850
     2.800         1         0         20535
     4.200         1         3         11067
     2.900         1         1         20531
     2.800         1         0          2918
     3.200         2         1         11069
     3.200         1         0         13359
     3.500         1         1          7661
     3.800         4         0          2932
     2.700         0         2         13354
     2.900         1         0          2937
     2.500         1         0          2940
     4.600         7         0          7594
     2.700         1         0          2951
     2.800         1         0          2958
     3.900         4         0          7669
     3.400         2         0         16616
     4.600         7         0         18064
     3.800         1         0          2965
     3.300         2         0          2968
     3.900         1         0          2969
     2.600         1         0          7680
     3.900         2         0          2974
     3.600         3         0          2975
     3.500         6         1          7687
     4.700        25         0         13365
     2.800         1         0          2979
     4.100         2         2         11083
     4.900        11         0         16865
     4.200         5         0          2983
     3.700         1         0          2986
     2.900         0         2         11084
     3.700         4         0          2989
     4.000         6         1         13368
     2.700         1         0         18968
     3.700         0         1         16862
     3.700         6         0          2999
     4.000         3         0          3002
     4.600         5         8         11092
     2.900         1         0          7718
     3.700         3         2         11098
     2.800         1         0          3013
     3.400         1         0          3022
     2.900         2         0          3029
     4.300        15         0          3030
     3.700         0         1          7738
     4.200         2         0          7737
     3.100         2         0         11112
     4.200         3         2          7739
     3.000         1         0          7417
     3.000         1         0         13295
     4.100         4         0          3055
     3.500         1         1         13396
     4.100         2         0         15241
     3.600         0         1         13372
     3.800         2         0         13395
     3.600         1         0          7748
     3.400         2         1          7750
     3.200         1         0         13383
     3.100         2         0         18099
     3.400         1         1         18865
     4.300         7         0          3067
     3.200         1         0         12289
     3.200         1         1          7759
     5.100        37         0          3077
     3.500         1         1          7782
     3.300         1         0         16891
     3.300         0         1          7783
     2.900         2         0          3084
     4.000         1         0          3088
     3.500         3         6         11152
     2.800         1         0          7790
     3.000         1         0         11115
     2.500         1         0         15239
     3.400         2         0          3107
     2.800         2         0          3108
     3.100         2         1         11157
     2.800         1         0         13376
     3.700         1         0          3113
     4.600        23         0          7798
     3.200         1         2          7803
     4.000         3         1          7805
     3.300         1         0          7806
     2.600         0         1         11168
     2.800         1         0          3134
     5.000        20         0          3140
     3.200         2         0          3147
     3.900         2         0          3152
     3.100         1         0         11181
     3.600         0         2         11184
     3.100         0         1          7833
     3.000         2         0          3161
     2.700         0         1          7836
     2.600         1         0          3164
     3.300         1         0          3167
     4.400        12         5          7842
     2.700         0         1          7850
     3.000         1         2         13431
     3.200         1         0          3180
     3.500         2         1         13434
     2.800         1         0         11198
     4.700         4         1         15256
     2.800         0         1         16881
     3.000         1         0          3191
     2.700         1         0         18105
     3.000         1         0          3205
     3.100         1         0          3209
     2.800         1         0          3226
     2.600         0         1          7863
     3.300         0         2         19621
     3.000         2         0          3232
     3.500         1         0          3233
     3.100         1         1          7866
     5.600        74         1          7871
     4.100         5         0         13454
     2.900         2         0          7877
     2.700         1         0          7880
     3.400         0         1         16912
     3.600         5         0          3254
     2.700         0         1         11258
     2.500         1         0          7887
     3.200         1         0         11074
     3.200         1         0         11100
     4.600        11         0          7786
     4.000         1         0          7888
     3.600         2         1          7889
     2.600         0         1          7892
     3.500         0         2          7894
     2.800         1         0          3279
     3.100         0         1          7896
     3.200         1         2          7898
     2.700         0         1          7901
     2.900         0         1         13468
     3.600         3         0          7844
     3.000         1         0         13458
     3.000         1         0          3302
     3.100         3         0          3303
     3.000         0         1          7908
     2.600         1         0         16904
     3.200         1         0          3310
     4.700         7         0          3317
     3.900         2         8          7924
     4.100        15         0         11273
     2.900         0         1         11278
     2.700         1         0         11271
     2.800         1         0          3329
     4.100         1         0          3330
     3.300         1         0          3331
     2.900         1         0          3332
     3.800         2         0         13443
     3.000         1         1          7932
     3.400         1         0          3340
     3.000         4         0          3342
     4.600         5         0         13483
     3.400         1         0          3351
     2.700         1         0          7939
     3.200         1         0          3354
     3.300         2         0          3359
     3.300         1         0          3373
     2.900         1         0          3376
     3.300         0         1          7949
     2.600         1         0          3379
     2.600         1         0         16868
     3.100         1         0          3382
     3.100         2         0          3383
     2.700         0         1         11158
     3.600         2         1         11290
     4.100         4         0          3385
     3.600         2         3          7959
     3.300         1         0          7929
     2.900         1         0          3392
     4.300         7         0          3393
     3.400         1         0          3403
     2.500         1         0          3402
     3.900         3         0          7963
     3.000         1         0          3410
     2.900         1         0         10926
     3.600         1         0          3412
     3.500         2         0          3416
     3.600         0         3         11314
     3.700         1         0          3423
     4.100         0         1          7980
     3.400         2         0          3442
     3.400         4         0         11315
     3.200         1         0          3444
     4.300        13         0          3446
     3.500         1         0          3447
     3.400         1         0          3459
     3.200         1         0         18112
     2.800         3         0          3462
     3.300         1         0          3463
     3.000         3         0          3466
     3.100         1         0         11322
     2.600         2         0          7861
     2.900         1         0          3475
     3.000         0         1         16924
     4.000         3         0          3482
     3.000         0         1          8017
     3.500         2         0          3485
     4.500         1         0          3487
     2.700         2         0          7891
     3.000         1         0         15307
     3.700         2         0          3494
     3.000         1         1         11329
     4.200         0         2         11331
     4.100         3         0          3499
     4.600         6         0          3501
     3.900         7         6         13510
     3.500         3         0         13446
     4.200         5         0         11334
     2.500         1         0          3516
     2.900         1         0          3522
     3.700         3         2         11338
     3.900         4         0         16928
     3.800         1         0          3543
     3.100         0         2          8059
     3.100         1         0          3552
     3.400         1         0         15303
     3.800         5         0          3556
     3.100         1         0          8062
     2.600         0         1          8068
     3.400         0         1          8070
     3.400         3         0          8071
     5.600       102       125         11359
     4.500         9         0         11366
     3.100         1         0         15356
     2.700         1         0         19636
     3.500         1         0         11371
     3.300         1         0          8077
     4.300         7         1          8081
     3.700         1         1         13569
     3.100         2         0          8082
     3.100         2         0          3589
     2.800         0         1         16927
     4.000         5         0          8073
     2.800         1         0          8079
     4.100         1         1          8085
     2.700         0         1         13633
     4.300         2         0         15361
     3.400         3         0         17011
     2.800         0         2         19643
     5.000        47         7         13517
     3.300         2         2         13636
     4.500         6         0          3596
     3.300         7         2         19004
     2.800         1         0         11419
     3.300         1         0         13523
     3.900         1         1          8093
     2.900         1         0          3603
     3.400         2         0         13503
     3.700         4         0         18166
     2.500         1         0          3605
     3.600         0         2         18988
     4.200         7         2         15321
     4.900        10         0          3609
     3.200         2         0         11421
     3.400         0         1         19630
     4.100         3         0         18151
     2.800         1         0         18120
     4.700         7         0         19624
     3.300         3         1          8112
     2.600         0         1         20544
     3.000         1         0          3619
     2.500         1         0         15362
     4.000         2         0          3621
     2.900         1         0         13529
     3.600         1         0          8117
     3.100         1         0          3626
     3.500         1         0         13537
     4.000         4         0          3628
     3.700         2         0          3629
     2.600         2         0         11415
     3.300         1         0         11427
     3.400         2         0          8080
     2.600         0         1         17025
     3.900         1         0         17024
     2.900         0         1         13630
     4.200         3         0          3636
     2.900         4         0          3637
     3.100         1         0          3639
     3.200         1         0          3640
     3.700         2         0         18173
     3.600         2         5         13651
     2.900         1         0         11442
     3.200         0         2         17018
     3.000         1         0          3644
     3.000         1         1         11441
     2.700         0         1          8142
     4.200         3         3          8145
     2.800         1         0          3648
     2.700         1         0          3649
     4.400         8         0          3650
     3.000         1         1         15433
     3.900         3         0          3655
     3.500         2         0         11457
     4.100         5         0          3654
     3.000         0         1          8161
     3.400         1         1          8162
     2.700         1         1          8164
     3.800         4         1          8165
     2.700         1         0          3678
     3.100         1         1          8169
     5.000        25         0          3680
     3.900         1         0          8180
     2.900         1         0         13677
     3.200         1         0          3683
     3.600         1         0         11471
     3.500         0         1          8193
     4.400        13         0          7962
     3.100         0         2         18111
     3.200         3         1          8194
     2.700         0         1         11467
     3.200         1         2         11486
     3.100         1         1          8201
     3.000         1         0         16960
     2.600         0         1          8202
     3.300         1         0         11469
     3.200         1         0         11317
     2.800         0         1         11488
     2.900         0         1          8205
     3.200         1         0          3728
     3.800         3         0          3730
     4.400         5         1          8212
     3.500         1         0          8032
     3.100         2         0          3739
     2.500         1         0          8213
     4.800        25         6         13645
     3.200         2         0         11484
     3.400         0         1          8217
     2.500         1         0         18145
     2.900         0         1          8218
     4.000         2         0          3758
     3.600         2         0          3759
     3.800         3         0         15421
     4.200         3         1         18175
     3.600         1         0         13683
     2.800         1         0         20177
     2.900         1         0          3766
     3.200         1         0          3765
     3.900         5         0         18985
     2.700         1         0          3777
     2.700         0         1         13428
     4.000         3         0          8216
     3.900         4         2          8232
     2.900         1         2         11508
     2.900         1         0          3789
     3.300         1         1          8235
     2.700         0         1          8236
     3.500         0         1          8240
     2.900         1         0          3808
     3.200         1         0          3809
     3.500         1         0          3811
     3.600         1         0          3812
     4.400         7         1          8248
     3.500         1         0          3822
     4.300         4         0          3824
     4.000         4         0          8255
     3.500         2         0          3826
     3.600         2         0         13691
     4.200         7         0         11523
     2.700         0         1         17057
     3.300         1         2         15454
     2.600         1         0          3830
     3.700         1         0         11525
     2.700         1         0          3835
     3.700         1         0         15459
     4.200        10         0          3838
     3.500         2         0          3839
     2.800         1         0          3842
     3.400         2         0          3844
     3.300         1         0          3845
     3.400         0         2         16918
     4.300         3         0          3846
     2.600         1         0         15458
     4.000         3         0          3848
     5.400        86        18         11560
     3.700         3         1         11531
     2.900         1         0          3854
     3.500         1         0         11564
     4.800        19         0         11563
     3.500         1         0         13735
     4.200         5         0         11556
     3.200         1         0          3855
     4.900        40        16         11535
     3.000         1         0          8278
     3.100         1         0         13750
     3.100         1         0         13746
     3.700         2         0          3857
     2.800         0         1         17108
     2.800         1         0          3862
     3.000         0         1          8291
     5.500        91        81         19053
     3.200         1         0         20794
     3.600         1         4         17105
     3.700         1         1         17091
     3.000         0         1         17063
     2.700         2         0         19727
     2.800         1         0         11204
     3.200         2         0         15560
     3.000         0         1         11568
     2.600         1         0         17110
     4.200         2         0         17107
     3.700         2         3         20808
     2.900         1         0          8292
     4.100         3         0         20940
     3.700         1         0         11569
     4.100        11         0         20191
     2.900         1         0         19701
     3.200         3         1         20931
     2.600         1         0          3875
     3.900         5         0         20796
     3.000         1         0         19675
     3.400         2         1         15443
     3.000         1         0          3883
     4.000         1         0          3884
     4.500         8         1         11458
     4.100         2         0         20925
     3.300         1         0          3888
     3.100         0         1         13819
     3.800        11         0         11566
     3.600         2         0         13663
     3.200         1         0         15563
     2.700         2         0         18191
     3.900         2         3         11572
     4.400         7         0          8303
     3.300         0         1          8305
     5.100        30         0          3901
     3.300         0         2         11594
     3.600         3         0         13852
     3.100         1         0         15468
     3.500         1         0         13823
     4.000         2         0         13857
     2.800         1         0         19044
     3.500         2         0          3909
     3.900         2         0         19686
     3.300         2         2         11598
     4.300         6         3         21037
     3.300         1         0         21189
     3.200         2         1         15543
     2.900         1         0          3920
     2.800         0         1         19664
     2.900         1         0          8331
     3.200         0         1          8333
     3.600         2         0          3924
     3.800         1         1          8337
     3.000         0         1          8338
     3.000         1         0          8324
     4.500         5         0          3930
     4.200         2         0          8330
     3.400         2         0          3935
     3.100         0         1          8348
     3.900         1         2          8350
     3.200         1         0         20573
     3.200         1         0         11609
     3.300         1         0         15534
     3.400         2         0         20184
     2.800         0         1          8352
     4.100         1         0          3942
     2.900         1         0          3944
     2.900         1         0         11596
     2.700         0         1         11607
     5.100        35         0         11584
     2.600         1         0         18231
     2.900         1         0         11615
     2.700         2         0          3952
     3.200         4         0         13848
     2.600         0         1         17112
     2.900         0         1         11595
     3.100         1         0          3954
     4.300        13         0         11611
     4.000         5         1          8366
     3.000         1         0          3960
     3.100         1         0         20806
     3.200         2         0         15472
     3.200         1         0          3975
     3.000         1         3          8373
     3.100         0         1          8377
     4.300        15         0          3989
     3.900         3         1          8388
     3.500         0         2          8389
     4.400         5         0          3994
     3.700         2         0          3995
     3.400         1         2         17115
     2.800         1         0          4003
     3.000         1         0         19082
     4.200         3         1         11605
     2.900         1         0         13873
     3.800         3         0         13730
     2.900         1         0         15405
     3.200         1         0         15489
     3.100         2         0         15582
     2.800         1         0          4015
     3.400         2         0         11300
     2.700         1         0          4017
     3.200         1         0         13586
     3.400         2         0         15398
     4.100         2         0          4018
     3.000         2         0         18170
     4.500         9         0          4021
     3.000         1         2         11637
     3.200         1         0          4025
     3.100         1         0         15575
     2.700         1         0         20571
     3.600         0         1          8414
     3.200         1         1         11639
     3.100         1         0          4039
     2.700         1         1          8418
     3.100         2         0          4043
     4.000         5         1          8422
     5.500        39         0          4053
     3.400         1         0         13896
     2.800         1         0          4056
     3.600         2         1         15624
     3.100         1         0          4063
     4.000         6         2         15614
     3.300         0         1         11664
     4.400         7         0          4067
     2.900         1         0         13815
     3.900         3         0         13882
     2.600         1         0          8457
     3.400         1         0          4073
     5.400        37         0          4074
     3.900         1         1          8485
     2.900         1         0         11646
     3.500         2         0         20156
     3.900         5         0         15636
     3.300         1         0          8428
     2.800         0         1          8486
     3.300         7         0          4087
     2.900         0         1         15626
     2.700         1         0         11549
     4.000         1         0         17150
     2.800         0         1          8490
     3.000         1         0         11669
     3.400         1         0          4094
     4.300         4         0          4095
     2.900         0         1          8496
     2.600         0         1         15478
     3.300         2         0          4098
     3.100         1         0          4099
     3.200         0         1          8500
     3.400         1         0          4104
     3.900         1         0          4106
     2.700         0         1         17079
     2.800         1         0          4108
     3.900         2         0         13915
     3.300         2         1          8504
     3.800         2         0          4112
     3.100         1         0          4119
     4.500         7         0          4123
     3.900         7         0          4127
     3.300         1         0         18229
     4.000         3         0         19725
     2.600         0         1         13931
     3.500         1         2         11699
     2.900         0         1         18263
     2.700         1         0          4140
     2.900         0         1          8522
     3.200         1         2         19632
     3.600         0         1          8523
     3.300         6         0         20229
     3.000         0         1         20546
     2.700         0         1         11510
     3.100         1         0          4151
     4.200         3         0          8524
     3.700         5         0          4152
     2.800         1         0          4155
     4.000         4         0         15602
     2.900         0         1          8533
     4.200        13         4          8534
     3.100         0         1          8538
     4.000         9         1         13937
     3.000         1         0         11701
     3.200         1         0          4178
     4.500         8         2          8541
     2.500         1         0          8441
     2.900         3         0          4191
     2.600         0         1         13943
     3.700         4         1         11727
     3.700         2         1         15641
     3.400         2         0          4201
     3.100         2         1          8555
     4.000         4         0          4211
     3.300         1         1         15448
     3.300         2         0          4212
     3.200         1         0          4213
     3.500         1         0         11448
     3.100         2         0          4214
     2.700         0         1          8565
     3.900         3         0          4219
     2.700         2         0         18219
     2.900         4         0         19715
     3.100         3         0          4225
     3.700         1         0         13952
     4.100         2         3         11737
     4.500        12         0          4230
     4.400        17         0          8585
     3.900         2         0         11745
     3.900         2         0          4240
     3.200         1         1         15657
     2.900         3         0          8571
     3.700         2         1         13965
     4.900        34        17         13977
     3.000         0         2         11740
     4.500        15         0         15669
     3.600         4         0         17190
     3.800         2         0          8589
     3.900         2         0          4246
     3.300         1         0         15692
     3.800         1         1         17202
     4.100        11         0         13970
     2.900         0         1         17181
     4.100         7         2         18289
     3.700         1         0         15695
     3.100         0         1         11743
     5.400        54         0          8596
     2.800         1         1         20264
     3.200         1         3         20267
     3.300         2         1          8598
     2.600         1         0         13777
     2.900         1         0         11748
     5.200        15         3         17204
     4.400         9         0         20263
     4.000         1         0         20833
     5.000        43         0         20953
     3.800         1         3         20959
     3.000         0         2         21070
     4.000         8         0         21125
     3.000         1         0         20604
     3.300         2         0          4277
     2.500         1         0          4281
     4.500        13         0         17034
     3.100         0         1          8603
     3.900         4         2         21191
     2.700         0         1         19084
     3.200         2         0          8605
     3.900         4         0         19018
     4.600         8         0          4297
     2.700         0         1         13991
     3.800         1         0          4298
     3.100         1         0          8609
     3.800         1         1         21274
     3.900         6         0         13946
     3.300         1         0         17161
     3.800         2         0         19087
     3.300         2         0          4309
     2.600         1         0          8625
     3.100         0         1          8626
     3.700         1         0          4315
     2.700         1         0         15660
     2.600         0         1          8628
     2.800         0         1          8630
     5.400        20         0          4335
     4.000         3         0          8647
     3.200         0         2         17225
     4.300         7         2         15728
     3.400         1         0         18319
     3.800         1         1         19763
     3.500         2         0          4336
     2.600         0         1         17226
     3.100         1         0          4337
     3.300         2         1         11796
     3.500         1         0          4339
     2.900         1         1         15734
     3.100         1         0          4344
     4.100        10         2         15737
     3.600         0         3         17229
     3.800         2         2          8663
     3.200         2         0          4349
     3.400         2         0          4351
     4.500        38         0          4353
     3.600         1         0         17245
     2.800         1         0         17230
     3.200         1         0          4357
     4.000        10         1          8683
     3.900         2         1          8686
     2.900         1         0         11694
     2.900         0         1          8687
     4.100         6         0          8669
     3.100         1         1         14008
     3.100         0         1         17237
     4.200        12         0         18297
     2.500         1         0          8691
     3.100         1         0         19757
     3.800         1         0          4378
     3.400         1         0          8694
     3.400         2         2         15798
     3.500         0         2          8697
     3.000         0         1          8699
     3.200         0         1          8700
     3.200         0         1          8701
     3.000         1         0          4393
     3.000         1         0         17207
     3.200         0         1          8703
     3.800         3         0          4398
     5.500       114         0         14011
     2.900         1         0          4402
     2.900         0         1         19766
     2.500         1         0         15766
     3.900         5         0         17262
     2.600         1         0         15762
     4.600         7         1          8710
     2.700         1         0          8712
     3.300         3         0          8711
     4.000         1         0         19776
     3.400         0         2         11844
     5.000        15         0          4412
     3.200         1         0         20973
     3.200         0         3         21211
     4.100         8         3         21259
     2.700         1         0          8716
     4.200         3         0          4427
     3.900         3         1          4430
     3.700         2         1         19132
     2.900         0         1          8745
     3.200         0         1         11860
     3.200         0         2         11861
     3.200         1         0         20228
     3.000         1         0         19138
     3.400         1         0         18372
     3.000         1         0          4435
     3.100         2         0         20274
     4.700         5         0         13919
     2.500         1         0         20583
     3.900         4         1         17212
     2.900         0         1         11847
     4.000         4         0          4448
     3.200         1         0         21249
     2.800         1         0          8256
     2.600         1         0          4452
     3.400         3         0          4455
     3.900         3         0          4457
     3.800         1         0          8729
     2.600         1         0          8762
     2.700         0         1          8764
     3.100         1         0         21210
     2.500         1         0          4466
     3.200         1         0         11855
     3.000         1         0          4470
     3.100         0         1          8769
     2.900         1         0          4479
     3.600         2         2         11865
     3.600         3         2         19123
     3.600         1         0          4487
     2.800         0         1          8775
     2.800         1         0         20612
     3.500         6         1          8777
     3.900         3         0          8773
     2.600         1         0          4492
     4.300        11         2         18365
     2.900         0         1          8779
     3.600         2         0          4503
     4.900        25         0          4504
     2.800         1         0          4506
     3.100         1         0         11879
     4.000         1         0          4510
     3.500         1         0          4512
     4.000         6         0          4513
     3.800         2         0         15812
     2.800         1         0          4516
     3.000         1         0          4520
     4.200         2         0          8722
     3.000         0         1         14030
     3.200         0         2         13995
     3.100         1         0         13996
     3.400         0         1          8810
     2.600         1         0          4537
     3.200         0         2         11896
     3.400         4         1          8819
     3.300         1         0          4552
     3.800         2         0         14040
     2.700         0         1         14062
     3.300         1         0         11853
     4.200         6         0          4558
     2.900         1         0          4559
     3.400         2         0          4560
     3.300         2         0          4561
     3.900         2         0         15816
     3.000         1         1          8831
     4.100         4         0          4574
     3.700         4         0          4575
     3.600         2         1          8838
     4.400         7         4         11891
     4.000         3         3          8839
     2.700         0         1          8843
     4.400         1         0          4583
     2.500         1         0         11912
     3.200         2         0          8845
     2.700         1         0          4585
     3.700         1         0         15711
     3.800         2         0          4593
     3.300         1         0          4598
     3.700         2         0          4600
     3.300         1         0          4603
     2.800         1         1          8859
     4.300        13         3          8867
     3.400         3         2         11927
     3.400         3         4         14074
     4.200         0         1         11917
     4.300         5         0         11918
     3.700         1         0          8871
     3.900         4         1         15826
     3.300         1         0         18377
     3.800         2         0         15819
     4.100         6         0          4619
     2.700         1         0         18382
     2.800         0         1          8880
     2.600         1         0          8882
     3.600         1         1          8883
     4.100         6         1         18379
     2.500         1         0          4633
     2.700         0         1          8887
     3.700         2         0          7723
     4.800        22         0          4653
     3.000         1         0         11940
     4.300         7         0          4656
     4.300         5         0         14085
     4.400         3         0         11465
     3.800         1         0          4664
     3.000         1         0          4666
     4.000         2         4         14086
     3.200         0         1         17048
     3.300         0         1          8911
     3.400         3         5         19032
     2.900         3         0         19030
     4.300         3         2         11952
     2.700         0         1         11953
     2.700         1         0          4679
     4.100         3         0         18193
     3.300         4         0          4680
     4.000        11         1          8919
     3.200         1         0          4691
     2.600         1         0          8920
     2.900         0         1         17313
     2.700         1         0          4692
     4.400         5         0          4695
     3.300         0         1         11964
     3.700         2         1         17368
     2.600         0         1         15844
     5.400        82         0         15843
     3.800         3         0          4703
     3.300         1         0         19178
     3.300         0         2         17366
     4.400         2         0          4714
     3.500         0         1          8942
     3.400         2         0          4718
     3.100         1         0          4720
     3.300         2         0         17327
     3.600         9         0         14084
     3.300         1         2          8947
     3.400         2         0          4735
     4.400         8         0          4737
     3.500         1         0         19131
     2.900         0         1         17316
     2.800         0         1          8957
     3.200         4         0          8958
     4.100         1         2         14101
     3.000         2         0          4759
     3.400         2         0          8780
     3.400         1         0          8678
     4.400        21         1         14024
     3.700         3         0         15800
     4.100         7         0          8812
     3.200         1         0          4772
     3.100         0         1         20620
     3.100         1         0          4776
     2.900         1         1          8966
     3.400         1         0         21202
     2.900         0         1         14102
     3.000         1         0          4781
     3.500         1         0          4783
     2.800         1         0          4788
     4.400        17         0         13765
     3.200         1         0          4793
     4.000         2         0         11876
     2.700         1         1          8975
     4.200        12         1          8977
     3.100         1         1          8978
     4.200         9         6         15848
     2.800         1         0         15523
     2.700         1         0         11987
     3.000         1         0          8655
     3.500         2         0         11995
     3.600         1         0         19185
     3.700         1         0         17370
     2.800         0         1          8979
     3.100         1         0          4811
     2.700         1         0         19785
     3.100         1         0          4817
     3.500         1         0         14042
     3.300         0         3         14112
     2.600         1         0          4822
     3.800         2         0          8984
     2.600         1         0         17372
     3.200         0         1         19134
     3.900         2         1         19186
     3.000         1         1          8986
     3.100         1         0          4833
     3.200         1         0          4834
     5.000        36         2         19748
     3.800         2         0         20591
     2.500         1         0          4837
     3.300         0         1         11973
     3.400         1         0          8992
     3.300         1         0          4842
     4.200         4         0         13847
     4.800        14         1          8994
     3.300         3         0          4845
     2.900         0         1          9000
     4.000         1         1          9002
     3.600         2         0         12009
     3.500         1         0         12032
     2.700         1         0          4857
     3.500         2         0         12035
     3.400         1         0          4859
     3.300         0         1         12038
     3.400         3         0          4860
     2.600         1         0         12039
     3.300         2         1         14129
     2.700         0         1          9010
     2.700         1         0          4869
     3.300         4         0         20946
     3.800         1         0          4873
     3.300         0         1         12040
     3.900         2         0          4877
     3.000         0         1          9017
     3.600         5         0          4880
     3.400         3         2         12046
     2.800         1         0         12045
     4.100         1         2         17384
     2.700         0         1          9021
     3.200         0         1         19189
     3.100         1         0         18422
     2.800         1         0          4886
     3.500         0         1          9024
     3.500         1         0          4888
     3.200         1         0          4893
     3.500         1         0         15859
     2.500         1         0          4897
     3.700         2         0          4900
     2.700         0         1         19789
     3.200         2         0          4907
     4.900        31         2         14132
     2.800         1         0          4909
     3.000         2         0          4913
     2.700         0         1          9037
     3.300         0         1          9042
     3.000         0         1         12048
     4.400         5         0          4924
     2.900         1         1         17401
     3.000         1         0          4931
     3.700         2         0          9049
     3.400         2         0         19190
     3.100         1         0          4935
     3.600         8         0          9040
     5.400        90        59         14155
     3.700         9         0         14161
     2.900         1         0          4938
     2.800         1         1         17409
     4.300         6         0         18462
     3.100         1         0         18480
     2.800         0         3         14137
     3.100         2         0         17418
     2.500         1         0          4941
     2.700         1         0         17428
     2.900         1         0         17421
     3.200         2         0          4952
     3.800         1         1         12079
     2.900         0         3         14172
     3.100         1         0          4960
     4.600         9         0          9063
     2.800         0         1         19816
     3.100         0         1         14174
     4.900        22         0          4968
     2.700         1         0          4971
     3.800         6         0          4972
     2.800         0         1          9084
     2.900         0         1         12111
     3.300         1         0          8964
     2.600         1         0         17462
     2.900         1         0         17461
     2.800         0         1          9087
     2.700         0         1          9089
     2.600         2         0          9091
     3.400         0         1         19180
     4.100         6         0          4993
     2.800         1         0         12116
     2.800         1         0         14186
     2.700         1         0          4995
     2.600         1         0          8945
     2.800         1         0          5001
     2.600         1         0          5004
     3.000         0         1          9105
     4.400         3         1         17457
     2.900         0         2         12119
     3.900         2         0         12120
     2.700         1         0          5016
     3.100         1         1          9112
     2.700         0         1         15979
     2.700         1         0          5019
     3.100         1         1          9115
     2.700         0         1         14194
     3.500         0         1         18436
     3.200         1         0          5024
     3.000         1         0          5025
     3.300         2         1         12125
     4.500         8         0          5027
     3.500         2         2         14200
     4.800         9         0          8998
     2.900         1         0          5030
     3.500         0         1          9129
     2.800         2         1          9130
     3.000         1         0         12121
     2.700         1         1         12124
     3.400         1         0         19203
     2.600         0         1         19197
     3.200         1         0         15981
     3.000         1         0          5042
     3.000         1         1          9133
     4.000         3         1         13862
     3.700         1         0          5051
     3.900         1         0         19145
     3.900         2         0         17448
     3.600         2         0          5064
     3.600         2         0          9140
     3.000         1         0          5076
     3.700         2         0          5081
     3.400         1         0         17353
     4.200         7         0          5083
     2.900         2         0         14175
     3.400         1         0          9146
     3.500         1         1         15983
     2.900         2         0         15853
     3.100         1         1         12114
     4.300        10         0          5095
     2.900         1         0          9165
     3.700         1         0          5099
     4.200         8         0          5101
     3.200         1         0         18206
     3.700         4         1          9176
     3.600         1         0          5106
     4.000         0         3         12156
     2.700         1         0          9169
     2.800         1         0          5116
     2.600         1         0         18427
     3.000         1         0         14211
     3.200         1         0          5124
     2.900         0         2         14212
     3.000         3         0          9177
     3.000         1         0          5134
     3.000         0         1         18437
     2.700         0         1         15986
     3.600         0         1          9192
     3.300         2         0          5138
     3.100         2         0          5139
     2.800         0         1          9196
     3.400         1         1         12160
     3.200         1         0          5145
     2.700         0         1          9199
     2.500         1         0          5148
     3.000         1         0         12101
     3.600         2         1          9201
     3.500         1         0          5158
     3.600         2         0          5161
     2.600         1         0          5163
     3.300         0         1         12169
     2.700         0         1          9208
     2.900         0         1          9210
     2.800         0         1         15855
     3.300         0         1          9211
     3.100         1         0          5174
     3.100         1         0          9213
     2.800         1         0          9190
     3.000         1         0         12164
     3.400         4         0          5180
     2.900         1         0         12172
     2.500         1         0          5188
     4.100         6         0          5189
     5.600       122        10         12175
     3.000         1         1         16026
     4.200         1         4         16043
     2.500         1         0         14256
     3.100         1         0         17492
     3.800         2         0         14240
     3.000         1         0         12174
     3.100         1         0          9183
     3.400         1         1         19818
     3.700         5         0         12105
     2.800         1         0          5212
     3.500         1         0          9160
     3.200         0         1          9234
     3.700         1         0          5216
     3.400         0         1          9238
     3.800         5         0          5227
     4.300        14         1         17455
     3.300         1         0          5234
     3.200         3         1          9244
     3.400         1         0          5242
     3.200         1         0          9246
     2.800         0         0             0
     2.600         0         0             2
     3.200         0         0             3
     2.600         0         0             4
     2.500         0         0             5
     2.600         0         0             6
     2.700         0         0          5251
     2.700         0         0             8
     2.600         0         0             9
     2.500         0         0          9253
     2.600         0         0            10
     3.000         0         0            11
     2.500         0         0            12
     2.900         0         0          5253
     2.600         0         0            13
     2.900         0         0            14
     2.800         0         0            15
     2.500         0         0            16
     2.900         0         0            17
     2.800         0         0            18
     2.800         0         0            20
     2.500         0         0            21
     3.400         0         0          9254
     2.800         0         0            24
     2.600         0         0         12201
     2.700         0         0            25
     2.800         0         0            27
     2.800         0         0          9258
     3.600         0         0            28
     2.700         0         0            29
     2.600         0         0            31
     3.600         0         0            32
     2.700         0         0          5249
     2.500         0         0            33
     2.600         0         0            34
     2.600         0         0            35
     3.000         0         0            36
     2.600         0         0            37
     3.100         0         0            38
     2.800         0         0            39
     2.500         0         0            40
     2.500         0         0            42
     3.300         0         0            43
     2.700         0         0         20628
     2.900         0         0         19223
     2.500         0         0         20300
     2.600         0         0         19225
     2.800         0         0            45
     2.600         0         0         12210
     2.900         0         0          5256
     2.600         0         0            46
     2.600         0         0         18512
     2.700         0         0            48
     2.500         0         0         18514
     2.500         0         0            49
     2.600         0         0         20296
     2.600         0         0         16074
     2.600         0         0            52
     2.800         0         0            53
     2.900         0         0          5279
     2.500         0         0         20301
     2.500         0         0         20303
     2.800         0         0            55
     2.800         0         0         16081
     2.800         0         0            56
     3.300         0         0            58
     2.700         0         0         14302
     2.700         0         0          9248
     2.500         0         0         17518
     2.500         0         0          5270
     2.800         0         0            59
     3.100         0         0            60
     2.500         0         0            61
     2.800         0         0            62
     3.000         0         0            63
     2.500         0         0            64
     2.900         0         0         12212
     3.100         0         0         14303
     2.600         0         0            65
     3.200         0         0            66
     2.700         0         0         16078
     2.500         0         0          5281
     2.500         0         0            67
     2.600         0         0            68
     2.700         0         0            70
     3.200         0         0            71
     2.600         0         0         14309
     2.500         0         0          5291
     3.100         0         0          9276
     2.500         0         0          5287
     2.500         0         0            75
     2.500         0         0          5264
     2.500         0         0          9270
     3.100         0         0          9260
     2.500         0         0            78
     2.500         0         0            79
     2.600         0         0            80
     3.300         0         0            81
     2.600         0         0            82
     2.500         0         0          5296
     3.100         0         0         17515
     3.000         0         0            83
     2.700         0         0            84
     3.300         0         0            85
     2.900         0         0         16084
     2.800         0         0            86
     2.600         0         0            87
     2.700         0         0          5328
     2.600         0         0          9306
     2.800         0         0          9294
     2.500         0         0          5322
     3.100         0         0         12222
     2.600         0         0         12232
     2.600         0         0         16087
     3.100         0         0            89
     3.400         0         0          9269
     2.600         0         0            91
     2.500         0         0            92
     2.500         0         0            93
     2.500         0         0            95
     2.500         0         0            97
     2.700         0         0          9319
     2.900         0         0          5326
     3.300         0         0            99
     2.700         0         0         12243
     2.700         0         0          9313
     2.500         0         0           101
     2.500         0         0         14308
     2.700         0         0           103
     2.700         0         0          9288
     2.800         0         0          9320
     2.900         0         0           105
     2.700         0         0           106
     3.200         0         0         16085
     2.500         0         0           107
     2.500         0         0           108
     2.500         0         0           109
     3.400         0         0           110
     2.700         0         0          9303
     2.500         0         0           111
     2.500         0         0           114
     2.800         0         0          9285
     4.200         0         0           115
     2.500         0         0           116
     2.600         0         0           117
     2.900         0         0          5352
     2.600         0         0         16058
     2.600         0         0           118
     3.100         0         0         19821
     3.900         0         0         12189
     2.700         0         0           119
     2.600         0         0           120
     3.000         0         0         14290
     3.700         0         0         14288
     3.500         0         0         12193
     2.600         0         0         17503
     2.500         0         0          9326
     3.400         0         0         12191
     2.700         0         0         17510
     3.100         0         0         14320
     2.900         0         0           123
     2.500         0         0           125
     2.500         0         0         20627
     3.100         0         0           127
     2.600         0         0         16052
     2.500         0         0         14278
     2.500         0         0          5350
     2.500         0         0           128
     2.800         0         0         18499
     3.000         0         0         12238
     2.600         0         0         12251
     3.000         0         0         16054
     2.700         0         0         12257
     2.700         0         0           131
     2.600         0         0          9343
     3.300         0         0           132
     2.800         0         0           133
     2.500         0         0          9336
     2.500         0         0         17523
     2.600         0         0          5369
     2.600         0         0           135
     2.500         0         0           136
     3.100         0         0          9287
     3.400         0         0          5276
     2.600         0         0          9268
     2.500         0         0         14279
     2.500         0         0           137
     2.600         0         0           138
     2.600         0         0           139
     2.500         0         0           141
     2.800         0         0         12228
     2.500         0         0           142
     3.600         0         0          9299
     2.700         0         0           143
     2.500         0         0          9334
     2.500         0         0           144
     2.500         0         0         12245
     2.900         0         0           145
     3.200         0         0           148
     2.500         0         0           149
     2.500         0         0           150
     2.500         0         0          9354
     3.500         0         0          5377
     3.200         0         0         14335
     2.600         0         0           153
     2.900         0         0           154
     3.100         0         0         16069
     2.900         0         0         19826
     2.600         0         0           155
     2.600         0         0          5385
     2.800         0         0           159
     2.600         0         0          5379
     2.500         0         0           160
     2.600         0         0          5372
     2.500         0         0           161
     2.800         0         0           162
     2.500         0         0           163
     2.900         0         0           164
     2.700         0         0          5349
     2.700         0         0           165
     2.700         0         0           167
     2.600         0         0           168
     2.800         0         0           169
     2.600         0         0          5381
     3.200         0         0         16093
     2.900         0         0           170
     3.100         0         0           171
     3.300         0         0           172
     3.500         0         0           174
     3.200         0         0          9356
     2.700         0         0          9357
     2.800         0         0           176
     3.100         0         0           177
     3.400         0         0           178
     2.600         0         0           179
     3.100         0         0           180
     2.500         0         0          5393
     3.100         0         0         14340
     2.700         0         0         17532
     2.800         0         0           182
     3.400         0         0           183
     2.700         0         0           184
     2.700         0         0          5395
     2.800         0         0         12266
     2.500         0         0          9365
     2.500         0         0           186
     2.500         0         0           187
     3.200         0         0         12233
     2.500         0         0           188
     2.500         0         0           189
     2.700         0         0           190
     2.700         0         0           191
     2.600         0         0         14317
     2.900         0         0           192
     2.500         0         0          5397
     2.500         0         0         12239
     2.600         0         0         14319
     3.100         0         0           195
     2.600         0         0           196
     2.500         0         0          5403
     3.000         0         0           197
     2.700         0         0          5359
     2.800         0         0           198
     2.700         0         0         12259
     3.300         0         0           199
     2.900         0         0           200
     2.500         0         0           201
     2.500         0         0           203
     2.500         0         0           204
     2.500         0         0         19232
     2.900         0         0           205
     2.600         0         0         20372
     2.800         0         0         16106
     2.700         0         0         18522
     3.100         0         0           207
     2.800         0         0         20671
     2.500         0         0         17547
     3.000         0         0         12269
     3.300         0         0         20319
     3.000         0         0         20655
     2.900         0         0           208
     2.900         0         0         20857
     3.200         0         0           209
     2.800         0         0          5414
     2.500         0         0         20673
     2.900         0         0         20985
     2.800         0         0         18521
     3.100         0         0           210
     2.500         0         0         14343
     2.800         0         0          5413
     2.900         0         0         19834
     2.500         0         0         19919
     3.100         0         0         20665
     3.400         0         0         21085
     2.800         0         0         20848
     2.900         0         0         17538
     2.900         0         0           212
     2.900         0         0           213
     2.500         0         0          5416
     2.700         0         0         19895
     2.800         0         0           214
     2.800         0         0           215
     2.800         0         0         12195
     2.500         0         0         20379
     2.500         0         0         20865
     2.800         0         0         12217
     2.900         0         0         19905
     2.800         0         0         19910
     2.600         0         0         12204
     2.700         0         0           216
     2.500         0         0           217
     2.500         0         0           219
     2.800         0         0           220
     2.600         0         0           221
     3.100         0         0           222
     2.800         0         0           223
     2.800         0         0          5418
     2.700         0         0           224
     2.500         0         0         20856
     2.600         0         0          9375
     2.500         0         0         20373
     2.600         0         0           226
     2.700         0         0           227
     2.600         0         0         20312
     2.500         0         0         18516
     2.600         0         0         20332
     2.500         0         0         14347
     2.500         0         0         19878
     3.000         0         0           230
     2.900         0         0         16120
     2.500         0         0           231
     3.700         0         0         12280
     3.400         0         0         20641
     3.400         0         0         20638
     2.500         0         0           232
     2.700         0         0         20870
     3.200         0         0         20991
     2.500         0         0           233
     3.300         0         0           234
     2.600         0         0         20990
     2.700         0         0          5425
     2.600         0         0         19904
     3.000         0         0           235
     2.700         0         0           236
     2.600         0         0           237
     2.500         0         0          5408
     2.800         0         0           238
     2.500         0         0           239
     2.500         0         0           242
     2.600         0         0           243
     3.300         0         0           244
     3.200         0         0         19917
     2.500         0         0           247
     2.600         0         0         20684
     2.800         0         0           249
     2.800         0         0         12281
     2.700         0         0         21147
     2.500         0         0           250
     3.300         0         0           251
     2.500         0         0         20873
     2.700         0         0         12248
     3.000         0         0         12287
     2.600         0         0          5431
     2.500         0         0          5434
     2.600         0         0           254
     2.600         0         0           255
     2.500         0         0           256
     3.000         0         0           258
     2.600         0         0         12286
     2.700         0         0         12292
     3.100         0         0          5436
     3.200         0         0          5396
     2.500         0         0         19230
     2.800         0         0           259
     2.600         0         0           260
     2.600         0         0         20333
     2.600         0         0           261
     2.500         0         0          9397
     2.600         0         0         12293
     2.500         0         0           262
     3.100         0         0           263
     3.200         0         0         12284
     2.600         0         0           265
     2.600         0         0         19900
     3.200         0         0         20378
     2.800         0         0           266
     3.200         0         0           267
     2.800         0         0           268
     3.000         0         0           269
     2.600         0         0         12264
     3.200         0         0          5438
     3.000         0         0           270
     2.500         0         0         20307
     2.800         0         0          9407
     2.500         0         0         19216
     2.500         0         0         20687
     2.700         0         0           273
     2.700         0         0           274
     2.900         0         0         12297
     2.900         0         0           276
     3.000         0         0           277
     2.900         0         0         12256
     2.500         0         0         19873
     2.600         0         0           279
     3.100         0         0           280
     2.800         0         0           281
     3.300         0         0           282
     2.500         0         0           283
     2.600         0         0           284
     2.900         0         0         20340
     3.300         0         0         19923
     2.800         0         0           285
     2.500         0         0           286
     3.300         0         0          9418
     2.600         0         0           287
     2.500         0         0          9275
     2.700         0         0           289
     2.500         0         0         20688
     3.200         0         0           290
     3.000         0         0          5449
     2.500         0         0          9417
     2.700         0         0         14366
     2.500         0         0         18531
     2.500         0         0           293
     2.700         0         0           294
     2.800         0         0          9348
     2.500         0         0         14361
     2.900         0         0           295
     2.700         0         0         18532
     2.500         0         0          9419
     2.700         0         0           297
     2.600         0         0          5458
     3.200         0         0         16044
     2.800         0         0         14370
     2.500         0         0          5459
     3.100         0         0           300
     2.500         0         0          9409
     2.700         0         0          9433
     2.500         0         0         16124
     2.600         0         0           302
     2.800         0         0           303
     2.600         0         0          5463
     2.600         0         0          9432
     2.800         0         0           304
     2.600         0         0           305
     2.800         0         0         17549
     2.500         0         0          5420
     3.000         0         0          9376
     2.900         0         0           306
     2.900         0         0         12260
     2.600         0         0           307
     2.500         0         0           308
     3.100         0         0          9403
     2.800         0         0           309
     2.500         0         0          5456
     2.500         0         0           310
     2.700         0         0           311
     2.500         0         0         14275
     2.700         0         0           312
     2.800         0         0          5457
     2.800         0         0           313
     3.200         0         0           314
     3.100         0         0           315
     2.900         0         0           316
     3.200         0         0           317
     2.800         0         0         19288
     3.300         0         0         20322
     2.600         0         0           318
     3.700         0         0           319
     2.700         0         0           320
     2.500         0         0          5465
     2.700         0         0           323
     2.900         0         0         19924
     2.600         0         0         12296
     2.800         0         0           324
     2.700         0         0          5446
     2.500         0         0         17560
     3.000         0         0         17525
     2.900         0         0         20636
     2.600         0         0           325
     2.600         0         0           326
     2.700         0         0           327
     2.700         0         0          9310
     3.000         0         0           328
     3.300         0         0          5474
     2.600         0         0           333
     2.500         0         0          9437
     2.600         0         0          5480
     2.500         0         0          5476
     2.600         0         0           334
     2.500         0         0           336
     2.700         0         0           337
     2.600         0         0           338
     2.500         0         0           339
     2.500         0         0           340
     2.800         0         0          9300
     2.500         0         0           341
     3.300         0         0           342
     2.800         0         0           345
     3.000         0         0          9436
     2.900         0         0         16126
     2.500         0         0          5487
     3.000         0         0           346
     2.600         0         0           347
     3.100         0         0           349
     2.500         0         0           350
     3.100         0         0         20348
     2.700         0         0           351
     3.000         0         0          9355
     3.000         0         0           353
     2.600         0         0           355
     2.800         0         0          5501
     2.800         0         0         12312
     3.000         0         0          5500
     2.500         0         0          9492
     2.600         0         0           358
     3.000         0         0          5504
     3.300         0         0           360
     2.700         0         0         14353
     2.500         0         0           361
     2.900         0         0          5497
     2.800         0         0         14418
     2.700         0         0         12324
     2.500         0         0         12328
     2.600         0         0         14405
     2.600         0         0         14394
     2.700         0         0           364
     3.100         0         0          5554
     2.700         0         0          9496
     2.500         0         0          9495
     2.700         0         0           365
     2.500         0         0         12336
     2.700         0         0         16144
     2.900         0         0         14381
     2.500         0         0           371
     2.800         0         0           372
     2.600         0         0         18541
     2.500         0         0           373
     3.200         0         0           374
     2.700         0         0           375
     2.500         0         0         14337
     3.200         0         0           377
     2.800         0         0          5563
     2.600         0         0         18534
     2.500         0         0          5557
     2.600         0         0         17531
     2.900         0         0         14421
     2.700         0         0          5569
     3.100         0         0           382
     2.600         0         0           383
     3.600         0         0         16137
     2.700         0         0           384
     3.100         0         0           386
     3.000         0         0          5570
     2.500         0         0          9478
     2.800         0         0           387
     2.700         0         0          5528
     2.600         0         0          5531
     2.800         0         0           388
     2.600         0         0          9501
     2.700         0         0           390
     2.900         0         0          5572
     2.900         0         0           391
     2.500         0         0          5515
     3.600         0         0           394
     3.000         0         0           395
     2.500         0         0         12365
     3.000         0         0           396
     2.500         0         0           397
     2.800         0         0         12252
     2.800         0         0           399
     2.600         0         0         12363
     2.600         0         0          9508
     2.700         0         0         14434
     3.500         0         0          9488
     2.500         0         0          5538
     2.500         0         0         12359
     3.500         0         0         14399
     2.600         0         0         16158
     3.000         0         0         14398
     2.700         0         0           402
     2.600         0         0          5388
     2.600         0         0           404
     2.500         0         0           405
     2.700         0         0           407
     2.500         0         0           408
     2.700         0         0           409
     3.100         0         0          5464
     2.600         0         0           411
     2.500         0         0           413
     2.500         0         0           414
     2.900         0         0           415
     2.600         0         0           416
     2.500         0         0          9514
     3.000         0         0           417
     2.500         0         0           418
     2.800         0         0           419
     3.000         0         0         12369
     2.800         0         0           422
     2.500         0         0         14389
     3.000         0         0         16046
     2.700         0         0          9509
     2.800         0         0           423
     2.900         0         0           424
     3.000         0         0           425
     2.600         0         0         12368
     2.900         0         0          5590
     2.600         0         0           426
     2.700         0         0           427
     2.500         0         0         16166
     2.600         0         0         16156
     2.700         0         0           428
     3.000         0         0           429
     2.700         0         0         16154
     2.700         0         0           430
     2.500         0         0         14436
     2.600         0         0           431
     2.800         0         0           433
     3.800         0         0           434
     2.500         0         0          5561
     2.800         0         0         12319
     2.900         0         0           435
     2.500         0         0           437
     2.600         0         0           438
     3.000         0         0           439
     3.100         0         0           440
     2.500         0         0           441
     3.000         0         0           442
     3.000         0         0          5594
     2.800         0         0          5582
     3.200         0         0           443
     3.000         0         0           445
     3.600         0         0           446
     2.800         0         0         14432
     2.700         0         0          9518
     2.500         0         0          9516
     3.400         0         0           449
     3.100         0         0         16151
     3.800         0         0         17571
     3.000         0         0           450
     2.600         0         0          9517
     2.800         0         0           451
     2.700         0         0         12372
     3.100         0         0           452
     2.500         0         0          5469
     2.900         0         0         12337
     2.700         0         0          5610
     2.600         0         0           454
     3.000         0         0           455
     2.500         0         0           456
     2.800         0         0           457
     2.900         0         0           458
     2.900         0         0          5609
     2.600         0         0           459
     2.600         0         0           460
     2.800         0         0           461
     2.700         0         0           462
     2.700         0         0           463
     2.500         0         0           465
     3.100         0         0           466
     2.600         0         0          5614
     2.800         0         0           467
     2.500         0         0          5466
     2.600         0         0         19247
     2.500         0         0           469
     3.100         0         0         14280
     3.000         0         0           470
     3.400         0         0          9525
     2.600         0         0           471
     2.600         0         0           472
     2.800         0         0           473
     2.600         0         0           474
     2.600         0         0           476
     2.500         0         0           477
     2.700         0         0           478
     2.500         0         0           479
     2.600         0         0           481
     3.100         0         0           482
     2.500         0         0         14402
     2.600         0         0           487
     2.800         0         0          5636
     3.000         0         0           489
     2.600         0         0          5631
     2.500         0         0         20647
     2.800         0         0           490
     3.200         0         0           491
     2.500         0         0           492
     2.900         0         0          5604
     2.500         0         0         12382
     2.600         0         0           493
     2.800         0         0           494
     2.700         0         0           495
     2.700         0         0           496
     2.700         0         0           497
     3.300         0         0          5621
     2.600         0         0           498
     2.600         0         0           499
     2.600         0         0          5618
     2.500         0         0           500
     2.700         0         0           501
     2.900         0         0         19291
     2.500         0         0           502
     2.700         0         0           503
     2.500         0         0           504
     2.500         0         0           505
     2.500         0         0           506
     2.700         0         0           507
     3.200         0         0           508
     2.800         0         0           510
     2.500         0         0           511
     3.000         0         0          9536
     2.700         0         0           513
     2.600         0         0          9471
     2.800         0         0          9537
     2.900         0         0           514
     2.600         0         0         17575
     2.500         0         0           515
     2.600         0         0         20398
     2.500         0         0           516
     3.200         0         0         12384
     2.500         0         0           518
     2.700         0         0          9444
     2.600         0         0           519
     2.900         0         0           520
     3.000         0         0           521
     2.700         0         0           522
     2.600         0         0           523
     3.100         0         0          5611
     3.100         0         0           524
     2.800         0         0           525
     2.500         0         0           526
     2.900         0         0          5472
     2.700         0         0         17576
     2.500         0         0           529
     2.800         0         0           530
     3.000         0         0           531
     2.500         0         0           533
     2.700         0         0           534
     3.200         0         0           535
     2.500         0         0           536
     2.900         0         0           537
     3.500         0         0           538
     2.900         0         0           540
     2.500         0         0           541
     3.400         0         0          9545
     3.200         0         0         20662
     2.500         0         0          5642
     3.100         0         0         12387
     2.500         0         0         12389
     2.600         0         0           542
     2.500         0         0           543
     2.500         0         0         12379
     3.200         0         0           544
     2.900         0         0          5649
     3.300         0         0           545
     2.600         0         0           546
     2.900         0         0           547
     3.100         0         0           548
     2.500         0         0         16155
     2.700         0         0           549
     2.500         0         0         20982
     2.700         0         0         21215
     2.800         0         0          5651
     2.500         0         0          5650
     2.500         0         0          5616
     2.700         0         0           550
     2.700         0         0           551
     2.600         0         0          5652
     3.100         0         0          5655
     3.000         0         0           555
     2.500         0         0          9552
     3.300         0         0          5660
     2.600         0         0           556
     2.500         0         0           557
     3.800         0         0           558
     2.600         0         0         14425
     2.600         0         0         16055
     2.900         0         0          9556
     2.800         0         0           560
     3.000         0         0           562
     2.600         0         0           564
     3.100         0         0          5663
     2.500         0         0          9564
     2.900         0         0           567
     2.500         0         0           568
     2.600         0         0         17561
     2.800         0         0           570
     2.500         0         0           571
     2.500         0         0           572
     3.000         0         0           573
     2.600         0         0           574
     2.500         0         0           575
     2.600         0         0           576
     2.800         0         0           577
     3.000         0         0           579
     2.500         0         0           580
     2.500         0         0           581
     2.600         0         0           582
     2.700         0         0           583
     2.700         0         0         18545
     2.600         0         0           584
     2.600         0         0           585
     2.800         0         0           586
     3.200         0         0           588
     2.500         0         0          9570
     2.800         0         0           589
     3.000         0         0           591
     2.600         0         0          9543
     3.600         0         0         12388
     2.500         0         0         12404
     2.900         0         0          5674
     3.300         0         0           592
     2.600         0         0           593
     2.500         0         0          5676
     2.700         0         0         20395
     2.900         0         0           594
     2.900         0         0           595
     2.800         0         0           596
     2.800         0         0           597
     2.900         0         0         12401
     3.200         0         0         12405
     3.200         0         0           599
     2.500         0         0           600
     2.700         0         0           601
     2.500         0         0           602
     3.000         0         0           603
     3.000         0         0           604
     3.200         0         0           605
     2.800         0         0           606
     2.500         0         0           607
     2.700         0         0           608
     2.800         0         0           609
     3.000         0         0           610
     2.500         0         0           611
     2.600         0         0           612
     2.600         0         0           613
     2.600         0         0           614
     2.600         0         0         14377
     3.100         0         0           615
     2.600         0         0           617
     3.400         0         0           619
     2.600         0         0         12409
     2.500         0         0           622
     2.700         0         0          9583
     2.500         0         0          5691
     2.500         0         0          9584
     2.900         0         0           624
     3.100         0         0           626
     2.600         0         0           627
     3.000         0         0         14450
     2.800         0         0           628
     2.500         0         0           629
     2.800         0         0          5692
     2.500         0         0           630
     2.900         0         0           631
     2.800         0         0          5697
     2.700         0         0           634
     2.600         0         0           635
     2.900         0         0           636
     2.600         0         0         12411
     3.100         0         0         14452
     2.700         0         0           637
     3.500         0         0           638
     2.500         0         0           639
     2.500         0         0          5701
     2.600         0         0          9531
     2.600         0         0           640
     3.000         0         0          9585
     2.500         0         0          9370
     3.100         0         0           645
     3.000         0         0          5704
     3.100         0         0          9594
     2.500         0         0           646
     3.100         0         0          9593
     2.900         0         0           647
     2.500         0         0           648
     2.600         0         0           649
     3.200         0         0           650
     2.800         0         0          9588
     2.600         0         0           651
     3.000         0         0          9589
     3.100         0         0           652
     2.500         0         0           653
     2.500         0         0          9582
     2.600         0         0           655
     2.500         0         0           656
     2.600         0         0         16142
     2.600         0         0           657
     2.900         0         0         12361
     2.500         0         0         18535
     3.000         0         0           658
     2.500         0         0           659
     2.600         0         0         18538
     2.600         0         0           660
     2.600         0         0           661
     2.600         0         0          9591
     2.800         0         0           662
     3.000         0         0          5717
     2.800         0         0          9595
     2.500         0         0           663
     2.800         0         0           664
     2.500         0         0           665
     2.600         0         0          5715
     2.900         0         0           666
     2.700         0         0         12403
     2.500         0         0           667
     2.700         0         0           668
     2.500         0         0           669
     2.500         0         0           670
     2.500         0         0           671
     2.500         0         0         12413
     3.700         0         0           672
     2.800         0         0         12393
     3.400         0         0           674
     2.500         0         0          9330
     3.000         0         0          5675
     2.500         0         0           675
     2.500         0         0           676
     2.600         0         0           677
     2.900         0         0           678
     2.500         0         0          5724
     2.800         0         0           680
     3.100         0         0           681
     2.700         0         0           682
     2.600         0         0           683
     3.300         0         0           685
     3.000         0         0          5731
     3.100         0         0          9621
     3.100         0         0         12444
     3.000         0         0          5730
     2.900         0         0          5732
     3.500         0         0         14483
     2.600         0         0         14459
     3.100         0         0          9629
     3.000         0         0         16199
     2.800         0         0           689
     2.500         0         0         12425
     2.700         0         0         12418
     2.500         0         0         18580
     2.600         0         0         19305
     3.200         0         0           690
     2.700         0         0          5735
     2.800         0         0           692
     2.800         0         0         14462
     2.700         0         0         19939
     2.600         0         0         19935
     2.600         0         0         19335
     2.800         0         0          5754
     3.000         0         0           693
     2.600         0         0          9628
     2.500         0         0           694
     2.600         0         0         20406
     3.100         0         0         20412
     3.500         0         0         20404
     2.600         0         0         14469
     2.800         0         0          5740
     2.600         0         0           696
     2.900         0         0          5759
     2.700         0         0           697
     3.000         0         0         12421
     3.400         0         0          9634
     2.500         0         0           698
     2.500         0         0         12445
     2.700         0         0         12440
     2.500         0         0           701
     2.900         0         0         17598
     2.600         0         0         16179
     2.800         0         0         18615
     2.700         0         0         12414
     3.000         0         0         14485
     2.500         0         0          5771
     2.600         0         0         12452
     2.600         0         0           703
     2.500         0         0          9524
     3.100         0         0         14453
     2.600         0         0         21088
     2.800         0         0         21087
     2.800         0         0           704
     2.500         0         0         21091
     2.900         0         0           705
     2.600         0         0           706
     2.800         0         0           707
     2.500         0         0           708
     2.600         0         0          5774
     2.900         0         0         19970
     3.000         0         0         18559
     2.800         0         0           709
     2.500         0         0         14474
     2.700         0         0           710
     3.000         0         0         19327
     2.600         0         0           712
     2.800         0         0         18551
     2.900         0         0           714
     2.700         0         0           716
     2.900         0         0         14484
     2.600         0         0           717
     2.900         0         0          5767
     2.500         0         0           718
     2.800         0         0           719
     3.100         0         0           720
     2.500         0         0           721
     2.700         0         0         19962
     2.800         0         0          9645
     3.600         0         0           723
     2.600         0         0         14443
     2.900         0         0           724
     2.500         0         0         19309
     2.700         0         0         18544
     2.500         0         0           725
     2.500         0         0           726
     2.600         0         0           727
     2.800         0         0          9610
     2.500         0         0           728
     2.500         0         0           729
     2.600         0         0           730
     3.100         0         0         19946
     2.500         0         0           732
     2.600         0         0           733
     2.700         0         0         12423
     2.600         0         0           735
     2.500         0         0           736
     3.300         0         0           737
     2.700         0         0         21143
     2.800         0         0           738
     3.700         0         0           739
     2.700         0         0          5786
     2.600         0         0           740
     2.500         0         0           741
     3.200         0         0           743
     2.500         0         0         16195
     2.600         0         0          9647
     2.900         0         0           744
     2.800         0         0         18503
     3.700         0         0           745
     2.600         0         0           746
     2.900         0         0           747
     2.700         0         0         12317
     2.500         0         0          5792
     2.600         0         0           749
     3.200         0         0           750
     2.600         0         0         19299
     2.500         0         0          5789
     2.900         0         0           751
     2.700         0         0           754
     2.500         0         0          5798
     3.400         0         0          5799
     2.900         0         0         17604
     2.500         0         0           755
     2.500         0         0           756
     2.800         0         0           757
     3.500         0         0          5807
     2.700         0         0           760
     2.600         0         0          5815
     3.000         0         0          9669
     2.500         0         0           761
     2.800         0         0           762
     2.900         0         0           763
     2.600         0         0         14488
     2.600         0         0           765
     4.000         0         0         19325
     2.600         0         0           767
     2.900         0         0           768
     2.500         0         0         18533
     2.500         0         0          5702
     3.900         0         0           770
     3.500         0         0          9638
     2.700         0         0           772
     3.100         0         0           773
     3.900         0         0           774
     2.500         0         0          5822
     3.600         0         0          5823
     2.600         0         0          5824
     2.700         0         0           776
     2.500         0         0         12461
     2.500         0         0         20690
     2.900         0         0          5840
     2.500         0         0          9670
     2.900         0         0         12465
     2.900         0         0          5830
     2.900         0         0          5827
     3.600         0         0          5821
     3.000         0         0           779
     3.000         0         0           780
     2.500         0         0           781
     3.300         0         0         14400
     3.200         0         0          5848
     2.900         0         0           782
     2.900         0         0           783
     3.200         0         0           785
     2.700         0         0         14491
     2.900         0         0         19941
     2.700         0         0           787
     3.000         0         0           788
     2.900         0         0         18546
     2.600         0         0           789
     2.500         0         0           791
     2.600         0         0          5841
     3.400         0         0         18614
     2.500         0         0         16161
     2.500         0         0         19332
     3.800         0         0           794
     2.700         0         0          5826
     2.700         0         0           795
     2.600         0         0          9671
     2.600         0         0           797
     2.500         0         0          5859
     2.700         0         0         12246
     2.800         0         0          5860
     2.900         0         0         12464
     3.400         0         0           798
     2.900         0         0           799
     2.600         0         0           800
     2.600         0         0           802
     2.600         0         0           803
     3.300         0         0           804
     2.500         0         0           805
     2.800         0         0           806
     2.900         0         0          9676
     2.500         0         0           808
     3.200         0         0           809
     2.800         0         0           810
     2.800         0         0          5637
     2.600         0         0         12441
     2.500         0         0          5795
     2.600         0         0           812
     2.500         0         0           814
     2.700         0         0           815
     3.200         0         0         12471
     2.700         0         0           816
     2.800         0         0           817
     2.700         0         0          5873
     2.500         0         0           818
     2.600         0         0           821
     2.900         0         0           822
     2.500         0         0          5877
     2.800         0         0           824
     3.100         0         0          9690
     2.700         0         0         12472
     2.500         0         0          5863
     2.900         0         0           825
     2.900         0         0           826
     2.600         0         0          5880
     2.500         0         0         17522
     3.300         0         0          5745
     2.900         0         0          5483
     3.200         0         0           829
     2.700         0         0           832
     2.700         0         0          5803
     2.700         0         0          5889
     2.500         0         0         12481
     2.600         0         0           834
     2.600         0         0          9694
     2.600         0         0           835
     2.500         0         0           836
     2.600         0         0           839
     2.500         0         0         12480
     3.100         0         0          5777
     2.700         0         0           840
     2.500         0         0          9711
     2.600         0         0           841
     3.200         0         0         12473
     3.800         0         0          5897
     2.900         0         0           842
     2.700         0         0           844
     2.500         0         0           845
     2.500         0         0           846
     2.600         0         0          9721
     2.600         0         0          5791
     2.600         0         0           848
     2.800         0         0         19930
     3.100         0         0           849
     2.600         0         0           852
     2.500         0         0          5907
     2.700         0         0           853
     2.600         0         0           854
     2.600         0         0           855
     2.500         0         0           856
     2.500         0         0           857
     3.100         0         0           858
     3.600         0         0           859
     2.500         0         0          9723
     2.800         0         0           861
     2.800         0         0           862
     3.500         0         0         20407
     2.800         0         0          5899
     2.600         0         0          5819
     2.900         0         0          5906
     3.200         0         0          9719
     2.500         0         0           863
     2.500         0         0           864
     2.700         0         0           865
     2.600         0         0           867
     2.900         0         0           868
     2.700         0         0           869
     2.500         0         0           870
     2.800         0         0         14500
     2.800         0         0           871
     2.600         0         0           872
     3.100         0         0           873
     3.400         0         0          9726
     3.400         0         0           874
     2.800         0         0         16203
     3.100         0         0           875
     3.200         0         0           876
     3.400         0         0          5917
     2.800         0         0          5914
     3.000         0         0           877
     2.500         0         0           878
     2.600         0         0           879
     2.800         0         0         12492
     2.900         0         0           880
     2.500         0         0           881
     2.500         0         0           884
     2.500         0         0          5915
     2.600         0         0           886
     2.600         0         0          9627
     3.200         0         0           888
     3.300         0         0         16185
     2.800         0         0           889
     2.500         0         0           890
     2.500         0         0         12439
     2.500         0         0         20695
     2.600         0         0           891
     2.700         0         0          5918
     2.500         0         0          9735
     3.100         0         0           893
     2.900         0         0           894
     2.500         0         0           895
     2.500         0         0           896
     2.500         0         0           897
     2.500         0         0         20418
     2.700         0         0           899
     2.800         0         0           900
     2.500         0         0           902
     2.500         0         0          5919
     2.500         0         0          5781
     2.500         0         0          9739
     3.400         0         0           906
     2.600         0         0           907
     2.900         0         0         12497
     2.600         0         0          5924
     3.000         0         0           908
     2.700         0         0         12487
     2.800         0         0         14505
     3.000         0         0           909
     3.100         0         0           910
     2.900         0         0          5932
     2.600         0         0           911
     2.600         0         0          9742
     2.800         0         0         12499
     2.800         0         0          5521
     2.500         0         0          9741
     2.800         0         0         12458
     2.800         0         0           913
     2.800         0         0           914
     2.600         0         0           915
     3.000         0         0           916
     2.500         0         0           917
     2.500         0         0           918
     2.700         0         0           919
     2.600         0         0          5939
     2.700         0         0           920
     3.000         0         0           921
     2.500         0         0           922
     2.700         0         0           923
     2.700         0         0           924
     3.000         0         0          5941
     2.600         0         0           925
     3.100         0         0           926
     3.000         0         0           927
     2.600         0         0           928
     3.100         0         0           929
     3.200         0         0         12495
     2.600         0         0           931
     2.800         0         0          5946
     3.100         0         0           933
     3.600         0         0           934
     3.000         0         0          5945
     3.100         0         0          9751
     2.600         0         0           935
     3.000         0         0          9752
     2.800         0         0           936
     2.600         0         0           938
     2.900         0         0           940
     2.700         0         0          9754
     3.000         0         0          5814
     2.500         0         0           941
     2.500         0         0           942
     2.700         0         0           943
     2.500         0         0           944
     2.500         0         0           946
     2.600         0         0           947
     2.500         0         0           948
     3.200         0         0           950
     2.700         0         0           952
     2.700         0         0         14285
     2.500         0         0           953
     2.800         0         0         12502
     2.800         0         0          5947
     3.200         0         0           954
     2.900         0         0           955
     3.100         0         0           956
     2.600         0         0           958
     2.500         0         0           959
     2.800         0         0          9716
     2.500         0         0           960
     2.800         0         0           961
     2.500         0         0           962
     2.800         0         0           963
     2.800         0         0           964
     3.500         0         0          5979
     3.200         0         0          5963
     2.500         0         0           967
     2.700         0         0          5981
     2.600         0         0           968
     3.000         0         0           969
     2.800         0         0           970
     2.900         0         0           972
     2.500         0         0           975
     3.200         0         0           976
     2.600         0         0           977
     2.600         0         0           980
     2.800         0         0           981
     2.600         0         0          5995
     2.700         0         0          5983
     2.900         0         0          9685
     2.800         0         0           983
     3.200         0         0           984
     2.900         0         0           985
     2.500         0         0          9779
     3.100         0         0           986
     2.800         0         0           987
     2.800         0         0           988
     2.600         0         0           989
     3.800         0         0           990
     2.500         0         0           991
     2.700         0         0         17614
     2.600         0         0           994
     2.900         0         0           995
     3.500         0         0           996
     2.500         0         0           997
     3.000         0         0           998
     2.700         0         0           999
     2.500         0         0          1000
     2.500         0         0          1001
     2.600         0         0          1002
     2.500         0         0          6000
     3.200         0         0          9748
     2.500         0         0          5999
     3.000         0         0         16209
     2.600         0         0          1003
     2.500         0         0          1004
     2.500         0         0         12511
     2.700         0         0          1008
     2.600         0         0          1009
     2.900         0         0          1010
     3.000         0         0          9783
     2.500         0         0          1012
     3.100         0         0          1015
     2.500         0         0          1016
     3.000         0         0          1017
     2.700         0         0          1019
     2.500         0         0          9784
     2.800         0         0          1020
     2.600         0         0          1021
     2.600         0         0          6006
     2.600         0         0         12534
     2.800         0         0          5975
     2.600         0         0          1025
     2.900         0         0         16317
     3.400         0         0         14643
     3.100         0         0         14523
     2.800         0         0         14665
     2.800         0         0         14694
     2.800         0         0         14525
     3.200         0         0         17625
     2.800         0         0          9763
     2.800         0         0          1027
     2.600         0         0         12535
     2.600         0         0         14575
     2.700         0         0         14656
     2.500         0         0          1028
     2.600         0         0         14530
     2.800         0         0          9787
     3.200         0         0         16322
     2.800         0         0          1029
     2.600         0         0          1030
     2.500         0         0         18677
     3.200         0         0          9764
     2.800         0         0         12506
     2.900         0         0         16289
     2.500         0         0          1031
     2.700         0         0          1032
     2.500         0         0          1033
     2.600         0         0          1034
     2.900         0         0         21003
     2.500         0         0          1035
     2.900         0         0          1036
     2.500         0         0         12500
     2.800         0         0          1037
     3.000         0         0          1038
     2.500         0         0         14662
     2.700         0         0         14684
     3.200         0         0          1039
     2.700         0         0          9801
     2.800         0         0         16292
     2.600         0         0          1042
     2.700         0         0          1043
     2.700         0         0         16305
     2.500         0         0          1044
     3.500         0         0         19931
     2.500         0         0          1045
     3.200         0         0         20402
     2.600         0         0          6025
     2.600         0         0          1046
     3.600         0         0         20401
     2.800         0         0          1047
     2.500         0         0         14685
     2.700         0         0         14573
     2.700         0         0          1050
     2.600         0         0          1051
     2.600         0         0          6031
     3.000         0         0          9804
     2.600         0         0         17738
     2.700         0         0          9807
     2.700         0         0          1053
     2.800         0         0         12522
     2.600         0         0         17618
     2.600         0         0         16393
     2.500         0         0         12538
     2.900         0         0         20006
     2.800         0         0         20450
     2.700         0         0          1054
     3.600         0         0         12540
     3.200         0         0          9810
     2.700         0         0          1055
     2.800         0         0         20000
     3.100         0         0         14699
     3.100         0         0          1056
     2.500         0         0          6029
     3.000         0         0         16434
     3.000         0         0         18702
     2.500         0         0         17671
     2.700         0         0         17737
     2.500         0         0          1058
     3.000         0         0         14520
     2.700         0         0          1059
     3.100         0         0          1060
     3.000         0         0          1061
     2.500         0         0          1062
     3.200         0         0         17730
     2.600         0         0         20015
     2.900         0         0         16288
     2.700         0         0          1063
     2.700         0         0         16385
     2.500         0         0         20725
     2.600         0         0          9792
     2.700         0         0          1064
     2.500         0         0         17685
     2.900         0         0          1065
     2.500         0         0          1066
     3.000         0         0         17693
     2.900         0         0          1068
     3.100         0         0          1069
     2.600         0         0          1070
     2.700         0         0         14636
     2.600         0         0         16230
     2.800         0         0         14622
     2.700         0         0          1071
     2.500         0         0          1073
     3.000         0         0          6038
     2.600         0         0          1074
     2.500         0         0         16270
     3.000         0         0         18682
     3.300         0         0          1075
     2.600         0         0          1076
     2.700         0         0          1078
     2.500         0         0          9814
     2.500         0         0          9812
     2.500         0         0          1079
     2.700         0         0          6004
     3.200         0         0          1080
     2.600         0         0          1082
     2.900         0         0         16263
     2.800         0         0          1084
     2.500         0         0          1085
     3.600         0         0          1087
     3.100         0         0         17679
     2.500         0         0          1088
     2.600         0         0         16383
     2.900         0         0          1090
     3.000         0         0          1091
     2.700         0         0          1092
     2.700         0         0          9821
     2.600         0         0         18704
     2.500         0         0          1094
     3.000         0         0          1095
     2.600         0         0          9823
     3.000         0         0          1096
     3.100         0         0          1097
     2.500         0         0          9820
     2.700         0         0         20703
     3.300         0         0          6040
     3.000         0         0          1098
     2.500         0         0          1099
     2.500         0         0          1100
     3.500         0         0          1101
     3.200         0         0          1102
     2.800         0         0          6037
     2.900         0         0          1103
     2.800         0         0          1104
     2.700         0         0         20999
     2.800         0         0          1105
     3.000         0         0         20441
     2.500         0         0          1106
     2.800         0         0         17657
     2.500         0         0         19984
     2.700         0         0         18649
     2.500         0         0          1107
     2.500         0         0          1108
     2.900         0         0         21149
     2.600         0         0         19368
     2.900         0         0          1109
     2.700         0         0          1110
     2.600         0         0          1112
     2.700         0         0         17624
     3.200         0         0         17743
     2.600         0         0         17682
     3.000         0         0          1113
     2.700         0         0         20457
     2.600         0         0         19352
     2.500         0         0         19983
     3.000         0         0         16364
     2.800         0         0          6059
     3.000         0         0         12550
     2.700         0         0         12551
     2.500         0         0         16299
     2.600         0         0          1115
     2.600         0         0          1117
     2.600         0         0         20728
     3.100         0         0          1118
     3.400         0         0          1119
     3.300         0         0          1120
     3.300         0         0          6062
     2.900         0         0         16190
     3.100         0         0          1121
     2.700         0         0         17677
     2.900         0         0         18640
     2.600         0         0          6021
     2.500         0         0          1122
     3.600         0         0          1123
     3.500         0         0          1124
     2.600         0         0          6064
     2.700         0         0          1126
     2.500         0         0         20440
     3.600         0         0          1127
     2.600         0         0         20460
     2.600         0         0          6200
     3.300         0         0          1132
     2.600         0         0          6197
     2.500         0         0         17755
     2.500         0         0         19442
     2.600         0         0         16457
     2.800         0         0          6478
     2.500         0         0          1134
     2.600         0         0          1135
     3.200         0         0         21010
     3.000         0         0          9984
     2.800         0         0          5936
     3.100         0         0          1136
     2.800         0         0          6146
     3.000         0         0          1137
     2.500         0         0         16526
     2.900         0         0          1138
     3.200         0         0          6219
     3.200         0         0          1139
     3.200         0         0         14606
     3.200         0         0          6505
     2.900         0         0          1140
     2.700         0         0          1141
     3.200         0         0         12669
     2.900         0         0          9924
     2.700         0         0          6413
     2.700         0         0          1142
     2.500         0         0         14733
     2.600         0         0          9994
     2.600         0         0          6063
     2.500         0         0         12750
     2.600         0         0          1143
     2.800         0         0         16341
     2.600         0         0         10196
     3.000         0         0          6508
     2.600         0         0          6507
     2.600         0         0         18625
     2.900         0         0         16489
     2.700         0         0          6499
     2.700         0         0         14750
     2.800         0         0         14864
     3.100         0         0         18765
     2.800         0         0         14872
     2.900         0         0          1151
     2.700         0         0          1152
     2.600         0         0          9865
     2.500         0         0         20899
     2.800         0         0          1153
     2.600         0         0         14598
     2.700         0         0         14713
     2.500         0         0          9853
     3.000         0         0         12722
     3.000         0         0         12609
     2.800         0         0          1156
     2.900         0         0          6291
     2.800         0         0          9845
     3.100         0         0          6316
     2.500         0         0          1157
     2.600         0         0         14813
     3.000         0         0         16475
     2.600         0         0          1158
     2.600         0         0          1159
     2.800         0         0         17782
     2.500         0         0         12572
     2.500         0         0         19991
     2.500         0         0          1160
     2.500         0         0          1161
     2.900         0         0          1162
     3.000         0         0         10089
     2.600         0         0         12730
     2.500         0         0          1163
     2.600         0         0          1164
     3.000         0         0          6236
     3.000         0         0         16477
     2.800         0         0         17721
     3.100         0         0         18679
     2.500         0         0          1165
     3.100         0         0         12772
     2.500         0         0          6521
     2.700         0         0         14853
     2.900         0         0          6168
     3.200         0         0          1167
     3.800         0         0         14680
     3.000         0         0          9903
     3.300         0         0         12746
     2.700         0         0         12678
     2.700         0         0         12587
     3.400         0         0          6520
     3.200         0         0          1168
     2.700         0         0         10207
     2.900         0         0          1169
     2.800         0         0         20458
     3.100         0         0         18658
     2.800         0         0          1170
     2.500         0         0          1171
     2.600         0         0         20459
     3.000         0         0         19972
     3.700         0         0         14845
     2.500         0         0         19999
     2.500         0         0          1173
     2.800         0         0         20716
     2.500         0         0         16544
     2.600         0         0         10169
     2.700         0         0         19998
     2.800         0         0          1174
     2.600         0         0         17767
     2.500         0         0         21006
     3.700         0         0          1175
     2.600         0         0          6437
     3.200         0         0          1176
     3.200         0         0          1177
     3.400         0         0         19997
     2.600         0         0         18779
     2.800         0         0          9824
     2.600         0         0          1178
     2.800         0         0          1179
     3.200         0         0          6130
     2.600         0         0         21104
     2.500         0         0         21154
     2.900         0         0         19397
     3.100         0         0         10173
     3.100         0         0          6529
     2.600         0         0         10209
     2.500         0         0          1183
     2.700         0         0         10210
     2.600         0         0         14850
     2.600         0         0         10113
     3.000         0         0          1185
     2.600         0         0          6439
     3.200         0         0         10118
     2.500         0         0          6067
     2.500         0         0          1186
     3.000         0         0         14817
     3.100         0         0          1187
     2.700         0         0          6239
     2.500         0         0          1188
     2.500         0         0          1189
     2.600         0         0          1190
     2.700         0         0          6506
     2.500         0         0         10131
     2.900         0         0         19393
     2.600         0         0          1192
     3.000         0         0          1194
     2.500         0         0          1195
     2.800         0         0          9827
     2.500         0         0          9959
     2.500         0         0          1198
     2.600         0         0          1199
     2.700         0         0          1200
     3.100         0         0          6547
     2.500         0         0         20692
     3.000         0         0          1201
     2.700         0         0          1202
     3.100         0         0         14735
     2.700         0         0          1203
     2.600         0         0         20645
     2.600         0         0          1204
     2.900         0         0         12743
     2.500         0         0          6542
     2.800         0         0          6260
     2.500         0         0          1205
     2.500         0         0         10164
     2.900         0         0          1206
     2.700         0         0          1207
     2.500         0         0          6548
     2.900         0         0         18710
     2.600         0         0         12621
     2.800         0         0          9871
     2.500         0         0         10214
     2.700         0         0          1209
     2.500         0         0         16468
     3.100         0         0         12751
     2.900         0         0         14502
     2.700         0         0         12790
     2.500         0         0          1212
     2.700         0         0         12791
     2.700         0         0          6554
     2.800         0         0          1213
     2.500         0         0         14744
     2.600         0         0          6559
     3.500         0         0         10221
     2.700         0         0          1215
     2.500         0         0         19451
     2.500         0         0          1216
     2.500         0         0          1217
     2.500         0         0          1218
     2.600         0         0         14536
     3.800         0         0         17698
     2.800         0         0         20720
     2.900         0         0         20891
     2.500         0         0         21007
     2.600         0         0          1219
     2.900         0         0          1220
     2.500         0         0         21090
     3.300         0         0          1221
     3.600         0         0         20713
     2.600         0         0          1222
     2.600         0         0          1223
     2.600         0         0          1225
     2.500         0         0          1226
     2.800         0         0         20012
     2.700         0         0         17768
     3.400         0         0          1227
     3.200         0         0          6354
     2.500         0         0          1228
     2.500         0         0          1229
     3.200         0         0          1230
     3.100         0         0          1231
     3.000         0         0          9946
     3.200         0         0          1232
     3.100         0         0          1233
     2.500         0         0         10073
     2.600         0         0          1234
     2.500         0         0          9988
     2.500         0         0          1235
     2.600         0         0          1236
     3.100         0         0         12637
     2.700         0         0         10225
     2.700         0         0         10112
     2.500         0         0         14754
     2.500         0         0          1238
     2.700         0         0         12691
     2.600         0         0         12519
     2.500         0         0         20888
     2.600         0         0         14518
     3.300         0         0          1240
     2.900         0         0          1242
     2.800         0         0         20721
     2.800         0         0         21304
     2.500         0         0          1243
     2.500         0         0         20892
     2.700         0         0         14686
     2.500         0         0          1244
     3.500         0         0          1246
     2.500         0         0          1247
     2.900         0         0         10227
     2.700         0         0          1249
     2.600         0         0          1250
     2.600         0         0          1251
     3.000         0         0         20718
     3.400         0         0          1252
     2.500         0         0          6577
     2.800         0         0         10244
     2.500         0         0         21011
     3.400         0         0         10228
     2.500         0         0         20889
     2.900         0         0         12804
     3.000         0         0          1254
     2.500         0         0         12803
     2.800         0         0          1255
     2.500         0         0         18632
     2.500         0         0         21005
     2.600         0         0         12792
     2.500         0         0          1256
     2.700         0         0         14706
     2.600         0         0         16439
     2.800         0         0          1257
     2.600         0         0          1258
     2.700         0         0          6567
     3.100         0         0          1259
     3.000         0         0          1260
     3.100         0         0          9998
     2.500         0         0         14858
     2.500         0         0          6576
     2.500         0         0         14753
     2.500         0         0         18624
     2.600         0         0          1262
     2.700         0         0          1264
     2.600         0         0         10234
     2.500         0         0         14800
     2.500         0         0         18623
     3.000         0         0         14777
     2.500         0         0         19980
     2.800         0         0         10247
     2.900         0         0          9850
     2.800         0         0         14882
     2.600         0         0          6153
     2.500         0         0          1267
     2.900         0         0          1268
     2.500         0         0          1269
     3.200         0         0         19417
     2.700         0         0          1270
     3.200         0         0          1271
     2.700         0         0         20010
     2.500         0         0          9897
     2.900         0         0         14728
     2.800         0         0          1272
     2.800         0         0          1273
     2.900         0         0         14649
     2.500         0         0          1274
     2.800         0         0         20419
     2.600         0         0          1275
     3.400         0         0         17714
     2.700         0         0         14501
     2.700         0         0          1276
     2.600         0         0         16386
     2.500         0         0         16204
     2.500         0         0         14714
     2.500         0         0         16212
     2.600         0         0          1279
     2.500         0         0          1280
     2.500         0         0          6589
     2.600         0         0          6572
     2.600         0         0          1281
     2.800         0         0          1283
     2.600         0         0          1284
     2.500         0         0          1285
     2.500         0         0          1286
     2.700         0         0         17711
     2.800         0         0          1287
     3.200         0         0          1288
     3.100         0         0         12674
     2.500         0         0         16449
     2.900         0         0         14874
     2.900         0         0          1289
     2.500         0         0          1290
     3.600         0         0         14704
     2.700         0         0          1291
     2.700         0         0         16207
     2.600         0         0          1294
     3.400         0         0         17609
     2.600         0         0          1296
     2.700         0         0         18619
     2.900         0         0          1297
     2.500         0         0          1298
     2.700         0         0          1300
     2.800         0         0         16206
     2.500         0         0         17710
     2.600         0         0          1301
     2.700         0         0         18647
     2.500         0         0          1303
     2.500         0         0          1304
     2.700         0         0          1305
     2.700         0         0          1306
     2.600         0         0          1307
     2.500         0         0          1309
     2.800         0         0          1310
     3.400         0         0          1311
     3.100         0         0          1312
     3.100         0         0          1314
     2.700         0         0          1315
     2.800         0         0         20726
     2.900         0         0          6566
     3.300         0         0         12816
     2.500         0         0          6598
     3.000         0         0         16552
     2.800         0         0         18783
     2.700         0         0          1318
     2.600         0         0          1319
     2.500         0         0          1320
     3.100         0         0          1321
     2.600         0         0         16482
     3.000         0         0          1322
     2.900         0         0          1323
     2.600         0         0          1325
     2.600         0         0          6614
     3.300         0         0         10266
     3.000         0         0          1326
     3.000         0         0          1328
     2.600         0         0          1330
     2.700         0         0          1331
     2.600         0         0          1332
     2.500         0         0         10263
     3.100         0         0          1333
     2.800         0         0          1334
     2.600         0         0          1336
     2.800         0         0          6561
     3.200         0         0          6617
     2.600         0         0          1337
     2.800         0         0          1339
     2.600         0         0          1340
     2.700         0         0         14700
     2.800         0         0          1341
     2.500         0         0          1342
     2.700         0         0          6632
     2.600         0         0          6579
     2.500         0         0          1344
     2.900         0         0         14396
     3.400         0         0         14896
     2.500         0         0          1348
     3.500         0         0         14807
     2.900         0         0          1349
     2.600         0         0          6636
     3.100         0         0          6631
     3.000         0         0         17804
     3.200         0         0          1351
     2.500         0         0          1352
     2.500         0         0         12663
     2.700         0         0          6645
     3.000         0         0          1353
     2.800         0         0          1354
     2.700         0         0          6643
     2.500         0         0         18764
     3.200         0         0          1355
     2.700         0         0          6647
     2.600         0         0          1359
     2.700         0         0          1360
     2.700         0         0         10274
     2.600         0         0          1361
     2.500         0         0          1362
     2.900         0         0          1363
     2.700         0         0         14709
     2.500         0         0          1365
     2.500         0         0         10287
     3.100         0         0          1368
     2.600         0         0          6658
     2.600         0         0         18782
     2.700         0         0          1369
     2.600         0         0          1370
     3.200         0         0          1372
     2.700         0         0         12588
     2.500         0         0         14860
     3.400         0         0          1373
     3.400         0         0          1374
     2.500         0         0          1375
     2.800         0         0          6660
     3.300         0         0          1376
     2.500         0         0          1377
     2.800         0         0          1378
     2.600         0         0         10284
     3.000         0         0         16491
     2.800         0         0          1380
     2.800         0         0          6662
     2.700         0         0         10290
     2.600         0         0          1381
     2.600         0         0          1384
     2.900         0         0          1385
     2.500         0         0          1386
     2.700         0         0          1389
     2.800         0         0          6665
     3.100         0         0          1390
     2.700         0         0         20004
     2.500         0         0         10389
     2.600         0         0         18805
     2.800         0         0         14931
     3.200         0         0         10415
     2.600         0         0          5805
     2.600         0         0         16563
     2.800         0         0          1394
     2.700         0         0         10412
     3.200         0         0          1395
     2.600         0         0         10386
     2.600         0         0         19444
     2.800         0         0         16608
     3.300         0         0         18798
     2.500         0         0         17712
     2.800         0         0         19460
     2.700         0         0          1397
     2.600         0         0         10368
     2.500         0         0          1398
     2.800         0         0         10275
     3.000         0         0          1399
     3.300         0         0          1400
     3.100         0         0          1401
     2.800         0         0          1402
     3.100         0         0          6674
     2.800         0         0         17831
     2.500         0         0         14906
     2.900         0         0          1405
     2.800         0         0          6678
     3.200         0         0         10418
     2.600         0         0          1406
     2.600         0         0          1407
     3.300         0         0          1408
     3.100         0         0         17849
     2.500         0         0         10292
     2.800         0         0         19469
     2.500         0         0         12833
     2.900         0         0         20035
     2.800         0         0         12911
     2.600         0         0          1410
     2.700         0         0         17613
     3.000         0         0         16600
     2.600         0         0         12924
     2.900         0         0          6596
     2.500         0         0         14572
     3.400         0         0         16618
     3.400         0         0         16613
     3.500         0         0          1411
     2.700         0         0          1412
     2.800         0         0         10358
     2.800         0         0          1413
     2.800         0         0          1414
     2.500         0         0         10295
     2.900         0         0         14964
     2.700         0         0         20483
     3.200         0         0         17847
     2.800         0         0          1416
     2.600         0         0          1417
     2.900         0         0          6683
     2.800         0         0         10419
     2.900         0         0          1419
     2.500         0         0         17848
     2.900         0         0          9774
     2.500         0         0          1420
     2.700         0         0          1421
     2.700         0         0         10414
     2.700         0         0         19475
     2.900         0         0          1422
     3.000         0         0         19455
     3.300         0         0         20031
     2.500         0         0          1425
     2.700         0         0          1426
     2.500         0         0         18687
     3.200         0         0         12837
     3.300         0         0         14943
     2.700         0         0         19489
     2.500         0         0          1427
     2.900         0         0         10388
     2.500         0         0          1428
     2.700         0         0          1429
     2.500         0         0         12836
     2.500         0         0         10076
     3.300         0         0          1430
     2.600         0         0          1431
     2.900         0         0         19487
     2.500         0         0          1432
     2.800         0         0         20052
     3.100         0         0          6680
     3.400         0         0          1434
     2.500         0         0          1435
     2.500         0         0          6691
     2.700         0         0         10300
     2.700         0         0          1436
     2.500         0         0         16621
     3.400         0         0          1437
     3.300         0         0         14876
     2.600         0         0          1438
     2.800         0         0          6694
     2.800         0         0          6688
     2.900         0         0         10311
     2.900         0         0          1439
     3.000         0         0          1440
     3.100         0         0         10380
     2.600         0         0         14759
     2.500         0         0          9965
     2.900         0         0         12875
     2.700         0         0          1445
     2.800         0         0          1446
     2.600         0         0         20045
     2.600         0         0          1447
     3.800         0         0          1448
     2.500         0         0          1450
     2.700         0         0          1451
     2.700         0         0          1452
     2.500         0         0          1453
     3.100         0         0          1454
     2.900         0         0         16623
     2.800         0         0          1456
     2.600         0         0          1458
     3.100         0         0          6171
     3.700         0         0         12865
     2.700         0         0         14926
     2.900         0         0         16601
     2.500         0         0          1459
     3.000         0         0          6679
     2.800         0         0          1460
     2.500         0         0         16624
     2.800         0         0          1461
     2.500         0         0         16625
     3.500         0         0          1462
     3.100         0         0         10296
     2.900         0         0         12620
     2.800         0         0          6628
     2.800         0         0          6337
     3.300         0         0         10053
     2.500         0         0          1463
     2.800         0         0         10051
     3.200         0         0          1464
     2.800         0         0          1465
     2.500         0         0         12923
     2.600         0         0          1466
     2.700         0         0         14918
     2.500         0         0         14919
     2.500         0         0         16578
     2.800         0         0          6699
     2.600         0         0         20041
     2.800         0         0          1468
     2.500         0         0         14917
     3.400         0         0         16344
     2.600         0         0          1469
     2.600         0         0         16564
     2.900         0         0          1470
     2.600         0         0         12845
     2.500         0         0          1473
     2.900         0         0         17816
     4.200         0         0          1474
     2.600         0         0         12786
     3.100         0         0         17814
     2.800         0         0         14913
     2.800         0         0         18631
     2.500         0         0         19355
     3.400         0         0          6714
     3.000         0         0          6715
     2.700         0         0          1477
     2.500         0         0          1478
     2.700         0         0          1479
     2.800         0         0          1480
     3.400         0         0          1482
     3.100         0         0         14947
     2.600         0         0         10439
     3.100         0         0          1483
     2.600         0         0         10435
     3.100         0         0          9916
     2.600         0         0          6724
     2.600         0         0          1484
     2.900         0         0          6716
     2.900         0         0          1485
     3.000         0         0         19491
     3.100         0         0          1486
     3.000         0         0         14779
     2.900         0         0          1487
     3.000         0         0          1488
     2.600         0         0          6720
     2.800         0         0          1489
     3.100         0         0         16460
     2.600         0         0          6673
     2.500         0         0          1490
     3.400         0         0          1491
     3.200         0         0         19459
     2.500         0         0         18810
     2.600         0         0          1492
     2.500         0         0          1493
     2.500         0         0         18792
     2.900         0         0         12953
     2.500         0         0          1494
     2.600         0         0          1496
     3.400         0         0          6725
     2.800         0         0         10437
     3.000         0         0          6719
     2.900         0         0          1497
     2.500         0         0          1498
     2.500         0         0         12956
     2.800         0         0         16612
     3.400         0         0          1499
     2.500         0         0          1500
     2.800         0         0         19468
     2.800         0         0          1501
     3.200         0         0          6728
     3.500         0         0          1502
     2.500         0         0         16568
     2.600         0         0         12892
     2.500         0         0         20748
     2.800         0         0         10171
     3.600         0         0         16567
     2.500         0         0         14542
     3.500         0         0         14958
     2.500         0         0          1503
     2.600         0         0          6727
     2.500         0         0          1504
     2.900         0         0         16572
     3.100         0         0          1505
     2.500         0         0         17822
     3.400         0         0          1506
     2.700         0         0          1507
     2.500         0         0          1508
     2.700         0         0          9657
     2.500         0         0          1509
     2.600         0         0         10407
     2.500         0         0         10421
     2.600         0         0         12951
     2.900         0         0          1510
     2.500         0         0         16577
     2.500         0         0         10443
     3.000         0         0          1511
     2.600         0         0          1512
     2.500         0         0          1513
     2.700         0         0         14727
     2.600         0         0         12970
     2.700         0         0         16605
     2.700         0         0          1515
     3.100         0         0         10447
     3.300         0         0         10452
     3.200         0         0         14973
     2.600         0         0          6729
     2.800         0         0          1517
     2.600         0         0          1518
     2.600         0         0         16571
     2.500         0         0         16626
     2.600         0         0          1519
     2.600         0         0         12948
     2.800         0         0         10448
     2.800         0         0          6730
     2.900         0         0         16627
     2.600         0         0         17843
     2.600         0         0          1520
     2.800         0         0         12978
     2.900         0         0         18787
     2.500         0         0          1522
     2.700         0         0          1524
     3.200         0         0          1525
     2.500         0         0          6741
     2.600         0         0         10482
     2.600         0         0         12567
     2.800         0         0          1526
     2.500         0         0         14922
     2.600         0         0          1527
     2.500         0         0         12974
     2.700         0         0          1528
     2.700         0         0          1529
     3.300         0         0          6742
     2.900         0         0          1530
     3.300         0         0          6744
     2.500         0         0          6737
     2.700         0         0          1531
     2.500         0         0          1532
     3.400         0         0          1533
     2.500         0         0         12651
     2.900         0         0          1535
     3.200         0         0          1536
     3.000         0         0         10456
     2.700         0         0         10438
     2.900         0         0          1538
     2.600         0         0         21100
     2.500         0         0          1539
     2.600         0         0         14979
     2.700         0         0          1541
     2.500         0         0          1542
     2.700         0         0          1543
     2.500         0         0          6748
     3.200         0         0         16307
     2.500         0         0         20029
     3.100         0         0          1545
     2.600         0         0          1546
     2.600         0         0          1547
     2.600         0         0          6750
     2.500         0         0         12962
     2.700         0         0         14932
     2.500         0         0          1552
     2.500         0         0          1553
     2.900         0         0          1556
     2.700         0         0         17845
     2.500         0         0          6759
     3.400         0         0          1558
     2.600         0         0          6751
     2.500         0         0          1559
     2.500         0         0          6753
     3.000         0         0          1560
     2.500         0         0          1561
     2.800         0         0          1562
     2.600         0         0          1563
     2.700         0         0         10488
     2.600         0         0          1564
     2.600         0         0          1565
     2.900         0         0         12985
     2.600         0         0          1566
     2.600         0         0         10483
     3.000         0         0          1567
     2.500         0         0          1568
     2.500         0         0          1569
     2.500         0         0          1570
     2.700         0         0          6763
     3.600         0         0         19474
     2.600         0         0         10490
     2.900         0         0         12910
     3.000         0         0          1571
     2.500         0         0          1572
     3.000         0         0         17819
     3.200         0         0          1574
     3.100         0         0         16550
     2.500         0         0          1575
     2.500         0         0         14971
     2.900         0         0          1576
     2.500         0         0          1577
     3.000         0         0          1578
     2.900         0         0         10442
     3.000         0         0          1579
     3.000         0         0          6765
     2.800         0         0         16641
     2.900         0         0         16440
     2.600         0         0         18821
     2.500         0         0          1581
     2.600         0         0         16630
     3.100         0         0          1582
     2.500         0         0         17857
     2.800         0         0         16649
     2.500         0         0          1583
     2.600         0         0         14788
     2.600         0         0         16636
     2.500         0         0          1584
     2.500         0         0          1585
     2.600         0         0         16643
     3.200         0         0         17864
     2.700         0         0          1586
     2.800         0         0         12987
     2.700         0         0         19412
     2.500         0         0          1588
     2.900         0         0         14983
     2.900         0         0         18826
     2.500         0         0          1590
     2.500         0         0          1591
     2.900         0         0         10491
     3.200         0         0         19501
     3.200         0         0         16661
     2.800         0         0          1593
     3.100         0         0          6769
     3.000         0         0          1594
     2.900         0         0          1595
     3.100         0         0         18829
     3.100         0         0          1597
     2.500         0         0         10486
     3.000         0         0         15001
     2.700         0         0         10494
     2.500         0         0          1602
     2.500         0         0          1603
     3.400         0         0         12796
     2.500         0         0          1605
     2.500         0         0         14878
     2.500         0         0          1606
     2.900         0         0          5866
     2.600         0         0          1608
     2.600         0         0         10499
     3.600         0         0          1609
     2.700         0         0          6786
     2.500         0         0          1610
     2.500         0         0          9870
     2.500         0         0         18838
     3.000         0         0         17886
     3.400         0         0          1611
     2.500         0         0         17866
     2.600         0         0         18817
     2.500         0         0          1613
     3.500         0         0          1614
     2.700         0         0          1615
     2.800         0         0          1616
     3.200         0         0         19493
     2.800         0         0          6784
     2.500         0         0          1617
     2.700         0         0         18818
     2.700         0         0          6790
     3.000         0         0          1618
     3.300         0         0         19975
     2.800         0         0         15005
     2.800         0         0         20432
     2.500         0         0         10500
     2.600         0         0         12994
     3.200         0         0         20706
     2.600         0         0         17858
     2.500         0         0          1619
     2.600         0         0          1620
     2.600         0         0          1621
     3.200         0         0         14994
     2.500         0         0          1622
     2.600         0         0          1624
     2.500         0         0         16660
     2.700         0         0          1625
     2.600         0         0          1626
     3.000         0         0         20055
     2.900         0         0         19495
     2.700         0         0         14877
     2.500         0         0          1628
     3.000         0         0          6793
     2.900         0         0          1629
     3.300         0         0          1630
     2.800         0         0          1631
     2.600         0         0          1632
     2.600         0         0         20488
     2.700         0         0          1634
     2.700         0         0          6796
     2.700         0         0         16629
     2.600         0         0          1635
     2.700         0         0          1637
     2.800         0         0          6761
     2.600         0         0         12794
     2.600         0         0          1638
     2.500         0         0         21002
     3.200         0         0          1641
     2.900         0         0         16659
     3.400         0         0          1642
     2.500         0         0          1643
     3.500         0         0         21095
     2.500         0         0          1644
     2.900         0         0          1645
     2.500         0         0          1646
     2.800         0         0          1647
     2.900         0         0          1648
     2.900         0         0         17876
     3.100         0         0          1649
     3.200         0         0         17854
     2.600         0         0         16448
     2.600         0         0         17856
     2.600         0         0          6781
     2.500         0         0          1650
     2.500         0         0          1651
     2.500         0         0         10498
     3.200         0         0          1653
     2.600         0         0         14996
     2.500         0         0          6801
     2.800         0         0          6807
     3.500         0         0          6812
     2.600         0         0          1654
     2.500         0         0         15008
     2.900         0         0          1656
     2.700         0         0          1657
     2.600         0         0          6033
     2.600         0         0          1658
     2.800         0         0          6814
     2.900         0         0          1659
     2.700         0         0          1660
     2.600         0         0          6815
     2.600         0         0         10511
     2.600         0         0          6791
     2.600         0         0          1662
     2.800         0         0          1664
     2.900         0         0         17882
     3.300         0         0          6822
     2.600         0         0         12958
     2.900         0         0          6702
     2.800         0         0          6825
     2.500         0         0         10515
     3.200         0         0          1666
     3.000         0         0          1667
     2.800         0         0          6809
     2.800         0         0         17750
     2.500         0         0         10520
     2.500         0         0          1668
     2.600         0         0          1670
     2.700         0         0          6820
     3.000         0         0          1671
     2.600         0         0         16666
     2.500         0         0          1672
     2.800         0         0          1673
     2.600         0         0         10524
     2.600         0         0          1675
     3.000         0         0          1676
     3.100         0         0          1677
     3.100         0         0          1678
     2.500         0         0          1679
     2.600         0         0          1680
     2.800         0         0          6743
     2.500         0         0         10484
     2.500         0         0          1682
     2.500         0         0          1683
     3.000         0         0          1684
     3.000         0         0         10523
     2.800         0         0          1686
     3.300         0         0          1687
     3.500         0         0          6835
     2.700         0         0          6819
     2.700         0         0         10526
     2.600         0         0          6831
     3.000         0         0          1689
     2.700         0         0          6833
     2.600         0         0          1691
     3.400         0         0         10110
     2.500         0         0          1692
     2.800         0         0          1693
     3.200         0         0          1694
     3.500         0         0          1695
     2.500         0         0          1696
     2.500         0         0          1697
     2.800         0         0          1698
     2.900         0         0          1699
     2.800         0         0         10444
     2.900         0         0          1700
     2.800         0         0          6838
     2.600         0         0         19502
     2.800         0         0         15009
     2.900         0         0         12779
     3.200         0         0          6839
     3.100         0         0          1701
     2.700         0         0          6840
     2.500         0         0         14861
     2.800         0         0          1702
     2.500         0         0          1703
     2.600         0         0         20884
     2.600         0         0          1704
     2.700         0         0          1705
     2.800         0         0          1707
     2.500         0         0          1708
     2.500         0         0          1709
     2.700         0         0          6843
     2.900         0         0          1710
     2.600         0         0          1711
     2.500         0         0          1712
     2.700         0         0          1713
     2.700         0         0          1714
     2.800         0         0          1715
     2.800         0         0          1716
     2.600         0         0          6846
     3.200         0         0         10459
     2.700         0         0          1721
     2.600         0         0          1722
     2.800         0         0          1723
     2.500         0         0          1724
     2.600         0         0          1725
     2.800         0         0          1726
     2.900         0         0         20486
     2.700         0         0          1727
     2.500         0         0          6847
     2.600         0         0          1728
     2.700         0         0          1729
     2.500         0         0          1730
     2.500         0         0          1731
     3.000         0         0          6646
     2.600         0         0          1732
     3.400         0         0         18610
     3.000         0         0         10281
     3.000         0         0         10536
     2.900         0         0          1736
     2.700         0         0         10510
     2.600         0         0         13013
     2.700         0         0         12966
     2.900         0         0          1738
     2.600         0         0          6856
     3.000         0         0          1739
     2.600         0         0          1741
     2.500         0         0          1742
     3.200         0         0          1743
     3.000         0         0          1744
     3.300         0         0          6862
     2.500         0         0         13005
     2.800         0         0          1746
     2.800         0         0          1748
     2.600         0         0          1749
     2.600         0         0          1750
     3.300         0         0         12903
     2.600         0         0         14939
     3.100         0         0         12857
     2.500         0         0          1751
     2.800         0         0         10512
     2.700         0         0          1752
     2.500         0         0          1753
     3.000         0         0         10534
     2.500         0         0          1755
     3.000         0         0          6138
     2.600         0         0          1758
     3.800         0         0          1759
     2.500         0         0          1760
     2.700         0         0          6874
     2.600         0         0          1762
     2.600         0         0          1763
     3.000         0         0          1764
     2.800         0         0         15013
     2.500         0         0         10472
     2.600         0         0          1765
     2.600         0         0         10549
     2.600         0         0          1767
     3.500         0         0          1769
     2.600         0         0          6332
     3.000         0         0          1770
     2.900         0         0          1772
     2.600         0         0          6879
     2.500         0         0          1773
     2.800         0         0          1774
     3.000         0         0          6880
     2.500         0         0          1775
     2.500         0         0          1776
     2.700         0         0          1778
     2.800         0         0          1779
     2.700         0         0          1780
     2.500         0         0         20053
     2.500         0         0          1781
     3.300         0         0          1782
     2.500         0         0          6883
     2.500         0         0         17888
     2.500         0         0          1783
     2.600         0         0          1784
     2.600         0         0          1785
     2.500         0         0          1786
     2.600         0         0          1787
     3.000         0         0          1788
     2.700         0         0          1789
     3.300         0         0          1791
     3.300         0         0          1792
     3.200         0         0         13020
     2.700         0         0          1793
     2.500         0         0         13018
     2.800         0         0          1795
     3.200         0         0          1796
     2.800         0         0          1797
     2.500         0         0          1798
     2.500         0         0          1799
     2.800         0         0         10532
     2.500         0         0         10554
     2.800         0         0          1801
     3.100         0         0          1802
     2.900         0         0          1803
     2.700         0         0          1804
     2.900         0         0         17828
     3.200         0         0          1805
     2.500         0         0          1806
     2.500         0         0          1807
     3.100         0         0         18651
     2.800         0         0          1808
     2.700         0         0          1812
     2.500         0         0          1813
     2.500         0         0         12900
     2.800         0         0          1814
     2.500         0         0          1815
     2.500         0         0          1816
     2.900         0         0          1817
     2.500         0         0          1819
     2.700         0         0          1820
     2.600         0         0          1821
     2.900         0         0          6873
     2.600         0         0          1823
     2.800         0         0          1824
     2.800         0         0          1825
     2.500         0         0          1826
     2.600         0         0         10565
     2.500         0         0          6900
     2.500         0         0          1828
     2.800         0         0          1833
     2.600         0         0          6762
     2.500         0         0         13001
     3.000         0         0         12899
     2.600         0         0          6893
     2.900         0         0          1834
     2.600         0         0         21311
     2.700         0         0         21315
     2.800         0         0         21329
     2.700         0         0         21313
     2.500         0         0          1836
     3.500         0         0         21322
     3.400         0         0          1837
     2.900         0         0          1838
     2.800         0         0          6860
     2.500         0         0          1839
     2.500         0         0         16215
     3.400         0         0          6885
     3.300         0         0          1840
     2.800         0         0          1841
     2.800         0         0         21312
     2.600         0         0          1842
     2.900         0         0          6912
     2.700         0         0          1843
     2.700         0         0          1844
     2.800         0         0          1845
     2.800         0         0          1847
     3.200         0         0          1849
     3.000         0         0         16656
     2.700         0         0         21333
     2.600         0         0          1851
     2.600         0         0         10527
     2.600         0         0         13007
     2.600         0         0          1852
     2.700         0         0          1853
     2.700         0         0          1854
     2.700         0         0          1856
     2.800         0         0          1857
     2.500         0         0         15021
     2.500         0         0          1858
     3.200         0         0          1859
     3.100         0         0         10577
     2.600         0         0          1861
     2.900         0         0         14920
     2.600         0         0          1862
     3.300         0         0         18819
     2.500         0         0          1866
     2.700         0         0          1867
     2.500         0         0          1868
     3.400         0         0          1869
     3.500         0         0         10576
     2.500         0         0          1870
     2.600         0         0          1871
     2.500         0         0         10575
     2.700         0         0          6913
     2.600         0         0          1872
     3.000         0         0          1873
     2.600         0         0          1874
     2.800         0         0          1875
     2.800         0         0          1876
     2.700         0         0          1878
     2.500         0         0          6911
     3.100         0         0          1880
     2.500         0         0          1881
     2.900         0         0         15034
     2.500         0         0         16678
     2.900         0         0          1883
     2.900         0         0          1884
     3.200         0         0          1885
     2.700         0         0          1886
     3.100         0         0          1887
     2.900         0         0         10581
     2.500         0         0         12986
     2.600         0         0          6924
     2.900         0         0          1888
     2.700         0         0          1889
     2.700         0         0          1890
     2.600         0         0          1893
     2.600         0         0          1894
     2.900         0         0         17935
     2.700         0         0         16691
     2.900         0         0          1896
     2.800         0         0          1897
     2.800         0         0          6939
     2.500         0         0          1898
     3.200         0         0          1900
     2.500         0         0          1901
     2.500         0         0         17892
     3.100         0         0          1902
     2.800         0         0          1903
     2.500         0         0          1904
     2.700         0         0          6890
     2.600         0         0         10254
     2.600         0         0          1907
     2.700         0         0          1908
     2.700         0         0          1909
     2.600         0         0         10593
     2.600         0         0          6950
     2.600         0         0         20478
     2.900         0         0          1912
     2.500         0         0          6933
     2.500         0         0          6949
     2.500         0         0          1913
     2.600         0         0         20742
     2.500         0         0          1914
     2.600         0         0          6196
     2.600         0         0         20472
     2.500         0         0          1916
     2.500         0         0         10602
     3.000         0         0         13055
     2.500         0         0          1919
     2.700         0         0         13033
     3.300         0         0         10563
     3.000         0         0          1923
     3.000         0         0          1924
     2.600         0         0          1925
     2.500         0         0          1926
     2.600         0         0         14997
     3.100         0         0          6964
     2.800         0         0         10618
     2.600         0         0          6451
     2.800         0         0          1928
     2.800         0         0          1929
     2.600         0         0         17947
     2.500         0         0          1930
     3.200         0         0         13066
     2.600         0         0         18875
     2.700         0         0         19528
     2.500         0         0          1932
     2.500         0         0         16699
     2.600         0         0         18869
     3.300         0         0         16698
     2.500         0         0         13082
     2.500         0         0          1935
     2.500         0         0          6976
     2.500         0         0         10613
     2.600         0         0         15057
     3.400         0         0          1936
     2.500         0         0         17964
     2.900         0         0         13060
     2.800         0         0         16708
     2.500         0         0          6992
     2.800         0         0          6980
     3.300         0         0         17969
     2.600         0         0          1943
     2.500         0         0          1944
     3.400         0         0          6990
     2.600         0         0          1946
     2.700         0         0          1947
     2.500         0         0         10120
     2.500         0         0          1948
     2.700         0         0          6963
     2.700         0         0         13041
     2.700         0         0         13077
     2.500         0         0         18891
     2.800         0         0          1949
     3.000         0         0         10612
     2.800         0         0         13062
     2.700         0         0         21340
     2.700         0         0         20490
     2.600         0         0         17924
     2.800         0         0         21345
     2.500         0         0          1950
     3.400         0         0          6999
     2.900         0         0         21342
     2.600         0         0          1951
     2.600         0         0         21350
     2.500         0         0         10641
     3.400         0         0         18867
     3.000         0         0         19523
     2.800         0         0          1953
     3.000         0         0          1955
     2.500         0         0         13053
     2.500         0         0         15046
     2.600         0         0          6470
     2.500         0         0          1956
     2.600         0         0          6074
     2.600         0         0          6941
     3.200         0         0         19512
     2.800         0         0         21348
     3.200         0         0         19462
     3.600         0         0         17909
     2.800         0         0          1958
     3.100         0         0         17919
     2.900         0         0         18858
     2.700         0         0         10651
     2.600         0         0         18882
     2.600         0         0         21357
     3.500         0         0         21373
     2.800         0         0         13086
     2.600         0         0         19531
     3.500         0         0          1960
     2.900         0         0         10646
     2.700         0         0         19507
     3.800         0         0          1961
     2.600         0         0         10592
     2.500         0         0          1962
     3.100         0         0         15016
     2.900         0         0         20056
     2.800         0         0         18881
     2.500         0         0         10570
     2.700         0         0         13088
     2.600         0         0          1963
     2.600         0         0         21365
     2.500         0         0         20075
     2.500         0         0         13071
     2.700         0         0          1966
     2.900         0         0         17965
     2.600         0         0          1967
     2.900         0         0          1968
     2.500         0         0          1969
     2.500         0         0         12860
     2.500         0         0         21377
     2.500         0         0          7016
     2.700         0         0         15054
     2.500         0         0          1973
     2.600         0         0         21360
     2.900         0         0          1974
     2.600         0         0          1975
     2.500         0         0         10544
     2.800         0         0          1976
     2.600         0         0          1977
     2.900         0         0         21321
     3.700         0         0          6982
     3.600         0         0          1981
     2.800         0         0          1982
     2.600         0         0          7008
     3.200         0         0          7022
     2.600         0         0          1986
     2.800         0         0          7024
     2.500         0         0          1987
     2.700         0         0          1988
     2.500         0         0         10636
     2.700         0         0          1989
     2.600         0         0         10659
     2.500         0         0          1990
     2.500         0         0         10537
     3.000         0         0         13014
     2.800         0         0          1991
     2.500         0         0          1992
     2.600         0         0          1993
     2.700         0         0          1994
     2.700         0         0          1995
     2.800         0         0          1996
     2.500         0         0          7035
     2.600         0         0          1997
     2.500         0         0          1998
     3.000         0         0          1999
     2.500         0         0          2000
     2.500         0         0          6951
     2.600         0         0          2001
     3.100         0         0          2002
     2.600         0         0          2003
     2.500         0         0          7006
     2.700         0         0          2004
     2.500         0         0          2005
     2.500         0         0          2006
     2.500         0         0          2007
     2.700         0         0          7037
     2.500         0         0          2008
     2.700         0         0          2009
     2.600         0         0         13064
     2.600         0         0          2010
     2.600         0         0         15035
     2.600         0         0         14975
     2.900         0         0          2011
     2.700         0         0          2012
     2.500         0         0          2013
     2.500         0         0          2014
     3.000         0         0          2015
     2.800         0         0          2016
     2.800         0         0         15029
     3.400         0         0          2018
     2.600         0         0          2019
     2.500         0         0          2020
     3.000         0         0          2021
     2.500         0         0          2022
     2.800         0         0          2023
     3.000         0         0          2027
     2.500         0         0          2028
     2.600         0         0          2029
     3.100         0         0         15065
     2.500         0         0          2030
     2.800         0         0          2032
     2.500         0         0          2033
     2.700         0         0         10596
     2.500         0         0         10677
     2.500         0         0         10678
     2.700         0         0         10676
     2.600         0         0          2034
     2.900         0         0          2035
     2.700         0         0         15066
     2.900         0         0         10679
     3.500         0         0          2036
     2.700         0         0          2037
     2.700         0         0          2038
     2.500         0         0         16713
     2.900         0         0          2039
     2.800         0         0         17979
     2.600         0         0         10667
     2.700         0         0          2040
     2.900         0         0          6148
     2.900         0         0          2041
     3.100         0         0          2042
     2.600         0         0          2043
     2.700         0         0          2045
     2.600         0         0          2047
     2.800         0         0         13102
     2.800         0         0          2048
     2.600         0         0          7048
     2.600         0         0          2050
     3.100         0         0          2051
     2.600         0         0          2052
     2.700         0         0          2054
     2.500         0         0         10684
     3.300         0         0          2055
     2.700         0         0          2056
     3.300         0         0          2057
     3.200         0         0          2058
     3.000         0         0          2060
     2.800         0         0          2061
     2.800         0         0          2062
     2.600         0         0          2063
     2.500         0         0          2064
     2.600         0         0          2065
     2.900         0         0          2066
     2.900         0         0         15038
     2.500         0         0         17961
     3.000         0         0          2067
     2.700         0         0          7058
     2.500         0         0          2068
     2.800         0         0          2069
     2.700         0         0          2070
     2.700         0         0          7063
     2.500         0         0          2072
     2.700         0         0          2073
     2.600         0         0          2074
     2.600         0         0          7067
     2.700         0         0          2075
     2.500         0         0          2076
     2.800         0         0          2078
     2.900         0         0          2079
     2.700         0         0          2080
     2.700         0         0          2081
     3.100         0         0          2082
     2.500         0         0          7065
     2.600         0         0          2083
     2.700         0         0          2084
     2.900         0         0         10560
     2.500         0         0          2085
     2.500         0         0          2086
     3.000         0         0          7036
     2.900         0         0          2087
     2.500         0         0         16648
     2.600         0         0          2088
     2.700         0         0          7071
     3.300         0         0          2089
     3.200         0         0          2090
     2.600         0         0          2092
     2.500         0         0          2094
     2.600         0         0          2096
     2.700         0         0          2097
     2.600         0         0          2098
     2.700         0         0          2099
     2.500         0         0          2100
     2.800         0         0          2101
     2.800         0         0          2102
     2.500         0         0         21341
     3.000         0         0          2103
     2.700         0         0          2105
     2.700         0         0          2106
     2.600         0         0          2108
     3.000         0         0          2109
     2.900         0         0          2110
     2.900         0         0          2111
     2.500         0         0          2113
     2.600         0         0          2114
     2.600         0         0          2115
     2.800         0         0          7077
     2.500         0         0          2116
     2.700         0         0          2117
     3.600         0         0          7068
     2.800         0         0          2118
     2.500         0         0          2119
     3.500         0         0          2120
     2.500         0         0          7082
     3.000         0         0          2121
     2.700         0         0          2122
     3.600         0         0          2123
     2.500         0         0          2124
     2.700         0         0          2125
     2.500         0         0          2126
     2.600         0         0          2127
     2.500         0         0          6624
     2.500         0         0          2128
     2.500         0         0          7083
     2.600         0         0          2130
     3.400         0         0          2131
     2.700         0         0          7087
     2.800         0         0          2132
     2.500         0         0          2134
     2.500         0         0          2135
     2.800         0         0          2136
     2.900         0         0          2137
     3.000         0         0          2139
     2.500         0         0          2141
     2.600         0         0         10726
     2.700         0         0         19541
     2.500         0         0         15072
     3.500         0         0          2142
     3.000         0         0          2143
     3.000         0         0         10732
     2.600         0         0         13120
     2.500         0         0         13125
     2.600         0         0          2145
     2.700         0         0         13119
     2.700         0         0          2146
     2.700         0         0          7093
     2.800         0         0          2147
     2.700         0         0          2148
     3.200         0         0         21362
     2.900         0         0          2150
     2.500         0         0          2151
     2.900         0         0         10710
     2.500         0         0          2153
     2.900         0         0          2154
     2.900         0         0          2155
     3.200         0         0          2156
     3.300         0         0         17942
     2.800         0         0         10735
     3.500         0         0         16716
     2.600         0         0         20071
     2.500         0         0         17981
     3.000         0         0         20910
     3.600         0         0         20756
     2.800         0         0         20906
     2.500         0         0         20905
     2.600         0         0          2159
     2.800         0         0          7092
     2.800         0         0         20907
     2.500         0         0         13112
     3.000         0         0         18902
     2.600         0         0         20498
     3.300         0         0          2161
     2.700         0         0          2162
     2.500         0         0          2163
     2.600         0         0         10722
     2.500         0         0          2164
     2.500         0         0          2165
     2.900         0         0         21019
     2.600         0         0          2167
     2.600         0         0          2169
     3.600         0         0         18890
     2.700         0         0         19533
     2.700         0         0         19534
     2.600         0         0          2170
     3.200         0         0          2171
     2.500         0         0          7104
     2.600         0         0         18886
     2.500         0         0          2172
     2.700         0         0          2173
     3.200         0         0          2174
     2.600         0         0          2175
     3.000         0         0          2177
     2.700         0         0          2178
     2.500         0         0          2179
     2.600         0         0          2181
     2.600         0         0          2183
     2.600         0         0         10605
     2.500         0         0         10604
     2.500         0         0          2184
     2.500         0         0         13115
     2.500         0         0         13128
     2.500         0         0         15032
     2.800         0         0          6800
     2.500         0         0         20908
     2.500         0         0         21020
     2.500         0         0          2185
     2.800         0         0          2186
     2.700         0         0          7109
     3.100         0         0          2187
     2.700         0         0          2189
     2.800         0         0         15081
     2.500         0         0         19542
     2.700         0         0          2191
     3.100         0         0          2192
     3.500         0         0          7115
     3.600         0         0         10753
     3.000         0         0         13136
     2.700         0         0         15079
     2.900         0         0          2193
     3.000         0         0          2194
     2.800         0         0          2195
     2.700         0         0          7116
     2.700         0         0         10708
     2.500         0         0         15080
     3.600         0         0          2197
     2.700         0         0          2198
     2.600         0         0          2200
     2.700         0         0          2201
     3.700         0         0         13135
     3.600         0         0          2204
     2.500         0         0          7129
     3.300         0         0          2205
     2.500         0         0          2207
     3.400         0         0         10508
     3.500         0         0          7099
     3.500         0         0          2208
     2.500         0         0          2209
     3.600         0         0         10672
     2.700         0         0          2211
     2.500         0         0          2212
     2.600         0         0          2213
     2.800         0         0          7135
     2.600         0         0         18791
     2.600         0         0          2214
     3.000         0         0          2215
     3.700         0         0          2216
     3.100         0         0          2217
     2.700         0         0          7137
     2.700         0         0          2218
     2.500         0         0          2219
     2.900         0         0          2220
     2.600         0         0          2221
     3.400         0         0          7136
     2.600         0         0          2223
     2.500         0         0         13144
     2.600         0         0          7150
     2.800         0         0          2224
     2.900         0         0          7155
     2.800         0         0          7162
     2.700         0         0          2225
     2.500         0         0          7163
     2.700         0         0          7156
     2.500         0         0          2227
     2.700         0         0          7084
     3.700         0         0          2228
     3.100         0         0          2230
     3.600         0         0          2231
     2.500         0         0          7152
     3.100         0         0         21162
     2.700         0         0         21167
     2.600         0         0         21225
     3.000         0         0          2232
     3.100         0         0          7167
     2.500         0         0         13147
     2.600         0         0          2236
     2.700         0         0         15092
     3.400         0         0         16693
     2.700         0         0         10787
     3.100         0         0          2239
     3.000         0         0         13143
     2.600         0         0         15094
     2.600         0         0         16216
     2.600         0         0          2240
     3.200         0         0          2243
     2.600         0         0          7138
     2.700         0         0         10796
     2.900         0         0          2245
     3.400         0         0          2246
     3.600         0         0          2247
     2.800         0         0          2248
     2.800         0         0          2249
     2.900         0         0          2250
     3.200         0         0          7179
     2.500         0         0          7046
     2.700         0         0         10795
     2.700         0         0         15085
     2.800         0         0          2252
     2.800         0         0         21265
     2.500         0         0         16724
     2.700         0         0          2253
     2.700         0         0          2255
     2.500         0         0          2256
     2.500         0         0         13163
     2.800         0         0          2257
     2.900         0         0          2258
     2.900         0         0          2259
     2.900         0         0          2260
     2.500         0         0          2261
     3.000         0         0          2262
     3.200         0         0         16655
     2.700         0         0          2263
     3.200         0         0          2265
     2.800         0         0         10791
     2.600         0         0          7188
     2.800         0         0          7147
     2.500         0         0          7191
     3.100         0         0         10768
     3.400         0         0          2268
     3.000         0         0          7190
     2.500         0         0          2269
     2.800         0         0         13162
     2.600         0         0         12831
     3.500         0         0          2270
     2.500         0         0          7186
     3.700         0         0          2272
     2.700         0         0          2273
     2.500         0         0         10794
     2.700         0         0          2275
     2.800         0         0          2276
     2.800         0         0         10802
     3.200         0         0          2277
     2.500         0         0          2278
     3.800         0         0          2279
     3.500         0         0          2280
     2.500         0         0          2281
     2.500         0         0          2282
     2.900         0         0          2284
     2.500         0         0         15082
     2.600         0         0          2285
     3.500         0         0          2286
     2.500         0         0          2287
     2.600         0         0         13139
     2.900         0         0         13131
     2.500         0         0          2288
     2.900         0         0          2289
     2.800         0         0          7200
     2.500         0         0          2292
     3.500         0         0         10814
     2.700         0         0          2294
     2.900         0         0          7205
     2.900         0         0          2295
     2.700         0         0          2296
     2.800         0         0          2297
     2.900         0         0          2298
     3.600         0         0          2300
     2.900         0         0         21267
     2.900         0         0          2302
     2.600         0         0         10815
     3.200         0         0         13175
     2.500         0         0          2303
     3.600         0         0         10809
     2.900         0         0         10820
     2.700         0         0          2304
     2.600         0         0         13173
     2.500         0         0          2305
     3.300         0         0         10799
     2.700         0         0          7241
     2.900         0         0          2308
     2.700         0         0         21296
     2.900         0         0         10825
     3.000         0         0          2309
     2.500         0         0          2310
     2.900         0         0          2311
     2.700         0         0          2312
     3.300         0         0          2313
     2.500         0         0          2314
     2.700         0         0          2315
     2.600         0         0          2316
     2.700         0         0          2317
     2.500         0         0         20062
     3.000         0         0          2318
     2.600         0         0          2319
     2.800         0         0         10828
     2.600         0         0         13169
     3.500         0         0         16735
     2.800         0         0         16740
     2.700         0         0         20491
     3.200         0         0          2320
     3.100         0         0         16738
     2.900         0         0          2322
     2.700         0         0          2323
     2.600         0         0          2324
     2.700         0         0         17995
     2.600         0         0          2325
     2.500         0         0          2327
     3.000         0         0          2328
     3.200         0         0          2329
     3.100         0         0          2330
     3.200         0         0          2331
     2.500         0         0          2333
     2.800         0         0          7246
     2.800         0         0         10824
     2.600         0         0          2334
     2.500         0         0          2336
     2.500         0         0          2338
     2.500         0         0         10847
     2.600         0         0         10839
     2.700         0         0         15100
     2.700         0         0         16734
     2.700         0         0          2339
     2.600         0         0          2340
     2.500         0         0         17993
     3.000         0         0          2341
     2.500         0         0          7223
     2.800         0         0          2342
     3.200         0         0          2343
     2.500         0         0          2344
     2.600         0         0          2345
     2.500         0         0          2347
     2.500         0         0          2348
     2.600         0         0          2349
     2.900         0         0          2350
     2.600         0         0          2351
     2.500         0         0         17777
     2.700         0         0         16496
     2.800         0         0          2352
     2.900         0         0         17780
     2.500         0         0          2353
     2.900         0         0          2354
     2.500         0         0          2355
     2.700         0         0          2356
     2.600         0         0          2357
     2.500         0         0          2359
     2.900         0         0          2360
     2.500         0         0          2361
     3.000         0         0          2362
     3.000         0         0         17994
     2.500         0         0          2363
     2.500         0         0          2364
     3.000         0         0          2365
     3.100         0         0         15105
     2.600         0         0          2367
     2.500         0         0          2368
     2.700         0         0          2369
     2.900         0         0          2370
     3.200         0         0          2372
     2.500         0         0          2373
     2.500         0         0         10834
     2.700         0         0          2374
     3.400         0         0          7195
     3.100         0         0          7212
     3.500         0         0         10808
     2.500         0         0          2376
     3.200         0         0          2378
     2.500         0         0         19554
     2.600         0         0         18006
     2.600         0         0         20091
     2.500         0         0          2379
     2.600         0         0         18897
     3.400         0         0         13160
     2.800         0         0         19538
     3.000         0         0         16807
     2.500         0         0         17778
     2.500         0         0         20087
     2.500         0         0         18921
     2.700         0         0         16789
     3.200         0         0          2383
     2.600         0         0         19560
     2.600         0         0         18010
     2.500         0         0          7264
     2.800         0         0          7266
     2.700         0         0          2385
     2.600         0         0         17991
     2.900         0         0          2386
     3.000         0         0         16802
     2.500         0         0          2387
     2.800         0         0         15112
     2.800         0         0          2389
     2.500         0         0          2391
     2.800         0         0          7269
     2.700         0         0          2392
     3.000         0         0          7273
     2.500         0         0         10857
     2.500         0         0         19555
     2.500         0         0          7253
     2.600         0         0         18039
     2.600         0         0         18014
     2.500         0         0         18041
     2.500         0         0          2394
     3.000         0         0          2395
     3.100         0         0         18918
     2.600         0         0         13210
     2.500         0         0          7279
     3.600         0         0         16792
     2.700         0         0         16794
     2.600         0         0         10865
     2.900         0         0         16709
     2.900         0         0         20499
     2.700         0         0         19545
     2.500         0         0         13021
     3.000         0         0          2398
     2.600         0         0          2399
     2.500         0         0          2400
     3.200         0         0         17992
     2.600         0         0         20096
     2.900         0         0         20761
     2.500         0         0         10870
     3.300         0         0         21217
     2.600         0         0          2404
     2.500         0         0          2406
     2.600         0         0          2407
     2.500         0         0          2408
     2.600         0         0          7291
     2.900         0         0         19550
     2.500         0         0         20089
     2.800         0         0         18026
     3.200         0         0          2409
     2.500         0         0         13218
     2.500         0         0          2410
     2.600         0         0          2411
     2.600         0         0          2412
     3.100         0         0         10881
     2.800         0         0          7294
     2.500         0         0          2413
     3.100         0         0         18042
     2.700         0         0         10877
     2.800         0         0          2414
     2.500         0         0          2415
     2.600         0         0          2416
     2.500         0         0         18043
     2.500         0         0          2417
     2.600         0         0         13217
     3.400         0         0         20084
     2.600         0         0         18899
     3.300         0         0          2418
     2.500         0         0          2419
     2.600         0         0          2421
     2.700         0         0          2423
     3.000         0         0         10895
     3.100         0         0          7281
     2.600         0         0         16804
     2.600         0         0          2424
     2.700         0         0         18046
     2.700         0         0          2425
     3.000         0         0          2426
     3.100         0         0          2427
     2.500         0         0          2430
     2.500         0         0          2433
     4.000         0         0          2435
     2.600         0         0         18054
     2.600         0         0          2436
     2.500         0         0          7243
     2.700         0         0          2437
     2.900         0         0          2438
     2.600         0         0         10903
     3.000         0         0         15146
     2.500         0         0         16826
     3.400         0         0          2440
     2.700         0         0          2441
     3.400         0         0         13256
     2.500         0         0          7325
     2.700         0         0         15121
     2.500         0         0         18019
     2.500         0         0          2443
     2.500         0         0          2444
     2.800         0         0          2445
     3.000         0         0         13211
     2.800         0         0          2446
     3.000         0         0         15134
     2.800         0         0          7297
     2.500         0         0          2447
     2.600         0         0          2448
     3.200         0         0         10907
     3.400         0         0          2449
     2.600         0         0          2450
     2.600         0         0         18938
     2.600         0         0          2451
     2.500         0         0         10902
     2.500         0         0          6903
     2.500         0         0         13247
     3.300         0         0          2452
     2.700         0         0          2453
     2.500         0         0         13183
     2.500         0         0         19563
     2.600         0         0          2454
     2.500         0         0          2456
     2.600         0         0          7336
     2.800         0         0          2458
     2.800         0         0          2459
     3.600         0         0          2460
     2.900         0         0          2461
     2.800         0         0         10913
     2.600         0         0          7337
     2.500         0         0          2463
     2.600         0         0          2464
     3.700         0         0          7304
     2.600         0         0         15117
     2.700         0         0          2467
     3.000         0         0         13269
     2.600         0         0          2468
     2.700         0         0          2470
     2.500         0         0          2471
     2.900         0         0         10891
     2.500         0         0          2472
     3.200         0         0          7343
     3.500         0         0          2473
     2.600         0         0         13181
     2.700         0         0          7342
     2.600         0         0          7344
     2.700         0         0          2476
     2.800         0         0         20506
     2.500         0         0          2477
     2.900         0         0          2478
     2.600         0         0         13268
     2.900         0         0          2479
     3.000         0         0          2480
     3.300         0         0          7348
     3.200         0         0         15126
     3.700         0         0          2483
     2.600         0         0          7196
     3.000         0         0         16772
     2.800         0         0          2484
     2.600         0         0          2486
     2.500         0         0          2487
     2.800         0         0         15149
     2.800         0         0          7231
     3.700         0         0          2488
     3.200         0         0         18021
     2.800         0         0          2489
     3.300         0         0         10924
     2.600         0         0          2491
     2.500         0         0         10920
     2.800         0         0         15113
     2.500         0         0         16745
     2.600         0         0         10793
     2.800         0         0          2493
     2.600         0         0          2494
     2.500         0         0          2495
     2.700         0         0          2496
     2.600         0         0          2497
     2.600         0         0         21171
     3.100         0         0         10915
     2.500         0         0          7062
     2.500         0         0          2499
     2.900         0         0         16833
     2.700         0         0          2501
     2.500         0         0          2502
     2.900         0         0          2503
     3.400         0         0          2504
     3.000         0         0         16830
     2.500         0         0          2505
     2.800         0         0          2506
     2.800         0         0          7363
     2.500         0         0          2507
     2.800         0         0          2508
     3.300         0         0         10927
     2.900         0         0          7364
     2.500         0         0          7365
     3.300         0         0         10933
     2.500         0         0         19609
     3.800         0         0         20781
     2.700         0         0         20779
     2.600         0         0         20104
     2.500         0         0         20511
     2.700         0         0         18057
     2.500         0         0         20135
     2.600         0         0          2509
     2.500         0         0         20530
     2.500         0         0          2511
     2.900         0         0          2512
     3.700         0         0          2513
     2.600         0         0         19598
     2.600         0         0         20130
     2.900         0         0          2514
     2.800         0         0          2515
     2.600         0         0          7368
     3.200         0         0         10945
     2.500         0         0         20514
     2.500         0         0         13260
     2.600         0         0         16834
     3.500         0         0          7388
     2.700         0         0         10934
     2.600         0         0         16838
     3.000         0         0         10938
     2.600         0         0          2519
     2.500         0         0          2520
     2.600         0         0          2521
     2.500         0         0          2522
     2.600         0         0          2523
     2.500         0         0         10939
     2.500         0         0         17996
     3.200         0         0          2524
     2.500         0         0          2525
     3.100         0         0         18939
     2.600         0         0          2528
     2.500         0         0          2529
     2.500         0         0          2530
     2.600         0         0         20768
     2.900         0         0          2531
     2.600         0         0          7394
     3.100         0         0          2532
     2.600         0         0          7385
     2.500         0         0          2533
     2.700         0         0          7395
     2.500         0         0         20102
     2.500         0         0          7397
     2.900         0         0          2535
     2.900         0         0          7403
     2.800         0         0          7371
     3.000         0         0          7416
     2.700         0         0          2538
     2.900         0         0         20113
     2.500         0         0          7414
     2.600         0         0         13291
     2.600         0         0         15171
     2.700         0         0         15173
     2.600         0         0          2539
     3.000         0         0         13293
     3.200         0         0         20124
     3.100         0         0          2541
     2.600         0         0         20769
     2.700         0         0          2544
     2.500         0         0          2545
     3.300         0         0          2547
     3.100         0         0          7424
     3.100         0         0          2548
     2.800         0         0          2549
     2.700         0         0          2550
     2.600         0         0          2551
     2.700         0         0         19600
     2.700         0         0          2553
     3.300         0         0         20765
     2.600         0         0          2555
     2.800         0         0         20131
     2.500         0         0          2556
     2.900         0         0          7429
     2.800         0         0          2557
     2.600         0         0          2559
     2.800         0         0         16840
     2.600         0         0          2560
     2.600         0         0          7432
     2.700         0         0          2561
     2.600         0         0          7434
     2.500         0         0          2563
     3.700         0         0          2564
     2.800         0         0          7436
     2.600         0         0          7440
     3.000         0         0         10969
     3.000         0         0         13301
     2.700         0         0          2567
     2.900         0         0          2568
     2.500         0         0         13299
     2.500         0         0          2569
     2.600         0         0          7443
     3.000         0         0          2571
     2.500         0         0          7182
     2.600         0         0          2572
     2.900         0         0          2573
     2.700         0         0          2574
     2.500         0         0         10958
     3.400         0         0         20510
     3.000         0         0         20085
     2.500         0         0         15177
     2.700         0         0         20515
     2.500         0         0          2576
     2.600         0         0         18549
     2.600         0         0          2577
     2.700         0         0          2578
     2.600         0         0          2579
     2.800         0         0          2580
     2.600         0         0          7153
     2.600         0         0          2581
     2.700         0         0          7408
     3.200         0         0          2582
     3.000         0         0          2583
     2.500         0         0          2584
     2.500         0         0         20138
     2.800         0         0          2585
     2.800         0         0          2586
     2.500         0         0         20918
     2.700         0         0          2587
     3.000         0         0         13274
     2.700         0         0          2588
     2.500         0         0         13277
     2.800         0         0          2589
     2.500         0         0         20106
     2.600         0         0          2590
     2.800         0         0          2591
     2.700         0         0          2592
     3.100         0         0          2593
     2.500         0         0          2594
     3.000         0         0          2595
     2.800         0         0          2596
     2.600         0         0         16741
     2.500         0         0          2597
     2.900         0         0          2598
     2.600         0         0          2599
     2.600         0         0          2600
     2.700         0         0         21224
     2.500         0         0         20770
     2.600         0         0         20521
     3.300         0         0          2602
     2.600         0         0          7445
     2.500         0         0         16843
     2.700         0         0          2606
     2.700         0         0          7378
     2.700         0         0          2607
     2.600         0         0         15139
     2.500         0         0          2609
     3.000         0         0          2610
     3.200         0         0          2611
     3.500         0         0          2612
     2.500         0         0          2613
     3.200         0         0         13248
     2.500         0         0          2614
     2.800         0         0          2615
     2.600         0         0          2616
     3.200         0         0          2618
     2.900         0         0          2619
     2.700         0         0          7457
     2.900         0         0          2620
     2.500         0         0          2621
     2.900         0         0          2622
     2.700         0         0          2623
     2.500         0         0         17989
     2.600         0         0          2625
     2.600         0         0         17990
     2.600         0         0          2626
     2.500         0         0         13303
     2.800         0         0          2627
     3.000         0         0         18923
     2.500         0         0         16800
     2.500         0         0          2629
     2.700         0         0          2630
     3.500         0         0          2632
     2.700         0         0         13294
     2.700         0         0          2633
     3.200         0         0          2635
     2.900         0         0          2637
     2.700         0         0          2638
     2.500         0         0          2639
     2.600         0         0          2640
     2.900         0         0          2641
     2.500         0         0          2642
     2.500         0         0          2643
     2.600         0         0          2644
     2.500         0         0          2645
     2.800         0         0          2646
     2.600         0         0          2647
     2.600         0         0          2648
     3.000         0         0          2649
     2.900         0         0         13121
     2.500         0         0         10706
     3.300         0         0          2650
     2.500         0         0         13314
     2.600         0         0          2652
     2.700         0         0         15183
     2.600         0         0         18061
     2.600         0         0         13310
     2.700         0         0          2653
     2.600         0         0          2654
     2.500         0         0          2655
     2.600         0         0          2656
     2.600         0         0          2657
     2.500         0         0         20773
     2.800         0         0          2658
     3.000         0         0          2660
     2.500         0         0          2661
     2.700         0         0          2662
     2.900         0         0         16726
     3.000         0         0          2663
     3.500         0         0         20139
     3.100         0         0         10991
     2.900         0         0         17986
     3.100         0         0          2666
     3.100         0         0          2667
     2.600         0         0          2668
     2.600         0         0          2670
     2.500         0         0          2672
     2.500         0         0          2673
     3.100         0         0          2674
     2.600         0         0          2675
     2.800         0         0          7482
     2.500         0         0          2676
     2.500         0         0          2677
     2.500         0         0          2678
     2.600         0         0          2679
     2.500         0         0         16765
     3.000         0         0          2682
     2.700         0         0          2683
     2.600         0         0          2684
     2.700         0         0         10996
     3.200         0         0         13320
     3.000         0         0         11001
     2.800         0         0         10999
     2.700         0         0         15188
     2.500         0         0          7488
     3.200         0         0         15187
     2.600         0         0         11000
     2.700         0         0         18944
     2.900         0         0          2687
     2.600         0         0          2688
     2.900         0         0          2689
     2.500         0         0          2690
     2.500         0         0         20516
     2.700         0         0          2691
     2.500         0         0          2692
     3.100         0         0         10767
     2.500         0         0          2693
     3.200         0         0          2694
     2.800         0         0         13151
     3.400         0         0         10986
     3.100         0         0          2696
     2.600         0         0          2698
     3.100         0         0          7473
     2.700         0         0          2699
     2.500         0         0          2700
     2.500         0         0          2701
     2.500         0         0          2702
     2.600         0         0         11003
     2.500         0         0          2705
     2.500         0         0         20502
     2.600         0         0          2707
     2.800         0         0          2708
     2.800         0         0          2710
     2.700         0         0          2711
     2.600         0         0         13174
     2.500         0         0          2712
     3.300         0         0          2713
     2.500         0         0          2715
     2.700         0         0          2716
     3.200         0         0          7086
     2.600         0         0          2717
     3.700         0         0         15191
     2.500         0         0         21266
     3.100         0         0         16849
     3.000         0         0         13164
     2.600         0         0         16851
     2.500         0         0         13204
     3.500         0         0          2721
     2.700         0         0          2722
     2.500         0         0         21187
     3.600         0         0         21234
     2.700         0         0         21270
     3.300         0         0         21235
     2.600         0         0          2724
     2.600         0         0         10671
     2.600         0         0          7508
     2.800         0         0          2725
     2.700         0         0          2726
     2.800         0         0          7498
     2.500         0         0          2727
     2.700         0         0          2728
     2.600         0         0          2729
     2.900         0         0         21233
     2.800         0         0          2730
     2.500         0         0         21269
     3.000         0         0          2733
     2.600         0         0         11009
     2.600         0         0          2735
     3.100         0         0         13297
     2.900         0         0          7510
     2.600         0         0          2737
     2.700         0         0         11013
     3.100         0         0         13325
     2.600         0         0          2738
     3.300         0         0          2739
     3.700         0         0          2740
     2.700         0         0         21026
     2.500         0         0          2742
     2.500         0         0          6848
     3.100         0         0          2743
     3.000         0         0          2744
     2.600         0         0          2745
     3.300         0         0          2746
     2.900         0         0          2748
     2.600         0         0          2751
     2.500         0         0          2752
     2.500         0         0          2753
     3.400         0         0          2755
     3.100         0         0          2756
     3.200         0         0          2758
     2.600         0         0          7529
     2.600         0         0          7501
     3.000         0         0          2760
     3.200         0         0          2761
     2.700         0         0          7531
     2.800         0         0          2762
     2.500         0         0          7532
     2.700         0         0         11017
     2.500         0         0         13330
     2.500         0         0         11019
     2.600         0         0         16853
     2.700         0         0          2764
     3.400         0         0         11022
     2.800         0         0          2765
     2.500         0         0          2766
     3.200         0         0         13328
     2.900         0         0          2768
     2.700         0         0          7357
     2.600         0         0          2769
     3.400         0         0         11020
     2.700         0         0          2770
     2.500         0         0          2771
     2.700         0         0          2772
     3.100         0         0          7549
     2.500         0         0          2773
     2.700         0         0         15058
     3.000         0         0          2774
     2.600         0         0          7548
     2.600         0         0          7550
     2.600         0         0          7352
     3.200         0         0          2775
     2.500         0         0          2776
     2.700         0         0          2777
     2.500         0         0          7544
     3.100         0         0          7533
     2.600         0         0          7517
     2.600         0         0          2778
     2.500         0         0         17851
     3.500         0         0         11025
     3.200         0         0          2779
     2.900         0         0          7551
     2.600         0         0          7552
     2.800         0         0          2781
     2.600         0         0          2782
     2.700         0         0          2783
     3.300         0         0          2784
     2.500         0         0          2785
     2.700         0         0         10970
     2.600         0         0          7565
     2.600         0         0         15204
     3.300         0         0         20912
     2.600         0         0          7559
     2.600         0         0         15140
     2.600         0         0          2788
     2.600         0         0          7560
     2.900         0         0          2789
     3.200         0         0          2790
     2.500         0         0          2791
     2.500         0         0         15195
     2.500         0         0         13333
     2.700         0         0          2792
     2.800         0         0          2793
     3.100         0         0         13332
     3.000         0         0          2795
     2.600         0         0          7537
     3.000         0         0         16860
     2.800         0         0          2796
     3.000         0         0          7566
     3.100         0         0          2798
     2.500         0         0          2799
     3.500         0         0          2801
     3.800         0         0          2802
     2.500         0         0          2804
     3.000         0         0         11040
     2.600         0         0          2805
     2.500         0         0          2806
     2.600         0         0          7581
     3.100         0         0          2809
     2.500         0         0          2810
     2.600         0         0          2811
     2.700         0         0          2812
     2.600         0         0          2813
     2.500         0         0          2815
     2.500         0         0         15196
     2.900         0         0          2816
     2.700         0         0          2817
     2.900         0         0          2818
     2.700         0         0          2820
     3.100         0         0         11050
     2.500         0         0          7599
     2.600         0         0          7596
     3.200         0         0          2822
     2.500         0         0          2823
     3.500         0         0          2824
     2.900         0         0          2825
     2.500         0         0          7595
     2.600         0         0          7593
     2.700         0         0          2826
     2.500         0         0          2827
     2.500         0         0          2828
     2.500         0         0          2829
     2.700         0         0          7576
     2.800         0         0          2830
     3.200         0         0         13329
     2.700         0         0          2831
     2.500         0         0          2832
     2.700         0         0         13059
     2.700         0         0         15208
     2.800         0         0          2834
     2.500         0         0          2835
     3.000         0         0          2836
     2.600         0         0          2837
     2.800         0         0          2838
     3.100         0         0          2839
     3.100         0         0          2841
     3.400         0         0          2842
     2.700         0         0          2843
     3.000         0         0          2844
     3.200         0         0          2846
     2.900         0         0          2847
     3.000         0         0          7605
     2.700         0         0          2848
     2.500         0         0         10885
     2.700         0         0          2851
     3.500         0         0          2852
     2.600         0         0          2853
     3.000         0         0          2855
     2.700         0         0          7609
     3.200         0         0          7612
     2.800         0         0          2856
     3.400         0         0          2857
     3.000         0         0          2858
     2.500         0         0          2861
     3.200         0         0          2862
     2.700         0         0          2863
     2.800         0         0          7505
     3.000         0         0         11010
     2.500         0         0         16495
     2.700         0         0          2864
     3.100         0         0          2865
     2.600         0         0          2866
     2.500         0         0          2869
     2.800         0         0          7626
     2.500         0         0          2870
     2.700         0         0         11058
     2.600         0         0         13351
     2.700         0         0          2871
     3.400         0         0          2872
     3.000         0         0         18966
     2.700         0         0          2874
     2.700         0         0          7629
     2.500         0         0          7627
     3.800         0         0          2875
     3.100         0         0          7631
     2.700         0         0          7623
     3.200         0         0          2876
     2.600         0         0          2877
     2.500         0         0          2878
     2.800         0         0          2879
     2.900         0         0          2880
     2.800         0         0         16839
     2.500         0         0          2881
     2.900         0         0          2882
     3.600         0         0          2883
     2.800         0         0          2884
     2.700         0         0          2885
     2.800         0         0          2886
     2.800         0         0         16854
     2.800         0         0          2888
     2.600         0         0          2891
     2.500         0         0          2892
     2.600         0         0          2893
     2.600         0         0          2894
     2.800         0         0          2896
     2.600         0         0         11061
     2.500         0         0          2899
     2.500         0         0          2900
     2.500         0         0          2901
     2.600         0         0          7642
     2.600         0         0          2903
     2.500         0         0          2904
     2.500         0         0          7643
     2.600         0         0          7646
     2.800         0         0         16864
     2.700         0         0          2907
     2.600         0         0          2908
     2.600         0         0          2910
     2.700         0         0          7651
     3.600         0         0         19615
     3.400         0         0          2914
     2.600         0         0          7635
     2.600         0         0         18072
     2.600         0         0         13358
     2.700         0         0          2915
     2.700         0         0          2916
     2.600         0         0          2917
     2.600         0         0         18956
     2.500         0         0          2919
     2.900         0         0          7656
     2.900         0         0          2920
     3.000         0         0          7657
     3.100         0         0          2921
     2.600         0         0         10375
     3.200         0         0          2922
     2.500         0         0         11054
     2.800         0         0          2923
     3.300         0         0          2924
     2.500         0         0         13360
     3.200         0         0          2925
     3.300         0         0          2926
     2.800         0         0          2927
     4.000         0         0          2928
     2.800         0         0          2930
     3.300         0         0         13357
     2.700         0         0          7659
     2.500         0         0          2931
     2.700         0         0         11072
     2.500         0         0          2933
     2.900         0         0          2934
     2.800         0         0          2935
     2.600         0         0         11073
     2.800         0         0          2936
     2.500         0         0          2938
     2.500         0         0          2939
     2.500         0         0          2941
     2.700         0         0          2942
     3.200         0         0          2943
     2.800         0         0         13355
     2.800         0         0          2944
     3.000         0         0          2945
     2.800         0         0          2946
     3.100         0         0          2947
     2.800         0         0          2948
     3.100         0         0         13304
     2.500         0         0          2949
     2.600         0         0          2950
     2.800         0         0          2952
     2.600         0         0          2953
     2.700         0         0          2954
     2.600         0         0          2955
     3.900         0         0          2956
     2.800         0         0          2957
     2.700         0         0          2960
     2.600         0         0          2961
     2.500         0         0         13349
     2.500         0         0          2962
     2.600         0         0          2963
     2.500         0         0          7663
     2.500         0         0          2964
     2.500         0         0          7619
     2.600         0         0         18946
     2.500         0         0          2966
     3.100         0         0          2967
     2.600         0         0          2970
     2.700         0         0          7676
     2.900         0         0          2971
     3.400         0         0          2972
     2.500         0         0          2973
     3.200         0         0         11076
     3.000         0         0         18947
     2.600         0         0          7683
     2.600         0         0          2976
     2.500         0         0         16877
     2.700         0         0         18090
     2.900         0         0          2978
     2.500         0         0          2980
     2.800         0         0          2981
     2.800         0         0         18094
     2.500         0         0          7678
     2.600         0         0          7673
     2.700         0         0          2984
     2.600         0         0          2985
     2.700         0         0         11085
     2.700         0         0          2988
     2.800         0         0          7679
     2.500         0         0          7691
     3.000         0         0         11081
     3.000         0         0         10579
     2.700         0         0         13370
     3.700         0         0          2990
     3.800         0         0          2991
     2.900         0         0          7703
     2.700         0         0         18097
     2.500         0         0          2992
     3.100         0         0         16879
     2.600         0         0         10889
     2.900         0         0         13342
     3.200         0         0          2993
     2.500         0         0          2994
     2.500         0         0          7563
     2.900         0         0         20148
     2.500         0         0         18096
     3.000         0         0          2995
     2.800         0         0          7705
     2.500         0         0          2996
     3.400         0         0          2997
     2.700         0         0          7706
     2.800         0         0         18970
     3.000         0         0          2998
     2.600         0         0         12829
     2.700         0         0          3000
     2.500         0         0          3001
     2.500         0         0          7715
     2.600         0         0          3004
     2.600         0         0          3005
     2.600         0         0         15210
     2.600         0         0          3006
     3.000         0         0          3007
     2.900         0         0          3008
     2.900         0         0          3009
     2.900         0         0          3010
     2.600         0         0          7724
     3.000         0         0          3011
     3.100         0         0         15233
     2.900         0         0          3014
     2.500         0         0          3015
     2.600         0         0          3016
     2.600         0         0         15107
     2.700         0         0          3017
     2.500         0         0          3018
     2.900         0         0          3019
     2.700         0         0          3020
     2.500         0         0          3021
     2.800         0         0          7712
     2.600         0         0          3023
     2.600         0         0          3024
     3.100         0         0          7728
     2.700         0         0          7707
     3.000         0         0          3025
     2.600         0         0          3026
     2.800         0         0          7729
     2.800         0         0         18098
     3.000         0         0          3027
     2.800         0         0         18093
     2.600         0         0          3028
     2.800         0         0          3031
     3.300         0         0          3032
     3.100         0         0          3033
     2.700         0         0         10776
     2.500         0         0          3035
     3.100         0         0          3036
     3.100         0         0          7734
     2.800         0         0          3037
     2.700         0         0         15238
     2.500         0         0          3038
     2.600         0         0         21335
     2.500         0         0          3039
     2.800         0         0          3040
     2.700         0         0         13389
     2.500         0         0          3041
     2.800         0         0          3042
     2.600         0         0          3044
     2.700         0         0          3045
     2.600         0         0          3046
     2.600         0         0          3047
     2.500         0         0         16882
     2.900         0         0          3048
     2.800         0         0          3049
     2.900         0         0         18961
     2.700         0         0          3050
     2.700         0         0          3051
     2.500         0         0         11089
     3.100         0         0          3052
     2.600         0         0         11034
     2.600         0         0         15215
     2.600         0         0          3053
     2.500         0         0          3054
     2.900         0         0         11105
     3.000         0         0          7744
     2.500         0         0         16890
     2.600         0         0          3056
     2.600         0         0          3057
     2.600         0         0          3058
     2.600         0         0          3059
     2.600         0         0         20536
     3.100         0         0          7720
     2.700         0         0          3060
     2.600         0         0          3061
     2.900         0         0          7745
     2.600         0         0          3063
     3.000         0         0         16885
     3.600         0         0         13373
     3.100         0         0         11118
     2.900         0         0          3064
     2.600         0         0          7751
     2.500         0         0          3065
     3.100         0         0          3066
     2.700         0         0          3068
     2.500         0         0          3069
     2.700         0         0          7757
     2.500         0         0         20785
     2.900         0         0         11128
     2.600         0         0          3070
     2.700         0         0          3071
     2.600         0         0          3072
     2.800         0         0          3073
     2.900         0         0          3075
     2.500         0         0          3076
     2.600         0         0          7779
     2.700         0         0         11136
     2.700         0         0         13399
     2.600         0         0          3078
     2.600         0         0          3079
     2.600         0         0          7749
     2.700         0         0          3080
     2.600         0         0         11132
     2.600         0         0         18974
     3.000         0         0          3083
     2.900         0         0         18973
     3.100         0         0         19519
     2.600         0         0          7765
     2.500         0         0          3085
     2.600         0         0         18975
     2.700         0         0          3086
     2.600         0         0          3087
     3.000         0         0          3089
     2.600         0         0         20903
     2.900         0         0         11144
     2.600         0         0         15247
     2.900         0         0          3090
     2.800         0         0          3091
     2.900         0         0         16894
     2.500         0         0          3092
     3.600         0         0          3093
     2.500         0         0          3094
     2.700         0         0         10846
     2.500         0         0          7733
     2.500         0         0         16888
     3.000         0         0          3095
     3.100         0         0          3096
     2.600         0         0          7787
     3.300         0         0          3098
     2.600         0         0          3099
     2.600         0         0         16896
     2.900         0         0          3100
     3.100         0         0          7772
     2.500         0         0         13392
     2.600         0         0          3101
     3.100         0         0         11116
     2.700         0         0          3102
     2.600         0         0          3103
     2.500         0         0          3104
     3.400         0         0          3105
     2.500         0         0         18100
     2.800         0         0          3106
     2.700         0         0          3109
     2.500         0         0          3110
     2.700         0         0         13394
     3.000         0         0          3111
     3.500         0         0          3112
     2.500         0         0         21185
     3.000         0         0          3114
     2.700         0         0          3115
     2.800         0         0          7797
     2.900         0         0          3116
     2.500         0         0          3117
     3.000         0         0          3118
     2.800         0         0          3119
     2.500         0         0          3120
     2.600         0         0          3121
     2.600         0         0          7799
     3.400         0         0          7801
     2.500         0         0         13421
     2.500         0         0         11109
     3.000         0         0          3123
     2.500         0         0          3124
     2.600         0         0          3125
     2.500         0         0         13419
     2.500         0         0         18102
     2.600         0         0         16892
     2.700         0         0          3126
     2.700         0         0          3127
     2.700         0         0         15175
     2.700         0         0          3129
     2.500         0         0          3130
     2.700         0         0          3131
     2.800         0         0          3132
     2.800         0         0          3133
     2.700         0         0         13411
     2.700         0         0          7808
     3.000         0         0          3135
     2.900         0         0         13374
     2.600         0         0          3136
     2.600         0         0          3137
     2.500         0         0          3138
     2.700         0         0          3139
     2.600         0         0          3141
     2.800         0         0          3142
     2.500         0         0          3143
     2.800         0         0          3144
     2.800         0         0          3145
     2.700         0         0         16886
     2.800         0         0         11172
     3.100         0         0          3146
     3.300         0         0          3148
     2.700         0         0          7829
     2.500         0         0          3149
     2.500         0         0          3150
     2.600         0         0          3151
     2.700         0         0          3153
     2.600         0         0          3154
     2.800         0         0          7814
     2.500         0         0          3155
     2.900         0         0          3156
     2.500         0         0          7822
     2.500         0         0          3157
     2.600         0         0         11185
     2.800         0         0         13426
     3.100         0         0         11183
     2.600         0         0         13427
     2.900         0         0          3159
     2.800         0         0          3160
     2.500         0         0          3162
     2.500         0         0          3165
     2.800         0         0          3166
     2.500         0         0          7800
     3.000         0         0          3168
     2.500         0         0          3169
     2.600         0         0          3170
     2.500         0         0          3171
     2.600         0         0          3172
     2.500         0         0          3173
     3.100         0         0          3174
     2.800         0         0          3175
     2.600         0         0          3176
     2.900         0         0         11200
     2.900         0         0         11188
     2.900         0         0          3179
     2.800         0         0          3181
     2.900         0         0          7852
     2.800         0         0          3182
     2.700         0         0          3183
     2.700         0         0         18953
     2.900         0         0          3184
     2.900         0         0          3185
     2.600         0         0         13393
     2.900         0         0         11201
     2.600         0         0          3186
     2.500         0         0          3187
     2.600         0         0          3188
     3.600         0         0         13429
     2.500         0         0          3189
     2.800         0         0          3190
     2.500         0         0          3192
     2.600         0         0          3193
     3.200         0         0          3194
     3.300         0         0          3195
     2.600         0         0         16903
     2.600         0         0          3196
     2.600         0         0          3197
     2.900         0         0          3198
     2.900         0         0         20147
     2.600         0         0         19622
     4.000         0         0         11104
     2.600         0         0          3199
     2.800         0         0          3200
     2.700         0         0          3201
     2.700         0         0          3202
     2.600         0         0          3203
     2.800         0         0          3204
     2.700         0         0          3206
     2.700         0         0          3207
     3.100         0         0         15258
     2.500         0         0          3208
     2.500         0         0          7856
     2.500         0         0         11202
     2.700         0         0          3210
     2.500         0         0         11170
     3.100         0         0          3211
     3.200         0         0          3212
     2.500         0         0          3213
     2.900         0         0          7860
     2.500         0         0         11178
     2.500         0         0          3214
     2.800         0         0          3215
     2.800         0         0          3216
     3.100         0         0          3217
     2.600         0         0          3218
     2.900         0         0          3219
     2.600         0         0          3220
     2.900         0         0          3221
     2.600         0         0          3222
     2.800         0         0          3223
     2.500         0         0          3224
     2.500         0         0          3225
     2.900         0         0          3227
     2.800         0         0          3228
     2.900         0         0          3230
     2.900         0         0          3231
     2.600         0         0          7704
     3.100         0         0          3235
     2.500         0         0          3236
     2.500         0         0          3237
     2.700         0         0          3238
     3.000         0         0          3239
     2.500         0         0          7867
     2.500         0         0          3240
     2.600         0         0          3241
     2.600         0         0          3242
     2.900         0         0          3243
     2.800         0         0          3245
     2.900         0         0         18107
     2.900         0         0          3246
     3.100         0         0          7869
     3.000         0         0          3247
     2.500         0         0          7690
     3.100         0         0         20149
     2.600         0         0         11210
     2.500         0         0          3248
     2.600         0         0         15269
     2.600         0         0         13461
     2.700         0         0          7878
     2.800         0         0         13442
     2.500         0         0          3249
     2.500         0         0          3250
     2.600         0         0         11215
     2.800         0         0         13451
     2.700         0         0          7879
     2.500         0         0          3251
     2.900         0         0          3252
     2.500         0         0          3253
     2.800         0         0         13444
     2.700         0         0          3255
     3.200         0         0         11247
     2.600         0         0         15285
     2.900         0         0          3256
     2.700         0         0          3257
     2.800         0         0          3258
     2.500         0         0         11225
     2.500         0         0         11119
     2.700         0         0          3259
     2.500         0         0         11222
     2.500         0         0          3260
     2.500         0         0          3261
     2.500         0         0         13433
     3.100         0         0          7886
     2.600         0         0          3262
     2.600         0         0         13402
     2.500         0         0         18103
     2.500         0         0         13406
     2.500         0         0          3263
     3.100         0         0         11146
     2.900         0         0          3264
     3.600         0         0          3265
     2.900         0         0         11260
     3.400         0         0          7859
     2.500         0         0         11205
     2.600         0         0          3266
     2.700         0         0         15259
     3.300         0         0          3267
     3.000         0         0          3269
     2.900         0         0          3270
     2.600         0         0         15190
     2.500         0         0          3272
     2.600         0         0          3273
     2.600         0         0          3275
     2.500         0         0          3276
     2.500         0         0         15288
     3.100         0         0          3277
     2.800         0         0          3278
     2.600         0         0          7838
     2.500         0         0          3280
     2.600         0         0          3281
     3.000         0         0          3283
     2.500         0         0          3284
     2.800         0         0          3285
     2.500         0         0          3286
     2.500         0         0          3287
     2.700         0         0          3288
     3.300         0         0          7807
     2.500         0         0          3289
     2.600         0         0          7817
     2.600         0         0          3291
     2.600         0         0          3292
     3.100         0         0          7900
     2.600         0         0          3293
     2.800         0         0          3295
     2.900         0         0          3296
     3.000         0         0          3297
     2.500         0         0          3298
     2.900         0         0         11266
     3.600         0         0         11196
     2.800         0         0         13311
     3.800         0         0         13447
     2.600         0         0         15268
     2.800         0         0         11244
     2.500         0         0          3299
     2.700         0         0          7902
     3.000         0         0         15181
     2.600         0         0          3300
     3.000         0         0         11238
     2.700         0         0          3301
     2.700         0         0         11267
     2.900         0         0          7906
     2.600         0         0          3304
     3.600         0         0          3305
     3.000         0         0          3306
     2.600         0         0          7907
     2.900         0         0         13404
     2.500         0         0          3308
     2.700         0         0         11212
     3.300         0         0          7592
     3.100         0         0          3309
     2.600         0         0          3311
     2.700         0         0          3312
     2.500         0         0          7910
     3.100         0         0          3313
     2.600         0         0         11261
     2.700         0         0         11230
     2.800         0         0          3314
     2.500         0         0          3315
     2.900         0         0          3316
     2.600         0         0          3318
     2.700         0         0          3319
     2.700         0         0          7917
     2.900         0         0          3320
     3.200         0         0          3321
     2.900         0         0          3322
     2.900         0         0         11270
     2.500         0         0          3323
     3.400         0         0         11276
     2.500         0         0          3325
     3.100         0         0          3326
     2.500         0         0          3327
     2.500         0         0         13477
     2.600         0         0          3328
     2.500         0         0          7914
     2.800         0         0         11269
     3.400         0         0          7743
     2.800         0         0         11246
     2.700         0         0          3334
     4.000         0         0          3335
     2.500         0         0          3336
     3.400         0         0          3337
     2.500         0         0          7933
     3.000         0         0          3338
     3.100         0         0         15261
     3.100         0         0          3339
     3.000         0         0          7934
     2.500         0         0          3341
     3.200         0         0         11208
     2.800         0         0         16915
     2.800         0         0          3343
     2.900         0         0          3344
     2.700         0         0          3345
     2.700         0         0          3346
     2.600         0         0         11280
     2.900         0         0         15301
     2.500         0         0          3347
     2.700         0         0          3348
     2.500         0         0          3349
     2.700         0         0          3350
     2.700         0         0         11284
     3.300         0         0          3352
     3.400         0         0          3353
     2.600         0         0         11219
     2.500         0         0         18109
     2.500         0         0          3355
     2.900         0         0          3356
     2.700         0         0          3357
     3.400         0         0          7941
     2.800         0         0          3358
     2.900         0         0          3360
     2.500         0         0          3361
     3.300         0         0          7945
     2.800         0         0          3362
     2.500         0         0          3363
     2.600         0         0         16914
     2.500         0         0          3364
     2.600         0         0          3365
     2.600         0         0          3366
     3.000         0         0          7946
     2.900         0         0          3367
     2.900         0         0          3368
     2.900         0         0          7854
     2.500         0         0          3369
     2.500         0         0          3370
     3.000         0         0         11286
     3.300         0         0         13484
     3.500         0         0          3371
     3.100         0         0          3372
     2.600         0         0          3374
     2.800         0         0          3375
     2.600         0         0          3377
     2.500         0         0         10572
     2.800         0         0          3380
     2.500         0         0          3381
     3.100         0         0         15213
     2.700         0         0          3384
     2.500         0         0         11294
     2.500         0         0          3387
     2.800         0         0          3388
     2.900         0         0          3389
     3.000         0         0          3390
     2.700         0         0          3391
     3.000         0         0         11312
     2.600         0         0          3394
     2.700         0         0          3396
     2.800         0         0          3397
     3.400         0         0          3398
     2.600         0         0          3399
     2.900         0         0          3400
     2.700         0         0          3401
     2.600         0         0          3404
     2.500         0         0          3405
     2.600         0         0         11310
     2.600         0         0          3406
     2.600         0         0          3407
     2.700         0         0          3408
     2.800         0         0          3409
     2.700         0         0          7358
     2.800         0         0         15090
     2.800         0         0          3411
     2.900         0         0          3413
     2.700         0         0          7971
     2.600         0         0          3414
     3.100         0         0          3415
     2.500         0         0          3417
     2.900         0         0         15297
     2.500         0         0          3418
     2.900         0         0          3419
     3.600         0         0          3420
     2.900         0         0          3422
     2.500         0         0          3424
     2.600         0         0         13498
     3.100         0         0         11307
     2.500         0         0          3425
     2.500         0         0          7974
     2.800         0         0          3426
     2.600         0         0          3427
     2.700         0         0          3428
     2.800         0         0          3429
     2.700         0         0          3430
     2.500         0         0          3432
     2.900         0         0          3433
     3.100         0         0         11288
     2.700         0         0          3434
     2.800         0         0          3435
     2.500         0         0          3436
     2.500         0         0          3437
     2.600         0         0          3438
     2.500         0         0          3439
     2.600         0         0          3440
     2.600         0         0          3441
     2.700         0         0          3443
     2.900         0         0          3445
     2.600         0         0         13502
     2.500         0         0         18978
     2.700         0         0          3448
     2.600         0         0          3449
     2.600         0         0         11309
     2.500         0         0          3450
     2.800         0         0          3451
     2.700         0         0          3452
     2.600         0         0          3453
     2.500         0         0          7940
     2.700         0         0          3454
     2.700         0         0          3455
     2.600         0         0          3456
     3.000         0         0          3457
     2.500         0         0          3458
     2.500         0         0          3460
     3.400         0         0          3461
     3.000         0         0          7998
     3.000         0         0          3464
     2.600         0         0          8004
     3.300         0         0          3465
     3.500         0         0          3467
     2.700         0         0          3468
     2.600         0         0          3469
     2.600         0         0          3470
     2.600         0         0          3471
     2.700         0         0         13505
     2.500         0         0          3472
     3.600         0         0          3473
     2.700         0         0          3474
     3.000         0         0         11324
     2.500         0         0         18113
     3.100         0         0         11127
     2.700         0         0         16871
     3.500         0         0          7976
     2.500         0         0          3476
     2.700         0         0          3477
     2.600         0         0          7943
     2.500         0         0          7996
     3.000         0         0          3478
     3.400         0         0          3479
     2.500         0         0          8011
     2.500         0         0          8010
     3.200         0         0          3480
     2.500         0         0          3481
     3.200         0         0         18114
     2.900         0         0          8012
     2.800         0         0          3484
     2.600         0         0         11325
     3.400         0         0          8013
     2.800         0         0          3486
     3.100         0         0         11319
     2.800         0         0          3488
     2.900         0         0          3489
     3.000         0         0          3490
     3.000         0         0          7840
     2.900         0         0          3491
     2.500         0         0          8021
     3.400         0         0          3492
     2.800         0         0         16899
     2.800         0         0          8022
     2.700         0         0          3493
     2.500         0         0          7915
     3.200         0         0         13497
     3.200         0         0          3496
     2.900         0         0          8028
     2.500         0         0          3497
     2.900         0         0          3498
     2.900         0         0          8029
     2.800         0         0          3500
     3.200         0         0          3503
     2.500         0         0          3504
     2.800         0         0         11316
     2.600         0         0          3505
     2.700         0         0         15265
     2.800         0         0          3506
     2.500         0         0          3507
     3.300         0         0          3508
     2.500         0         0         11174
     3.400         0         0          3509
     2.700         0         0          8036
     3.100         0         0          3510
     2.500         0         0         16922
     3.000         0         0          3511
     2.500         0         0          8043
     2.700         0         0          3512
     3.300         0         0          8044
     3.000         0         0          3513
     2.500         0         0          3514
     2.700         0         0          8008
     2.500         0         0          3515
     3.000         0         0          3517
     2.500         0         0          3518
     2.500         0         0          3519
     3.200         0         0          3520
     2.500         0         0          3521
     3.100         0         0          3523
     2.900         0         0          3524
     2.500         0         0          8048
     2.700         0         0          3526
     3.400         0         0          3527
     2.500         0         0         18981
     2.700         0         0         19623
     3.400         0         0          3528
     2.500         0         0          3529
     2.700         0         0          3530
     2.500         0         0          3531
     2.700         0         0          3532
     2.500         0         0          3533
     2.500         0         0          3534
     2.500         0         0          8053
     3.300         0         0          3535
     2.500         0         0          3536
     2.500         0         0          3537
     3.000         0         0          3538
     2.800         0         0          3539
     2.600         0         0          3540
     2.900         0         0          8018
     2.900         0         0          8050
     3.400         0         0          3541
     2.700         0         0          3542
     2.700         0         0          8054
     2.800         0         0          3544
     2.500         0         0         11044
     2.800         0         0          3545
     2.700         0         0          3546
     2.600         0         0          3547
     2.900         0         0          3548
     2.500         0         0          3549
     2.800         0         0          3550
     2.700         0         0          8056
     3.100         0         0          8051
     2.700         0         0          3553
     2.500         0         0          3554
     2.500         0         0          3555
     2.700         0         0          3557
     2.600         0         0          3558
     2.700         0         0          3559
     2.600         0         0          3560
     3.200         0         0          3561
     2.700         0         0         16926
     2.800         0         0          8067
     2.600         0         0          3562
     3.500         0         0         11337
     3.400         0         0          3564
     2.600         0         0          8045
     2.500         0         0          3565
     2.800         0         0          3566
     2.600         0         0          3567
     2.700         0         0          8069
     2.600         0         0          3569
     2.700         0         0          8052
     3.100         0         0          3570
     3.000         0         0          3571
     3.000         0         0          3572
     2.600         0         0          3573
     2.900         0         0          3574
     2.500         0         0          3575
     2.600         0         0          3576
     2.600         0         0          3577
     2.700         0         0         20170
     2.600         0         0         13532
     2.500         0         0         13602
     2.500         0         0         19639
     2.500         0         0         16953
     2.500         0         0         16970
     2.600         0         0          3580
     2.500         0         0         16958
     2.500         0         0          3581
     3.600         0         0         11382
     2.700         0         0         17007
     2.900         0         0         19634
     3.000         0         0         18164
     2.500         0         0          3582
     2.900         0         0         11384
     2.600         0         0          3583
     2.600         0         0          3585
     2.600         0         0         11405
     2.800         0         0         13538
     2.700         0         0          3586
     3.200         0         0         13615
     3.300         0         0         11389
     2.700         0         0          3587
     3.100         0         0         13622
     2.500         0         0         13564
     2.800         0         0         13584
     3.000         0         0          3588
     2.500         0         0         18149
     2.500         0         0         13513
     2.500         0         0         17008
     2.700         0         0         18157
     2.600         0         0          3590
     3.300         0         0         13632
     3.000         0         0         15348
     2.500         0         0         13561
     2.700         0         0         16961
     2.500         0         0         11398
     2.500         0         0         13629
     2.800         0         0          8057
     2.800         0         0         11327
     2.500         0         0         18983
     2.500         0         0         13520
     2.800         0         0          3593
     2.600         0         0         11406
     2.600         0         0          3594
     2.600         0         0         17022
     2.800         0         0          3595
     2.600         0         0          3597
     3.200         0         0          8087
     2.500         0         0          3598
     3.200         0         0          3599
     2.800         0         0         18141
     3.100         0         0          3600
     2.700         0         0         13535
     2.700         0         0          3601
     2.700         0         0         13519
     2.500         0         0         11414
     2.500         0         0         15346
     2.500         0         0         11341
     2.500         0         0         13550
     2.800         0         0         19645
     2.600         0         0          3606
     3.200         0         0         11351
     3.500         0         0         11388
     2.500         0         0         11410
     2.700         0         0          3607
     2.500         0         0         16929
     3.000         0         0          3608
     2.600         0         0         20174
     2.600         0         0          7975
     2.600         0         0         15373
     2.600         0         0          3610
     2.800         0         0          3611
     2.600         0         0         18135
     3.200         0         0         15322
     2.500         0         0          3612
     3.100         0         0         15388
     2.600         0         0         14856
     3.200         0         0         13604
     3.200         0         0         19625
     3.100         0         0          8107
     3.700         0         0         13541
     2.600         0         0         15359
     2.500         0         0         20162
     2.600         0         0          8101
     2.700         0         0         13245
     2.500         0         0          8110
     2.500         0         0          3614
     2.500         0         0         13544
     3.200         0         0         20152
     2.800         0         0          3615
     2.800         0         0          3616
     2.500         0         0          3617
     2.500         0         0          3618
     2.700         0         0         13549
     3.100         0         0         18122
     2.500         0         0         16916
     3.200         0         0         18121
     2.700         0         0         16978
     2.600         0         0          3620
     2.600         0         0          8024
     2.600         0         0         18136
     2.600         0         0          3622
     2.600         0         0         11328
     2.700         0         0         13640
     2.700         0         0          8114
     2.600         0         0         15354
     2.600         0         0          3623
     3.800         0         0          3624
     2.800         0         0          3625
     2.800         0         0          3627
     2.800         0         0         18132
     2.500         0         0         13530
     2.600         0         0          3630
     2.500         0         0          3631
     2.900         0         0          3632
     2.600         0         0         15364
     3.700         0         0          3633
     2.800         0         0          3634
     2.800         0         0          8127
     2.500         0         0          3635
     2.500         0         0          8125
     2.500         0         0         15337
     2.500         0         0          8134
     2.500         0         0          8119
     2.700         0         0         20150
     2.700         0         0          3641
     2.600         0         0          8130
     2.800         0         0         19013
     2.500         0         0          3643
     2.700         0         0         11353
     3.100         0         0         18138
     2.500         0         0          8133
     2.600         0         0          3647
     2.600         0         0         15406
     2.500         0         0         18996
     2.500         0         0          3651
     2.600         0         0          8151
     3.000         0         0          8153
     3.000         0         0         11447
     2.500         0         0          3652
     2.700         0         0         16946
     2.600         0         0          3653
     2.500         0         0          3656
     2.600         0         0          3657
     2.500         0         0         15435
     2.500         0         0          3658
     3.200         0         0         11456
     2.900         0         0          3659
     2.600         0         0          3660
     2.500         0         0          3661
     2.500         0         0         13657
     3.600         0         0         15358
     2.700         0         0          3663
     2.800         0         0         16973
     2.600         0         0         11292
     2.600         0         0          3664
     2.800         0         0          3665
     3.000         0         0          3666
     2.800         0         0          3669
     2.500         0         0         11446
     2.800         0         0         15365
     3.100         0         0          3670
     2.800         0         0          3671
     2.900         0         0         11460
     2.600         0         0         13666
     2.500         0         0          8160
     2.500         0         0          3673
     2.700         0         0         11466
     2.500         0         0          3674
     2.700         0         0          3675
     2.500         0         0          7921
     2.700         0         0          3676
     2.700         0         0          8167
     2.600         0         0          3677
     2.600         0         0         11483
     3.300         0         0          8170
     2.500         0         0          3682
     3.300         0         0         11479
     2.600         0         0         15449
     2.700         0         0         11301
     2.800         0         0         13619
     2.600         0         0          3685
     2.500         0         0         11473
     2.700         0         0          3686
     2.600         0         0         11304
     2.500         0         0          3687
     2.700         0         0          8179
     3.000         0         0          3688
     2.700         0         0         11323
     2.600         0         0          3689
     2.700         0         0          3690
     2.600         0         0          3691
     3.400         0         0          3692
     2.600         0         0          3694
     3.200         0         0          3695
     2.900         0         0          8196
     2.600         0         0          3696
     2.600         0         0          3697
     3.300         0         0          3698
     3.000         0         0          3699
     3.000         0         0          3700
     2.800         0         0          8178
     2.700         0         0         13674
     2.600         0         0          3701
     2.500         0         0          8181
     2.600         0         0          3703
     2.500         0         0         13681
     2.500         0         0          3706
     2.600         0         0          7904
     2.500         0         0          3707
     2.700         0         0          3708
     2.500         0         0          3709
     2.500         0         0          3710
     2.700         0         0          3711
     2.700         0         0          3712
     2.800         0         0          3713
     2.600         0         0         15414
     3.600         0         0          3714
     2.600         0         0         17026
     3.300         0         0          3715
     2.500         0         0          3716
     2.900         0         0          3717
     2.600         0         0          3718
     3.300         0         0         19001
     3.100         0         0          3719
     2.900         0         0          8197
     2.500         0         0          3721
     2.500         0         0          3722
     2.800         0         0         18172
     2.600         0         0          8198
     2.600         0         0          3723
     3.100         0         0          3724
     3.100         0         0          8204
     2.700         0         0          8206
     2.500         0         0          3725
     3.000         0         0          3726
     3.000         0         0         11417
     2.600         0         0          3727
     2.900         0         0          3729
     3.200         0         0          3731
     3.200         0         0          3732
     2.800         0         0          8209
     3.400         0         0          8210
     2.900         0         0          8096
     2.800         0         0          3733
     3.300         0         0          3735
     2.800         0         0          3736
     2.600         0         0          3737
     3.500         0         0         11491
     3.900         0         0          3738
     3.300         0         0          7999
     3.000         0         0          3740
     2.600         0         0          3741
     3.800         0         0          3742
     2.500         0         0          3743
     2.600         0         0         15451
     2.900         0         0          3744
     2.900         0         0         17027
     2.700         0         0          3745
     2.900         0         0         15418
     2.600         0         0          3746
     2.800         0         0         17039
     2.700         0         0         18188
     2.700         0         0         16996
     2.500         0         0          3747
     2.800         0         0          3748
     2.700         0         0         11437
     3.500         0         0          3750
     2.500         0         0          3751
     2.800         0         0          3752
     3.200         0         0         11332
     3.300         0         0          3753
     2.700         0         0         11499
     2.900         0         0          3754
     2.700         0         0          3755
     2.800         0         0         15419
     2.500         0         0         11494
     2.800         0         0          3757
     3.500         0         0         19517
     3.500         0         0          3760
     2.600         0         0          8220
     2.500         0         0          3761
     2.500         0         0          3762
     2.500         0         0          3763
     3.000         0         0         11430
     2.800         0         0         19017
     2.800         0         0         20176
     2.700         0         0         20175
     2.700         0         0         20548
     2.900         0         0         18174
     2.500         0         0          8224
     3.400         0         0         19648
     2.500         0         0          3764
     2.800         0         0         11468
     2.500         0         0         20790
     2.800         0         0         20921
     2.800         0         0         18176
     2.600         0         0          7716
     2.700         0         0          3767
     2.500         0         0         11426
     3.000         0         0          3768
     2.700         0         0          8222
     2.600         0         0          3769
     2.500         0         0         11501
     2.700         0         0          8034
     3.000         0         0          3770
     2.600         0         0          3771
     3.100         0         0          3772
     2.600         0         0          3773
     3.500         0         0          3774
     2.500         0         0         13643
     2.700         0         0          3775
     2.500         0         0          8227
     2.600         0         0          3776
     2.900         0         0         17035
     2.700         0         0          3778
     2.700         0         0          3779
     3.000         0         0          3780
     2.800         0         0          3781
     2.800         0         0          3782
     3.100         0         0          3783
     2.900         0         0         11506
     2.500         0         0         18986
     2.600         0         0         11436
     2.500         0         0         11500
     2.700         0         0          3785
     2.600         0         0          3786
     2.500         0         0         19628
     2.900         0         0          3787
     2.800         0         0          3790
     3.300         0         0          8231
     3.300         0         0          3791
     2.600         0         0          3792
     2.500         0         0          3793
     2.500         0         0          3795
     2.900         0         0          3796
     3.200         0         0          3797
     2.800         0         0          3798
     2.800         0         0         19633
     2.500         0         0         13642
     2.500         0         0          3799
     2.500         0         0         13659
     2.700         0         0          3800
     2.500         0         0          3801
     2.600         0         0          3802
     2.500         0         0          3804
     2.600         0         0          3805
     2.500         0         0          8238
     2.600         0         0          3807
     2.800         0         0          3810
     2.600         0         0          8245
     2.600         0         0          3813
     2.800         0         0          3816
     2.500         0         0          3817
     2.900         0         0          8249
     2.800         0         0          3818
     3.500         0         0          3819
     2.800         0         0          3820
     2.600         0         0          3821
     2.500         0         0          3823
     3.200         0         0          8251
     2.800         0         0          3825
     2.500         0         0         13653
     3.400         0         0         11519
     2.700         0         0          3827
     3.300         0         0         11521
     3.600         0         0         15455
     2.600         0         0          3828
     2.500         0         0         17053
     3.000         0         0         20161
     3.100         0         0         17052
     2.600         0         0          3829
     2.600         0         0          3831
     2.500         0         0          3832
     2.800         0         0          3833
     2.500         0         0         19033
     2.700         0         0          3834
     2.600         0         0          8155
     2.700         0         0          3836
     2.900         0         0          3837
     2.800         0         0          8260
     2.600         0         0         13702
     3.400         0         0          8261
     2.500         0         0         11526
     3.100         0         0         17001
     2.500         0         0         11527
     2.500         0         0          3840
     2.600         0         0          3841
     2.600         0         0          3843
     2.800         0         0         18110
     3.700         0         0          8273
     2.800         0         0          3847
     2.700         0         0         11478
     3.100         0         0          8237
     2.700         0         0         11552
     2.600         0         0          3850
     2.900         0         0         13706
     2.700         0         0         13704
     3.400         0         0         13707
     3.200         0         0          3851
     2.800         0         0         18197
     2.700         0         0          3852
     3.100         0         0          3853
     2.600         0         0         18201
     2.800         0         0         18200
     2.800         0         0         15465
     2.500         0         0         18205
     2.600         0         0         13760
     2.900         0         0         15483
     2.500         0         0         19731
     3.300         0         0         13772
     2.800         0         0          3856
     3.500         0         0         15479
     2.600         0         0         20237
     2.600         0         0         13796
     2.900         0         0         15475
     2.700         0         0         20545
     2.600         0         0         17100
     2.800         0         0         15557
     3.000         0         0         15544
     2.500         0         0         20234
     2.500         0         0          8277
     2.900         0         0         15532
     3.400         0         0          3858
     2.900         0         0         15496
     3.100         0         0          3859
     2.700         0         0          3860
     2.700         0         0          3861
     2.700         0         0         11555
     2.700         0         0         17098
     2.900         0         0         11567
     2.900         0         0         13798
     2.800         0         0         15555
     3.700         0         0          3864
     2.600         0         0          7858
     2.800         0         0          3865
     2.900         0         0         19076
     2.800         0         0         17103
     2.600         0         0         18210
     2.600         0         0          3866
     2.500         0         0         15464
     2.500         0         0          3867
     3.300         0         0          3868
     3.000         0         0          8294
     3.000         0         0         13708
     2.700         0         0         15476
     2.600         0         0         17065
     2.600         0         0          3869
     2.800         0         0         17058
     2.800         0         0          3871
     2.700         0         0         20218
     2.700         0         0         13764
     3.600         0         0         20927
     2.500         0         0         20196
     2.700         0         0         13775
     2.800         0         0         21032
     3.400         0         0          3872
     3.000         0         0          8296
     2.700         0         0         18249
     2.500         0         0         13818
     3.000         0         0          3873
     2.500         0         0          3874
     2.700         0         0         20928
     2.700         0         0         13782
     3.000         0         0         15492
     2.600         0         0         20555
     2.700         0         0         13738
     2.700         0         0         17102
     2.500         0         0         11203
     3.100         0         0         15554
     2.700         0         0         18250
     2.500         0         0         13709
     3.000         0         0         20211
     2.700         0         0          3876
     2.700         0         0         19074
     3.500         0         0          3877
     2.800         0         0          3878
     2.700         0         0         18223
     2.600         0         0         19064
     2.900         0         0         20792
     3.100         0         0          3879
     2.600         0         0         16981
     3.000         0         0          3880
     3.100         0         0          3881
     2.700         0         0          3882
     2.900         0         0          3885
     2.900         0         0          8300
     2.600         0         0         11570
     2.500         0         0          3886
     2.700         0         0         20799
     2.800         0         0         18190
     2.500         0         0         17045
     2.500         0         0          3887
     2.700         0         0         15493
     2.500         0         0         13744
     2.800         0         0         19068
     3.000         0         0         13700
     2.600         0         0         15572
     3.100         0         0          3889
     2.600         0         0         13749
     2.900         0         0         15462
     2.500         0         0         13665
     2.500         0         0          3890
     2.800         0         0          3891
     2.700         0         0         11296
     2.600         0         0         19024
     2.800         0         0         19684
     2.500         0         0         15567
     2.900         0         0         18234
     2.600         0         0         20183
     2.500         0         0         19703
     2.500         0         0         20216
     2.600         0         0         13774
     2.900         0         0          3893
     2.600         0         0          3894
     2.900         0         0          3895
     2.500         0         0          3896
     2.500         0         0          8304
     2.500         0         0         20199
     2.500         0         0          3897
     3.600         0         0         11565
     2.600         0         0          3899
     2.700         0         0          3900
     3.000         0         0         15503
     2.600         0         0         13858
     2.800         0         0         13863
     2.600         0         0          8312
     2.700         0         0         11580
     2.500         0         0         13860
     3.300         0         0          3903
     2.500         0         0         13748
     2.600         0         0         13825
     3.700         0         0          3904
     2.800         0         0         13810
     2.900         0         0          3905
     2.800         0         0          3906
     2.500         0         0          3907
     2.800         0         0          3908
     2.600         0         0         11547
     3.000         0         0          3910
     2.700         0         0          3911
     2.900         0         0          3912
     2.700         0         0         13763
     2.600         0         0          3913
     2.900         0         0         20205
     2.900         0         0          8239
     2.500         0         0          3915
     2.500         0         0         15601
     2.600         0         0         20207
     2.800         0         0          3916
     2.900         0         0         13611
     2.800         0         0          3917
     3.000         0         0          8328
     3.300         0         0          3918
     3.100         0         0         20552
     3.400         0         0         13664
     2.700         0         0          8102
     2.700         0         0          3919
     2.600         0         0          3921
     2.700         0         0         15442
     3.000         0         0          8310
     3.200         0         0         11533
     2.900         0         0         11583
     3.100         0         0          3922
     2.600         0         0         13870
     2.600         0         0         11559
     2.900         0         0          8332
     2.500         0         0          3925
     2.800         0         0          3926
     3.000         0         0         15473
     2.500         0         0         20795
     2.800         0         0          3927
     2.900         0         0         20222
     2.800         0         0         17096
     3.200         0         0          3931
     2.600         0         0         20565
     2.500         0         0         19724
     3.300         0         0          3932
     2.500         0         0          3933
     2.500         0         0         13296
     2.600         0         0          3934
     3.200         0         0         11601
     2.500         0         0         15176
     3.200         0         0          3939
     2.500         0         0         11586
     2.800         0         0         20805
     3.300         0         0          3940
     2.600         0         0          8351
     2.700         0         0          3943
     3.300         0         0         19678
     2.500         0         0         11610
     2.700         0         0         11380
     2.800         0         0          3945
     3.100         0         0          3946
     2.900         0         0          3947
     2.900         0         0         11608
     2.600         0         0         11600
     2.500         0         0          3948
     2.600         0         0          8129
     2.800         0         0          3949
     3.200         0         0         17002
     2.600         0         0         11614
     2.500         0         0          8357
     2.700         0         0          8308
     2.900         0         0          8353
     2.700         0         0         11476
     2.500         0         0         13864
     2.500         0         0          8262
     3.400         0         0         13865
     2.600         0         0          3953
     2.500         0         0         15599
     2.700         0         0         11599
     2.500         0         0         13854
     2.600         0         0         13831
     2.600         0         0          3955
     2.800         0         0          8356
     2.900         0         0          3957
     2.700         0         0         17124
     2.700         0         0         17075
     2.500         0         0          3958
     3.400         0         0          3959
     3.200         0         0          8364
     2.900         0         0          3961
     2.500         0         0         11621
     2.500         0         0          3962
     2.500         0         0         13879
     2.500         0         0          3963
     2.600         0         0          3964
     3.000         0         0          3965
     2.800         0         0         17119
     3.100         0         0          3966
     2.600         0         0         13869
     2.800         0         0         18995
     3.300         0         0          3967
     2.800         0         0          3968
     2.800         0         0         15577
     3.600         0         0          3969
     2.800         0         0          3970
     3.200         0         0          3971
     2.900         0         0         11537
     2.500         0         0          3972
     2.700         0         0          3973
     2.600         0         0          3974
     2.800         0         0          8369
     2.600         0         0         19034
     3.200         0         0         19659
     2.800         0         0          8289
     2.700         0         0          3976
     2.800         0         0          3977
     2.800         0         0          3978
     2.700         0         0         20564
     3.000         0         0         11612
     2.500         0         0         11542
     2.700         0         0          3979
     2.800         0         0         13832
     3.100         0         0         13618
     2.500         0         0          8211
     2.700         0         0          3981
     3.300         0         0          3982
     3.000         0         0          3983
     2.500         0         0          3984
     2.500         0         0         11624
     2.600         0         0          3985
     2.600         0         0          3986
     2.900         0         0          8345
     3.000         0         0          3987
     2.600         0         0         13495
     2.500         0         0          3990
     2.500         0         0         13885
     2.500         0         0          8279
     3.000         0         0          3993
     3.400         0         0          3996
     2.500         0         0          3997
     2.800         0         0         11632
     2.500         0         0         21030
     2.700         0         0          8375
     2.500         0         0          3998
     2.500         0         0          3999
     2.500         0         0          4000
     3.200         0         0          4001
     3.200         0         0          4002
     2.500         0         0          4004
     2.500         0         0          4005
     2.600         0         0         13834
     3.300         0         0         15402
     2.500         0         0          4006
     2.500         0         0          4007
     2.900         0         0          8391
     2.800         0         0          4008
     2.700         0         0          4009
     2.600         0         0          4010
     3.000         0         0         19083
     2.800         0         0         15403
     3.100         0         0         11539
     2.500         0         0          8376
     2.500         0         0         17116
     3.000         0         0         11631
     3.700         0         0          4011
     3.000         0         0         11592
     2.500         0         0          4012
     2.700         0         0          4013
     2.700         0         0          4014
     2.800         0         0          8105
     2.800         0         0         13875
     2.500         0         0          4016
     3.000         0         0          8399
     2.500         0         0         15331
     3.500         0         0         17019
     3.400         0         0          4019
     3.000         0         0          4020
     3.500         0         0          8409
     2.500         0         0         17076
     3.000         0         0          4022
     3.000         0         0         15491
     2.500         0         0          8403
     2.500         0         0          4024
     2.700         0         0          4026
     3.300         0         0          4027
     2.500         0         0          4028
     2.500         0         0          4029
     3.100         0         0          4030
     2.700         0         0          4031
     2.800         0         0         11462
     3.000         0         0          4032
     2.600         0         0          8406
     2.700         0         0          4033
     2.500         0         0          8382
     3.200         0         0          4034
     2.700         0         0          4035
     3.200         0         0          4036
     2.700         0         0          4037
     2.900         0         0          8404
     2.900         0         0          4041
     3.000         0         0         13883
     2.700         0         0          4042
     3.700         0         0         20213
     2.700         0         0          4044
     2.600         0         0          4045
     2.500         0         0          4046
     2.600         0         0         15613
     2.800         0         0          4048
     2.500         0         0          4049
     2.500         0         0          8425
     2.900         0         0          8371
     2.900         0         0         11643
     2.900         0         0          4050
     2.700         0         0          4051
     2.800         0         0         13463
     2.700         0         0          4052
     3.100         0         0          4054
     2.500         0         0          4055
     2.900         0         0         15618
     2.500         0         0          8432
     2.600         0         0          4057
     3.100         0         0          4058
     2.800         0         0          8431
     3.200         0         0          8423
     3.000         0         0          4059
     3.000         0         0          4060
     3.000         0         0         13902
     2.500         0         0          4061
     2.600         0         0          4062
     2.900         0         0         15623
     2.600         0         0         17143
     2.500         0         0          8426
     2.500         0         0         17136
     2.600         0         0          4064
     2.500         0         0         11645
     2.500         0         0          4065
     2.500         0         0          4066
     2.800         0         0         11649
     3.200         0         0          8452
     2.700         0         0         13894
     2.700         0         0          4068
     2.900         0         0          8455
     2.800         0         0          4069
     2.700         0         0          4070
     3.000         0         0          4071
     2.500         0         0          4072
     2.900         0         0         13908
     2.800         0         0         11675
     2.500         0         0         11672
     2.600         0         0         11677
     2.600         0         0          8472
     2.500         0         0         15611
     2.500         0         0          4076
     3.300         0         0          8462
     3.000         0         0         11670
     2.500         0         0          8482
     3.100         0         0          8460
     2.600         0         0          4077
     2.600         0         0         20543
     2.700         0         0          8456
     3.000         0         0         20787
     2.500         0         0          4078
     2.500         0         0         15616
     3.800         0         0         13920
     2.900         0         0          4079
     2.500         0         0         13926
     3.100         0         0          8415
     2.700         0         0         11638
     2.600         0         0          4080
     3.400         0         0         17151
     2.500         0         0          4081
     2.800         0         0         17146
     2.800         0         0          4082
     3.400         0         0          4083
     2.500         0         0          4084
     2.600         0         0         13925
     3.100         0         0         13916
     2.700         0         0         11674
     2.500         0         0          4085
     2.600         0         0          4088
     2.800         0         0          4089
     2.900         0         0          4090
     2.900         0         0         15625
     2.800         0         0         13741
     2.500         0         0          4091
     2.700         0         0          4092
     2.900         0         0         13911
     2.800         0         0         11678
     2.900         0         0         20541
     2.800         0         0          8413
     2.700         0         0          4097
     2.800         0         0         13743
     2.700         0         0          4100
     2.800         0         0          4101
     2.800         0         0          4102
     2.500         0         0          4105
     2.600         0         0          4107
     2.700         0         0         11686
     2.700         0         0         11655
     2.800         0         0          4109
     3.000         0         0          4110
     2.900         0         0         13900
     2.500         0         0          4113
     2.500         0         0          4114
     2.500         0         0         17144
     3.000         0         0          4115
     3.100         0         0          4116
     2.800         0         0          4117
     2.600         0         0         20786
     2.500         0         0          4118
     2.600         0         0          4120
     2.800         0         0          4121
     3.500         0         0          4122
     2.600         0         0         19075
     3.300         0         0          4124
     2.500         0         0         15621
     2.600         0         0          4125
     2.500         0         0         13917
     2.700         0         0          4126
     2.900         0         0          8514
     2.500         0         0          4128
     2.600         0         0         13930
     2.800         0         0          4129
     3.100         0         0          8492
     2.700         0         0          4130
     2.900         0         0          4132
     2.600         0         0          4133
     2.700         0         0         13934
     2.500         0         0          4134
     3.100         0         0          4135
     2.500         0         0         15627
     2.500         0         0          8519
     2.900         0         0         13789
     3.000         0         0          4136
     2.700         0         0          4137
     2.600         0         0          4138
     2.500         0         0          4139
     2.900         0         0          4141
     2.700         0         0          4142
     2.500         0         0          4143
     2.800         0         0          4144
     2.500         0         0         11235
     2.600         0         0          4147
     2.600         0         0          4148
     2.800         0         0         20788
     2.500         0         0          4149
     2.600         0         0          4150
     2.700         0         0         11690
     2.500         0         0          4153
     2.800         0         0          8525
     2.500         0         0          4154
     2.500         0         0          4156
     2.600         0         0          4157
     2.500         0         0          4158
     2.500         0         0         11357
     2.500         0         0          4159
     2.600         0         0         11711
     2.500         0         0          4161
     2.600         0         0          4162
     2.800         0         0         20230
     2.500         0         0         20789
     2.500         0         0         15649
     2.500         0         0         15647
     2.500         0         0         19086
     2.500         0         0          4165
     2.900         0         0          4166
     3.400         0         0          4167
     4.000         0         0          4168
     2.700         0         0         13918
     2.600         0         0          8531
     3.000         0         0          8520
     2.700         0         0         17128
     2.900         0         0          4169
     2.900         0         0          4170
     3.200         0         0         20920
     2.900         0         0          4171
     2.600         0         0          4172
     3.000         0         0          4173
     2.600         0         0         11708
     3.400         0         0          4174
     2.600         0         0         11710
     2.700         0         0          4175
     2.700         0         0          4176
     2.900         0         0          4177
     2.500         0         0         17158
     2.500         0         0          4179
     2.700         0         0          4180
     2.600         0         0          4181
     3.200         0         0         17160
     2.800         0         0          4184
     2.900         0         0          4185
     2.800         0         0          4186
     2.900         0         0          4187
     3.200         0         0          4188
     2.500         0         0          8539
     2.500         0         0          4189
     2.500         0         0          4190
     3.100         0         0          4192
     2.500         0         0          8547
     2.500         0         0          4193
     2.500         0         0          4194
     2.900         0         0          4195
     2.600         0         0          4196
     2.600         0         0          4197
     2.600         0         0          4198
     2.500         0         0          4199
     3.500         0         0          4200
     2.500         0         0         17156
     2.700         0         0         18267
     2.600         0         0          4202
     2.600         0         0          4203
     2.500         0         0         11726
     3.500         0         0          4204
     2.800         0         0          4205
     2.500         0         0          4206
     2.800         0         0          4208
     2.500         0         0          4209
     2.900         0         0          8556
     2.800         0         0          4210
     2.900         0         0         11722
     2.600         0         0         15447
     3.500         0         0         13948
     2.500         0         0         13950
     2.600         0         0         11731
     2.600         0         0         11732
     2.500         0         0          4216
     2.700         0         0          8557
     3.400         0         0          4217
     2.500         0         0          4218
     2.700         0         0         17154
     2.700         0         0          8550
     2.900         0         0          4220
     2.500         0         0          4221
     3.300         0         0          4222
     2.600         0         0          4223
     2.500         0         0          8570
     3.000         0         0          4224
     2.600         0         0         20814
     2.500         0         0          4226
     2.600         0         0         20221
     3.100         0         0          4228
     3.000         0         0          4229
     2.900         0         0          4231
     2.700         0         0          4232
     2.700         0         0          4233
     3.300         0         0         15663
     2.700         0         0          8584
     2.500         0         0          4234
     3.000         0         0          4235
     2.600         0         0          4236
     3.500         0         0          4237
     2.600         0         0          4238
     2.600         0         0          4239
     2.900         0         0         11729
     2.800         0         0          4241
     2.600         0         0          4242
     2.600         0         0          4243
     2.500         0         0          8581
     2.700         0         0         17193
     2.900         0         0         15689
     2.500         0         0         15705
     2.500         0         0         15683
     2.700         0         0         17192
     2.500         0         0          4245
     3.100         0         0         18295
     2.500         0         0         15690
     3.500         0         0          4247
     2.800         0         0          4248
     2.700         0         0         17180
     2.800         0         0         15656
     2.800         0         0         13975
     2.500         0         0         17188
     2.900         0         0          4249
     2.500         0         0          4250
     2.600         0         0          8591
     2.500         0         0          4251
     2.500         0         0          4252
     2.700         0         0         18301
     2.600         0         0         18288
     2.500         0         0          4253
     3.100         0         0         15662
     2.600         0         0          4254
     2.900         0         0          4255
     2.800         0         0          4256
     2.500         0         0         18281
     2.500         0         0         13978
     2.500         0         0         15678
     2.800         0         0          4257
     2.700         0         0          4258
     2.900         0         0         18302
     2.800         0         0         20950
     3.100         0         0         21035
     2.700         0         0          4259
     2.700         0         0          4260
     3.000         0         0          4261
     2.500         0         0         17215
     3.200         0         0          4262
     2.800         0         0          8597
     2.500         0         0         20611
     2.500         0         0          4263
     2.600         0         0         11764
     2.700         0         0         13969
     2.800         0         0         17219
     2.600         0         0          4264
     3.400         0         0         20835
     2.600         0         0         15672
     3.000         0         0         15716
     2.700         0         0          8595
     2.900         0         0          4266
     2.500         0         0          4267
     2.800         0         0          4268
     2.900         0         0          4269
     2.500         0         0          4270
     2.600         0         0          4271
     2.700         0         0         15639
     2.500         0         0          4272
     2.800         0         0         15507
     2.600         0         0         15546
     2.500         0         0         20965
     2.700         0         0          4273
     2.600         0         0         13972
     2.500         0         0         18311
     3.300         0         0          4274
     3.200         0         0          4275
     3.200         0         0         20966
     2.600         0         0          4276
     3.000         0         0         21057
     2.600         0         0         20956
     2.500         0         0         21120
     2.600         0         0         20963
     2.500         0         0         21047
     2.700         0         0         20608
     2.500         0         0         21067
     2.800         0         0         20262
     2.700         0         0         11736
     2.800         0         0          4278
     2.500         0         0          8553
     2.800         0         0         18298
     2.700         0         0         11777
     2.500         0         0         17197
     2.800         0         0          4279
     2.900         0         0          4280
     2.600         0         0          4282
     3.300         0         0         20958
     2.500         0         0         20181
     2.500         0         0          8368
     3.400         0         0         18179
     2.600         0         0         19019
     2.600         0         0          4283
     2.700         0         0          4284
     2.600         0         0         20954
     2.500         0         0         18177
     3.000         0         0         18313
     2.800         0         0          4286
     2.600         0         0          4287
     2.600         0         0          4288
     3.200         0         0         11704
     2.700         0         0          4289
     2.500         0         0         17140
     2.900         0         0          4290
     2.900         0         0          4291
     3.300         0         0          4292
     2.600         0         0          4293
     2.900         0         0          4294
     3.200         0         0          4295
     2.500         0         0         15638
     3.000         0         0          4296
     2.600         0         0          8616
     2.500         0         0         11783
     2.600         0         0          4299
     2.500         0         0          4301
     3.600         0         0          4302
     3.200         0         0          8600
     2.500         0         0          4303
     2.600         0         0         21307
     3.500         0         0          4304
     2.700         0         0          8618
     2.500         0         0         13909
     2.600         0         0          4305
     3.200         0         0         20180
     2.500         0         0         19745
     3.000         0         0         19744
     2.900         0         0         18178
     2.600         0         0         17218
     3.000         0         0          4306
     2.700         0         0         11781
     2.800         0         0          8621
     2.800         0         0          8607
     2.600         0         0         19088
     3.100         0         0          8620
     3.000         0         0          4307
     2.500         0         0          4308
     2.600         0         0          8619
     2.500         0         0          8622
     3.200         0         0         18272
     3.300         0         0          4311
     2.600         0         0          4312
     2.800         0         0          4313
     2.600         0         0          4314
     2.500         0         0         11780
     2.800         0         0         11791
     2.800         0         0         13644
     2.500         0         0          4316
     2.900         0         0         13954
     2.700         0         0          8623
     2.800         0         0          4317
     2.500         0         0         21198
     2.700         0         0          4318
     2.800         0         0         11684
     2.600         0         0          4320
     2.500         0         0          4321
     2.500         0         0          4322
     3.300         0         0          4323
     2.500         0         0          4324
     2.800         0         0         15714
     2.700         0         0         20836
     2.900         0         0          4325
     2.600         0         0          4326
     2.800         0         0          4327
     2.700         0         0          8493
     2.500         0         0          4328
     2.800         0         0         15668
     2.600         0         0          8629
     2.800         0         0          4330
     2.800         0         0          8587
     3.200         0         0         20602
     2.500         0         0          4331
     2.600         0         0         11681
     3.400         0         0          4332
     2.600         0         0          4333
     2.900         0         0          4334
     2.600         0         0         19098
     3.100         0         0         11804
     2.800         0         0         14000
     2.700         0         0         18321
     2.600         0         0          8645
     3.000         0         0          4338
     2.800         0         0          8634
     3.000         0         0         11801
     2.700         0         0          4340
     2.600         0         0         11706
     2.700         0         0          8606
     2.700         0         0         17227
     2.600         0         0          4341
     2.500         0         0          4342
     2.500         0         0          4343
     2.600         0         0          4345
     2.700         0         0         14002
     2.700         0         0          4346
     2.700         0         0          8664
     3.100         0         0         15654
     3.600         0         0         14005
     2.500         0         0         17234
     2.700         0         0         15738
     2.800         0         0         17164
     2.700         0         0          8666
     3.600         0         0         19126
     3.400         0         0          4350
     2.900         0         0         20270
     2.600         0         0          4352
     2.700         0         0          4354
     3.100         0         0         15788
     2.500         0         0          4355
     4.000         0         0          4356
     2.900         0         0          4358
     2.800         0         0         18331
     2.500         0         0          4359
     2.700         0         0         19128
     2.500         0         0          8671
     2.600         0         0         11682
     2.500         0         0          4362
     3.000         0         0         17183
     2.700         0         0          8649
     2.500         0         0         14009
     2.600         0         0         13971
     2.600         0         0         11820
     2.800         0         0          4363
     3.200         0         0          8604
     3.100         0         0         19085
     2.700         0         0         11786
     3.000         0         0          4365
     2.700         0         0          8661
     2.500         0         0          4366
     2.500         0         0          4367
     2.500         0         0          4368
     2.500         0         0         18325
     2.500         0         0          4369
     3.100         0         0          4370
     2.700         0         0          8690
     2.900         0         0          8684
     2.600         0         0         11785
     2.800         0         0          4371
     2.800         0         0          4372
     3.000         0         0          4373
     2.900         0         0          4374
     2.600         0         0          4375
     2.600         0         0          4376
     3.600         0         0          4377
     2.500         0         0          8693
     2.900         0         0          8692
     2.500         0         0          4379
     3.100         0         0         15789
     2.800         0         0          4380
     2.600         0         0          4381
     3.800         0         0          4382
     2.900         0         0         17162
     2.500         0         0         19127
     2.500         0         0         11828
     2.500         0         0         18323
     2.500         0         0         20610
     2.500         0         0         11827
     3.100         0         0          4384
     3.300         0         0          4385
     2.800         0         0          4386
     2.800         0         0          4389
     2.900         0         0          8434
     3.100         0         0         15717
     2.800         0         0         11784
     2.600         0         0          4391
     3.000         0         0          4392
     2.700         0         0         11830
     2.500         0         0         19760
     3.100         0         0         11831
     3.000         0         0          4395
     2.500         0         0          4396
     2.500         0         0          4397
     2.600         0         0          4399
     2.900         0         0          4400
     2.700         0         0          8707
     2.500         0         0          4401
     2.700         0         0         15796
     2.500         0         0          4403
     2.700         0         0          4404
     3.000         0         0          4405
     2.800         0         0         18342
     3.100         0         0         18349
     3.300         0         0         19136
     3.400         0         0         11557
     2.500         0         0          4408
     2.700         0         0         11843
     2.600         0         0         21072
     2.500         0         0          4410
     2.900         0         0         18337
     2.500         0         0          8567
     2.600         0         0          4411
     2.800         0         0          8696
     2.600         0         0         15805
     2.700         0         0          4413
     2.700         0         0         11503
     2.500         0         0          4414
     2.600         0         0         19771
     2.500         0         0          4415
     2.700         0         0          4416
     2.700         0         0         15780
     2.500         0         0          8714
     3.300         0         0         21255
     2.600         0         0         20260
     2.600         0         0          4418
     2.700         0         0         20974
     2.600         0         0         21076
     2.600         0         0         21213
     2.600         0         0         21281
     3.000         0         0          4420
     3.300         0         0          4421
     2.900         0         0         17249
     2.900         0         0          4422
     2.800         0         0          4423
     2.600         0         0         19658
     2.500         0         0         21310
     2.600         0         0          4424
     2.700         0         0          4425
     2.900         0         0          4426
     2.500         0         0         17252
     2.700         0         0         18283
     2.800         0         0         14028
     2.500         0         0          8734
     2.700         0         0          4428
     2.600         0         0         21071
     2.700         0         0         15752
     2.700         0         0         17253
     2.800         0         0         20614
     3.400         0         0          4432
     2.800         0         0          8747
     2.500         0         0         19770
     2.500         0         0          8737
     2.600         0         0         21250
     3.100         0         0          8742
     2.600         0         0         14033
     2.900         0         0          4434
     3.200         0         0         15806
     2.500         0         0         17290
     2.500         0         0         18371
     2.500         0         0         17291
     2.700         0         0         21208
     2.800         0         0         11852
     2.700         0         0         14022
     2.500         0         0         15795
     2.600         0         0          4436
     3.000         0         0          4437
     3.400         0         0         11702
     2.800         0         0          4438
     2.600         0         0          4439
     2.500         0         0          4440
     2.700         0         0         19144
     2.700         0         0          4441
     2.700         0         0          4442
     2.700         0         0          4443
     2.700         0         0         20967
     2.600         0         0          4444
     2.500         0         0          4445
     3.100         0         0         11839
     2.600         0         0         17238
     2.500         0         0          4447
     2.900         0         0         15631
     2.700         0         0          8740
     2.900         0         0          4449
     2.600         0         0          4450
     2.700         0         0          8755
     2.500         0         0          4451
     3.000         0         0          4453
     2.700         0         0         20816
     2.800         0         0         11837
     2.600         0         0         19147
     3.200         0         0          8676
     2.700         0         0          4454
     2.500         0         0          8757
     2.600         0         0          4456
     2.600         0         0         15605
     2.800         0         0          4458
     2.500         0         0         21300
     2.700         0         0         21278
     2.700         0         0         21299
     2.600         0         0          8754
     2.700         0         0          4460
     2.600         0         0         11826
     2.900         0         0          8738
     2.500         0         0          4461
     3.300         0         0          4462
     2.700         0         0          4463
     3.100         0         0         19143
     3.000         0         0         15783
     2.600         0         0          8766
     3.300         0         0          8728
     2.600         0         0          4464
     2.600         0         0          4465
     2.900         0         0          8631
     2.700         0         0         19777
     3.700         0         0          4467
     3.400         0         0         19115
     2.800         0         0          4468
     3.100         0         0         21121
     2.600         0         0          4469
     3.000         0         0         21276
     3.100         0         0         21275
     2.700         0         0          4471
     2.500         0         0          4472
     2.500         0         0          4474
     3.100         0         0          4475
     3.100         0         0          4476
     2.500         0         0          4477
     2.600         0         0         15761
     2.500         0         0          4478
     2.700         0         0         20582
     2.500         0         0          4480
     2.600         0         0          4481
     2.500         0         0          4482
     3.100         0         0         11864
     2.600         0         0          4484
     2.900         0         0          4485
     3.100         0         0         11856
     3.100         0         0          4486
     2.600         0         0         20272
     3.000         0         0          4489
     2.600         0         0          4490
     2.700         0         0         15784
     2.900         0         0          4493
     2.700         0         0         14037
     2.700         0         0          4495
     2.500         0         0          4496
     2.700         0         0          4497
     2.800         0         0         20281
     2.700         0         0          4498
     2.500         0         0          8725
     2.700         0         0         19148
     3.100         0         0          4499
     2.600         0         0         17228
     2.500         0         0          4500
     2.600         0         0          4501
     2.500         0         0         19112
     3.700         0         0          4502
     2.500         0         0          4505
     2.500         0         0          4507
     3.000         0         0          4508
     2.500         0         0          4509
     2.800         0         0          4511
     2.500         0         0          8803
     2.500         0         0         11882
     2.800         0         0          8806
     3.900         0         0          8776
     2.600         0         0          4514
     2.600         0         0         21319
     2.800         0         0          4515
     2.800         0         0         21136
     2.500         0         0          4517
     2.600         0         0          4518
     2.600         0         0         18316
     2.900         0         0         19152
     2.900         0         0          4519
     2.600         0         0         21320
     3.300         0         0         11888
     2.500         0         0          4521
     2.700         0         0          4522
     2.500         0         0          4523
     2.700         0         0         11851
     2.700         0         0         17267
     3.000         0         0          4524
     2.700         0         0          4525
     3.500         0         0          4526
     2.500         0         0          4527
     2.700         0         0         11880
     2.700         0         0         18334
     2.500         0         0         18347
     2.500         0         0         11859
     3.200         0         0         11883
     2.900         0         0          8646
     2.500         0         0          4529
     2.600         0         0          4530
     2.500         0         0          4531
     2.800         0         0          8689
     3.000         0         0          4532
     2.800         0         0          4533
     2.500         0         0          4534
     2.800         0         0          4535
     3.000         0         0          4536
     2.800         0         0          4538
     3.200         0         0          4539
     3.100         0         0          4540
     2.600         0         0          4542
     3.100         0         0          4543
     3.400         0         0          4544
     2.500         0         0         15729
     2.600         0         0          4545
     2.600         0         0          4546
     2.900         0         0          8816
     2.600         0         0          8815
     2.500         0         0          4547
     3.000         0         0          4548
     2.700         0         0          4550
     2.600         0         0          4551
     2.700         0         0          4553
     2.600         0         0          4554
     2.900         0         0          4555
     2.600         0         0          4556
     2.500         0         0          4557
     3.300         0         0         21079
     2.500         0         0          8765
     2.500         0         0          8688
     2.900         0         0         11822
     2.500         0         0         14063
     2.500         0         0         14060
     2.800         0         0          4562
     2.800         0         0          4563
     2.600         0         0         17270
     2.500         0         0         13956
     3.500         0         0          8818
     2.800         0         0          4564
     2.500         0         0          4565
     3.000         0         0          4566
     2.900         0         0          4567
     2.800         0         0          4568
     2.600         0         0          8830
     2.500         0         0          4569
     2.500         0         0          4570
     2.900         0         0          4571
     2.500         0         0          4572
     3.100         0         0          4576
     3.500         0         0          8832
     2.500         0         0          4579
     3.000         0         0          4580
     2.700         0         0          4581
     3.100         0         0         14064
     2.600         0         0          8842
     3.000         0         0          4584
     3.000         0         0         14068
     2.500         0         0         11868
     2.500         0         0         14053
     2.500         0         0          4586
     2.500         0         0         14049
     2.800         0         0         19151
     2.700         0         0          4587
     2.600         0         0         11905
     2.600         0         0          4588
     2.600         0         0          4589
     2.900         0         0         14036
     3.100         0         0          4590
     3.200         0         0          4591
     2.500         0         0          4592
     3.700         0         0          4594
     2.800         0         0          4595
     2.900         0         0         15760
     3.000         0         0         11907
     2.600         0         0          4596
     2.500         0         0         19111
     2.700         0         0         14034
     2.600         0         0          4597
     2.700         0         0         11887
     2.500         0         0          4599
     3.100         0         0          4601
     2.900         0         0          8548
     3.500         0         0          4602
     3.300         0         0          4604
     2.800         0         0          8855
     2.600         0         0          4605
     2.500         0         0          8857
     3.200         0         0          4607
     2.600         0         0          4609
     2.700         0         0         11915
     3.000         0         0         15823
     3.200         0         0          4612
     2.600         0         0         15822
     2.500         0         0          8849
     3.000         0         0          4613
     2.700         0         0         21053
     2.500         0         0         11884
     2.500         0         0          4614
     2.700         0         0         18385
     2.500         0         0          4615
     2.900         0         0          4616
     2.800         0         0         17200
     2.500         0         0          4617
     2.800         0         0         17299
     3.100         0         0          4618
     2.700         0         0         17303
     2.600         0         0          8876
     3.100         0         0          4620
     2.900         0         0          4621
     2.900         0         0         14077
     2.800         0         0         21284
     3.400         0         0          4622
     2.700         0         0          8872
     2.600         0         0          4623
     3.100         0         0          4625
     2.700         0         0          8881
     2.800         0         0          4627
     2.500         0         0          4628
     2.500         0         0         15813
     2.900         0         0          4629
     2.700         0         0         11921
     3.200         0         0         19167
     3.100         0         0          4630
     2.500         0         0          4631
     2.900         0         0          4632
     2.500         0         0          4634
     2.600         0         0         18380
     2.600         0         0          4635
     2.800         0         0         19168
     3.200         0         0          4636
     3.600         0         0         11929
     2.700         0         0          4637
     2.600         0         0         19790
     2.600         0         0          4638
     2.800         0         0          4639
     2.500         0         0          4640
     2.600         0         0          4641
     2.500         0         0          4643
     2.600         0         0          8852
     2.500         0         0          4644
     2.700         0         0          4645
     2.700         0         0          4646
     2.500         0         0          4647
     2.900         0         0         14066
     3.400         0         0          4648
     2.800         0         0          8888
     2.800         0         0          4649
     2.800         0         0          4650
     2.800         0         0         11095
     3.000         0         0         13382
     2.700         0         0          4651
     2.900         0         0          4652
     3.100         0         0          8889
     2.700         0         0          4654
     2.500         0         0         11943
     2.600         0         0          4655
     3.100         0         0         11942
     2.900         0         0         11947
     2.600         0         0          4657
     2.500         0         0          4658
     3.800         0         0          4659
     2.800         0         0          4660
     2.900         0         0          4661
     3.000         0         0          4662
     2.500         0         0          4663
     3.200         0         0          8906
     2.500         0         0          4665
     2.500         0         0          4667
     2.700         0         0         17049
     3.100         0         0          8879
     2.900         0         0          4669
     2.500         0         0          4670
     2.900         0         0          4671
     2.800         0         0          4672
     3.200         0         0          4673
     2.800         0         0          8886
     2.500         0         0          4674
     2.600         0         0          4675
     2.500         0         0         19172
     2.600         0         0          4677
     2.500         0         0         17047
     2.500         0         0          4678
     2.500         0         0          4681
     2.500         0         0          4682
     2.600         0         0         11944
     2.500         0         0          8909
     3.000         0         0         15841
     3.100         0         0          4683
     2.900         0         0          4684
     3.400         0         0         11962
     2.500         0         0          4686
     2.600         0         0          4687
     3.200         0         0          4688
     2.700         0         0          4689
     2.600         0         0         14095
     2.600         0         0          4690
     2.800         0         0          4693
     2.600         0         0          4694
     2.800         0         0         14094
     2.500         0         0          8927
     2.700         0         0          4696
     2.500         0         0          4697
     2.900         0         0          4698
     2.600         0         0          4699
     3.100         0         0         13792
     2.900         0         0         14096
     2.500         0         0          4700
     2.800         0         0         14076
     2.500         0         0         14097
     3.100         0         0          4701
     2.700         0         0          4702
     2.500         0         0         19027
     2.500         0         0         17339
     2.500         0         0         19801
     2.600         0         0          4704
     2.500         0         0          8935
     2.700         0         0         19806
     2.700         0         0          4705
     2.800         0         0          4706
     3.100         0         0          4707
     2.500         0         0          8932
     2.600         0         0         11967
     2.900         0         0          8912
     2.900         0         0          4708
     2.500         0         0          4709
     2.700         0         0          8937
     3.100         0         0          4710
     3.100         0         0          4711
     2.500         0         0          4712
     2.800         0         0          4713
     2.600         0         0         19799
     2.800         0         0         19795
     2.500         0         0          4715
     2.600         0         0          4716
     2.800         0         0          8939
     2.600         0         0         11966
     2.800         0         0          4721
     3.200         0         0          4722
     2.600         0         0         14098
     2.600         0         0         17352
     3.100         0         0         17330
     2.500         0         0          4723
     2.500         0         0          4724
     2.600         0         0          4725
     2.500         0         0         15620
     2.500         0         0          4726
     3.000         0         0          4727
     2.700         0         0         17308
     2.800         0         0         17310
     2.900         0         0          4729
     3.300         0         0          4730
     2.600         0         0         11970
     3.400         0         0         20286
     3.200         0         0          4731
     2.900         0         0          4732
     2.500         0         0          4733
     3.200         0         0          4734
     2.500         0         0          4736
     2.500         0         0          4738
     3.000         0         0          4739
     2.500         0         0          4740
     2.500         0         0          4741
     2.600         0         0          4742
     2.800         0         0          4743
     2.700         0         0          4744
     2.700         0         0          4745
     2.500         0         0          4746
     2.500         0         0          4748
     3.300         0         0          4749
     2.600         0         0          4750
     3.200         0         0          4751
     3.200         0         0          4752
     3.600         0         0         11975
     2.700         0         0          4753
     2.500         0         0          4754
     2.600         0         0          4755
     2.600         0         0          4756
     3.300         0         0          4757
     2.900         0         0         20287
     2.500         0         0          4758
     2.600         0         0         20622
     2.500         0         0          8959
     2.700         0         0          4760
     3.200         0         0         17321
     2.500         0         0          4761
     2.800         0         0          4762
     2.500         0         0          4763
     2.600         0         0          8718
     2.700         0         0          4764
     2.700         0         0          4765
     2.600         0         0          4766
     2.900         0         0          4767
     2.600         0         0          4768
     3.300         0         0          8708
     2.700         0         0          4769
     2.900         0         0         11858
     2.700         0         0          4770
     2.500         0         0         15815
     2.600         0         0          4771
     2.500         0         0         19158
     2.500         0         0          8949
     2.500         0         0         11892
     2.700         0         0         19156
     2.600         0         0         19787
     2.500         0         0          4773
     2.600         0         0          4774
     3.700         0         0          4775
     3.000         0         0         20619
     3.300         0         0          4778
     3.000         0         0         18376
     2.600         0         0          4779
     3.300         0         0          4780
     2.900         0         0          8967
     2.500         0         0          8963
     2.600         0         0         11981
     2.800         0         0          4782
     2.500         0         0         13670
     2.500         0         0         17165
     2.800         0         0          4784
     2.600         0         0         17285
     2.600         0         0          4785
     2.500         0         0          4786
     2.800         0         0          4787
     2.600         0         0         17335
     2.600         0         0          8972
     2.900         0         0          4789
     3.000         0         0          4790
     3.600         0         0         11985
     2.500         0         0         21245
     3.300         0         0          8970
     3.200         0         0          4791
     2.600         0         0          4792
     2.600         0         0          4794
     3.400         0         0         15516
     3.300         0         0         17083
     2.900         0         0          4795
     3.200         0         0          4796
     2.500         0         0          4797
     2.800         0         0          4798
     3.400         0         0          4799
     2.800         0         0          4800
     2.600         0         0          4801
     2.600         0         0          4802
     3.000         0         0          4803
     2.600         0         0          8974
     2.500         0         0         14105
     3.300         0         0          4807
     2.700         0         0         14110
     2.500         0         0          4808
     3.200         0         0          4809
     3.200         0         0          4812
     2.500         0         0         17381
     2.600         0         0          4813
     2.600         0         0          4814
     2.500         0         0          4815
     2.600         0         0          4816
     2.500         0         0          4818
     2.600         0         0          4820
     2.600         0         0         15809
     2.900         0         0          4821
     3.600         0         0          4823
     2.800         0         0          4824
     2.600         0         0          4825
     2.500         0         0         14056
     3.200         0         0          4826
     2.700         0         0          4827
     2.900         0         0          4828
     2.500         0         0          4830
     2.800         0         0          4831
     2.500         0         0          4832
     2.700         0         0         20250
     2.600         0         0         21043
     3.100         0         0          4835
     2.500         0         0          4836
     2.500         0         0         20824
     2.900         0         0          4838
     2.500         0         0         21119
     2.800         0         0          4839
     2.800         0         0         17377
     2.900         0         0          4840
     3.200         0         0          8991
     2.600         0         0         12002
     2.600         0         0          8739
     2.700         0         0         20254
     2.600         0         0          4841
     2.500         0         0         20592
     2.500         0         0         20268
     2.900         0         0          4843
     2.500         0         0         12004
     2.700         0         0         21044
     2.500         0         0          8995
     2.500         0         0          8996
     2.900         0         0         14116
     2.700         0         0         14113
     2.500         0         0          4848
     2.500         0         0          4849
     2.700         0         0          4851
     2.700         0         0          8858
     2.700         0         0         12031
     2.600         0         0         17166
     2.800         0         0          4852
     2.600         0         0         12034
     2.700         0         0          4853
     2.900         0         0          4854
     3.200         0         0         14117
     2.800         0         0          4855
     2.900         0         0          4856
     2.600         0         0         12007
     2.800         0         0         20829
     3.000         0         0         15854
     2.500         0         0         12014
     2.800         0         0          4858
     3.600         0         0          9004
     2.800         0         0          4861
     2.900         0         0          4862
     2.500         0         0          4863
     2.600         0         0          4864
     2.700         0         0          4865
     2.500         0         0          4866
     2.500         0         0          4868
     2.500         0         0          8981
     2.800         0         0         15600
     2.700         0         0         20823
     2.500         0         0          4870
     3.000         0         0          9001
     2.500         0         0          4871
     2.700         0         0          4872
     2.600         0         0          4874
     2.500         0         0          4875
     2.600         0         0          4876
     3.800         0         0          4878
     2.500         0         0          8884
     2.500         0         0          4881
     2.600         0         0         15861
     3.000         0         0         19811
     2.800         0         0         11932
     3.000         0         0          9016
     2.700         0         0         12037
     2.500         0         0          4884
     2.600         0         0          4885
     2.700         0         0          9023
     3.000         0         0          8989
     2.600         0         0          8999
     2.500         0         0          4889
     2.600         0         0          4890
     3.000         0         0         12047
     2.600         0         0         12001
     2.900         0         0          4891
     2.600         0         0          4892
     2.700         0         0         15751
     2.600         0         0          4894
     3.400         0         0          9028
     3.100         0         0          4895
     3.700         0         0          4896
     2.600         0         0          4898
     2.900         0         0          4899
     2.600         0         0         12049
     2.900         0         0          4901
     2.700         0         0          4902
     2.700         0         0          4903
     3.400         0         0          4904
     2.600         0         0          9033
     2.800         0         0          4905
     2.700         0         0          4906
     2.900         0         0         19805
     3.200         0         0         15872
     3.700         0         0         17392
     2.600         0         0          4908
     3.000         0         0          4910
     2.600         0         0         17387
     2.500         0         0         11986
     2.500         0         0         12052
     3.200         0         0         19194
     2.800         0         0          4911
     2.900         0         0          4914
     2.700         0         0          4915
     2.800         0         0         18428
     3.100         0         0         19192
     2.800         0         0          4916
     3.500         0         0          4918
     2.500         0         0         15866
     2.600         0         0          4919
     3.100         0         0         18431
     2.900         0         0          4920
     2.500         0         0          4921
     2.500         0         0          4922
     2.600         0         0          9044
     2.500         0         0          4923
     3.000         0         0          4925
     3.300         0         0         15879
     2.500         0         0          4926
     2.600         0         0          4928
     2.700         0         0          4929
     2.800         0         0          4930
     2.600         0         0          4932
     2.600         0         0          4933
     2.900         0         0         15839
     2.700         0         0          4934
     2.500         0         0         17389
     2.600         0         0         18424
     2.600         0         0         20290
     2.700         0         0         20289
     2.500         0         0         19813
     2.500         0         0         15585
     2.500         0         0          4936
     2.600         0         0         20822
     2.600         0         0          8856
     2.700         0         0         19169
     3.200         0         0         14146
     2.900         0         0         15898
     2.800         0         0         12078
     2.600         0         0         19815
     2.900         0         0         12073
     2.500         0         0          9043
     2.800         0         0         20623
     2.500         0         0          4939
     2.500         0         0         18446
     3.000         0         0          4940
     2.800         0         0          9041
     2.700         0         0         19198
     2.900         0         0         17406
     2.500         0         0         15967
     2.700         0         0         15942
     2.800         0         0         14147
     2.800         0         0          4942
     2.500         0         0          4943
     2.600         0         0         14140
     2.700         0         0          8817
     2.600         0         0         17410
     3.000         0         0          4944
     2.700         0         0          4945
     2.700         0         0          4946
     2.600         0         0         12059
     2.500         0         0         12068
     3.000         0         0          4947
     2.600         0         0         15893
     2.600         0         0          4948
     3.200         0         0         17445
     2.700         0         0         15889
     3.000         0         0         15868
     2.500         0         0          4949
     2.800         0         0         18440
     2.500         0         0          4950
     2.700         0         0         15863
     2.500         0         0          4951
     3.000         0         0          4953
     2.500         0         0          4954
     2.500         0         0          4955
     2.500         0         0          4956
     2.500         0         0         12082
     2.600         0         0          9061
     3.000         0         0         15873
     2.700         0         0         11936
     2.500         0         0          4957
     3.400         0         0         14144
     3.200         0         0          4958
     2.600         0         0          4959
     2.900         0         0         15932
     2.600         0         0          4961
     2.500         0         0         12041
     2.500         0         0          4962
     2.500         0         0         17427
     3.000         0         0          4963
     2.900         0         0          4964
     2.600         0         0          4965
     3.100         0         0         12058
     2.700         0         0         20621
     2.800         0         0          4966
     2.500         0         0         12074
     2.600         0         0          4967
     2.500         0         0         20291
     2.800         0         0         12086
     2.500         0         0         12054
     2.600         0         0         17430
     3.400         0         0         12085
     2.500         0         0          4969
     2.700         0         0          4970
     2.700         0         0          9078
     2.500         0         0         17416
     2.600         0         0          9027
     3.000         0         0         20550
     2.700         0         0          9082
     2.900         0         0         12096
     2.600         0         0          4974
     2.700         0         0         14141
     2.500         0         0          4975
     2.700         0         0         14185
     2.600         0         0          4976
     3.200         0         0          9085
     2.800         0         0          4977
     2.700         0         0          4978
     3.000         0         0         17426
     2.500         0         0          4979
     2.500         0         0         14178
     2.600         0         0          4980
     2.600         0         0          9076
     2.500         0         0          4981
     2.500         0         0          4982
     2.700         0         0          4983
     2.700         0         0         17420
     3.000         0         0         15974
     2.600         0         0          4984
     2.500         0         0          4986
     2.700         0         0         12112
     3.100         0         0         12104
     2.900         0         0          9088
     2.500         0         0         15910
     2.600         0         0          4988
     2.600         0         0          4989
     2.600         0         0          4990
     3.100         0         0          4991
     2.700         0         0          4992
     2.700         0         0          9092
     2.700         0         0         15958
     2.500         0         0         15951
     2.700         0         0         14173
     2.700         0         0         15978
     2.500         0         0          4994
     3.000         0         0          4996
     3.100         0         0          4997
     3.000         0         0         12103
     2.500         0         0          4998
     2.600         0         0          4999
     2.700         0         0          5000
     2.600         0         0          9100
     2.500         0         0          8931
     3.000         0         0         12117
     3.600         0         0          5002
     2.800         0         0         12077
     2.900         0         0         14143
     2.600         0         0          9102
     2.600         0         0          5003
     2.500         0         0         15891
     2.900         0         0          5005
     2.600         0         0          8378
     2.600         0         0         11625
     3.200         0         0         19812
     2.500         0         0          5006
     2.700         0         0         14170
     2.600         0         0          5007
     2.500         0         0          9090
     2.500         0         0          5008
     2.800         0         0          5009
     2.600         0         0         18475
     2.500         0         0         14134
     2.700         0         0          5011
     2.800         0         0          5012
     2.600         0         0         15674
     2.500         0         0         17182
     2.600         0         0         18476
     3.100         0         0          5013
     2.700         0         0          5015
     3.600         0         0          9109
     2.600         0         0          5018
     2.500         0         0         15902
     2.800         0         0          9107
     2.700         0         0          5020
     2.500         0         0          5022
     2.500         0         0          5023
     3.300         0         0          5026
     2.800         0         0         17250
     2.600         0         0          9106
     2.500         0         0          9126
     3.100         0         0          5028
     2.600         0         0          5029
     2.800         0         0         12029
     2.600         0         0          5031
     2.700         0         0          5032
     2.500         0         0          5033
     2.900         0         0          5034
     3.500         0         0          5035
     3.100         0         0          5036
     3.100         0         0          5037
     2.700         0         0         15980
     2.700         0         0         17465
     3.100         0         0          5040
     2.700         0         0         14195
     2.800         0         0          5041
     2.600         0         0         12089
     2.700         0         0         18384
     3.200         0         0         14192
     3.000         0         0         12023
     2.900         0         0          9123
     2.900         0         0          5044
     2.600         0         0          5045
     3.300         0         0          9134
     2.600         0         0          5046
     2.600         0         0         15892
     3.100         0         0          5047
     2.600         0         0          9029
     2.700         0         0          9118
     2.600         0         0          9051
     2.700         0         0          5048
     2.800         0         0         11705
     2.700         0         0         15937
     2.500         0         0          5049
     2.500         0         0          5050
     2.800         0         0         15977
     2.800         0         0          5052
     2.900         0         0          5053
     2.800         0         0          5054
     2.700         0         0          5055
     2.500         0         0          5056
     3.000         0         0          5057
     3.500         0         0         15943
     2.700         0         0         18461
     2.900         0         0          5058
     2.500         0         0          5059
     2.500         0         0         14114
     2.900         0         0          5060
     2.700         0         0          9135
     2.600         0         0         17126
     2.500         0         0          5061
     2.500         0         0          5062
     3.000         0         0          5063
     2.900         0         0         18459
     3.100         0         0          5065
     2.600         0         0          5066
     2.500         0         0          5067
     2.800         0         0         12132
     2.500         0         0          5068
     2.500         0         0         12108
     3.800         0         0          5069
     2.500         0         0          5070
     3.700         0         0          9141
     3.300         0         0          5071
     2.500         0         0          5072
     2.900         0         0          5073
     3.300         0         0          5074
     2.900         0         0          5075
     2.600         0         0          9143
     2.700         0         0         17334
     2.800         0         0          8950
     2.500         0         0          5077
     2.500         0         0          5078
     2.500         0         0          5079
     2.600         0         0          5080
     2.600         0         0          5082
     2.800         0         0         12088
     2.500         0         0          9148
     2.800         0         0          5084
     2.500         0         0         14083
     3.000         0         0         15829
     2.500         0         0         14203
     2.800         0         0         12030
     2.700         0         0         14124
     2.700         0         0          5085
     2.600         0         0          5086
     3.200         0         0         17437
     3.400         0         0         18477
     2.700         0         0         19210
     2.600         0         0         19209
     2.500         0         0          5087
     2.800         0         0          5088
     3.000         0         0          5089
     2.600         0         0          9139
     2.700         0         0          5090
     2.700         0         0          5091
     2.800         0         0          9155
     2.500         0         0          5092
     2.500         0         0          9108
     2.500         0         0         12136
     2.500         0         0          5093
     2.900         0         0          5094
     2.600         0         0          9159
     2.600         0         0          9161
     2.500         0         0          9156
     2.800         0         0          5096
     2.700         0         0          9158
     2.600         0         0          5097
     2.600         0         0          5098
     3.600         0         0          5100
     2.500         0         0          5102
     2.800         0         0          5103
     2.700         0         0         14196
     2.500         0         0          5104
     2.600         0         0         15275
     2.800         0         0         18305
     2.500         0         0         11687
     2.800         0         0         12154
     2.800         0         0          5107
     2.600         0         0          9171
     2.500         0         0         20594
     2.900         0         0         12150
     2.500         0         0          5108
     2.600         0         0          5109
     2.600         0         0          5110
     3.000         0         0          5111
     3.100         0         0          5112
     3.000         0         0         11794
     2.500         0         0          5114
     2.500         0         0          5115
     2.800         0         0         12149
     2.700         0         0          5117
     2.500         0         0          5118
     2.900         0         0          5119
     2.500         0         0          5120
     2.700         0         0          5121
     2.800         0         0          5122
     3.300         0         0          5123
     2.800         0         0          5125
     2.600         0         0          5126
     2.500         0         0          5127
     2.600         0         0          5128
     2.700         0         0          5129
     2.600         0         0          5130
     2.800         0         0          9187
     2.800         0         0         14121
     2.900         0         0          9157
     3.400         0         0          9179
     2.700         0         0          5131
     2.500         0         0          5132
     2.900         0         0          5133
     3.200         0         0          5135
     2.900         0         0         14204
     2.600         0         0          5136
     2.800         0         0          5141
     2.600         0         0          9197
     2.700         0         0          9191
     2.500         0         0         12162
     2.500         0         0         19193
     2.700         0         0          5142
     2.700         0         0          5143
     2.700         0         0          5144
     2.700         0         0         14213
     2.900         0         0          9142
     2.700         0         0         12135
     2.900         0         0         12008
     2.600         0         0          5146
     2.700         0         0         12165
     2.500         0         0          5149
     3.100         0         0          5150
     2.500         0         0          5151
     3.600         0         0         15984
     2.900         0         0         12155
     2.600         0         0         14209
     2.800         0         0          5152
     2.700         0         0          5153
     2.700         0         0          5154
     2.500         0         0          5155
     3.300         0         0          5157
     2.500         0         0          9202
     2.500         0         0          5159
     3.100         0         0          5160
     2.500         0         0          5162
     3.100         0         0          5164
     2.900         0         0         15931
     2.600         0         0          5165
     2.600         0         0         12028
     3.000         0         0          5166
     2.500         0         0          5167
     2.900         0         0         12168
     2.800         0         0         11833
     3.100         0         0          5168
     2.500         0         0          5170
     2.500         0         0          9209
     2.600         0         0          5173
     2.900         0         0         11769
     3.400         0         0          5175
     2.900         0         0          5176
     2.700         0         0          5177
     2.600         0         0          5178
     2.700         0         0          5179
     2.500         0         0          5181
     2.600         0         0          5182
     2.600         0         0          5183
     2.500         0         0          5184
     2.600         0         0          5185
     2.700         0         0          5186
     2.500         0         0          5187
     2.500         0         0          5190
     2.800         0         0          5192
     2.700         0         0          5193
     2.500         0         0          5194
     2.700         0         0         14246
     2.600         0         0         16030
     2.600         0         0         16024
     2.500         0         0         17493
     2.600         0         0          5196
     2.700         0         0          5197
     2.500         0         0         14239
     2.500         0         0         14255
     2.700         0         0          5198
     2.800         0         0          5199
     3.500         0         0          5200
     2.600         0         0         15988
     2.700         0         0         15997
     2.600         0         0          5201
     2.500         0         0         18492
     2.600         0         0          5202
     2.800         0         0         17467
     2.800         0         0         18496
     2.700         0         0         12179
     2.700         0         0          5203
     2.600         0         0          9184
     2.700         0         0          5204
     2.700         0         0          5205
     3.000         0         0         17488
     2.700         0         0         16029
     2.600         0         0          5206
     2.700         0         0          5207
     2.600         0         0          5208
     2.800         0         0         11829
     2.500         0         0          5209
     3.200         0         0         17494
     2.500         0         0         17490
     2.500         0         0         15996
     2.500         0         0          5210
     2.700         0         0          5211
     2.700         0         0         17496
     3.100         0         0         11935
     2.700         0         0          5213
     2.500         0         0         18488
     2.800         0         0          8805
     2.900         0         0         16033
     2.600         0         0          9232
     3.000         0         0         17469
     2.700         0         0          5215
     2.500         0         0         17480
     2.600         0         0          5217
     2.600         0         0         16042
     3.100         0         0          5218
     2.700         0         0         14268
     2.500         0         0          9237
     2.600         0         0          5219
     2.500         0         0         16040
     2.600         0         0          5220
     2.500         0         0         16027
     2.600         0         0          5221
     3.300         0         0          5222
     2.600         0         0          5223
     2.700         0         0          5225
     2.700         0         0          5226
     2.600         0         0          5228
     2.800         0         0         18469
     2.500         0         0         19212
     2.600         0         0          5230
     2.600         0         0          5231
     3.000         0         0         19208
     2.700         0         0          5232
     2.700         0         0         15400
     3.100         0         0          5233
     2.700         0         0          5235
     2.500         0         0          5236
     2.700         0         0          5238
     2.500         0         0          5239
     2.700         0         0          5240
     2.600         0         0          9236
     2.900         0         0          5241
     2.500         0         0         19778
     2.700         0         0          5243
     2.700         0         0          5244
     2.700         0         0         12091
     2.700         0         0          8956
     3.600         0         0          5245
     2.700         0         0          9247
     2.900         0         0          5246
