year,month,day,hour,minute,sec,ID,lat,lon,depth,mag
1959.0,1.0,1.0,11.0,45.0,47.27,0.0,19.754159532899944,-155.740753880756,42.970592476605184,2.8
1959.0,1.0,3.0,14.0,0.0,43.01,1.0,18.98404373996223,-155.72782140257027,33.504224102261524,4.9
1959.0,1.0,3.0,19.0,26.0,0.96,2.0,19.389828569141663,-155.74730444664593,22.62530597146254,2.6
1959.0,1.0,4.0,12.0,55.0,54.73,3.0,19.811739561211446,-155.60667332001876,19.733241956743598,3.2
1959.0,1.0,5.0,0.0,10.0,37.53,4.0,19.82405515345112,-155.33895194589445,14.665526011216254,2.6
1959.0,1.0,5.0,7.0,6.0,8.35,5.0,19.547324044126217,-155.72632984464713,17.334697963427793,2.5
1959.0,1.0,7.0,8.0,11.0,16.04,6.0,19.15064019238189,-155.6474361593473,30.67684920323992,2.6
1959.0,1.0,9.0,7.0,1.0,24.06,7.0,19.66490194483653,-154.9874406773899,14.75759972936373,3.8
1959.0,1.0,10.0,9.0,45.0,20.3,8.0,19.3520076443784,-155.8301192565394,12.581927315067036,2.7
1959.0,1.0,25.0,2.0,34.0,29.11,9.0,19.59701153426229,-155.95426678027923,1.319145476018718,2.6
1959.0,1.0,28.0,18.0,8.0,35.17,10.0,19.264418588805263,-155.84411163475076,38.06529355197351,2.6
1959.0,2.0,2.0,1.0,43.0,7.24,11.0,19.762558046891424,-155.96329909494872,5.073563129902581,3.0
1959.0,2.0,3.0,23.0,40.0,58.35,12.0,19.574755831496173,-155.64253755854227,44.83521774718834,2.5
1959.0,2.0,11.0,7.0,30.0,22.42,13.0,19.837852752708923,-155.2589739961486,2.383872482966983,2.6
1959.0,2.0,17.0,22.0,28.0,24.76,14.0,19.99698274199563,-155.3025010282496,36.49331769353634,2.9
1959.0,2.0,22.0,6.0,16.0,51.32,15.0,19.83830412167338,-155.60229959694428,15.938080970032347,2.8
1959.0,2.0,26.0,10.0,40.0,51.76,16.0,19.63075714706152,-155.67855245751744,40.55212973286026,2.5
1959.0,3.0,14.0,7.0,23.0,49.3,17.0,19.61233725751295,-155.60777815760832,20.578547360209928,2.9
1959.0,3.0,21.0,11.0,14.0,49.1,18.0,19.56486310793941,-154.96478467542954,28.304893776293547,2.8
1959.0,3.0,28.0,11.0,0.0,49.44,19.0,19.669277124543456,-155.87965774592902,2.414575475732338,4.3
1959.0,3.0,28.0,21.0,50.0,26.01,20.0,19.445835892874435,-155.3631267198636,35.43662154940742,2.8
1959.0,3.0,31.0,9.0,22.0,11.46,21.0,19.761600341929626,-155.64708527680548,15.819254524397426,2.5
1959.0,4.0,2.0,6.0,23.0,20.45,22.0,19.70338472579319,-155.89520041015368,18.686560350572673,3.4
1959.0,4.0,4.0,3.0,33.0,15.91,23.0,19.361281153141658,-155.70254771932483,13.258827489418573,3.2
1959.0,4.0,9.0,20.0,54.0,41.28,24.0,19.709408555504613,-155.36039605200713,17.947355772920105,2.8
1959.0,4.0,17.0,4.0,38.0,20.95,25.0,19.663076776030817,-155.2527072871787,42.240741293473334,2.7
1959.0,4.0,24.0,8.0,0.0,12.54,26.0,19.75251098335349,-155.68212261957623,23.63961170200735,3.9
1959.0,4.0,24.0,14.0,45.0,5.97,27.0,19.572751144981662,-155.54773431333095,35.95847451057348,2.8
1959.0,5.0,4.0,3.0,40.0,52.53,28.0,19.698597493028057,-155.93275268965968,36.256677587651566,3.6
1959.0,5.0,4.0,15.0,47.0,48.03,29.0,19.5461404520578,-155.9240665010448,21.41660869598922,2.7
1959.0,5.0,11.0,15.0,51.0,12.33,31.0,19.82711748093009,-155.45637598537672,1.830547451597007,2.6
1959.0,5.0,17.0,2.0,5.0,45.71,32.0,19.539051343812712,-155.67012538809757,7.612530514876672,3.6
1959.0,5.0,18.0,16.0,34.0,57.36,33.0,19.69609520887332,-155.92874366893406,40.91659471326203,2.5
1959.0,5.0,21.0,4.0,19.0,8.4,34.0,19.10337744432572,-155.84269782053389,18.066760060977433,2.6
1959.0,5.0,25.0,3.0,46.0,14.46,35.0,19.747010310371586,-155.27670060260007,25.38666070835424,2.6
1959.0,5.0,26.0,16.0,57.0,48.67,36.0,19.96533257762461,-155.38671674002438,39.76481257292986,3.0
1959.0,6.0,4.0,8.0,44.0,4.17,37.0,19.91673101971833,-155.22891953018794,28.735370942242703,2.6
1959.0,6.0,6.0,3.0,16.0,42.98,38.0,19.840084581915576,-155.72193357150155,28.083614436149034,3.1
1959.0,6.0,15.0,5.0,56.0,30.04,39.0,19.57322784570831,-155.71425207484356,43.05206647284678,2.8
1959.0,6.0,16.0,13.0,16.0,48.46,40.0,19.45237807403665,-154.9419735752861,6.162451424571929,2.5
1959.0,6.0,23.0,17.0,21.0,59.05,42.0,19.416502942870835,-155.06275618327555,16.7207106655293,2.5
1959.0,6.0,24.0,9.0,7.0,38.8,43.0,19.599704628434065,-155.0665000473368,19.297475973072256,3.3
1959.0,7.0,18.0,8.0,47.0,18.84,44.0,19.46952829098824,-155.8168375591537,4.258570247544304,4.5
1959.0,7.0,21.0,11.0,21.0,38.22,45.0,19.49613200708656,-155.90053839160188,23.950563262007044,2.8
1959.0,7.0,25.0,23.0,45.0,7.89,46.0,19.958764764849693,-155.44933852585132,16.520877202700635,2.6
1959.0,8.0,15.0,18.0,37.0,53.59,48.0,19.388136445591595,-155.184892881015,1.6161202230561336,2.7
1959.0,8.0,18.0,0.0,28.0,12.48,49.0,19.59734694750855,-154.9939392007687,28.99934146663601,2.5
1959.0,8.0,28.0,12.0,18.0,15.0,51.0,19.083859729763567,-155.5889679225363,8.762293923558795,3.7
1959.0,9.0,2.0,0.0,8.0,9.61,52.0,19.9421743805664,-155.2156262277012,4.733064030842865,2.6
1959.0,9.0,2.0,2.0,27.0,1.86,53.0,19.55414233008615,-155.9159901050769,26.118256252824505,2.8
1959.0,9.0,19.0,23.0,47.0,12.35,55.0,19.58050864415111,-155.80065530740382,22.2941586757777,2.8
1959.0,9.0,23.0,19.0,42.0,21.32,56.0,19.74047234026432,-155.33859469479978,32.42368485703535,2.8
1959.0,9.0,28.0,3.0,6.0,6.52,57.0,19.46629779154566,-155.2993821653776,23.158301034398797,3.1
1959.0,10.0,2.0,19.0,42.0,45.11,58.0,19.689939562715526,-155.4182119355018,25.83130903385337,3.3
1959.0,10.0,18.0,15.0,56.0,57.54,59.0,19.36957430521661,-155.50554174458745,31.024894712315433,2.8
1959.0,10.0,21.0,18.0,0.0,28.58,60.0,19.48788131675535,-155.92088897704303,14.82465891283302,3.1
1959.0,10.0,24.0,20.0,38.0,8.13,61.0,18.992572386530806,-155.63530815535705,29.553109559541785,2.5
1959.0,11.0,8.0,5.0,46.0,8.76,62.0,20.0512776365054,-155.40350143937357,12.381525227310021,2.8
1959.0,11.0,10.0,14.0,0.0,26.86,63.0,19.611008745463,-155.43131916811765,42.208632319865444,3.0
1959.0,11.0,12.0,8.0,10.0,0.62,64.0,19.785203911331426,-155.72351967305843,20.86844541028277,2.5
1959.0,11.0,16.0,23.0,2.0,51.46,65.0,19.713672309183867,-155.22890140970466,19.14736039681212,2.6
1959.0,11.0,19.0,10.0,30.0,47.19,66.0,19.44941645653844,-155.61408360204652,3.4110957685626806,3.2
1959.0,11.0,26.0,0.0,17.0,29.56,67.0,19.585153669893185,-155.88075359083197,21.29411160824532,2.5
1959.0,11.0,29.0,23.0,26.0,5.27,68.0,19.633071842407524,-155.3686829103232,10.652330476180596,2.6
1959.0,12.0,5.0,8.0,53.0,44.05,70.0,19.27866111524679,-155.77676697194997,6.31628612014744,2.7
1959.0,12.0,6.0,15.0,7.0,57.62,71.0,20.0074652149492,-155.4164950044074,16.307395543129196,3.2
1959.0,12.0,13.0,9.0,48.0,41.66,74.0,19.8077754066916,-155.3189213915782,7.373988532620875,3.6
1960.0,1.0,1.0,6.0,40.0,29.92,75.0,19.6297572421882,-155.83391168687572,38.2218923469982,2.5
1960.0,1.0,2.0,7.0,42.0,41.65,76.0,19.2828503271072,-155.6508225454415,39.88192075579832,2.6
1960.0,1.0,9.0,18.0,10.0,5.33,78.0,19.46318788873907,-155.5629054365633,32.102041283250045,2.5
1960.0,1.0,31.0,17.0,34.0,34.14,79.0,19.685398577932265,-155.59635346398542,32.25731864633636,2.5
1960.0,2.0,4.0,3.0,28.0,22.45,80.0,20.012658614723808,-155.71849075063747,12.085707149543046,2.6
1960.0,2.0,5.0,9.0,53.0,47.1,81.0,19.877598255301784,-155.8591702739622,38.917436548298866,3.3
1960.0,2.0,9.0,7.0,20.0,7.43,82.0,19.665057101101542,-155.79531641512307,43.193394163516224,2.6
1960.0,2.0,21.0,3.0,27.0,41.09,83.0,19.41806047955644,-155.07837177453226,30.12413686878382,3.0
1960.0,2.0,25.0,6.0,20.0,30.58,84.0,19.603485791551808,-155.56629262378743,10.313803183183417,2.7
1960.0,2.0,26.0,19.0,20.0,32.9,85.0,19.92891413892022,-155.57308079670617,15.519880387227584,3.3
1960.0,2.0,29.0,21.0,49.0,43.52,86.0,19.264140179420107,-155.85858663362157,36.36722820924778,2.8
1960.0,3.0,4.0,5.0,19.0,12.11,87.0,19.71866005517948,-155.32249786256838,20.038162891007712,2.6
1960.0,3.0,5.0,6.0,29.0,46.88,88.0,19.44053628314273,-155.15318457940054,30.952025240305097,5.2
1960.0,3.0,28.0,7.0,15.0,29.93,89.0,19.32173807815881,-155.74351257729876,12.212022584425494,3.1
1960.0,4.0,1.0,17.0,18.0,49.27,90.0,19.988003694513846,-155.67282503876922,13.64184626552323,3.2
1960.0,4.0,5.0,9.0,28.0,13.26,91.0,19.91993666124153,-155.62602617082342,27.86697612106628,2.6
1960.0,4.0,5.0,13.0,23.0,7.43,92.0,19.64999896362684,-155.0515212994345,36.35483768325772,2.5
1960.0,4.0,7.0,21.0,39.0,8.43,93.0,20.073145937846267,-155.69573264945953,14.997726183451938,2.5
1960.0,4.0,15.0,3.0,53.0,5.51,95.0,19.3442470739595,-155.53156078596166,3.2931018986551295,2.5
1960.0,4.0,25.0,19.0,14.0,42.29,97.0,19.579522042089128,-155.05927550895797,13.445199526538499,2.5
1960.0,5.0,3.0,8.0,7.0,24.72,99.0,19.106845772617707,-155.85957114177302,16.68409186244461,3.3
1960.0,5.0,13.0,11.0,41.0,41.71,100.0,19.701813358105795,-155.8263205350589,36.0109573940137,4.2
1960.0,5.0,21.0,5.0,10.0,57.2,101.0,19.253619610208585,-155.6076886236755,6.666295319730514,2.5
1960.0,5.0,29.0,6.0,45.0,37.02,102.0,19.83805749157329,-155.87268263023077,9.225042037261758,3.5
1960.0,5.0,30.0,22.0,51.0,27.66,103.0,20.102462220718824,-155.746041575381,7.907246704037686,2.7
1960.0,6.0,4.0,18.0,22.0,49.95,104.0,20.00314952888502,-155.7097685711723,38.419994771489776,2.9
1960.0,6.0,7.0,14.0,30.0,23.6,105.0,19.06685155314669,-155.8313941766181,43.013940306531055,2.9
1960.0,6.0,11.0,18.0,40.0,4.37,106.0,19.53370035472349,-155.23767775357229,12.887955950003608,2.7
1960.0,6.0,25.0,7.0,58.0,40.79,107.0,19.488840593244724,-155.7760820489291,18.283600908906095,2.5
1960.0,7.0,4.0,22.0,36.0,10.12,108.0,19.11442329345367,-155.6765993048164,30.879278231283802,2.5
1960.0,7.0,5.0,14.0,56.0,4.65,109.0,19.593258830247144,-155.6798631499863,28.98156125102871,2.5
1960.0,7.0,11.0,6.0,10.0,58.36,110.0,19.61005398072084,-155.9321801637182,35.99823288209401,3.4
1960.0,7.0,14.0,2.0,43.0,19.7,111.0,19.893255786873983,-155.4534122380903,42.6757269184437,2.5
1960.0,7.0,22.0,15.0,48.0,31.99,112.0,19.966842613857835,-155.26724865184434,28.28200744982915,2.6
1960.0,8.0,3.0,3.0,18.0,44.73,113.0,19.43211983739843,-155.1842766932416,5.922164437782626,3.0
1960.0,8.0,4.0,20.0,8.0,54.07,114.0,19.5621108469862,-155.17499922656785,37.650943292123515,2.5
1960.0,8.0,6.0,9.0,57.0,54.19,115.0,19.057650030462508,-155.72359175833282,20.34057800029576,4.2
1960.0,8.0,8.0,16.0,21.0,59.84,116.0,19.33842706137195,-155.01852651586373,16.020814916086234,2.5
1960.0,8.0,15.0,5.0,30.0,28.45,117.0,20.121833146754803,-155.68007152180803,10.144974822531875,2.6
1960.0,8.0,21.0,0.0,22.0,5.59,118.0,19.42512199021466,-155.83846193562286,29.236064907056726,2.6
1960.0,8.0,21.0,12.0,41.0,29.48,119.0,19.66578202534816,-155.59892502422272,3.646763996321277,2.7
1960.0,8.0,21.0,16.0,23.0,46.02,120.0,20.029157117175693,-155.7641209805012,17.078424456924452,2.6
1960.0,8.0,30.0,13.0,7.0,34.78,121.0,19.39727076932555,-155.44074935385518,30.09052561144465,4.3
1960.0,9.0,18.0,4.0,46.0,35.92,123.0,19.83965842358202,-155.79783341624895,33.69596074815396,2.9
1960.0,9.0,30.0,17.0,1.0,49.13,124.0,19.819625986692245,-155.15063656022485,33.03205810222325,3.8
1960.0,9.0,30.0,22.0,54.0,54.44,125.0,19.72358571304764,-155.7867694220284,39.18496328959284,2.5
1960.0,10.0,7.0,1.0,31.0,35.24,126.0,19.48896063968329,-154.93409851766214,28.032760242566322,3.6
1960.0,10.0,11.0,2.0,21.0,50.33,127.0,20.01172417794012,-155.6966152519976,35.947305511696875,3.1
1960.0,10.0,30.0,21.0,32.0,52.41,128.0,19.47976657045107,-155.81220338382522,14.073391793305218,2.5
1960.0,11.0,5.0,19.0,13.0,59.34,130.0,19.480628248641725,-155.31314917195638,32.189641159875116,3.7
1960.0,11.0,11.0,14.0,6.0,44.31,131.0,19.80464496735962,-156.00419341843494,39.52231216405057,2.7
1960.0,11.0,16.0,1.0,41.0,38.87,132.0,19.781364744891405,-155.73121214458075,32.51306671267302,3.3
1960.0,11.0,22.0,2.0,38.0,22.88,133.0,19.43222917604709,-155.824121042779,30.63662270621174,2.8
1960.0,11.0,25.0,9.0,12.0,15.01,134.0,20.08530150071153,-155.53712752498845,11.036645403681435,4.1
1960.0,11.0,25.0,22.0,33.0,29.71,135.0,19.334523239282152,-155.168546144657,10.259807638588148,2.6
1960.0,11.0,25.0,23.0,30.0,16.99,136.0,20.064296773274137,-155.81962182336974,41.997056843843104,2.5
1960.0,12.0,5.0,18.0,57.0,53.41,137.0,19.72414359344002,-155.2715744177774,3.999214538602744,2.5
1960.0,12.0,16.0,5.0,51.0,48.69,138.0,19.807782495051327,-155.37389585347617,23.884559090486604,2.6
1960.0,12.0,17.0,6.0,24.0,18.0,139.0,19.816357995374634,-155.55801956417812,29.714277849176014,2.6
1960.0,12.0,23.0,18.0,48.0,16.54,141.0,19.41119366165647,-155.84511792806128,15.426976105091583,2.5
1961.0,1.0,5.0,21.0,59.0,41.42,142.0,19.25190904180756,-155.29128465016024,34.972435916656714,2.5
1961.0,1.0,11.0,13.0,44.0,26.66,143.0,20.068702299349912,-155.38997722531607,10.70332489566407,2.7
1961.0,1.0,20.0,19.0,4.0,44.84,144.0,19.9090225350266,-155.50597648614982,18.551183812703528,2.5
1961.0,2.0,8.0,6.0,13.0,4.55,145.0,19.459123155144365,-155.5355391191228,44.553541548207384,2.9
1961.0,2.0,22.0,20.0,19.0,7.72,148.0,19.69749437035394,-155.83014394283933,43.17611077216343,3.2
1961.0,2.0,23.0,13.0,12.0,35.66,149.0,19.8876792891826,-155.27227536906943,17.542195885630655,2.5
1961.0,3.0,4.0,18.0,38.0,55.02,150.0,19.4855215415968,-155.0256539885753,29.050729588068663,2.5
1961.0,3.0,6.0,9.0,17.0,30.74,151.0,19.26366275670762,-155.25842270462408,37.006994200659605,2.6
1961.0,3.0,10.0,17.0,5.0,42.18,152.0,20.185298451684474,-155.829938301091,42.055277948460045,3.1
1961.0,3.0,17.0,21.0,0.0,48.96,153.0,19.77784102535979,-155.08373333753696,41.70414744914246,2.6
1961.0,3.0,19.0,11.0,59.0,28.68,154.0,19.364084560568987,-155.6064656280552,30.72869936022803,2.9
1961.0,3.0,23.0,10.0,59.0,2.36,155.0,19.33104220480521,-155.02372034653808,1.8134229674988718,2.6
1961.0,3.0,30.0,6.0,34.0,9.77,156.0,19.272290581953232,-155.6758107728129,31.257377728233493,3.5
1961.0,3.0,31.0,11.0,37.0,39.33,157.0,19.353606773774903,-155.4256716493831,21.671748382307165,3.0
1961.0,4.0,1.0,11.0,15.0,38.79,158.0,19.099706783319924,-155.74943876578138,26.919260197434237,4.0
1961.0,4.0,3.0,11.0,27.0,1.36,159.0,20.07262827071663,-155.66149831167868,18.90822935031807,2.8
1961.0,4.0,18.0,8.0,5.0,43.85,160.0,19.062639853728967,-155.7762343785509,11.259754826641196,2.5
1961.0,4.0,20.0,17.0,34.0,9.3,161.0,19.71570513632264,-155.43086484480213,15.851047244349614,2.5
1961.0,4.0,23.0,18.0,23.0,16.62,162.0,19.32942231686525,-155.23141872114002,36.295343147625864,2.8
1961.0,4.0,25.0,12.0,41.0,37.44,163.0,19.51909417693311,-155.42045858502954,7.082054334006673,2.5
1961.0,4.0,26.0,10.0,36.0,38.35,164.0,19.48948495262512,-155.02537792819925,37.87989052801451,2.9
1961.0,4.0,28.0,21.0,21.0,29.52,165.0,19.534762606019008,-155.7663743674045,32.839986648357794,2.7
1961.0,4.0,29.0,3.0,26.0,17.38,166.0,19.559572691449866,-155.8893582016985,20.05601162096807,3.6
1961.0,5.0,11.0,17.0,31.0,3.29,167.0,19.13282470672717,-155.6475022473065,37.42863251817868,2.7
1961.0,5.0,12.0,12.0,11.0,49.11,168.0,19.189777340828105,-155.46423229144878,10.923043378018168,2.6
1961.0,5.0,13.0,16.0,50.0,57.66,169.0,19.36949463699564,-155.28711041571884,44.26415898566559,2.8
1961.0,5.0,26.0,21.0,39.0,3.19,170.0,19.0861643421129,-155.8698383323956,1.6567321844173142,2.9
1961.0,5.0,27.0,3.0,16.0,51.79,171.0,19.55654155415536,-155.06393692170855,5.0347476866647956,3.1
1961.0,5.0,28.0,11.0,19.0,14.57,172.0,19.9204337347748,-155.1662127488706,31.037201154613424,3.3
1961.0,5.0,28.0,17.0,12.0,49.63,173.0,19.650518713729262,-155.05062175638673,9.868894280753466,2.8
1961.0,5.0,30.0,23.0,39.0,4.76,174.0,19.329091504332187,-155.26291389351195,26.882431354837653,3.5
1961.0,6.0,27.0,0.0,49.0,37.86,175.0,19.63112944095753,-155.37265506580815,31.35976858626025,3.5
1961.0,6.0,28.0,5.0,8.0,38.62,176.0,19.57688935744769,-155.14935449329565,10.692876461105277,2.8
1961.0,7.0,11.0,19.0,12.0,37.83,177.0,18.96534842283665,-155.62949596520392,27.64632018907121,3.1
1961.0,7.0,16.0,7.0,20.0,46.18,178.0,19.69741249069232,-155.68550736859615,10.116980760198087,3.4
1961.0,7.0,19.0,18.0,15.0,27.57,179.0,19.660232191082624,-155.76200334008846,25.005704836425657,2.6
1961.0,7.0,20.0,9.0,6.0,33.43,180.0,19.351048215419784,-155.33839933966857,11.403183519509227,3.1
1961.0,8.0,1.0,16.0,25.0,51.98,182.0,19.517799987811912,-155.95258551914827,10.281753904980071,2.8
1961.0,8.0,9.0,12.0,46.0,34.99,183.0,19.855646836832182,-155.94530177430508,43.91495270230344,3.4
1961.0,8.0,11.0,1.0,9.0,48.33,184.0,19.927341106268774,-155.63080411354855,16.214395164176324,2.7
1961.0,8.0,12.0,1.0,50.0,56.87,185.0,19.65459409135333,-155.74002054393293,3.108860172541646,4.5
1961.0,8.0,26.0,3.0,40.0,11.95,186.0,19.59280082570082,-155.5351583159403,15.505724791592648,2.5
1961.0,8.0,26.0,23.0,20.0,18.96,187.0,19.272228293850752,-155.63751022422235,5.8103472911547165,2.5
1961.0,9.0,7.0,11.0,14.0,47.26,188.0,20.0376721011604,-155.32612144570876,11.726724185985661,2.5
1961.0,9.0,10.0,9.0,17.0,47.45,189.0,19.94756184302765,-155.6814097374664,40.98782954981013,2.5
1961.0,9.0,13.0,20.0,34.0,22.62,190.0,19.10270892160252,-155.56785223257242,17.96880224905479,2.7
1961.0,9.0,13.0,21.0,17.0,55.59,191.0,19.79784741047829,-155.2781691281596,10.165064269175359,2.7
1961.0,9.0,25.0,5.0,29.0,58.69,192.0,20.08964518425124,-155.56939736896965,12.330770731949599,2.9
1961.0,10.0,3.0,6.0,19.0,13.21,193.0,19.320090416859124,-155.52154453202348,38.76988086899459,3.3
1961.0,10.0,4.0,4.0,44.0,55.71,194.0,19.89478477033116,-155.3514575794285,39.75041278478866,3.9
1961.0,10.0,14.0,10.0,7.0,0.92,195.0,19.54337575089865,-154.92111606883583,33.38403217918359,3.1
1961.0,10.0,16.0,0.0,28.0,6.14,196.0,19.682923949675978,-155.4751995040698,3.044324686831415,2.6
1961.0,10.0,28.0,4.0,52.0,49.56,197.0,19.589553962186383,-155.26244107097492,9.911850288737142,3.0
1961.0,10.0,31.0,21.0,36.0,21.14,198.0,19.77570563324264,-155.48571278514075,24.987950680025023,2.8
1961.0,11.0,14.0,5.0,18.0,29.81,199.0,19.532872102539105,-155.17643548729083,4.918866498279005,3.3
1961.0,11.0,16.0,1.0,23.0,16.49,200.0,19.15344866946828,-155.78477117111925,4.693432806651151,2.9
1961.0,11.0,22.0,5.0,15.0,20.07,201.0,20.06524454707405,-155.43813600282326,25.860433924857983,2.5
1961.0,11.0,23.0,3.0,45.0,22.15,202.0,19.86259994681742,-155.3139744890846,30.22981278640439,4.3
1961.0,11.0,24.0,11.0,31.0,3.82,203.0,19.68013190667858,-155.81522145532892,13.079435472398805,2.5
1961.0,12.0,3.0,5.0,3.0,46.17,204.0,19.900431678730023,-155.8953311330756,43.56475848639059,2.5
1961.0,12.0,6.0,22.0,53.0,47.05,205.0,19.662975794081824,-155.08245828174122,15.75423660749816,2.9
1961.0,12.0,17.0,9.0,44.0,47.34,207.0,19.01255052826418,-155.61934443903533,32.66205345323421,3.1
1961.0,12.0,23.0,17.0,7.0,49.33,208.0,19.50075778306031,-155.76154344465218,40.07913987518202,2.9
1961.0,12.0,25.0,14.0,39.0,46.16,209.0,19.931464303845047,-155.47265631756693,41.95856077582428,3.2
1961.0,12.0,31.0,0.0,54.0,12.44,210.0,19.23480243651758,-155.52663084078017,44.441067995573455,3.1
1962.0,1.0,16.0,16.0,48.0,52.48,211.0,19.26215954862233,-155.72168758864674,42.02018758022046,3.2
1962.0,1.0,26.0,2.0,10.0,21.41,212.0,19.77381809377581,-155.7715726666911,7.963437373751637,2.9
1962.0,1.0,27.0,6.0,18.0,7.72,213.0,20.12403866905624,-155.6878390903909,1.9342755236603053,2.9
1962.0,1.0,29.0,14.0,0.0,7.54,214.0,19.577813017046005,-155.50763587962751,15.895380915131469,2.8
1962.0,1.0,30.0,15.0,16.0,12.18,215.0,19.843129603605604,-155.6996916702942,14.802521391799218,2.8
1962.0,2.0,25.0,1.0,15.0,49.17,216.0,20.0415190533884,-155.4981894174477,16.895275663210956,2.7
1962.0,2.0,25.0,23.0,32.0,59.52,217.0,19.348166819391984,-155.2076910362445,3.647736749543935,2.5
1962.0,2.0,27.0,6.0,6.0,17.71,218.0,19.40759649802388,-155.30257858927664,15.205824714243175,3.2
1962.0,3.0,4.0,12.0,59.0,53.35,219.0,19.95637039531537,-155.76676996359996,21.673763489007015,2.5
1962.0,3.0,5.0,11.0,50.0,31.65,220.0,19.802817497175564,-155.80942913524004,34.68687385548668,2.8
1962.0,3.0,10.0,12.0,21.0,29.75,221.0,19.355491442692625,-155.65342993151572,38.11233539409173,2.6
1962.0,3.0,14.0,6.0,13.0,21.21,222.0,19.76455552043938,-155.25354747794,32.76411975210078,3.1
1962.0,3.0,17.0,22.0,58.0,52.71,223.0,19.755062220701618,-155.65885682886145,34.73681890710412,2.8
1962.0,3.0,20.0,5.0,51.0,0.96,224.0,19.012963262232496,-155.68261337698678,36.263489991054016,2.7
1962.0,4.0,3.0,4.0,34.0,48.4,226.0,19.60459867668292,-155.34494658068286,31.633541503396785,2.6
1962.0,4.0,5.0,16.0,20.0,19.71,227.0,20.00261294480345,-155.66919933589145,28.813304267232127,2.7
1962.0,4.0,24.0,13.0,23.0,54.55,230.0,19.98856957169311,-155.4177513665911,41.53203030822296,3.0
1962.0,4.0,27.0,16.0,45.0,34.67,231.0,19.328133811293792,-155.30315540070245,42.42970268155382,2.5
1962.0,5.0,4.0,11.0,21.0,12.02,232.0,19.902176982322526,-155.28393316070944,30.495012623557145,2.5
1962.0,5.0,12.0,8.0,42.0,9.08,233.0,19.70172182205416,-155.14796072220054,8.582923655214554,2.5
1962.0,5.0,13.0,21.0,47.0,16.16,234.0,19.677644925668737,-155.13590626852792,1.1557811589681046,3.3
1962.0,5.0,18.0,23.0,37.0,30.36,235.0,19.02563282500564,-155.8062633353314,30.2659512574654,3.0
1962.0,5.0,19.0,5.0,30.0,12.42,236.0,19.674225380365503,-155.9471244155239,23.850171528081503,2.7
1962.0,5.0,20.0,7.0,18.0,6.25,237.0,18.995941658828336,-155.74432840014225,2.4926835453397556,2.6
1962.0,5.0,22.0,16.0,11.0,40.66,238.0,19.53690439196556,-155.85856459073776,25.35705696575864,2.8
1962.0,5.0,25.0,17.0,56.0,14.06,239.0,19.56962537875537,-155.72505720690296,14.106350795791009,2.5
1962.0,5.0,27.0,17.0,49.0,25.78,242.0,19.88232717530473,-155.89382164593138,28.830603284782203,2.5
1962.0,6.0,1.0,0.0,6.0,31.95,243.0,20.056431481618738,-155.65938691093115,44.297656075467714,2.6
1962.0,6.0,7.0,12.0,21.0,21.38,244.0,19.815676512620104,-155.92964420235307,38.16267027240856,3.3
1962.0,6.0,9.0,22.0,19.0,54.65,245.0,19.97840304679105,-155.60604165095765,25.854981795071218,3.3
1962.0,6.0,15.0,8.0,0.0,23.38,247.0,20.079501404667827,-155.762593485729,35.032879181785205,2.5
1962.0,6.0,21.0,14.0,51.0,28.1,248.0,19.74745728128167,-155.44900607274437,40.4424722957718,2.9
1962.0,6.0,22.0,21.0,49.0,28.44,249.0,19.751164926874537,-155.42995216092964,22.064774209778314,2.8
1962.0,6.0,26.0,20.0,33.0,13.75,250.0,19.734792981039284,-155.5134215168597,17.62554741610389,2.5
1962.0,6.0,28.0,14.0,54.0,54.47,251.0,20.14731189075064,-155.7905822756909,21.342916572785683,3.3
1962.0,7.0,4.0,17.0,31.0,0.13,252.0,19.35764121038522,-155.46964567822428,18.770510616375976,2.8
1962.0,7.0,6.0,19.0,1.0,24.11,253.0,19.50339265441534,-154.933830416302,27.913559567299234,2.7
1962.0,7.0,8.0,6.0,39.0,6.38,254.0,20.048428375014247,-155.78090654709496,42.25493798169904,2.6
1962.0,7.0,10.0,2.0,44.0,38.96,255.0,19.97980493771351,-155.83447372665873,22.36099751872799,2.6
1962.0,7.0,10.0,17.0,30.0,42.39,256.0,19.875716626573173,-155.6833521712963,26.278841171628823,2.5
1962.0,7.0,20.0,5.0,1.0,33.88,258.0,19.3078954610364,-155.72460980799676,27.68594388772084,3.0
1962.0,7.0,29.0,18.0,27.0,35.54,259.0,19.59576971987096,-154.91574054352293,38.63152968324899,2.8
1962.0,8.0,2.0,15.0,10.0,5.28,260.0,19.1307558919788,-155.7834899196034,22.226585980032333,2.6
1962.0,8.0,5.0,12.0,41.0,2.97,261.0,19.112034810523173,-155.64603288486512,14.265930567161366,2.6
1962.0,8.0,21.0,9.0,21.0,5.81,262.0,19.045007410799386,-155.8462400744452,12.948281507286707,2.5
1962.0,8.0,24.0,3.0,18.0,23.88,263.0,19.902501776396225,-155.45846424531,42.91937554713151,3.1
1962.0,9.0,10.0,10.0,32.0,25.6,265.0,19.23651852694114,-155.8158393254352,8.25835303397979,2.6
1962.0,9.0,14.0,20.0,15.0,6.58,266.0,19.882541530286744,-155.88878382878883,16.71591497680511,2.8
1962.0,9.0,15.0,12.0,10.0,28.59,267.0,19.87364724078596,-155.91612708652062,20.096594689784194,3.2
1962.0,9.0,19.0,3.0,53.0,20.26,268.0,19.697361333286,-155.92554210200396,16.264418787097597,2.8
1962.0,9.0,19.0,7.0,38.0,18.19,269.0,19.79170094833953,-155.68051521645594,26.412801048513973,3.0
1962.0,9.0,26.0,4.0,11.0,28.49,270.0,19.98308743998336,-155.55996717117048,13.83383051081079,3.0
1962.0,10.0,15.0,0.0,45.0,57.39,272.0,19.66946132707648,-155.1912756285211,43.113825213117366,3.3
1962.0,10.0,15.0,16.0,35.0,6.25,273.0,19.947820175728022,-155.62107894509418,44.7898020849444,2.7
1962.0,10.0,17.0,5.0,19.0,2.89,274.0,19.30834177304038,-155.86241363071977,29.076662385526053,2.7
1962.0,10.0,28.0,4.0,1.0,55.42,276.0,20.104811657290387,-155.81485857460035,26.44905230420232,2.9
1962.0,10.0,29.0,0.0,10.0,47.19,277.0,19.352628766612348,-155.38625595667065,40.97837415903402,3.0
1962.0,10.0,29.0,14.0,23.0,18.82,278.0,19.797338488918584,-155.9883912098706,43.369695259235954,3.1
1962.0,11.0,7.0,2.0,20.0,10.19,279.0,19.643373882909824,-154.98427066351076,42.646344420246606,2.6
1962.0,11.0,11.0,15.0,3.0,4.36,280.0,19.54952680411184,-155.82429698347113,17.57099786021638,3.1
1962.0,11.0,11.0,18.0,9.0,0.67,281.0,19.95071927098733,-155.55824881519408,20.222581501249415,2.8
1962.0,11.0,14.0,0.0,54.0,27.15,282.0,19.863169062133743,-155.22955773955877,6.7036307898573835,3.3
1962.0,11.0,15.0,3.0,51.0,19.42,283.0,19.51004975923971,-155.10619505892743,9.632931377288864,2.5
1962.0,11.0,19.0,1.0,17.0,45.96,284.0,19.560672419363144,-155.31372567343902,23.103407655337517,2.6
1962.0,11.0,28.0,4.0,18.0,0.26,285.0,19.628958361393185,-154.94467615986898,43.76862482603272,2.8
1962.0,11.0,28.0,10.0,4.0,6.67,286.0,19.83843397380094,-155.75556521465896,42.90814346546331,2.5
1962.0,12.0,7.0,3.0,32.0,21.49,287.0,19.52680273807508,-155.45037272928104,38.482635223107735,2.6
1962.0,12.0,13.0,12.0,16.0,21.43,289.0,19.82443225379013,-155.4866169805648,41.41612075758645,2.7
1962.0,12.0,16.0,16.0,26.0,44.85,290.0,19.877353365045423,-155.23298345142047,21.41806053407095,3.2
1962.0,12.0,29.0,2.0,56.0,31.45,292.0,19.879996276064027,-155.17131430150314,6.353489933757083,3.5
1963.0,1.0,2.0,16.0,19.0,21.31,293.0,19.92161901289646,-155.81326859069145,32.36850223246922,2.5
1963.0,1.0,4.0,1.0,7.0,16.7,294.0,19.019042268854545,-155.6780829474839,38.114030198588026,2.7
1963.0,1.0,9.0,14.0,4.0,43.48,295.0,20.047615824590004,-155.41688360682238,17.7610705333128,2.9
1963.0,1.0,14.0,14.0,6.0,28.57,296.0,19.63979392463674,-155.1510509908244,33.05867221404657,4.2
1963.0,1.0,15.0,8.0,31.0,32.96,297.0,19.10061721217093,-155.80303710659342,11.0533390018455,2.7
1963.0,1.0,18.0,2.0,19.0,24.97,299.0,19.30634357032382,-155.41375458168883,9.935972761967749,3.3
1963.0,1.0,21.0,1.0,56.0,14.97,300.0,19.76424909616013,-155.68097930749283,41.599033292989624,3.1
1963.0,1.0,25.0,16.0,0.0,45.52,302.0,19.66114105126073,-155.34120086965297,4.250376580755686,2.6
1963.0,1.0,26.0,2.0,4.0,24.63,303.0,20.18754950439876,-155.8850016201431,33.722276016003576,2.8
1963.0,1.0,31.0,9.0,39.0,23.89,304.0,19.15233657476846,-155.76700419012116,4.2350230456773374,2.8
1963.0,1.0,31.0,23.0,28.0,42.76,305.0,19.652729217118893,-154.97827256047748,4.627722210506672,2.6
1963.0,2.0,17.0,0.0,16.0,4.35,306.0,19.937282006342365,-155.48862994145867,36.030764077388575,2.9
1963.0,3.0,2.0,22.0,56.0,30.73,307.0,18.98973236788417,-155.69361485254151,8.560632540953986,2.6
1963.0,3.0,6.0,8.0,26.0,17.03,308.0,19.26445351615432,-155.74174854059012,41.03801061472009,2.5
1963.0,3.0,17.0,22.0,48.0,54.74,309.0,19.91312190713657,-155.79553208983984,36.419351773381976,2.8
1963.0,3.0,21.0,3.0,35.0,29.83,310.0,19.611633499096968,-154.9318680260063,16.41668946016184,2.5
1963.0,3.0,25.0,18.0,27.0,33.05,311.0,19.773540615362588,-155.60035118145035,41.611201913113604,2.7
1963.0,3.0,27.0,20.0,7.0,25.03,312.0,19.39000524311556,-155.4867283462664,10.337021850846465,2.7
1963.0,4.0,3.0,16.0,7.0,38.47,313.0,19.70797952158337,-155.69206462999608,33.028985426838844,2.8
1963.0,4.0,8.0,3.0,57.0,52.36,314.0,19.367012884432107,-155.14499809747406,22.509831963026222,3.2
1963.0,4.0,12.0,3.0,27.0,35.36,315.0,19.6702872523851,-155.9465247704945,42.61792180320074,3.1
1963.0,4.0,19.0,3.0,56.0,2.45,316.0,19.45558235398713,-155.7266150000366,14.567749419470678,2.9
1963.0,4.0,21.0,11.0,33.0,47.3,317.0,19.981149559485523,-155.704553340077,29.741455327418915,3.2
1963.0,4.0,25.0,8.0,49.0,42.33,318.0,19.27203823632622,-155.23425467097618,16.65597931150191,2.6
1963.0,4.0,27.0,0.0,42.0,1.6,319.0,19.46249556910011,-154.9966985353545,40.613516951078964,3.7
1963.0,4.0,27.0,3.0,13.0,52.08,320.0,19.10936737967521,-155.87249704046627,35.63135416877493,2.7
1963.0,5.0,8.0,1.0,5.0,36.03,321.0,19.590330435626225,-155.4798490103403,15.841299205356526,3.0
1963.0,5.0,10.0,18.0,11.0,56.74,323.0,19.824063052828784,-155.32941285529006,18.232953426106565,2.7
1963.0,5.0,24.0,13.0,14.0,46.47,324.0,19.241771386823483,-155.36613523054015,13.856230771933948,2.8
1963.0,5.0,30.0,20.0,6.0,56.57,325.0,19.39575648015812,-155.17333101823635,40.160227406811636,2.6
1963.0,6.0,8.0,20.0,11.0,54.73,326.0,19.53232091308928,-154.84831157277193,36.94062694674749,2.6
1963.0,6.0,12.0,8.0,50.0,18.0,327.0,20.02188215721845,-155.7128318166044,11.35022615267596,2.7
1963.0,6.0,28.0,23.0,26.0,19.89,328.0,19.450521303896704,-155.5580565113363,19.902330841093463,3.0
1963.0,6.0,29.0,21.0,36.0,43.05,329.0,19.27908543645981,-155.281387164082,13.035341468504093,4.3
1963.0,7.0,3.0,0.0,15.0,34.94,330.0,19.70502480689558,-155.30170552834767,25.47144444330552,3.6
1963.0,7.0,3.0,13.0,35.0,35.62,331.0,19.5653832073001,-155.5970264545346,36.33486190064528,4.8
1963.0,7.0,5.0,3.0,42.0,30.15,333.0,19.54292867370665,-154.8683049529398,30.486279490372013,2.6
1963.0,7.0,23.0,19.0,35.0,16.89,334.0,20.09716272393589,-155.8199346182231,24.994833253394447,2.6
1963.0,7.0,26.0,13.0,2.0,22.77,336.0,19.311555166107468,-155.28135093457524,17.75535096676489,2.5
1963.0,7.0,27.0,8.0,7.0,32.52,337.0,19.79234443704311,-155.5849920918824,29.489034816163166,2.7
1963.0,7.0,30.0,1.0,57.0,47.22,338.0,19.88052686878393,-155.47822291978457,37.80275696187515,2.6
1963.0,7.0,30.0,21.0,38.0,37.08,339.0,19.960671458895423,-155.46256310835773,9.842973888813258,2.5
1963.0,8.0,1.0,15.0,37.0,4.93,340.0,19.107976421784706,-155.85267621400473,21.449614904516018,2.5
1963.0,8.0,7.0,2.0,22.0,26.87,341.0,19.24898156227356,-155.32584388735364,30.249039502846557,2.5
1963.0,8.0,7.0,7.0,6.0,21.08,342.0,19.26248957186584,-155.70314971745552,5.470132518079104,3.3
1963.0,8.0,10.0,13.0,36.0,14.39,345.0,20.077322274639982,-155.44194268647263,41.34004156837928,2.8
1963.0,8.0,23.0,9.0,45.0,9.7,346.0,19.890508046992085,-155.84616979367948,44.9975820745745,3.0
1963.0,8.0,26.0,20.0,39.0,18.91,347.0,19.962831429570656,-155.35358001351958,29.506774392310056,2.6
1963.0,8.0,30.0,14.0,20.0,17.13,348.0,19.51550833226904,-155.8197380491492,22.699387237947573,4.1
1963.0,9.0,2.0,13.0,43.0,23.66,349.0,19.49248058861486,-154.8941293706618,41.71615454225765,3.1
1963.0,9.0,3.0,13.0,20.0,2.44,350.0,19.18895551556272,-155.58168598886598,39.14820750777453,2.5
1963.0,9.0,14.0,4.0,36.0,45.02,351.0,19.801415456952103,-155.90661979369008,27.20855874070909,2.7
1963.0,9.0,20.0,19.0,56.0,17.06,353.0,20.01532101542337,-155.42461616313383,25.395212428272526,3.0
1963.0,9.0,21.0,21.0,18.0,22.09,354.0,19.342144099962752,-155.2031911675837,41.702003566988694,4.8
1963.0,9.0,25.0,15.0,35.0,3.25,355.0,19.38106889094902,-155.0824845877444,34.30707204541892,2.6
1963.0,10.0,1.0,21.0,14.0,23.8,356.0,19.35390740877305,-155.57930118390902,24.069523405657787,5.3
1963.0,10.0,7.0,1.0,42.0,6.66,358.0,19.567430201620887,-155.82434486343672,37.93252033360235,2.6
1963.0,10.0,8.0,23.0,50.0,14.58,359.0,19.83951534578476,-155.78484788375567,25.344075340487827,3.9
1963.0,10.0,10.0,16.0,50.0,34.99,360.0,19.82099950426516,-155.63587410194825,37.22408875117856,3.3
1963.0,10.0,12.0,0.0,40.0,2.29,361.0,19.452916918550887,-154.95568275505323,31.035851642530652,2.5
1963.0,10.0,14.0,23.0,7.0,8.4,362.0,19.793160998733235,-155.445888593487,39.74992630069549,3.0
1963.0,10.0,15.0,1.0,19.0,24.25,363.0,19.54776955016926,-155.91908656119296,40.31625507422548,2.7
1963.0,10.0,27.0,2.0,40.0,27.84,364.0,19.835808107273085,-155.61441897664486,25.498549320344644,2.7
1963.0,10.0,31.0,13.0,31.0,0.41,365.0,19.69985552837607,-155.99904018182718,11.893980224885958,2.7
1963.0,11.0,6.0,15.0,36.0,32.13,367.0,19.937012539102703,-155.85796845786265,37.563449347185575,3.3
1963.0,11.0,18.0,13.0,7.0,30.87,371.0,19.51683805017161,-155.27135511980754,41.69337722801129,2.5
1963.0,11.0,19.0,17.0,41.0,40.5,372.0,20.017105945405863,-155.27164805558758,13.249256996851337,2.8
1963.0,11.0,20.0,12.0,28.0,20.61,373.0,19.54832125340576,-155.33038256344338,23.23956152153385,2.5
1963.0,11.0,22.0,2.0,40.0,5.57,374.0,19.47846817770748,-155.1123513231534,36.219899307800226,3.2
1963.0,11.0,22.0,15.0,59.0,34.5,375.0,19.545925222465048,-155.14984976114374,5.7949565707675665,2.7
1963.0,12.0,4.0,3.0,11.0,58.14,376.0,19.285968643958952,-155.17544997464904,11.431651765392658,3.4
1963.0,12.0,5.0,14.0,51.0,23.02,377.0,19.63505929291884,-155.81779620712365,30.98781768816404,3.2
1963.0,12.0,17.0,21.0,20.0,29.16,380.0,19.64790050516017,-155.7729353192593,2.187214736540974,3.0
1963.0,12.0,21.0,19.0,26.0,28.81,381.0,19.29408054873249,-155.6394817204977,6.916655163444304,3.4
1963.0,12.0,26.0,19.0,20.0,42.42,382.0,19.80393618685041,-155.71011277838787,20.618861408873528,3.1
1963.0,12.0,29.0,13.0,44.0,35.31,383.0,19.48566917034192,-154.8877255900421,20.038715663153077,2.6
1964.0,1.0,9.0,20.0,23.0,17.94,384.0,19.379103716687567,-155.13031508757663,44.374095621069884,2.7
1964.0,1.0,18.0,1.0,23.0,23.88,385.0,19.885730632729206,-155.41873896515153,9.692020092664338,2.8
1964.0,1.0,22.0,2.0,58.0,30.41,386.0,19.3856586473673,-155.02211129364844,20.64312678456738,3.1
1964.0,1.0,30.0,20.0,54.0,48.26,387.0,19.015397604090424,-155.83016318833475,7.993675288453211,2.8
1964.0,2.0,6.0,7.0,45.0,49.58,388.0,19.568055082237304,-155.499004538422,19.108602730830878,2.8
1964.0,2.0,7.0,1.0,51.0,12.03,389.0,19.93685589153262,-155.23512813995026,1.2797938489351526,3.1
1964.0,2.0,9.0,22.0,10.0,20.34,390.0,19.86485688893074,-155.25928355622034,12.424598324196115,2.7
1964.0,2.0,13.0,14.0,35.0,54.47,391.0,19.82236957456274,-155.8079125301313,2.9174405718281413,2.9
1964.0,3.0,6.0,14.0,10.0,58.48,394.0,19.079729567739022,-155.58642439662842,12.635419120614461,3.6
1964.0,3.0,7.0,1.0,8.0,34.02,395.0,19.82543017262401,-155.76588474650924,3.24026291127948,3.0
1964.0,3.0,9.0,21.0,39.0,22.05,396.0,19.36611372063194,-155.83539348999253,10.39837073601821,3.0
1964.0,3.0,16.0,8.0,46.0,41.34,397.0,19.950077473325923,-155.17145094400243,3.924733745319442,2.5
1964.0,3.0,18.0,11.0,15.0,10.65,398.0,19.72440287244765,-155.41940821164513,20.78353656840549,2.9
1964.0,3.0,24.0,20.0,6.0,6.66,399.0,19.25416239157757,-155.34378845515732,26.751155612656067,2.8
1964.0,4.0,4.0,1.0,42.0,25.91,400.0,19.30856297181289,-155.80322647143527,8.86439582922215,2.9
1964.0,4.0,10.0,8.0,51.0,45.94,401.0,19.54131890580343,-155.1573378732424,13.471401447802297,3.7
1964.0,4.0,19.0,23.0,47.0,58.23,402.0,19.170537150299204,-155.8398965152258,42.50842736715865,2.7
1964.0,4.0,23.0,7.0,4.0,56.91,403.0,19.675649946131774,-155.38765834681928,30.82660301933052,3.8
1964.0,4.0,25.0,10.0,55.0,27.21,404.0,19.135649628520863,-155.7311196766766,24.828750051110728,2.6
1964.0,4.0,25.0,15.0,31.0,9.35,405.0,19.854025427354244,-155.44355690539962,10.79631626736404,2.5
1964.0,5.0,1.0,8.0,51.0,55.95,406.0,19.29706076720033,-155.68950709712158,26.34253566423826,3.5
1964.0,5.0,6.0,7.0,20.0,38.02,407.0,19.9800595880811,-155.18855695646593,15.413957564335918,2.7
1964.0,5.0,7.0,12.0,41.0,21.43,408.0,19.64205701073188,-155.86399992082275,18.699282953527135,2.5
1964.0,5.0,7.0,22.0,14.0,15.73,409.0,19.92680524067581,-155.33928007381314,9.02281888447762,2.7
1964.0,5.0,16.0,6.0,25.0,40.17,411.0,19.3746158441438,-155.86135233371152,42.61714095870506,2.6
1964.0,5.0,23.0,0.0,26.0,23.3,413.0,19.74015620269222,-155.18552992252978,44.07049728544641,2.5
1964.0,5.0,27.0,2.0,26.0,24.14,414.0,20.17321386569432,-155.78286718236157,9.367730041285306,2.5
1964.0,5.0,30.0,2.0,20.0,22.07,415.0,19.657175273448928,-155.68924287044493,25.270925524807804,2.9
1964.0,6.0,2.0,3.0,17.0,20.66,416.0,19.72241696334671,-155.8912657844396,18.699115767936846,2.6
1964.0,6.0,7.0,19.0,19.0,46.62,417.0,19.38923841808736,-155.39021313030202,11.057316051061118,3.0
1964.0,6.0,13.0,9.0,27.0,59.76,418.0,19.707217111611783,-155.12452845417013,19.785024078016797,2.5
1964.0,6.0,13.0,23.0,38.0,9.91,419.0,19.08474825812896,-155.743885605978,13.643106284138302,2.8
1964.0,6.0,15.0,12.0,34.0,47.04,420.0,19.34325810442057,-155.793764820403,23.90095534467269,2.7
1964.0,6.0,20.0,0.0,9.0,41.68,422.0,19.84185799071916,-155.77780444131253,24.95257550733505,2.8
1964.0,7.0,10.0,10.0,14.0,6.7,423.0,19.428626284807194,-155.28669401056027,28.080640673677898,2.8
1964.0,7.0,11.0,3.0,13.0,11.66,424.0,19.532045592789263,-154.9418860160554,39.75143737650588,2.9
1964.0,7.0,12.0,12.0,6.0,43.79,425.0,19.220818020803424,-155.6955397575354,32.32945137732098,3.0
1964.0,7.0,17.0,5.0,39.0,46.15,426.0,19.317077748160337,-155.5212221287379,6.987633268230718,2.6
1964.0,7.0,17.0,7.0,35.0,45.43,427.0,19.6186177086876,-155.68214977689536,12.265096148621577,2.7
1964.0,7.0,20.0,1.0,42.0,19.15,428.0,19.91710542473786,-155.4711380496571,32.08199239664433,2.7
1964.0,7.0,20.0,8.0,8.0,55.62,429.0,19.67498087869536,-155.09211440080034,34.14431502024732,3.0
1964.0,7.0,29.0,18.0,19.0,50.82,430.0,19.81429275162385,-155.10267095319438,39.49273669069278,2.7
1964.0,7.0,30.0,18.0,44.0,12.43,431.0,19.78383590653879,-155.55069910930527,23.012099227846676,2.6
1964.0,8.0,2.0,2.0,18.0,43.3,432.0,20.023312659407686,-155.47964586421446,11.428582830322986,3.3
1964.0,8.0,2.0,9.0,30.0,54.68,433.0,20.028607671933088,-155.34785057688788,35.643448696401805,2.8
1964.0,8.0,2.0,14.0,48.0,23.76,434.0,19.38238818894743,-155.35637142102854,7.709919856218559,3.8
1964.0,8.0,13.0,14.0,30.0,56.46,435.0,19.05895561592749,-155.70975928287453,15.130036345047984,2.9
1964.0,8.0,25.0,18.0,37.0,33.55,436.0,19.98252254598428,-155.43869930114323,6.115190724336607,4.5
1964.0,8.0,29.0,2.0,36.0,18.79,437.0,19.75564876370072,-155.35531019339533,32.09484261287696,2.5
1964.0,8.0,29.0,6.0,58.0,24.34,438.0,19.54168829766684,-154.9159559070605,15.904273942140538,2.6
1964.0,8.0,29.0,16.0,22.0,15.45,439.0,19.77171795267381,-156.02189282105792,13.361956142945933,3.0
1964.0,8.0,30.0,15.0,45.0,35.98,440.0,19.272208136513964,-155.31167606390454,6.98836826259092,3.1
1964.0,9.0,4.0,10.0,5.0,40.27,441.0,19.193665526045905,-155.70719277620216,43.818444299835114,2.5
1964.0,9.0,5.0,12.0,55.0,32.7,442.0,19.49913696922224,-155.32621080067236,39.24779979132114,3.0
1964.0,9.0,8.0,13.0,17.0,42.23,443.0,19.888824371238304,-155.73286285791082,35.543541870668136,3.2
1964.0,9.0,8.0,22.0,9.0,32.22,444.0,19.095679372855525,-155.74684496398865,8.316075048547003,3.5
1964.0,9.0,10.0,6.0,2.0,34.57,445.0,19.63782396433048,-155.77566435838142,16.186362972368393,3.0
1964.0,9.0,10.0,17.0,11.0,19.31,446.0,19.90731167291671,-155.60240960899768,37.805228042764746,3.6
1964.0,9.0,11.0,14.0,35.0,14.8,447.0,19.56310054841328,-155.6151246870129,42.43299681472391,4.1
1964.0,9.0,17.0,1.0,13.0,5.68,448.0,19.92694494150456,-155.2910364215761,16.871194398748976,3.0
1964.0,10.0,8.0,16.0,38.0,45.75,449.0,19.61345769119248,-155.80828301166574,6.815304851271932,3.4
1964.0,10.0,16.0,10.0,3.0,31.35,450.0,19.6670393252186,-155.1592178726165,36.0907430161515,3.0
1964.0,10.0,24.0,15.0,57.0,46.88,451.0,19.012976038738376,-155.83643428068646,9.73792920150127,2.8
1964.0,10.0,24.0,21.0,21.0,50.83,452.0,19.089037197359715,-155.81484010665432,1.1403796016660932,3.1
1964.0,11.0,13.0,0.0,12.0,8.82,453.0,19.74005590214662,-155.6734932043562,30.059517813082422,3.4
1964.0,11.0,18.0,3.0,57.0,55.28,454.0,19.53403471727929,-155.56054595888514,7.008026252458699,2.6
1964.0,11.0,21.0,14.0,46.0,53.06,455.0,19.91718752156609,-155.322986908063,2.593232904237535,3.0
1964.0,11.0,22.0,20.0,13.0,51.84,456.0,19.664104734221844,-155.15460229013098,38.148846627943,2.5
1964.0,11.0,25.0,1.0,32.0,37.37,457.0,19.42063496002852,-155.10634517131973,11.273099346300508,2.8
1964.0,12.0,1.0,6.0,57.0,19.92,458.0,19.40078999601497,-155.7718407530351,29.161401307799526,2.9
1964.0,12.0,8.0,16.0,58.0,58.26,459.0,19.46573285824613,-155.39404451619924,7.906615282273695,2.6
1964.0,12.0,8.0,18.0,29.0,21.34,460.0,19.72093923499189,-155.7770776815443,36.19552706894261,2.6
1964.0,12.0,9.0,20.0,0.0,44.96,461.0,19.32185095599569,-155.5533430118841,10.270919967815797,2.8
1964.0,12.0,13.0,8.0,18.0,0.41,462.0,19.438431166946184,-155.3350970483156,38.89682442491502,2.7
1964.0,12.0,14.0,14.0,58.0,7.34,463.0,19.78412577148596,-155.0901877324277,31.11234263512352,2.7
1964.0,12.0,15.0,19.0,54.0,35.73,465.0,19.476939105565044,-155.69922417495468,44.40153782122493,2.5
1964.0,12.0,16.0,3.0,23.0,37.12,466.0,19.621741871043863,-154.94749682746374,2.3536095140695275,3.1
1964.0,12.0,25.0,18.0,30.0,42.66,467.0,19.645752889773256,-155.6448005595206,42.30592966651384,2.8
1965.0,1.0,8.0,4.0,31.0,6.25,468.0,19.83914987044656,-155.35979054763803,17.12822058703942,2.7
1965.0,1.0,11.0,7.0,30.0,57.77,469.0,19.59826955152116,-155.04743130274798,15.4716699838254,2.5
1965.0,1.0,23.0,2.0,54.0,21.63,470.0,19.687681772705616,-155.56933493230497,21.792244499403008,3.0
1965.0,1.0,28.0,1.0,27.0,55.05,471.0,19.97675642612633,-155.74867439920504,18.177931768701637,2.6
1965.0,1.0,28.0,1.0,50.0,57.32,472.0,19.96833183622476,-155.5755041394106,18.004618445479277,2.6
1965.0,1.0,30.0,3.0,32.0,13.61,473.0,19.032508741088883,-155.56258891877326,9.927338053298772,2.8
1965.0,2.0,2.0,15.0,26.0,33.8,474.0,19.80583051341574,-155.86741047710797,23.430511206889175,2.6
1965.0,2.0,14.0,15.0,41.0,43.32,476.0,19.8367692561418,-155.7742155609457,10.89658582059127,2.6
1965.0,2.0,16.0,8.0,51.0,42.35,477.0,19.43875668761108,-155.47518550238777,3.0836783818704685,2.5
1965.0,2.0,16.0,18.0,27.0,38.05,478.0,19.626867328075697,-155.38785181758698,4.364207517140851,2.7
1965.0,2.0,20.0,20.0,50.0,52.37,479.0,19.935825923210505,-155.60805206863185,41.30525708816889,2.5
1965.0,2.0,21.0,14.0,8.0,23.17,480.0,19.38049685784849,-155.00836260224355,3.6684930053931697,3.4
1965.0,2.0,24.0,17.0,55.0,19.76,481.0,19.584854180309243,-155.38751795837737,39.439155161981,2.6
1965.0,3.0,3.0,3.0,38.0,29.03,482.0,19.110489975637705,-155.8262981742511,4.604254042517351,3.1
1965.0,3.0,3.0,10.0,48.0,51.17,483.0,19.57300799482764,-155.6083243079804,25.273889691610766,2.9
1965.0,3.0,10.0,3.0,29.0,36.28,484.0,19.11064798300872,-155.69450817096117,28.996232830226045,3.1
1965.0,3.0,18.0,18.0,25.0,48.48,486.0,19.58859408828576,-155.2016691369991,35.22613275605545,4.3
1965.0,3.0,20.0,3.0,49.0,19.46,487.0,19.687196669804777,-155.68488851694997,21.170436085647832,2.6
1965.0,3.0,21.0,12.0,36.0,4.19,488.0,19.8069963115976,-155.99300445267335,40.83990870506912,3.9
1965.0,3.0,29.0,8.0,19.0,16.32,489.0,19.325683516724222,-155.4331045402755,26.62664301018678,3.0
1965.0,4.0,3.0,11.0,53.0,10.49,490.0,19.94772141376155,-155.80275599454836,41.131040391911995,2.8
1965.0,4.0,6.0,15.0,0.0,31.24,491.0,20.0507941333801,-155.69676284507727,13.731605741490451,3.2
1965.0,4.0,6.0,18.0,2.0,21.47,492.0,20.18148204317881,-155.85702626136168,32.431527682561914,2.5
1965.0,4.0,25.0,14.0,50.0,4.4,493.0,19.53417379140704,-155.18160507335296,38.80375991729539,2.6
1965.0,4.0,28.0,2.0,11.0,28.48,494.0,19.657993794742268,-155.05489082032855,29.52633829427089,2.8
1965.0,5.0,6.0,0.0,2.0,50.31,495.0,19.785063233702328,-155.14130548558012,27.874734435177434,2.7
1965.0,5.0,12.0,16.0,3.0,9.71,496.0,19.720457077173343,-155.48193124758646,24.97343980179604,2.7
1965.0,5.0,14.0,22.0,23.0,46.9,497.0,19.228820549204777,-155.6587352039665,44.24513091545761,2.7
1965.0,5.0,23.0,12.0,26.0,30.22,498.0,19.0176274342815,-155.7798198275551,31.404098250248666,2.6
1965.0,5.0,25.0,9.0,52.0,19.16,499.0,19.382885178447008,-155.58560158777698,4.879985345506156,2.6
1965.0,6.0,4.0,6.0,36.0,38.99,500.0,19.84477878211467,-155.696049304482,16.330658626980608,2.5
1965.0,6.0,5.0,11.0,52.0,3.95,501.0,19.54896603121,-155.21005226918496,23.012058764231643,2.7
1965.0,6.0,6.0,6.0,24.0,19.14,502.0,19.991811261862512,-155.40099860690285,20.217881877605954,2.5
1965.0,6.0,9.0,16.0,20.0,24.49,503.0,19.62081301790976,-155.68992377615635,27.96032270943689,2.7
1965.0,6.0,11.0,18.0,13.0,46.66,504.0,19.42059417885529,-155.12039412879403,1.6814794154922255,2.5
1965.0,6.0,12.0,20.0,21.0,48.37,505.0,19.97939018200996,-155.6784435220262,14.301428726985666,2.5
1965.0,6.0,19.0,18.0,52.0,14.16,506.0,19.686264357157945,-155.32990705670792,7.5073808450453345,2.5
1965.0,6.0,21.0,19.0,43.0,10.74,507.0,19.208475369325605,-155.82176817754095,42.33844303377067,2.7
1965.0,7.0,10.0,3.0,46.0,40.85,508.0,19.45197649561533,-155.1991138440784,6.200333010810866,3.2
1965.0,7.0,15.0,22.0,12.0,2.53,510.0,19.89670093029569,-155.62999290896602,27.07173425275434,2.8
1965.0,7.0,18.0,19.0,33.0,19.56,511.0,20.000805766952084,-155.766037455395,44.99187505603073,2.5
1965.0,7.0,18.0,23.0,48.0,19.63,512.0,19.52166397237816,-155.09945386180033,24.33784122853947,3.3
1965.0,7.0,22.0,16.0,8.0,7.64,513.0,19.57145414572097,-155.74395517103997,28.45005339321617,2.7
1965.0,8.0,2.0,5.0,20.0,58.41,514.0,19.34944829770396,-155.42348772278913,44.5036423006335,2.9
1965.0,8.0,7.0,1.0,46.0,31.61,515.0,19.947348955673057,-155.70972838908602,21.01052131577105,2.5
1965.0,8.0,16.0,4.0,8.0,35.95,516.0,19.82578398333676,-155.08958662573923,28.7264963681147,2.5
1965.0,8.0,18.0,0.0,4.0,5.84,517.0,19.953029584383888,-155.39138359784786,21.42175020611825,2.9
1965.0,8.0,21.0,17.0,40.0,17.55,518.0,19.76201658648916,-155.31399569278477,11.822327190000992,2.5
1965.0,9.0,6.0,9.0,2.0,3.9,519.0,19.92908643906057,-155.34503383708915,14.547517371009876,2.6
1965.0,9.0,6.0,9.0,57.0,46.07,520.0,19.49332520681642,-155.03205799316396,29.8149492201737,2.9
1965.0,9.0,9.0,15.0,6.0,16.03,521.0,19.77548457633178,-155.9711800202368,24.34633574320437,3.0
1965.0,9.0,10.0,16.0,19.0,48.74,522.0,19.78134014239248,-155.68810906537735,2.8049411997267804,2.7
1965.0,9.0,11.0,9.0,6.0,28.55,523.0,19.57798247264109,-155.5525997435346,21.52813608570595,2.6
1965.0,9.0,15.0,16.0,30.0,11.76,524.0,19.52222946467087,-155.628526140317,25.64071887116786,3.1
1965.0,9.0,19.0,0.0,30.0,59.63,525.0,19.899809638634515,-155.6243558354561,32.286232478060356,2.8
1965.0,9.0,29.0,16.0,46.0,47.55,526.0,19.292376020166664,-155.32402394576087,42.58111002525264,2.5
1965.0,10.0,6.0,22.0,15.0,29.1,527.0,19.1010059531146,-155.59254193303727,21.424587686661148,2.9
1965.0,10.0,26.0,1.0,5.0,39.61,529.0,19.712257579268545,-155.41611714564652,1.9300155042628462,2.5
1965.0,10.0,28.0,23.0,59.0,20.9,530.0,19.49122572179676,-155.7516808024232,37.58993384974936,2.8
1965.0,10.0,31.0,9.0,20.0,46.11,531.0,19.598050183701275,-155.72766729300366,20.726820501411133,3.0
1965.0,11.0,7.0,12.0,27.0,48.12,533.0,19.784123856733743,-155.68552011380865,44.99782807714811,2.5
1965.0,11.0,13.0,1.0,35.0,28.96,534.0,19.508285664643303,-154.93545473488646,8.345109756518559,2.7
1965.0,11.0,13.0,22.0,1.0,54.61,535.0,19.81277528657493,-155.94830987570336,12.68422024422622,3.2
1965.0,12.0,6.0,19.0,46.0,54.0,536.0,19.62442706850068,-155.10306956491587,19.00862627109682,2.5
1965.0,12.0,8.0,5.0,19.0,19.07,537.0,19.68747460980104,-155.50112838859278,12.003538181288482,2.9
1965.0,12.0,8.0,13.0,3.0,0.67,538.0,20.069052885043824,-155.64815487513525,3.5463975010612776,3.5
1965.0,12.0,19.0,3.0,8.0,34.47,540.0,19.593271609399668,-155.1171586289974,17.427499880090814,2.9
1965.0,12.0,19.0,4.0,44.0,52.95,541.0,19.214309471124075,-155.70871592451192,7.409852429635134,2.5
1965.0,12.0,29.0,5.0,3.0,43.79,542.0,19.72227922679288,-155.40025319806583,16.908705034650637,2.6
1965.0,12.0,30.0,20.0,43.0,58.94,543.0,19.503467203037665,-155.94174069544644,35.16284971049791,2.5
1966.0,1.0,6.0,14.0,55.0,38.88,544.0,19.2714995537281,-155.68770206039946,6.267625657773709,3.2
1966.0,1.0,8.0,21.0,9.0,45.7,545.0,19.058742960741352,-155.6765114540459,11.683501317153967,3.3
1966.0,1.0,9.0,13.0,3.0,41.25,546.0,19.453282592088165,-155.29153018761866,38.21034463478012,2.6
1966.0,1.0,9.0,13.0,20.0,19.86,547.0,19.911813386671646,-155.56551471743578,43.837041453417754,2.9
1966.0,1.0,14.0,11.0,34.0,0.59,548.0,19.84171988268012,-155.55258972910624,33.52000402833546,3.1
1966.0,1.0,18.0,10.0,57.0,53.04,549.0,19.634762791482505,-155.8984906270217,10.355662578105772,2.7
1966.0,2.0,5.0,12.0,59.0,41.39,550.0,19.444128130173087,-155.4788201637126,19.35956032620755,2.7
1966.0,2.0,11.0,11.0,19.0,6.25,551.0,19.339440851718685,-155.72175288825483,38.38685102248199,2.7
1966.0,2.0,21.0,16.0,59.0,25.17,552.0,19.290425725024253,-155.31247438432948,15.338126859818185,3.9
1966.0,3.0,3.0,19.0,13.0,36.63,554.0,20.12576012162899,-155.70917561021824,14.044078373001716,3.7
1966.0,3.0,4.0,20.0,39.0,23.78,555.0,19.6519387502266,-155.45364485544172,28.313052144061604,3.0
1966.0,3.0,13.0,23.0,27.0,28.25,556.0,19.06607151653285,-155.61081727867517,22.584692051329906,2.6
1966.0,3.0,25.0,11.0,15.0,35.61,557.0,19.722050359657533,-155.34844012058906,8.538690686999516,2.5
1966.0,3.0,26.0,2.0,48.0,59.22,558.0,19.70624115321139,-155.01290251208505,12.7666644538256,3.8
1966.0,4.0,19.0,6.0,21.0,55.1,560.0,19.584576323543985,-154.9850985817487,29.64600906710249,2.8
1966.0,4.0,21.0,7.0,25.0,22.26,561.0,19.71631089821972,-155.09212797781544,33.0405826912088,3.3
1966.0,4.0,22.0,18.0,57.0,20.91,562.0,19.79574132603192,-155.67324408494252,44.84990080516134,3.0
1966.0,4.0,24.0,14.0,39.0,10.83,563.0,19.343874420963434,-155.38079408221213,22.21121534350361,2.8
1966.0,4.0,27.0,18.0,46.0,15.23,564.0,19.454188633872366,-155.32477230592264,43.09556741882625,2.6
1966.0,5.0,9.0,3.0,46.0,38.01,566.0,19.554034308858498,-154.8521094438886,36.621814775574975,3.5
1966.0,5.0,13.0,2.0,7.0,37.44,567.0,19.766761070927213,-155.8186765339852,14.129815492654352,2.9
1966.0,5.0,15.0,0.0,49.0,49.54,568.0,19.9521727944801,-155.6869778363572,21.647041978404445,2.5
1966.0,5.0,19.0,5.0,0.0,45.08,570.0,19.138144542501,-155.5621852247557,42.793933319813206,2.8
1966.0,5.0,19.0,20.0,30.0,11.5,571.0,19.23123276447057,-155.31510725683987,44.07310895010474,2.5
1966.0,5.0,27.0,10.0,37.0,47.8,572.0,19.95172003981984,-155.317501980975,7.813258776224831,2.5
1966.0,5.0,28.0,1.0,4.0,20.69,573.0,19.474565558849008,-155.5728478233743,3.111823774374063,3.0
1966.0,5.0,31.0,17.0,47.0,49.69,574.0,19.635512253253577,-155.09247231551748,3.892955980699329,2.6
1966.0,6.0,1.0,2.0,26.0,52.53,575.0,19.55592088865654,-155.91061507060198,8.438811107294251,2.5
1966.0,6.0,6.0,1.0,32.0,56.48,576.0,19.21128503342307,-155.62559692635463,10.249640044790944,2.6
1966.0,6.0,12.0,14.0,40.0,45.34,577.0,19.46935509388897,-155.3307145630097,37.875854380726096,2.8
1966.0,6.0,14.0,10.0,43.0,16.1,578.0,19.173430140931647,-155.83579311462617,23.653020777646507,3.1
1966.0,6.0,21.0,12.0,57.0,43.05,579.0,19.208597835714976,-155.5403411344227,31.667083834714685,3.0
1966.0,6.0,30.0,9.0,32.0,2.66,580.0,19.83254304270629,-155.30468749184325,43.5548116455622,2.5
1966.0,7.0,13.0,14.0,23.0,49.69,581.0,19.89007735093724,-155.48654238866777,24.17603225263319,2.5
1966.0,7.0,14.0,19.0,12.0,31.92,582.0,20.10650371353437,-155.57244772447638,36.990980533954996,2.6
1966.0,7.0,22.0,11.0,34.0,27.94,583.0,19.53312139840366,-155.9467446266024,26.3537008399885,2.7
1966.0,8.0,1.0,14.0,17.0,49.24,584.0,19.57286565460996,-155.74448034994273,25.547458484155243,2.6
1966.0,8.0,3.0,0.0,15.0,46.01,585.0,19.72206929421372,-155.90723930375142,6.3333891895140795,2.6
1966.0,8.0,3.0,22.0,1.0,3.15,586.0,19.579260779675234,-155.14861419744298,10.548359326515746,2.8
1966.0,8.0,13.0,12.0,12.0,52.21,588.0,19.410920981016226,-155.48857530275936,31.232481110664693,3.2
1966.0,8.0,13.0,21.0,51.0,46.77,589.0,20.056157472839555,-155.35633540095765,36.55636474456145,2.8
1966.0,8.0,19.0,14.0,9.0,50.85,590.0,19.590239508784755,-155.9324648197759,9.884493187020675,4.4
1966.0,8.0,19.0,17.0,48.0,51.52,591.0,19.51116907581374,-154.84710529192392,20.385607974179734,3.0
1966.0,8.0,25.0,18.0,5.0,37.37,592.0,19.593403381352893,-155.8188940493793,18.42941659605165,3.3
1966.0,8.0,29.0,20.0,44.0,58.3,593.0,20.20112597744569,-155.7840472014317,28.979515738358558,2.6
1966.0,9.0,16.0,13.0,10.0,21.41,594.0,19.31932300811379,-155.46115345081748,9.35197955879522,2.9
1966.0,9.0,18.0,12.0,46.0,29.35,595.0,19.458233223824188,-155.4388906046536,43.85388368091989,2.9
1966.0,9.0,20.0,21.0,57.0,13.8,596.0,19.294815061629347,-155.86123865916662,24.21245156731519,2.8
1966.0,10.0,5.0,0.0,50.0,52.55,597.0,19.730161721379066,-155.71523405025607,19.131952128527494,2.8
1966.0,10.0,9.0,20.0,57.0,45.51,599.0,19.407267315221844,-155.01475692624595,14.026738200826065,3.2
1966.0,10.0,11.0,18.0,19.0,16.28,600.0,19.56915804252482,-155.5340365599155,31.470671831222887,2.5
1966.0,10.0,18.0,18.0,31.0,59.55,601.0,19.518587696364303,-155.73991639696143,18.66194427177402,2.7
1966.0,10.0,19.0,7.0,45.0,39.43,602.0,19.76672451867045,-155.770464017024,3.111048419142276,2.5
1966.0,10.0,21.0,20.0,16.0,37.68,603.0,19.924914914257307,-155.30210831202865,13.609707691135371,3.0
1966.0,10.0,24.0,6.0,2.0,43.2,604.0,19.649412080856976,-155.33537415801936,43.32707045719507,3.0
1966.0,10.0,24.0,18.0,43.0,48.2,605.0,19.33533788309781,-155.20534998518352,1.1585998974648342,3.2
1966.0,10.0,25.0,12.0,33.0,15.58,606.0,19.623231111731613,-155.6776539367969,4.816327414474703,2.8
1966.0,10.0,26.0,7.0,28.0,18.69,607.0,19.79176027940646,-155.5984707597418,35.89544200922577,2.5
1966.0,11.0,4.0,23.0,24.0,22.35,608.0,19.988723684866315,-155.65837395285268,13.115454079910236,2.7
1966.0,11.0,28.0,11.0,9.0,56.36,609.0,19.94653305710341,-155.56343336767677,27.99324703440885,2.8
1966.0,12.0,3.0,21.0,40.0,20.99,610.0,19.789699701499018,-155.84014121679252,19.309941700706545,3.0
1966.0,12.0,4.0,2.0,0.0,55.71,611.0,19.221673973050937,-155.64378054991056,28.41975536815522,2.5
1966.0,12.0,6.0,5.0,6.0,44.29,612.0,19.51875433383649,-155.00902258185408,37.667242463208076,2.6
1966.0,12.0,11.0,20.0,24.0,21.81,613.0,19.54703745654389,-155.6057443327424,15.287218373255726,2.6
1966.0,12.0,12.0,21.0,32.0,18.94,614.0,19.53362502849515,-154.9548559026529,40.318364734163005,2.6
1966.0,12.0,17.0,12.0,42.0,28.12,615.0,19.60679843631952,-155.72591926728492,6.013148301362579,3.1
1966.0,12.0,23.0,7.0,47.0,34.68,617.0,19.7455306659322,-155.89501829765405,31.936574455780757,2.6
1966.0,12.0,30.0,22.0,55.0,27.24,619.0,19.55206467364975,-155.77568248716392,17.472930101983277,3.4
1967.0,1.0,9.0,0.0,32.0,19.68,622.0,19.933972335155104,-155.39003089427894,29.069345350123214,2.5
1967.0,1.0,9.0,3.0,55.0,24.04,623.0,18.986898289465973,-155.6997685214992,21.807042291755952,4.0
1967.0,1.0,16.0,22.0,29.0,25.55,624.0,19.782071515370312,-155.90514002063705,13.366919308009916,2.9
1967.0,1.0,22.0,18.0,1.0,23.55,626.0,19.261152937847225,-155.57520685120923,10.66231361906151,3.1
1967.0,1.0,23.0,6.0,19.0,32.32,627.0,19.20416604944365,-155.83197344076137,41.563852607629094,2.6
1967.0,1.0,24.0,0.0,45.0,11.9,628.0,19.595955567090574,-155.39969008718126,19.866802345165482,2.8
1967.0,1.0,24.0,6.0,11.0,33.44,629.0,19.62701698995784,-155.81616828761256,15.557704012981372,2.5
1967.0,1.0,30.0,10.0,58.0,42.52,630.0,19.266083091347625,-155.84127121809985,34.871682680561285,2.5
1967.0,2.0,1.0,23.0,33.0,49.8,631.0,19.84921117597547,-155.42093000957442,1.89818704667787,2.9
1967.0,2.0,2.0,6.0,38.0,49.82,632.0,19.1453574970156,-155.84058143061182,17.001777449069643,3.6
1967.0,2.0,9.0,13.0,44.0,49.74,633.0,19.625972451107693,-155.03982781675307,26.944581784766466,2.9
1967.0,2.0,10.0,17.0,1.0,17.19,634.0,19.69886254412431,-155.95677391792273,30.658865019948887,2.7
1967.0,2.0,11.0,10.0,32.0,8.23,635.0,19.81898583854589,-155.24324634015667,36.98891075599531,2.6
1967.0,2.0,11.0,17.0,1.0,54.21,636.0,19.555493324936748,-154.91710856145772,34.48785711060738,2.9
1967.0,2.0,16.0,13.0,2.0,2.49,637.0,19.431761314951952,-155.51063135473987,42.16478092389635,2.7
1967.0,2.0,18.0,17.0,53.0,50.16,638.0,18.93639317323043,-155.65848680511502,3.7802795568590253,3.5
1967.0,2.0,18.0,21.0,24.0,4.39,639.0,19.56727032859674,-155.71622845724875,5.49452405318275,2.5
1967.0,2.0,27.0,22.0,12.0,12.1,640.0,19.59225191870147,-155.56308716764735,24.938196714426216,2.6
1967.0,2.0,28.0,7.0,40.0,25.03,641.0,19.97624405622045,-155.72624341971883,19.146923829119608,4.3
1967.0,3.0,3.0,21.0,2.0,8.95,642.0,19.498422371900013,-155.58886895171042,5.3372675348360605,2.7
1967.0,3.0,11.0,3.0,25.0,11.57,645.0,19.1742035617086,-155.49664310534524,8.664515229072215,3.1
1967.0,3.0,17.0,0.0,7.0,29.71,646.0,19.14548158740339,-155.5763502035256,42.526836700021406,2.5
1967.0,3.0,22.0,5.0,14.0,7.87,647.0,19.88807649903891,-155.57854846184205,14.727377663866832,2.9
1967.0,3.0,24.0,7.0,35.0,0.77,648.0,19.3832661854056,-154.97548837222982,7.421363711840867,2.5
1967.0,3.0,29.0,20.0,7.0,20.2,649.0,19.416284495920905,-155.04929451930747,39.33953703757417,2.6
1967.0,4.0,2.0,4.0,49.0,31.08,650.0,19.80986476619056,-155.14319264278072,28.584378683263054,3.2
1967.0,4.0,5.0,9.0,48.0,52.19,651.0,19.442467108525967,-155.75516673817287,17.598832859239728,2.6
1967.0,4.0,9.0,10.0,9.0,24.2,652.0,19.86368121469888,-155.5194551158784,34.19132962631997,3.1
1967.0,4.0,14.0,6.0,14.0,36.52,653.0,19.32419627177529,-155.0819112728688,33.953203103903206,2.5
1967.0,4.0,30.0,6.0,47.0,44.39,655.0,19.71593945814604,-155.4835981071848,13.796686580097065,2.6
1967.0,5.0,6.0,11.0,50.0,31.99,656.0,19.32480200013664,-155.77179024213973,20.638986710769732,2.5
1967.0,5.0,16.0,5.0,57.0,9.0,657.0,19.616723264598463,-155.49750646963383,16.643319022166057,2.6
1967.0,5.0,23.0,0.0,2.0,18.15,658.0,19.278068295071225,-155.3508684518263,15.323568227011577,3.0
1967.0,5.0,24.0,18.0,25.0,40.5,659.0,19.855223195284747,-155.92984973880348,1.846443563906449,2.5
1967.0,6.0,3.0,22.0,25.0,56.54,660.0,19.81691802388304,-155.64274773341268,3.886460842138867,2.6
1967.0,6.0,4.0,1.0,43.0,51.7,661.0,19.568671815801206,-154.87916333581128,37.14076725060768,2.6
1967.0,6.0,23.0,0.0,14.0,59.44,662.0,19.440314422276057,-155.1190136296878,12.77807095194538,2.8
1967.0,6.0,30.0,6.0,28.0,45.61,663.0,19.7711861795997,-155.56723653679725,8.333064077537617,2.5
1967.0,6.0,30.0,14.0,3.0,50.26,664.0,19.62445251043729,-155.85875685519542,19.695623970687503,2.8
1967.0,7.0,2.0,5.0,16.0,8.63,665.0,20.034022705997355,-155.50405763409745,42.32640869954055,2.5
1967.0,7.0,5.0,18.0,11.0,36.86,666.0,19.0671453890432,-155.77069250360955,38.64877460020762,2.9
1967.0,7.0,7.0,14.0,51.0,39.04,667.0,19.600649799071004,-155.41995211185625,21.07877707256687,2.5
1967.0,7.0,14.0,7.0,12.0,56.07,668.0,19.83522188708026,-155.20342430214762,10.558176795899511,2.7
1967.0,7.0,15.0,9.0,23.0,5.51,669.0,19.63410051406047,-155.2181132085118,38.25721598549328,2.5
1967.0,7.0,17.0,2.0,34.0,43.18,670.0,19.79127452664783,-155.4244358778516,11.392359544863258,2.5
1967.0,7.0,21.0,5.0,8.0,43.7,671.0,19.801974692413587,-155.19820898243898,42.918295950891746,2.5
1967.0,7.0,24.0,20.0,31.0,31.16,672.0,18.97716760644319,-155.62815661778913,16.7157147698141,3.7
1967.0,8.0,2.0,14.0,51.0,44.94,673.0,19.28825948782595,-155.10999656868384,16.406532661112394,4.3
1967.0,8.0,12.0,0.0,33.0,47.27,674.0,19.454442718064097,-155.71832908926478,3.571772066975244,3.4
1967.0,8.0,24.0,0.0,36.0,23.64,675.0,19.044184924233008,-155.7074818720526,24.563499148222803,2.5
1967.0,8.0,28.0,11.0,13.0,30.91,676.0,19.133226405973137,-155.85156806614242,29.177525626773193,2.5
1967.0,9.0,6.0,8.0,57.0,22.97,677.0,19.635957652666068,-155.74516188900228,27.075929936614337,2.6
1967.0,9.0,8.0,18.0,55.0,32.67,678.0,20.076208624717665,-155.63658971612682,27.109342166575345,2.9
1967.0,9.0,20.0,4.0,54.0,22.48,679.0,19.550183769303555,-155.50513066045883,8.964906268500092,2.6
1967.0,9.0,29.0,17.0,29.0,26.82,680.0,19.37711223698449,-155.09181037046477,39.78241332218349,2.8
1967.0,10.0,2.0,21.0,0.0,56.29,681.0,19.8498579975214,-155.46467313588622,5.984512494591871,3.1
1967.0,10.0,4.0,21.0,14.0,6.39,682.0,19.53741911673442,-155.7151099607361,2.608269232307864,2.7
1967.0,10.0,5.0,3.0,11.0,34.56,683.0,19.68158766267139,-155.2229601774652,9.971715162947316,2.6
1967.0,10.0,7.0,19.0,34.0,48.87,684.0,19.589482573926443,-155.70131220458003,31.281781998250477,4.1
1967.0,10.0,11.0,13.0,49.0,9.55,685.0,19.79388673379968,-155.32996285492263,22.168377950216474,3.3
1967.0,10.0,13.0,21.0,33.0,39.65,686.0,19.562849357641344,-155.10975893542724,13.496056323559223,4.9
1967.0,10.0,17.0,12.0,25.0,18.1,687.0,19.47700131283875,-155.86385606857704,44.033185633675366,3.1
1967.0,10.0,22.0,11.0,24.0,41.27,689.0,19.795986545128248,-155.53100053171195,29.32470831988542,2.8
1967.0,10.0,29.0,22.0,52.0,38.51,690.0,19.84745569501396,-155.51769118738548,14.387453436602103,3.2
1967.0,10.0,30.0,18.0,43.0,33.62,691.0,19.725881013658903,-155.35677985396185,12.144619212431053,4.1
1967.0,11.0,3.0,6.0,17.0,39.06,692.0,19.466422143687,-155.64129411261422,8.681954639621324,2.8
1967.0,11.0,8.0,11.0,5.0,28.22,693.0,19.52469314683988,-155.82679268159728,27.995667640606243,3.0
1967.0,11.0,11.0,7.0,25.0,10.47,694.0,19.691928078234444,-155.87411731511827,22.634798690979455,2.5
1967.0,11.0,12.0,5.0,46.0,8.65,695.0,19.752282996150125,-155.8820800777442,31.24941010319204,4.8
1967.0,11.0,28.0,12.0,33.0,33.55,696.0,19.46393504064176,-155.24375431487988,33.02627347233927,2.6
1967.0,11.0,29.0,20.0,34.0,54.99,697.0,19.490824333188176,-154.8197402155778,32.55451246905666,2.7
1967.0,12.0,2.0,19.0,28.0,42.85,698.0,19.12367983229703,-155.66892019333383,35.51415318026613,2.5
1967.0,12.0,19.0,23.0,21.0,15.71,699.0,19.31576678343741,-155.85669746320383,15.930555317186727,3.1
1967.0,12.0,20.0,20.0,55.0,13.78,700.0,20.08670396974462,-155.69991151614528,30.809831112034793,2.7
1967.0,12.0,21.0,20.0,18.0,6.98,701.0,19.95177960723128,-155.6625330618723,43.86851323584646,2.5
1968.0,1.0,7.0,17.0,39.0,5.6,703.0,19.373809889737647,-155.8034540478404,24.628502717106873,2.6
1968.0,1.0,14.0,12.0,51.0,58.86,704.0,19.607372144304776,-155.61542063059494,17.95671224109193,2.8
1968.0,1.0,17.0,5.0,0.0,27.78,705.0,19.823997135591508,-155.18812091634203,22.416082476568693,2.9
1968.0,1.0,21.0,0.0,32.0,0.03,706.0,19.31331869022908,-155.10132642952922,16.006151592960624,2.6
1968.0,1.0,25.0,20.0,22.0,9.97,707.0,19.295764350037626,-155.1559908673751,41.34457485334443,2.8
1968.0,1.0,31.0,1.0,48.0,56.46,708.0,19.36999309443535,-155.41413161350306,16.431016431283272,2.5
1968.0,2.0,13.0,23.0,32.0,41.81,709.0,19.479542370208044,-155.26665364223948,31.737091263486,2.8
1968.0,2.0,20.0,1.0,55.0,17.02,710.0,19.10013884098206,-155.71597038106592,41.17818396948914,2.7
1968.0,2.0,28.0,16.0,53.0,23.34,712.0,19.694953582157297,-155.9832702485827,24.11718083279442,2.6
1968.0,3.0,2.0,14.0,37.0,28.6,714.0,19.85407178754075,-155.81148098189996,24.8951664738561,2.9
1968.0,3.0,3.0,6.0,10.0,37.89,715.0,19.83232381978147,-155.45543348689526,19.580800905684754,3.8
1968.0,3.0,7.0,3.0,17.0,36.81,716.0,19.38102923490224,-155.38950353145142,33.16769435069211,2.7
1968.0,3.0,11.0,3.0,19.0,48.49,717.0,19.915620143169143,-155.37254974601177,35.79614994178322,2.6
1968.0,3.0,30.0,12.0,26.0,8.57,718.0,19.52964155288656,-155.79899061786136,5.785933977630648,2.5
1968.0,4.0,5.0,16.0,27.0,53.41,719.0,19.93699205739262,-155.46736047931407,7.662664951949269,2.8
1968.0,4.0,7.0,8.0,27.0,31.01,720.0,19.88847004307561,-155.30409594980796,44.93403997265763,3.1
1968.0,4.0,11.0,17.0,9.0,36.61,721.0,19.72427949603893,-155.12299657046793,1.722862183964414,2.5
1968.0,4.0,13.0,1.0,54.0,54.21,722.0,19.942421862791893,-155.6247059478348,23.580151575138327,2.8
1968.0,4.0,13.0,10.0,56.0,28.75,723.0,20.15431262284289,-155.6490460393998,4.039140912117782,3.6
1968.0,4.0,25.0,7.0,36.0,45.64,724.0,19.14917366989597,-155.56862846542694,18.571658533330922,2.9
1968.0,5.0,7.0,16.0,25.0,24.29,725.0,19.524325260435525,-155.16940717479844,21.043415699703807,2.5
1968.0,5.0,9.0,5.0,53.0,39.96,726.0,19.049791420728035,-155.5476190249776,28.97582550253979,2.5
1968.0,5.0,12.0,14.0,26.0,39.91,727.0,19.68315391233751,-155.5702727043183,5.788837590896756,2.6
1968.0,5.0,21.0,20.0,31.0,4.66,728.0,19.374951480591488,-155.28234352178046,1.2579666647360166,2.5
1968.0,5.0,23.0,20.0,38.0,53.97,729.0,19.23990780887717,-155.64722656751692,44.58423214199321,2.5
1968.0,5.0,23.0,21.0,53.0,14.44,730.0,19.701377185372102,-155.14314640942655,4.089786973197478,2.6
1968.0,6.0,1.0,4.0,38.0,36.51,732.0,19.93927234890605,-155.7875225566218,11.97250906848785,2.5
1968.0,6.0,5.0,13.0,31.0,16.14,733.0,19.59987234476068,-155.45494307280228,35.22330538628159,2.6
1968.0,6.0,18.0,8.0,36.0,6.33,734.0,19.725395711229275,-155.08756809623986,15.85987468960918,3.0
1968.0,6.0,25.0,5.0,26.0,4.13,735.0,20.086101799143464,-155.563583093338,40.80537660580596,2.6
1968.0,6.0,29.0,23.0,59.0,22.09,736.0,19.763809140754297,-155.8132241167333,14.778620895610036,2.5
1968.0,7.0,4.0,10.0,7.0,52.75,737.0,19.117245953129903,-155.87078034966038,28.818762997685667,3.3
1968.0,7.0,8.0,19.0,1.0,33.24,738.0,19.66066387600061,-155.7261191005995,30.84891054755209,2.8
1968.0,7.0,9.0,9.0,40.0,4.35,739.0,19.41850725112356,-155.57297563905556,29.97995131267698,3.7
1968.0,7.0,10.0,12.0,58.0,52.67,740.0,19.467556640521064,-155.54546625259138,28.18347407624853,2.6
1968.0,7.0,10.0,20.0,50.0,55.84,741.0,19.93437542533125,-155.24071028505253,3.4351955545514863,2.5
1968.0,7.0,16.0,20.0,53.0,16.1,743.0,20.10002795860327,-155.69422776028065,35.08805481400658,3.2
1968.0,7.0,20.0,22.0,30.0,47.22,744.0,19.754933896418404,-155.85454888268754,14.318703864418296,2.9
1968.0,8.0,2.0,0.0,50.0,43.51,745.0,18.98096965243552,-155.61930654480074,8.944601631098383,3.7
1968.0,8.0,2.0,19.0,18.0,56.51,746.0,19.38666737445551,-155.5815007267853,35.23789431280183,2.6
1968.0,8.0,21.0,13.0,0.0,50.8,747.0,19.647879839383965,-155.5103431982027,28.418659829829878,2.9
1968.0,8.0,23.0,10.0,19.0,3.62,748.0,19.82750912200525,-155.19683802796033,21.947470440675136,3.6
1968.0,9.0,5.0,4.0,21.0,53.6,749.0,19.285906271989496,-155.35011309535176,12.186642866295056,2.6
1968.0,9.0,6.0,2.0,51.0,35.35,750.0,19.703371583195384,-155.5437303050106,16.934154556066503,3.2
1968.0,9.0,11.0,20.0,53.0,24.38,751.0,19.470120130970045,-155.1586455979236,33.114770875164425,2.9
1968.0,10.0,7.0,5.0,39.0,41.74,752.0,19.635584887409312,-155.8442951706819,37.46818173413732,2.9
1968.0,10.0,10.0,20.0,32.0,44.56,753.0,19.648131835717724,-155.5871860465436,8.934058144889399,4.9
1968.0,10.0,15.0,11.0,54.0,43.3,754.0,19.138777169378496,-155.7774349372486,37.37425588048265,2.7
1968.0,10.0,21.0,21.0,56.0,15.58,755.0,19.85087681971006,-155.94107153544988,22.144488578634302,2.5
1968.0,10.0,22.0,20.0,38.0,51.31,756.0,19.212953005249464,-155.5587873112465,38.84021084676186,2.5
1968.0,10.0,25.0,20.0,56.0,22.99,757.0,19.56517944596405,-155.39645016693044,37.36549978586536,2.8
1968.0,10.0,31.0,7.0,12.0,27.64,758.0,19.462781318842985,-155.43088497997928,41.20624502671625,3.9
1968.0,11.0,12.0,11.0,12.0,18.22,760.0,19.858746135665967,-155.66127525097747,16.04470960555212,2.7
1968.0,11.0,16.0,20.0,4.0,21.72,761.0,19.501070570452704,-155.92530555577332,7.047092960437364,2.5
1968.0,11.0,20.0,15.0,28.0,18.24,762.0,19.8233695344973,-155.38831137181293,31.68965651101506,2.8
1968.0,11.0,25.0,15.0,13.0,38.99,763.0,19.626795704285,-155.34469472540573,27.10725797659008,2.9
1968.0,12.0,12.0,7.0,48.0,17.72,765.0,19.82435133235398,-155.87277193272726,38.73788910036661,2.6
1968.0,12.0,28.0,21.0,31.0,56.73,766.0,19.96333346000764,-155.6846079447251,3.7149562457129637,3.0
1969.0,1.0,4.0,13.0,21.0,49.49,767.0,19.38432177381756,-155.06240000619383,11.277188106308397,2.6
1969.0,1.0,11.0,4.0,59.0,11.6,768.0,19.5030537503376,-155.6851546113982,42.69986232913795,2.9
1969.0,1.0,21.0,18.0,50.0,55.52,769.0,19.91315366494518,-155.53049025872596,7.508222873706664,3.0
1969.0,1.0,26.0,6.0,8.0,6.04,770.0,19.37283571599276,-155.5850783439668,42.136071307700064,3.9
1969.0,1.0,30.0,7.0,24.0,18.4,771.0,19.76324569696262,-155.64136427826625,23.695466058215064,3.3
1969.0,1.0,31.0,21.0,4.0,3.27,772.0,19.33781863058496,-155.7144210981807,39.47770147684823,2.7
1969.0,2.0,7.0,8.0,41.0,12.99,773.0,19.58754151608252,-155.51936808690283,10.023065547623313,3.1
1969.0,2.0,14.0,0.0,14.0,59.12,774.0,19.28622948166719,-155.5220562492999,14.513004323037462,3.9
1969.0,2.0,14.0,3.0,54.0,27.26,775.0,19.861653764849287,-155.30133795401025,20.216439255245774,4.8
1969.0,2.0,20.0,5.0,46.0,52.48,776.0,19.413646697346245,-155.61005676954423,43.319078438458405,2.7
1969.0,2.0,28.0,23.0,6.0,59.07,777.0,19.634856938289023,-155.3915434172655,21.889871583722897,3.7
1969.0,3.0,10.0,1.0,50.0,47.55,779.0,19.31418648552477,-155.58075905625435,12.105143132623908,3.0
1969.0,3.0,15.0,20.0,2.0,1.33,780.0,19.417854220695524,-155.25605312076598,13.467636205552235,3.0
1969.0,3.0,19.0,19.0,15.0,22.12,781.0,19.606683778054204,-155.0006166287506,14.981073460837974,2.5
1969.0,3.0,25.0,5.0,25.0,50.15,782.0,19.484734501233152,-155.8090981025714,28.103616659973422,2.9
1969.0,3.0,26.0,1.0,22.0,41.51,783.0,19.85424267829105,-155.6718293277108,25.07092170267599,2.9
1969.0,3.0,29.0,2.0,7.0,40.22,784.0,19.72993657239084,-155.93322264857397,16.403551207070606,3.3
1969.0,3.0,29.0,12.0,42.0,6.64,785.0,19.51189320382709,-155.55946146841313,2.61553779894193,3.2
1969.0,4.0,3.0,20.0,32.0,17.99,787.0,20.109065103622303,-155.80224082229887,25.949774640734365,2.7
1969.0,4.0,7.0,3.0,24.0,3.84,788.0,19.403018739994,-155.60396088442278,1.5000169899626892,3.0
1969.0,4.0,25.0,10.0,53.0,34.24,789.0,19.97370115627851,-155.1934205889946,43.85275502185925,2.6
1969.0,4.0,26.0,23.0,11.0,55.73,790.0,19.18691240240495,-155.50643560494908,34.03721883736432,3.4
1969.0,5.0,4.0,15.0,47.0,15.42,791.0,19.959201987711364,-155.54876592869897,21.677820067026072,2.5
1969.0,5.0,22.0,22.0,15.0,41.35,792.0,19.405782063465885,-155.53162857135828,42.16409844210274,3.6
1969.0,5.0,31.0,17.0,26.0,10.38,793.0,19.68168780174569,-155.42550940346328,23.683719546560745,2.8
1969.0,5.0,31.0,22.0,54.0,3.76,794.0,19.15192464553741,-155.6083749090856,23.49334046986217,3.8
1969.0,6.0,6.0,12.0,27.0,14.87,795.0,19.91975134440005,-155.7657517893746,14.441041823618143,2.7
1969.0,6.0,10.0,2.0,35.0,49.51,796.0,19.79231057304644,-155.4713107997286,43.59387995846953,3.9
1969.0,6.0,14.0,15.0,54.0,49.28,797.0,19.490046725525,-155.25980266386557,14.338591588442856,2.6
1969.0,6.0,21.0,23.0,41.0,52.95,798.0,19.60332162676343,-155.15061907307833,2.747117306804239,3.4
1969.0,6.0,26.0,21.0,32.0,36.52,799.0,19.95448047497904,-155.6562088587914,20.420427683744993,2.9
1969.0,7.0,8.0,20.0,50.0,48.72,800.0,19.43215744748656,-155.4942438696125,22.939907470695797,2.6
1969.0,7.0,11.0,17.0,15.0,25.86,802.0,19.73513226739172,-155.43825163267675,25.217757572090257,2.6
1969.0,7.0,13.0,21.0,59.0,40.83,803.0,19.37448632285072,-155.82248794113332,5.846012358929643,2.6
1969.0,7.0,15.0,6.0,59.0,53.87,804.0,19.591934571732548,-155.46806376275342,4.674789844131686,3.3
1969.0,7.0,15.0,13.0,12.0,54.91,805.0,19.825053316937524,-155.38030570603672,12.677191803257553,2.5
1969.0,7.0,16.0,23.0,3.0,45.42,806.0,19.432742684131306,-155.42113347795993,32.906547927255644,2.8
1969.0,7.0,24.0,10.0,12.0,2.71,808.0,19.77896169860163,-155.93653210763105,42.82351102151795,2.5
1969.0,7.0,26.0,12.0,29.0,34.41,809.0,19.46355251809464,-155.47227845065186,27.06174762879001,3.2
1969.0,7.0,26.0,14.0,38.0,14.18,810.0,19.345933874263054,-155.82592792285604,44.499869032275974,2.8
1969.0,8.0,31.0,12.0,32.0,40.09,812.0,19.642015730095626,-155.1559598553776,19.74748376894037,2.6
1969.0,9.0,1.0,14.0,41.0,45.1,813.0,19.62061581819461,-155.92146799412268,2.7837681892325272,4.3
1969.0,9.0,2.0,1.0,59.0,11.92,814.0,19.362912544044715,-155.82856874026348,22.658229611912446,2.5
1969.0,9.0,3.0,6.0,5.0,35.69,815.0,19.24224037515492,-155.62953832118347,29.693239144436166,2.7
1969.0,9.0,6.0,10.0,30.0,49.87,816.0,19.80259767469001,-155.51112493318735,21.36719128262233,2.7
1969.0,9.0,10.0,8.0,23.0,58.4,817.0,19.92907514636815,-155.71975791707328,24.9695331788385,2.8
1969.0,9.0,12.0,1.0,26.0,16.55,818.0,19.89065490437499,-155.4988988630596,33.61560337978619,2.5
1969.0,9.0,14.0,16.0,3.0,10.88,820.0,19.45394286823398,-154.96137741075077,30.291301745150765,2.8
1969.0,9.0,16.0,8.0,58.0,0.83,821.0,19.446842672132213,-155.85044754012637,38.404403307765634,2.6
1969.0,9.0,20.0,12.0,34.0,5.71,822.0,19.509897291382032,-154.9632070814204,43.78669411651343,2.9
1969.0,9.0,27.0,20.0,15.0,19.04,823.0,19.524759869547843,-155.3178545107996,32.35523238611236,4.4
1969.0,10.0,3.0,6.0,36.0,33.2,824.0,19.767014573752785,-155.95805217351403,39.12775247507557,2.8
1969.0,10.0,9.0,8.0,48.0,55.71,825.0,20.04794723111726,-155.7447308081117,12.635830032193192,2.9
1969.0,10.0,10.0,5.0,50.0,21.81,826.0,19.65844600040388,-155.81102689371536,32.08535847703549,2.9
1969.0,10.0,12.0,10.0,51.0,54.74,827.0,19.96294912923044,-155.5581461569879,17.078749181582342,3.6
1969.0,10.0,15.0,9.0,54.0,27.72,828.0,19.85525652454876,-155.21223122566212,14.01775493229724,3.3
1969.0,10.0,26.0,15.0,44.0,23.55,829.0,20.02495496818249,-155.4663110113927,20.051367134862378,3.2
1969.0,10.0,28.0,0.0,9.0,34.17,830.0,19.15657800772076,-155.48192871417288,11.74790199412381,2.9
1969.0,10.0,28.0,15.0,38.0,16.33,831.0,19.46873788381057,-155.28796612493807,17.951105054505433,3.7
1969.0,11.0,9.0,10.0,42.0,32.07,832.0,19.510088518481016,-154.90514587341562,39.45711866363239,2.7
1969.0,11.0,12.0,5.0,20.0,26.01,833.0,20.082311562358665,-155.6470081862885,1.003789792061081,4.8
1969.0,11.0,17.0,3.0,44.0,19.33,834.0,19.61833266490704,-155.8184420058154,30.044755147766924,2.6
1969.0,11.0,23.0,6.0,32.0,30.39,835.0,19.290262251247768,-155.8357277944204,23.34719767841009,2.6
1969.0,11.0,28.0,23.0,34.0,37.86,836.0,19.23689248896984,-155.86447974916132,24.470863510018084,2.5
1969.0,11.0,29.0,14.0,21.0,27.68,837.0,19.820706207339587,-155.15097281836088,10.841650413005665,2.7
1969.0,12.0,5.0,1.0,32.0,2.03,839.0,19.889559884988465,-155.9152228185086,11.61738967028913,2.6
1969.0,12.0,15.0,20.0,37.0,56.95,840.0,19.451856028483245,-155.1773146381462,38.98043386815037,2.7
1969.0,12.0,22.0,21.0,30.0,44.24,841.0,19.945244785390827,-155.43918184002362,10.939025171213155,2.6
1970.0,1.0,8.0,5.0,18.0,9.39,842.0,19.92399663746337,-155.46490777155677,39.930045387517524,2.9
1970.0,1.0,8.0,6.0,2.0,35.3,843.0,19.688319419870528,-155.93034312275327,4.7539487485015925,3.8
1970.0,1.0,12.0,22.0,9.0,40.86,844.0,19.983988049560875,-155.51577302995258,41.25086465696189,2.7
1970.0,1.0,13.0,18.0,36.0,50.57,845.0,19.383564288443925,-155.53958072531583,22.2210218083162,2.5
1970.0,1.0,16.0,10.0,6.0,14.29,846.0,19.913223182070123,-155.7513899104875,28.895175838518085,2.5
1970.0,1.0,19.0,22.0,38.0,42.61,847.0,19.66781259222373,-155.24307710005678,29.710635394240935,2.7
1970.0,2.0,3.0,12.0,43.0,23.12,848.0,19.74370736825695,-155.14273991063797,20.96910378620551,2.6
1970.0,2.0,19.0,5.0,33.0,22.1,849.0,19.494300580723408,-154.9666738915341,30.5952969091968,3.1
1970.0,2.0,24.0,13.0,27.0,46.68,850.0,19.271831559164603,-155.57978321667863,14.039029519613589,4.2
1970.0,2.0,25.0,10.0,49.0,19.48,851.0,19.888749058888383,-155.28165526729364,29.536101718092613,3.6
1970.0,2.0,28.0,5.0,51.0,46.65,852.0,19.95057836200712,-155.86424432468883,5.274142696122281,2.6
1970.0,2.0,28.0,8.0,11.0,44.37,853.0,20.069688469205,-155.72216975810264,10.910654605376847,2.7
1970.0,3.0,3.0,4.0,55.0,42.44,854.0,20.002458977665743,-155.62308931713565,41.0156535999074,2.6
1970.0,3.0,4.0,16.0,30.0,20.68,855.0,19.157873186183046,-155.80365934296498,26.120446660384776,2.6
1970.0,3.0,5.0,6.0,29.0,7.33,856.0,19.91071533365326,-155.33031429025647,10.11546320118015,2.5
1970.0,3.0,13.0,10.0,0.0,52.46,857.0,20.11262923597061,-155.60609101812105,37.43438499961129,2.5
1970.0,3.0,15.0,22.0,32.0,52.18,858.0,19.73908164291336,-155.279645389631,9.793497159216976,3.1
1970.0,3.0,17.0,1.0,49.0,8.05,859.0,19.24272956050444,-155.4822682662846,17.302068713198846,3.6
1970.0,3.0,31.0,3.0,33.0,3.33,861.0,19.97434228873489,-155.4464397102065,35.95674351602709,2.8
1970.0,4.0,3.0,7.0,31.0,17.67,862.0,19.97989304742061,-155.37135998273723,5.503145184815086,2.8
1970.0,5.0,2.0,6.0,39.0,24.08,863.0,19.534350393927973,-155.62061457798512,30.87598439993762,2.5
1970.0,5.0,14.0,0.0,34.0,11.67,864.0,20.15267494091969,-155.80781364906073,6.637466244325518,2.5
1970.0,5.0,18.0,16.0,41.0,26.89,865.0,19.36958683872604,-155.77165909979445,42.20969605326223,2.7
1970.0,5.0,21.0,23.0,32.0,19.46,866.0,19.46677213427416,-155.64131829448962,40.477310369526585,4.2
1970.0,5.0,23.0,8.0,51.0,11.06,867.0,19.38774143937685,-155.3259435456618,12.622025693065016,2.6
1970.0,6.0,3.0,17.0,25.0,17.2,868.0,19.547453719223743,-155.3145257571236,32.68826224565437,2.9
1970.0,6.0,6.0,7.0,42.0,3.42,869.0,19.90721104573341,-155.85018441639005,9.4292411531347,2.7
1970.0,6.0,16.0,18.0,23.0,7.07,870.0,19.15925320147018,-155.59199366999326,26.131704422608237,2.5
1970.0,6.0,23.0,22.0,10.0,46.63,871.0,20.05641001346384,-155.36978552572924,31.748562227185506,2.8
1970.0,7.0,2.0,0.0,26.0,23.29,872.0,19.64617408347856,-155.07054535261477,24.999744626556087,2.6
1970.0,7.0,3.0,10.0,55.0,8.24,873.0,19.065051037446644,-155.59603315749308,28.610757613782056,3.1
1970.0,7.0,20.0,4.0,57.0,9.1,874.0,19.191611859650653,-155.72295386273294,27.468770606550926,3.4
1970.0,7.0,23.0,4.0,50.0,38.45,875.0,19.49388742782074,-155.30277202175557,10.289679033741681,3.1
1970.0,7.0,25.0,5.0,39.0,7.27,876.0,19.40847543077499,-155.1947055042517,36.67786790609373,3.2
1970.0,8.0,6.0,21.0,9.0,28.85,877.0,19.760894838530334,-155.14325214148658,30.53103311024906,3.0
1970.0,8.0,13.0,4.0,56.0,27.55,878.0,19.882586626372376,-155.824462879775,44.39058428557192,2.5
1970.0,8.0,18.0,14.0,58.0,37.49,879.0,19.56175233496516,-155.8112902137531,32.20845069409792,2.6
1970.0,8.0,30.0,11.0,47.0,11.68,880.0,19.39859949126804,-155.3339155492206,15.887357241522768,2.9
1970.0,9.0,4.0,6.0,2.0,21.28,881.0,19.378833010078857,-155.5116622192993,2.2752433195843267,2.5
1970.0,9.0,7.0,23.0,33.0,55.54,882.0,19.79897570636509,-155.79557354533998,20.68292833910077,2.7
1970.0,9.0,8.0,18.0,31.0,22.23,883.0,19.54593270437101,-155.57634074746267,13.070854268974815,3.4
1970.0,9.0,16.0,17.0,3.0,0.79,884.0,18.961323130646484,-155.67455641239158,24.091435971819383,2.5
1970.0,9.0,27.0,1.0,2.0,22.31,886.0,19.77780229311933,-155.36989217656023,12.376266002404595,2.6
1970.0,10.0,5.0,1.0,21.0,58.63,887.0,19.921989984233942,-155.35683469755818,12.623469633351391,3.8
1970.0,10.0,7.0,6.0,21.0,44.23,888.0,19.84914575268101,-155.8898501175041,20.213806353243847,3.2
1970.0,10.0,8.0,10.0,55.0,4.2,889.0,19.412846694028005,-155.37673052638837,35.736620129783006,2.8
1970.0,10.0,10.0,8.0,30.0,26.81,890.0,19.04552793002097,-155.79381122634732,5.554298415597414,2.5
1970.0,10.0,20.0,2.0,39.0,26.15,891.0,19.3854130652965,-155.35524708105405,9.6576602882797,2.6
1970.0,11.0,1.0,6.0,21.0,2.43,893.0,19.604644754293155,-155.6429399568175,41.52181215057262,3.1
1970.0,11.0,1.0,18.0,14.0,58.54,894.0,19.95702650114492,-155.79869611811068,13.587388308660701,2.9
1970.0,11.0,2.0,11.0,42.0,13.97,895.0,19.852205975068102,-155.30138635106096,44.45794037641874,2.5
1970.0,11.0,22.0,23.0,29.0,49.05,896.0,20.16534707582096,-155.79469055346345,43.74485410482757,2.5
1970.0,11.0,24.0,1.0,41.0,36.91,897.0,19.436195677947783,-155.55979884679647,17.707531505655474,2.5
1970.0,11.0,25.0,0.0,9.0,53.88,898.0,19.912545500952938,-155.1487366037326,13.857779130670192,3.1
1970.0,11.0,27.0,22.0,35.0,44.2,899.0,19.10273798862669,-155.587758969211,28.58034939283341,2.7
1970.0,11.0,29.0,12.0,16.0,19.31,900.0,19.97229051359145,-155.33842274901343,32.47497368005258,2.8
1970.0,11.0,29.0,19.0,22.0,30.85,901.0,19.09805156242539,-155.70916606466062,14.8571939371344,3.8
1970.0,12.0,2.0,4.0,42.0,12.89,902.0,19.84734430245817,-155.89028532008135,24.8304288918297,2.5
1970.0,12.0,13.0,1.0,5.0,8.19,905.0,20.14522859361198,-155.6375515657733,39.22486788639864,3.1
1970.0,12.0,21.0,9.0,28.0,33.09,906.0,19.779726248600408,-155.52845810868922,3.918706526076022,3.4
1970.0,12.0,23.0,18.0,58.0,37.12,907.0,19.802635900955792,-155.8432430178651,12.672744138412543,2.6
1970.0,12.0,27.0,18.0,0.0,15.79,908.0,19.468179243934863,-155.62407632679955,14.100976907489635,3.0
1971.0,1.0,12.0,7.0,47.0,47.3,909.0,19.86345810614084,-155.14136125308124,11.383806504715137,3.0
1971.0,1.0,12.0,13.0,21.0,48.26,910.0,19.16262098065804,-155.6854106238611,29.84729241013119,3.1
1971.0,1.0,13.0,5.0,55.0,25.55,911.0,19.014703830750182,-155.67093952239694,28.520840051472206,2.6
1971.0,1.0,13.0,14.0,51.0,9.83,912.0,19.83122699865862,-155.45851719791375,44.135633633462746,3.6
1971.0,1.0,22.0,16.0,22.0,49.2,913.0,20.050075813809705,-155.36112333051577,16.89988265905237,2.8
1971.0,2.0,10.0,8.0,53.0,29.01,914.0,19.3451223833741,-155.53045357145615,40.92575376748745,2.8
1971.0,2.0,13.0,9.0,46.0,35.68,915.0,19.657216559719927,-155.26235845820045,13.777012052140034,2.6
1971.0,2.0,17.0,19.0,52.0,52.81,916.0,19.91866673911794,-155.3131357291312,28.649157094979127,3.0
1971.0,2.0,22.0,10.0,53.0,5.36,917.0,19.248783944724547,-155.7584315681146,43.9143933320333,2.5
1971.0,3.0,5.0,15.0,57.0,35.66,918.0,19.487147182887643,-155.4021419737344,13.356202052471772,2.5
1971.0,3.0,23.0,12.0,42.0,2.97,919.0,19.65896336846808,-155.7593390688211,34.32205655507755,2.7
1971.0,3.0,26.0,10.0,2.0,39.04,920.0,19.925033713624217,-155.53554516731262,7.6529714369343536,2.7
1971.0,4.0,2.0,23.0,25.0,40.84,921.0,20.243475181033894,-155.82642146343076,9.980562125343141,3.0
1971.0,4.0,4.0,13.0,41.0,29.6,922.0,19.872639954558203,-155.2875674284223,27.28472033245618,2.5
1971.0,4.0,25.0,8.0,24.0,38.51,923.0,19.56393207476658,-155.36047415594976,19.873521465869864,2.7
1971.0,4.0,25.0,21.0,31.0,3.67,924.0,19.62052502004276,-155.12647211368076,42.931872968178055,2.7
1971.0,5.0,10.0,17.0,31.0,35.2,925.0,19.82375018168377,-155.25637133781356,34.764088604974084,2.6
1971.0,5.0,11.0,9.0,44.0,3.15,926.0,20.206387309488147,-155.75009462905575,9.579307749763382,3.1
1971.0,5.0,18.0,6.0,3.0,55.27,927.0,19.54480756592442,-155.24544298134,32.07576716782516,3.0
1971.0,5.0,25.0,22.0,49.0,3.55,928.0,20.02861299754481,-155.49930780974734,8.781889746364094,2.6
1971.0,5.0,27.0,8.0,23.0,27.81,929.0,19.675649336288224,-155.27908198452138,36.91346113559268,3.1
1971.0,6.0,1.0,0.0,51.0,45.47,931.0,20.11373632717465,-155.67860288839643,26.30530903508558,2.6
1971.0,6.0,2.0,4.0,18.0,20.92,932.0,19.059494570716183,-155.566478574851,27.37919708567292,3.2
1971.0,6.0,9.0,12.0,1.0,11.29,933.0,19.40277072702785,-155.48492628872498,34.563982640823504,3.1
1971.0,6.0,10.0,8.0,5.0,26.75,934.0,19.599557740538536,-155.1798771416603,29.60785315267411,3.6
1971.0,6.0,23.0,18.0,3.0,43.19,935.0,19.40343179627375,-154.95715198605728,12.026081900583163,2.6
1971.0,6.0,25.0,14.0,40.0,29.85,936.0,19.277865496860908,-155.23302963287534,31.623625754927417,2.8
1971.0,6.0,26.0,6.0,40.0,54.08,937.0,19.621330996709148,-155.76346317299658,40.346387141673226,3.7
1971.0,6.0,26.0,17.0,6.0,52.22,938.0,19.941637607966783,-155.82016618957584,40.2311431173214,2.6
1971.0,6.0,28.0,23.0,8.0,13.23,939.0,19.379345323606906,-155.7111303674227,12.986031252043556,4.1
1971.0,6.0,30.0,20.0,58.0,28.42,940.0,19.14092390790912,-155.7081671238025,19.935204562143216,2.9
1971.0,7.0,22.0,17.0,56.0,1.56,941.0,19.30101143332597,-155.56190373268026,14.513743174849663,2.5
1971.0,7.0,26.0,15.0,1.0,27.41,942.0,19.95732623450448,-155.6764205936309,2.704743882991573,2.5
1971.0,7.0,27.0,18.0,6.0,31.05,943.0,18.998255643224287,-155.6387358235324,3.4727348497865043,2.7
1971.0,7.0,28.0,7.0,15.0,45.73,944.0,20.10904643587162,-155.53814690992587,33.97281181944549,2.5
1971.0,7.0,30.0,13.0,10.0,38.21,945.0,19.329667754554844,-155.16367119092268,21.005252809363583,2.6
1971.0,8.0,6.0,3.0,50.0,54.95,946.0,19.53876815337835,-154.85648575302045,24.24156056445726,2.5
1971.0,8.0,9.0,20.0,41.0,8.46,947.0,20.03811130095693,-155.70539875486693,5.137461043115512,2.6
1971.0,8.0,19.0,2.0,7.0,25.46,948.0,19.67000959052983,-155.4124864326515,12.65323739895692,2.5
1971.0,8.0,27.0,15.0,53.0,4.61,949.0,19.53093120256051,-155.49709455472532,44.8921634454375,3.7
1971.0,8.0,29.0,7.0,23.0,52.22,950.0,19.203097734643748,-155.39783176348888,28.371646066324242,3.2
1971.0,9.0,2.0,4.0,30.0,1.56,951.0,19.94717830489028,-155.5864710599649,42.03086441857139,3.8
1971.0,9.0,7.0,1.0,48.0,47.65,952.0,19.2086617364645,-155.62788177196236,40.82293165478227,2.7
1971.0,9.0,22.0,20.0,3.0,18.36,953.0,19.041906072540336,-155.6622026580445,6.871679637950676,2.5
1971.0,10.0,1.0,14.0,30.0,43.78,954.0,19.886826427246994,-155.11731614468047,17.918360480710128,3.2
1971.0,10.0,8.0,22.0,1.0,1.63,955.0,19.69836030960397,-155.70932755525752,12.215844713984701,2.9
1971.0,10.0,10.0,20.0,3.0,45.06,956.0,19.3586908253947,-155.23509466188514,38.64828032028938,3.1
1971.0,10.0,19.0,3.0,12.0,51.36,957.0,19.48250914240662,-155.327892674388,6.206146445263608,2.6
1971.0,10.0,24.0,1.0,14.0,0.06,958.0,19.676987532410884,-155.7366014763835,5.6553980893189415,2.6
1971.0,10.0,27.0,16.0,12.0,10.03,959.0,19.75645412527276,-155.9420377943027,40.118778398715364,2.5
1971.0,10.0,30.0,22.0,28.0,38.72,960.0,19.367816052492284,-155.28892857451245,8.622205901839223,2.5
1971.0,11.0,5.0,6.0,58.0,4.42,961.0,19.77576006048454,-155.42790557374582,26.34584890896148,2.8
1971.0,11.0,6.0,0.0,30.0,25.49,962.0,19.43325135822231,-155.65303937139927,28.890426800305587,2.5
1971.0,11.0,10.0,17.0,52.0,1.0,963.0,19.057347534103595,-155.7926370925864,34.59915816334804,2.8
1971.0,11.0,17.0,8.0,1.0,36.19,964.0,19.99213431999101,-155.25822170935945,4.357038935096349,2.8
1971.0,11.0,23.0,20.0,14.0,18.5,965.0,19.49239277899271,-155.31220704717782,36.35140219064176,4.9
1971.0,12.0,8.0,6.0,28.0,39.64,967.0,19.671653675482684,-155.17644008443892,3.126800902082899,2.5
1971.0,12.0,14.0,23.0,38.0,4.04,968.0,19.794879190080987,-155.4733256870963,41.145295676832475,2.6
1971.0,12.0,15.0,12.0,41.0,6.26,969.0,19.260816351481985,-155.729443621559,22.726414737598557,3.0
1971.0,12.0,18.0,4.0,18.0,33.75,970.0,19.614128591879496,-154.93422638640834,23.693462556553573,2.8
1971.0,12.0,22.0,6.0,29.0,18.0,971.0,19.42805338181097,-154.93281054333949,7.783390436653324,3.6
1971.0,12.0,22.0,13.0,20.0,37.81,972.0,19.44338810743992,-155.74072415185665,12.314140042294177,2.9
1971.0,12.0,25.0,3.0,55.0,33.16,973.0,20.103435609937154,-155.77108380796616,20.130947237340887,3.9
1971.0,12.0,30.0,10.0,44.0,9.86,975.0,20.044382800819022,-155.7839364790841,42.44724294156355,2.5
1972.0,1.0,2.0,12.0,38.0,10.31,976.0,19.358147045979752,-155.70270865050335,14.790021423411286,3.2
1972.0,1.0,2.0,20.0,1.0,49.55,977.0,19.587249863421484,-155.42682253027962,40.96812679031828,2.6
1972.0,1.0,8.0,10.0,28.0,21.09,980.0,19.562765486907296,-155.88371409224467,12.29229258849865,2.6
1972.0,1.0,8.0,15.0,44.0,38.54,981.0,19.677469243135004,-155.73202690856223,21.607020578006026,2.8
1972.0,1.0,11.0,4.0,2.0,50.17,983.0,19.665896351319688,-155.19854139154847,10.934994255445643,2.8
1972.0,1.0,11.0,10.0,41.0,4.83,984.0,19.97766897033492,-155.71505165244406,30.151504890804834,3.2
1972.0,1.0,13.0,3.0,41.0,55.48,985.0,19.91164719942697,-155.3918386853275,30.643255189224156,2.9
1972.0,1.0,19.0,10.0,24.0,23.02,986.0,19.49212896211002,-155.36678440706808,9.110964080470978,3.1
1972.0,1.0,20.0,14.0,52.0,57.21,987.0,19.25094571069293,-155.87584562539595,5.68083276923625,2.8
1972.0,1.0,30.0,2.0,59.0,37.55,988.0,19.072096472989017,-155.77135587178242,15.729633253632104,2.8
1972.0,2.0,3.0,22.0,40.0,25.38,989.0,19.913697334215023,-155.2668146968517,39.00015753990391,2.6
1972.0,2.0,12.0,23.0,4.0,31.49,990.0,19.49291269041945,-154.91705693027694,13.140519100227856,3.8
1972.0,2.0,16.0,1.0,12.0,58.52,991.0,19.76180623313503,-155.52229494210786,30.308570903952628,2.5
1972.0,3.0,6.0,8.0,20.0,4.7,994.0,19.853336453619765,-155.39358727417783,34.26433739894386,2.6
1972.0,3.0,8.0,7.0,50.0,30.56,995.0,19.38908804459356,-155.8198768432134,12.359744599525577,2.9
1972.0,3.0,8.0,11.0,49.0,5.02,996.0,19.58983709876831,-155.71390255291865,36.665660553217016,3.5
1972.0,3.0,9.0,7.0,25.0,55.8,997.0,19.85864682662336,-155.47177226680236,30.92125681067661,2.5
1972.0,3.0,13.0,7.0,52.0,57.67,998.0,19.72246564819835,-155.97351793005066,9.299900712099742,3.0
1972.0,3.0,21.0,22.0,55.0,37.04,999.0,19.40589741000717,-155.703328965028,34.94197035012946,2.7
1972.0,3.0,22.0,9.0,53.0,3.53,1000.0,19.704362463466992,-155.07148266545926,25.009475959383334,2.5
1972.0,3.0,29.0,13.0,3.0,18.3,1001.0,19.065241950659537,-155.63744783220463,13.11837958100662,2.5
1972.0,4.0,7.0,0.0,6.0,20.29,1002.0,19.842494598198407,-155.36498308243245,21.73265289624614,2.6
1972.0,5.0,11.0,15.0,47.0,14.54,1003.0,20.222168540246265,-155.80852354292304,23.449398571978136,2.6
1972.0,5.0,13.0,11.0,32.0,4.54,1004.0,19.74289572817393,-155.38611817910015,26.97751023959831,2.5
1972.0,5.0,16.0,13.0,48.0,19.19,1005.0,19.54049937751505,-155.8226907632347,35.65206763692489,3.3
1972.0,5.0,21.0,15.0,43.0,28.55,1006.0,20.1313210793714,-155.78296026300504,25.44243874565978,3.7
1972.0,5.0,22.0,7.0,17.0,24.1,1007.0,19.4508335542856,-155.57287374206922,18.70716614956784,2.7
1972.0,5.0,23.0,13.0,27.0,30.04,1008.0,19.188497526913583,-155.47042149998404,34.624967537200355,2.7
1972.0,5.0,29.0,21.0,38.0,34.78,1009.0,19.9965697549581,-155.80161800347142,40.463423702644064,2.6
1972.0,6.0,1.0,14.0,41.0,42.98,1010.0,19.764469084426405,-155.51658103198474,41.089597899016695,2.9
1972.0,6.0,13.0,4.0,58.0,20.8,1012.0,19.334828128256,-155.33448748225058,23.42792206633551,2.5
1972.0,6.0,13.0,6.0,42.0,15.07,1013.0,20.11655246350273,-155.65380097257454,8.880515862335564,3.5
1972.0,6.0,17.0,10.0,54.0,26.86,1015.0,20.03753637206612,-155.33153462451335,25.29147923532503,3.1
1972.0,6.0,17.0,22.0,1.0,20.39,1016.0,19.49411187998001,-155.33345960043192,24.443435862009714,2.5
1972.0,6.0,20.0,12.0,31.0,49.49,1017.0,19.589583169074142,-155.38175568678437,36.191905282822695,3.0
1972.0,6.0,21.0,14.0,25.0,9.43,1018.0,19.41958055304579,-155.66533690511167,4.456342244881246,3.2
1972.0,6.0,23.0,7.0,14.0,17.98,1019.0,19.281998978114142,-155.5880724078029,31.278555345539168,2.7
1972.0,6.0,30.0,21.0,0.0,13.83,1020.0,19.49472123693984,-154.87150879993726,16.413648480697834,2.8
1972.0,7.0,2.0,6.0,32.0,1.28,1021.0,19.74140428790185,-155.3232036547626,38.465706330214026,2.6
1972.0,7.0,16.0,20.0,13.0,52.75,1025.0,19.53481077649129,-155.0605441211261,3.226131676530661,2.6
1972.0,8.0,8.0,12.0,7.0,56.52,1027.0,20.05541052626248,-155.65722272842677,11.66600027650151,2.8
1972.0,8.0,15.0,4.0,9.0,12.65,1028.0,19.240912992216,-155.53155799559732,15.497338113809192,2.5
1972.0,8.0,25.0,15.0,21.0,50.48,1029.0,19.444537821579285,-155.279258029035,1.9585554089581243,2.8
1972.0,8.0,27.0,22.0,27.0,11.36,1030.0,20.008028586959004,-155.40807687528002,17.80549253366391,2.6
1972.0,9.0,3.0,22.0,7.0,48.77,1031.0,19.31958581490597,-155.54630669474625,34.89631108655959,2.5
1972.0,9.0,7.0,15.0,12.0,20.87,1032.0,19.81449074245753,-155.66926911004234,41.59685484543864,2.7
1972.0,9.0,11.0,12.0,54.0,32.03,1033.0,19.847521438205675,-155.7753558930782,35.42924361838912,2.5
1972.0,9.0,12.0,23.0,51.0,37.12,1034.0,19.685295128041293,-155.61211004652282,17.026968401339712,2.6
1972.0,9.0,28.0,2.0,10.0,3.85,1035.0,19.319391214022986,-155.6668785226238,14.922086308141026,2.5
1972.0,10.0,1.0,4.0,55.0,19.87,1036.0,19.819820389823896,-155.93273586823983,7.714414434036144,2.9
1972.0,10.0,4.0,13.0,57.0,37.3,1037.0,19.808891357308724,-155.66783335297666,41.78037136175202,2.8
1972.0,10.0,5.0,9.0,25.0,7.83,1038.0,20.04821716155084,-155.58124341587015,39.777432404937024,3.0
1972.0,10.0,11.0,19.0,15.0,45.82,1039.0,19.632250903514123,-155.53417122745344,18.18095465636614,3.2
1972.0,10.0,20.0,0.0,53.0,39.21,1041.0,19.62735278036159,-155.53846429135444,26.02932617609818,2.8
1972.0,10.0,22.0,11.0,33.0,5.91,1042.0,19.03268162400628,-155.82103800631907,31.951648680938135,2.6
1972.0,10.0,24.0,11.0,3.0,14.48,1043.0,19.94684157195791,-155.74313805097918,16.310283049181443,2.7
1972.0,10.0,30.0,7.0,2.0,41.11,1044.0,19.629849504081417,-155.9254459025835,12.012851537929958,2.5
1972.0,11.0,1.0,4.0,7.0,8.91,1045.0,19.304238077313208,-155.74101589315907,44.19060327520219,2.5
1972.0,11.0,12.0,18.0,29.0,36.62,1046.0,19.57189105629464,-155.88797817049866,40.77737215821617,2.6
1972.0,11.0,15.0,23.0,34.0,41.25,1047.0,19.714890544846376,-155.31530096343656,40.12699819831862,2.8
1972.0,11.0,16.0,18.0,16.0,0.96,1048.0,19.98989024874224,-155.49042973936892,22.18356756258656,3.4
1972.0,11.0,18.0,7.0,39.0,45.3,1049.0,19.99210694649644,-155.43632549486648,8.219555235731143,4.4
1972.0,11.0,21.0,12.0,58.0,18.04,1050.0,20.03472191218328,-155.384867859013,19.172181127532333,2.7
1972.0,11.0,22.0,2.0,4.0,18.91,1051.0,19.789925155241463,-155.5626356127708,43.05804711144905,2.6
1972.0,12.0,1.0,6.0,47.0,54.63,1053.0,19.69999181199015,-155.04438605869015,23.100151986271104,2.7
1972.0,12.0,15.0,23.0,35.0,17.11,1054.0,19.71176585433235,-155.3442167452207,9.308778775814304,2.7
1972.0,12.0,29.0,16.0,7.0,58.13,1055.0,19.50520226744248,-155.50338735749378,35.81126762122628,2.7
1972.0,12.0,31.0,1.0,21.0,32.35,1056.0,20.01004400907923,-155.24928515891662,39.49540094325286,3.1
1973.0,1.0,8.0,6.0,29.0,48.75,1057.0,19.320813128974784,-155.19892946335844,35.318248055623386,3.6
1973.0,1.0,9.0,22.0,55.0,23.31,1058.0,19.19912939986525,-155.4534005865909,28.381546142643046,2.5
1973.0,1.0,11.0,7.0,26.0,49.06,1059.0,19.641004461712548,-155.58574134372245,5.80001647048824,2.7
1973.0,1.0,13.0,12.0,8.0,11.03,1060.0,20.19641906430668,-155.8779222629702,5.037679422076539,3.1
1973.0,1.0,13.0,23.0,21.0,58.8,1061.0,19.10381945832964,-155.60404572678206,17.86803855371498,3.0
1973.0,1.0,17.0,14.0,43.0,5.75,1062.0,19.913269375442912,-155.85363086219152,17.048578909068027,2.5
1973.0,1.0,20.0,20.0,47.0,14.17,1063.0,19.61479873161018,-155.26886962247673,44.80617864849091,2.7
1973.0,1.0,24.0,22.0,46.0,24.25,1064.0,19.588073720707666,-155.90389064044598,34.603432243484406,2.7
1973.0,1.0,29.0,6.0,29.0,3.25,1065.0,19.205162739285505,-155.5686315009118,34.12251977112106,2.9
1973.0,2.0,3.0,0.0,45.0,27.6,1066.0,19.55431791905,-154.9818403783238,11.683294063700863,2.5
1973.0,2.0,8.0,7.0,27.0,51.24,1067.0,19.852345364573,-155.33944740840315,12.508043145433945,3.9
1973.0,2.0,8.0,20.0,50.0,5.69,1068.0,19.31719028406623,-155.44576125653424,32.767185351469664,2.9
1973.0,2.0,9.0,11.0,13.0,15.59,1069.0,19.750585854910536,-155.52428984848106,29.99951245974526,3.1
1973.0,2.0,10.0,6.0,0.0,44.31,1070.0,19.48113063227407,-155.575568185311,20.685328553741336,2.6
1973.0,2.0,14.0,21.0,26.0,25.06,1071.0,19.31447303363768,-155.84575668433283,29.740452101556208,2.7
1973.0,2.0,14.0,21.0,45.0,12.79,1072.0,19.36383384552456,-155.21105588687865,34.14651152261095,3.2
1973.0,2.0,15.0,0.0,40.0,57.22,1073.0,19.17982534652625,-155.8814793731745,36.61892998262692,2.5
1973.0,2.0,19.0,11.0,15.0,23.3,1074.0,19.52144703362448,-155.3521786046856,9.411629681686351,2.6
1973.0,2.0,28.0,19.0,7.0,18.89,1075.0,19.93561669101822,-155.20948830037835,28.147002716682394,3.3
1973.0,3.0,1.0,1.0,14.0,39.61,1076.0,19.935684355497106,-155.6040277055648,2.154011995535326,2.6
1973.0,3.0,1.0,17.0,48.0,54.33,1077.0,19.809271103091497,-155.59918834160246,21.344958037841316,3.6
1973.0,3.0,1.0,21.0,59.0,39.8,1078.0,19.59889536589676,-155.8028600481562,41.04295356405347,2.7
1973.0,3.0,13.0,0.0,47.0,0.05,1079.0,19.871471440515226,-155.67026956613526,19.72397360171586,2.5
1973.0,3.0,16.0,12.0,13.0,54.69,1080.0,19.62766986919893,-155.51503628030628,20.579422512826984,3.2
1973.0,3.0,17.0,6.0,50.0,1.8,1082.0,19.156714258508,-155.79452042067246,8.306196093340343,2.6
1973.0,3.0,22.0,13.0,37.0,56.17,1084.0,19.86883458759371,-155.64479840379593,20.301408096359765,2.8
1973.0,3.0,25.0,22.0,52.0,59.41,1085.0,20.06563025418219,-155.54228633602835,12.56341861173507,2.5
1973.0,3.0,29.0,14.0,16.0,9.73,1087.0,19.879039122066185,-155.36156374884536,35.086128592881764,3.6
1973.0,4.0,3.0,12.0,9.0,47.43,1088.0,19.353751009239144,-155.08534135581297,44.86524041234063,2.5
1973.0,4.0,8.0,21.0,41.0,22.24,1089.0,19.58410247516128,-155.88074708644325,27.338579695039158,2.6
1973.0,4.0,9.0,13.0,57.0,41.22,1090.0,19.53476000073796,-155.6081556506222,33.72318138107581,2.9
1973.0,4.0,10.0,5.0,12.0,11.02,1091.0,19.21495736776468,-155.41397437657616,18.685637592862843,3.0
1973.0,4.0,13.0,1.0,20.0,51.64,1092.0,19.54552781818504,-155.55306153329067,40.964477649459965,2.7
1973.0,4.0,15.0,2.0,17.0,4.26,1093.0,19.42228443458543,-155.89420144096772,44.872866122793376,3.9
1973.0,4.0,22.0,17.0,14.0,22.95,1094.0,19.625762637572794,-155.9083958247763,28.282102136052846,2.5
1973.0,4.0,24.0,2.0,41.0,54.62,1095.0,19.41592092545212,-155.08190661887642,36.540383725033365,3.0
1973.0,4.0,27.0,20.0,12.0,32.14,1096.0,19.698941330467715,-155.2964595531496,41.54681606453468,3.0
1973.0,4.0,28.0,7.0,20.0,55.27,1097.0,20.21129668166384,-155.85302036285233,19.269881371840018,3.1
1973.0,5.0,9.0,10.0,39.0,59.89,1098.0,19.19423036126533,-155.84737682379725,24.001889483213624,3.0
1973.0,5.0,10.0,6.0,52.0,25.12,1099.0,19.28117504572345,-155.75352186501448,23.28379453665096,2.5
1973.0,5.0,12.0,7.0,0.0,45.06,1100.0,19.732385834832137,-155.95926155455157,41.28307777048172,2.5
1973.0,5.0,13.0,4.0,47.0,50.16,1101.0,19.55949380797788,-155.6705805688069,9.77993013449934,3.5
1973.0,5.0,13.0,15.0,5.0,24.91,1102.0,19.984641063869294,-155.43791317138528,21.05884338574342,3.2
1973.0,5.0,18.0,20.0,19.0,53.75,1103.0,20.203922434258303,-155.7941973775904,39.21684077743639,2.9
1973.0,5.0,19.0,5.0,36.0,24.73,1104.0,19.996238964724284,-155.22054073428254,41.68213933847923,2.8
1973.0,6.0,2.0,1.0,54.0,35.3,1105.0,19.200966797583625,-155.82401788351152,35.14307622632021,2.8
1973.0,6.0,2.0,16.0,24.0,48.09,1106.0,19.458989834380446,-155.50220184285345,27.284047002258966,2.5
1973.0,6.0,6.0,8.0,34.0,26.6,1107.0,19.424223317334985,-155.7815313495346,32.37484310020513,2.5
1973.0,6.0,11.0,0.0,16.0,1.7,1108.0,19.82290077365048,-155.94985199314314,40.42389827474598,2.5
1973.0,6.0,15.0,4.0,46.0,7.06,1109.0,19.64124422538976,-155.36485887933492,19.79078344991001,2.9
1973.0,6.0,15.0,15.0,55.0,48.34,1110.0,19.556153334002968,-154.84382957965354,1.565989110520983,2.7
1973.0,6.0,16.0,12.0,16.0,54.21,1112.0,19.80104897241648,-155.92422094360157,11.083140581315746,2.6
1973.0,6.0,26.0,1.0,47.0,32.91,1113.0,19.19767957575071,-155.69175498110303,15.853201553869521,3.0
1973.0,7.0,15.0,14.0,32.0,1.81,1115.0,19.993996816667234,-155.69381001247146,5.854771059321047,2.6
1973.0,7.0,20.0,12.0,13.0,33.16,1116.0,19.370977842447594,-155.56727977565797,41.347318848969785,3.1
1973.0,7.0,20.0,14.0,32.0,24.78,1117.0,19.31568958240745,-155.37404302341085,18.740451899444665,2.6
1973.0,7.0,28.0,5.0,25.0,34.56,1118.0,19.55008573339177,-155.76691051749265,5.4691006898266465,3.1
1973.0,7.0,29.0,4.0,11.0,28.91,1119.0,19.84779223487339,-155.10101046271262,15.15729464654221,3.4
1973.0,7.0,31.0,8.0,56.0,10.09,1120.0,19.31603177913139,-155.83484871321605,23.02657576338297,3.3
1973.0,8.0,9.0,6.0,30.0,11.01,1121.0,20.123038728321227,-155.5701011245338,13.814029920910816,3.1
1973.0,8.0,22.0,9.0,20.0,38.85,1122.0,19.63128558889668,-155.49825281324362,31.158481473521434,2.5
1973.0,8.0,24.0,2.0,8.0,5.82,1123.0,19.738089072079475,-155.56450600642728,20.53075544417392,3.6
1973.0,8.0,24.0,16.0,10.0,38.32,1124.0,19.77809443555263,-155.6551361053088,19.695587893490515,3.5
1973.0,8.0,28.0,7.0,50.0,44.17,1125.0,19.70719463025396,-155.31680754227335,33.3683437856832,3.2
1973.0,8.0,28.0,21.0,57.0,14.01,1126.0,19.74796773544978,-155.5460808947248,6.316101479729071,2.7
1973.0,9.0,8.0,3.0,11.0,38.71,1127.0,19.61146705326294,-155.57354431418,38.617871575967,3.6
1973.0,9.0,15.0,0.0,56.0,44.17,1128.0,20.12957224052535,-155.56568331958871,19.565090309485093,7.1
1973.0,9.0,24.0,17.0,5.0,20.31,1132.0,19.19096789697424,-155.5066529705617,28.337637344893373,3.3
1973.0,10.0,10.0,11.0,33.0,28.2,1134.0,19.45415361967797,-155.46172722457362,8.050835565502853,2.5
1973.0,10.0,11.0,5.0,50.0,46.35,1135.0,19.26956864338679,-155.31659571182917,40.99558736872225,2.6
1973.0,10.0,15.0,5.0,32.0,6.4,1136.0,19.388181073859684,-155.79447087220558,42.99520482584386,3.1
1973.0,10.0,16.0,2.0,20.0,39.25,1137.0,19.64213763235449,-154.96929577360666,25.397198576168506,3.0
1973.0,10.0,22.0,3.0,6.0,52.23,1138.0,19.58561421292372,-155.9254949117949,7.297623672858,2.9
1973.0,10.0,25.0,15.0,50.0,51.89,1139.0,19.50143157472087,-155.31341045256835,13.418787928539855,3.2
1973.0,10.0,31.0,9.0,33.0,54.14,1140.0,19.868406011352025,-155.38118914085007,15.013851054268434,2.9
1973.0,11.0,5.0,9.0,10.0,31.5,1141.0,19.553108807282687,-155.4605709936045,31.01286194410675,2.7
1973.0,11.0,10.0,0.0,33.0,25.44,1142.0,19.511228678856583,-155.41825173507644,42.338436708729205,2.7
1973.0,11.0,13.0,10.0,10.0,10.77,1143.0,19.60245576345897,-155.63727884906478,34.6061309287175,2.6
1973.0,11.0,13.0,23.0,26.0,7.52,1145.0,19.898604372657893,-155.54252766571864,20.297225889446807,3.1
1973.0,11.0,23.0,0.0,18.0,23.21,1147.0,20.125953384135403,-155.72513060193452,27.21375593940474,3.7
1973.0,11.0,27.0,23.0,54.0,17.14,1149.0,19.97231707612425,-155.4611045877133,24.144343573798416,2.8
1973.0,12.0,2.0,13.0,44.0,35.99,1150.0,19.371562129723323,-155.49038695681185,1.2220946301667457,4.3
1973.0,12.0,4.0,22.0,50.0,58.88,1151.0,19.748186604994387,-155.13813392538407,22.696532581054697,2.9
1973.0,12.0,6.0,20.0,50.0,17.87,1152.0,19.542945588636425,-155.17815942275928,13.492762942397965,2.7
1973.0,12.0,8.0,5.0,11.0,37.13,1153.0,19.82225461437585,-155.26066698070525,2.034239387258791,2.8
1973.0,12.0,19.0,5.0,17.0,58.04,1154.0,19.44718503255772,-155.35028728607557,44.01792228890019,2.8
1973.0,12.0,27.0,21.0,24.0,10.51,1155.0,19.76250182114933,-155.82214385835115,43.839284601323975,2.8
1973.0,12.0,30.0,22.0,54.0,39.83,1156.0,19.4702652929695,-155.69572963765677,39.614214734996175,2.8
1974.0,1.0,6.0,6.0,0.0,45.55,1157.0,20.156946341892294,-155.7440193574744,31.8544575975438,2.5
1974.0,1.0,11.0,22.0,15.0,47.0,1158.0,19.35702341996868,-155.40510236383827,44.70044813967723,2.6
1974.0,1.0,12.0,12.0,37.0,47.79,1159.0,19.46185603836089,-155.75728119610162,32.68953149585831,2.6
1974.0,1.0,15.0,14.0,52.0,40.16,1160.0,19.735164713489457,-155.87283514158793,43.87597419072662,2.5
1974.0,1.0,18.0,17.0,51.0,35.17,1161.0,19.7742014462719,-155.43538662342976,4.884308922101869,2.5
1974.0,1.0,19.0,11.0,17.0,23.49,1162.0,19.440731814375084,-155.80958163521692,34.58025450539023,2.9
1974.0,1.0,21.0,10.0,57.0,4.37,1163.0,19.53212589208455,-155.60610502449563,3.3967477393482572,2.5
1974.0,1.0,21.0,17.0,56.0,23.96,1164.0,19.421870770985915,-155.58779450328146,12.214591167763816,2.6
1974.0,2.0,4.0,0.0,38.0,18.9,1165.0,20.045871605838965,-155.34143299104437,40.79634270582137,2.5
1974.0,2.0,9.0,12.0,50.0,59.09,1166.0,19.43659499226188,-155.10747974472525,44.965642543715,4.5
1974.0,2.0,14.0,9.0,35.0,30.45,1167.0,19.45213804375975,-155.57795712492805,37.43104393883307,3.2
1974.0,3.0,3.0,4.0,29.0,6.85,1168.0,19.27980642859658,-155.48280731898245,22.15263757907849,3.2
1974.0,3.0,13.0,23.0,8.0,11.47,1169.0,19.983864081334424,-155.25463910414686,4.796106696615975,2.9
1974.0,3.0,18.0,21.0,52.0,57.46,1170.0,19.944174744464465,-155.40215404103324,21.504633745504,2.8
1974.0,3.0,22.0,8.0,1.0,3.94,1171.0,19.613252442527795,-155.5291979807056,24.446560938815335,2.5
1974.0,3.0,27.0,8.0,9.0,26.15,1172.0,19.15370240480628,-155.56041866940595,39.3601093780206,3.4
1974.0,4.0,4.0,8.0,35.0,43.07,1173.0,19.579979007773726,-155.4273628129853,13.889281534398238,2.5
1974.0,4.0,13.0,12.0,35.0,35.96,1174.0,19.63735124204622,-155.77060111035726,7.561683710871986,2.8
1974.0,4.0,16.0,16.0,5.0,48.73,1175.0,19.601704743364127,-155.5594142399834,10.132884957744407,3.7
1974.0,4.0,27.0,2.0,3.0,29.37,1176.0,19.553341261057952,-154.96717404289785,32.94217385300732,3.2
1974.0,4.0,28.0,5.0,13.0,56.51,1177.0,19.697128537845344,-155.18065281039466,42.457937376966186,3.2
1974.0,5.0,8.0,18.0,29.0,18.26,1178.0,19.91639086023765,-155.7990813403811,41.295959295869594,2.6
1974.0,5.0,8.0,22.0,59.0,37.64,1179.0,19.13056191911319,-155.80321070042692,15.207622354780723,2.8
1974.0,5.0,10.0,17.0,13.0,30.59,1180.0,19.43402574723424,-155.22678287594937,10.316994579679946,2.7
1974.0,5.0,18.0,9.0,2.0,42.7,1181.0,19.52002505058969,-155.5355573521251,14.119794912510955,2.9
1974.0,5.0,24.0,14.0,12.0,41.54,1182.0,19.370947282006625,-155.46996570049868,43.45925968319082,3.4
1974.0,5.0,25.0,0.0,1.0,56.22,1183.0,19.372483443122107,-155.8369256805525,30.856473033556806,2.5
1974.0,6.0,10.0,21.0,38.0,28.64,1184.0,19.169998876494763,-155.8875483753247,29.72955154253036,3.8
1974.0,6.0,13.0,15.0,44.0,46.73,1185.0,20.091543747745813,-155.62359990555694,16.074164308453547,3.0
1974.0,6.0,19.0,4.0,29.0,47.33,1186.0,19.358537740525406,-155.6348911292065,12.676316363208912,2.5
1974.0,6.0,24.0,6.0,30.0,38.7,1187.0,20.03040662990016,-155.33294837612237,43.356446009708,3.1
1974.0,6.0,27.0,10.0,11.0,57.58,1188.0,19.38093858630348,-155.28982784280922,37.054855568165316,2.5
1974.0,6.0,28.0,2.0,2.0,49.86,1189.0,19.3133044627728,-155.498530922613,41.15421152757746,2.5
1974.0,6.0,30.0,11.0,18.0,30.83,1190.0,19.627319894821497,-155.25291839201793,34.405482993524245,2.6
1974.0,7.0,5.0,18.0,32.0,0.3,1191.0,20.010452713705625,-155.42048649045503,21.103900591144424,4.0
1974.0,7.0,10.0,17.0,59.0,34.8,1192.0,19.540729976059787,-155.36943334088127,36.44554195963489,2.6
1974.0,7.0,10.0,20.0,54.0,10.7,1193.0,20.138829206318047,-155.73532956307548,19.070700539571238,3.5
1974.0,7.0,14.0,1.0,6.0,46.96,1194.0,19.622208207432525,-155.18407519119984,32.29848971394437,3.0
1974.0,7.0,14.0,7.0,1.0,57.96,1195.0,19.760981547203155,-155.32147277885437,19.584948644853448,2.5
1974.0,7.0,15.0,19.0,36.0,32.38,1196.0,19.96885839747465,-155.62226021061997,19.284772438568204,3.6
1974.0,7.0,24.0,1.0,55.0,48.45,1197.0,19.379150552819024,-155.1543512836689,33.13344076460326,2.9
1974.0,7.0,24.0,9.0,7.0,2.69,1198.0,19.6727058321346,-155.67792571267407,8.022303194509906,2.5
1974.0,7.0,24.0,17.0,33.0,34.85,1199.0,19.038004112102275,-155.66644627938746,34.538954863695984,2.6
1974.0,7.0,25.0,16.0,26.0,15.93,1200.0,19.4182475316364,-155.5278606577833,31.45671171543525,2.7
1974.0,8.0,5.0,2.0,48.0,57.43,1201.0,20.00422209697556,-155.35501823472308,25.89332446265546,3.0
1974.0,8.0,6.0,4.0,54.0,40.02,1202.0,19.05860681313404,-155.5522759348079,23.617690342594727,2.7
1974.0,8.0,20.0,10.0,24.0,15.0,1203.0,19.34882650739244,-155.50486071193237,42.618186186121044,2.7
1974.0,8.0,24.0,0.0,47.0,28.68,1204.0,20.052192035635272,-155.7127314864793,28.10121128307066,2.6
1974.0,9.0,3.0,9.0,34.0,49.21,1205.0,19.64717352650801,-155.18779009107965,41.511994740324184,2.5
1974.0,9.0,7.0,16.0,27.0,11.62,1206.0,19.503800648749035,-154.95576091573363,27.531147746615822,2.9
1974.0,9.0,13.0,2.0,1.0,5.06,1207.0,19.995940752391263,-155.22672988086535,3.2174787485363083,2.7
1974.0,9.0,16.0,11.0,44.0,10.15,1208.0,19.49188090586661,-155.18820276449975,15.103698212256154,2.6
1974.0,9.0,27.0,1.0,45.0,56.79,1209.0,20.04627092199801,-155.7713720686988,13.69065935127334,2.7
1974.0,10.0,1.0,0.0,3.0,28.96,1210.0,19.812346536783902,-155.59011683358756,4.942183407490979,4.2
1974.0,10.0,11.0,8.0,15.0,47.19,1212.0,19.474028053690407,-155.21079783889004,44.2422958379554,2.5
1974.0,10.0,16.0,23.0,4.0,35.09,1213.0,19.372071621575166,-155.559955889823,22.61388182413652,2.8
1974.0,10.0,30.0,4.0,11.0,26.33,1215.0,19.386609689140656,-154.99616840871244,27.266324576315448,2.7
1974.0,11.0,3.0,16.0,8.0,57.83,1216.0,19.778181404285554,-155.60860247332937,43.69958094065268,2.5
1974.0,11.0,6.0,0.0,24.0,27.01,1217.0,19.179548718609336,-155.7905505050521,17.84253766129272,2.5
1974.0,11.0,7.0,22.0,25.0,28.59,1218.0,19.30248948551668,-155.24582303476336,18.453875591436486,2.5
1974.0,11.0,26.0,9.0,50.0,51.94,1219.0,19.82176648144934,-155.88852170521898,2.2077924606919894,2.6
1974.0,11.0,27.0,3.0,51.0,13.43,1220.0,19.7311484996929,-155.12898011088976,32.2966599517072,2.9
1974.0,11.0,30.0,19.0,1.0,20.8,1221.0,19.168527012401388,-155.6619414932008,37.74960967387773,3.3
1974.0,12.0,11.0,23.0,44.0,27.54,1222.0,19.928154066169046,-155.51737439971495,15.04826313948098,2.6
1974.0,12.0,12.0,17.0,5.0,1.19,1223.0,19.89527381257188,-155.69666031646526,28.59268392510075,2.6
1974.0,12.0,13.0,4.0,56.0,13.05,1225.0,19.46113904764771,-155.8723944868921,40.99331253250341,2.6
1974.0,12.0,18.0,8.0,54.0,20.34,1226.0,19.632149802185467,-155.07305383277196,27.096396331739644,2.5
1974.0,12.0,29.0,19.0,21.0,30.47,1227.0,19.087411838637333,-155.7799528409363,29.941031904556777,3.4
1974.0,12.0,31.0,19.0,49.0,52.71,1228.0,19.91934937623548,-155.19879450932132,21.985450630393068,2.5
1975.0,1.0,5.0,3.0,27.0,36.17,1229.0,19.515855356505043,-155.01469348880505,4.2641541805395295,2.5
1975.0,1.0,8.0,9.0,9.0,15.08,1230.0,19.628765319668403,-155.36977590828843,8.935211644052142,3.2
1975.0,1.0,10.0,11.0,10.0,13.21,1231.0,19.66221145123877,-155.23560785000885,22.845334158400373,3.1
1975.0,1.0,13.0,20.0,32.0,1.21,1232.0,19.75750978811482,-155.27511708895557,35.58625364993867,3.2
1975.0,1.0,20.0,7.0,58.0,13.08,1233.0,19.358442243009325,-155.47668160782302,43.5367243319376,3.1
1975.0,1.0,24.0,21.0,2.0,36.88,1234.0,20.03662593183585,-155.70500587160382,18.218749961667775,2.6
1975.0,1.0,27.0,23.0,31.0,46.15,1235.0,19.219352693754708,-155.64056027853667,34.0295543345916,2.5
1975.0,1.0,28.0,22.0,11.0,17.99,1236.0,19.45621917916253,-155.73867048103483,40.328942793524725,2.6
1975.0,2.0,15.0,3.0,15.0,12.92,1238.0,19.33860394980375,-155.2488459274021,22.635398520090074,2.5
1975.0,2.0,15.0,9.0,14.0,13.27,1239.0,19.50976169240303,-155.23552645125656,20.68492698937272,3.9
1975.0,2.0,22.0,17.0,14.0,9.29,1240.0,19.44774202877012,-155.49067352500276,25.158824149855782,3.3
1975.0,2.0,22.0,20.0,37.0,59.11,1241.0,19.338198646127744,-155.67660501108452,12.696971724951123,2.6
1975.0,2.0,25.0,14.0,5.0,9.5,1242.0,19.614667971923254,-155.30018068667215,14.228888445070325,2.9
1975.0,2.0,27.0,6.0,39.0,3.58,1243.0,19.94439534268972,-155.20957841426693,43.62761550988117,2.5
1975.0,2.0,28.0,2.0,53.0,44.44,1244.0,19.04724485421362,-155.76301111639643,30.059920266169037,2.5
1975.0,3.0,3.0,16.0,29.0,53.84,1245.0,19.71651286430233,-155.01649497874325,10.959034393928693,4.5
1975.0,3.0,3.0,21.0,37.0,14.8,1246.0,19.82135453489479,-155.6825596466483,24.3004980475787,3.5
1975.0,3.0,7.0,15.0,27.0,44.17,1247.0,19.53025827881986,-154.86753257522815,10.488761605185513,2.5
1975.0,3.0,11.0,1.0,3.0,40.58,1248.0,19.47153500876152,-155.06921034083192,14.252395125921934,3.2
1975.0,3.0,13.0,19.0,9.0,39.8,1249.0,19.91447022237117,-155.8471654853481,15.306405955605953,2.7
1975.0,3.0,17.0,21.0,8.0,0.69,1250.0,19.809419138657944,-155.29532417051823,7.2693267469970895,2.6
1975.0,3.0,20.0,8.0,39.0,7.42,1251.0,20.04212817671983,-155.46810052622007,40.63678331946848,2.6
1975.0,3.0,24.0,10.0,24.0,22.23,1252.0,19.01149148417652,-155.8284021540303,38.22622589136868,3.4
1975.0,4.0,3.0,5.0,1.0,32.38,1254.0,19.64396480163767,-155.6701263932101,37.42833206594401,3.0
1975.0,4.0,6.0,1.0,41.0,33.13,1255.0,19.41771415069012,-155.17923217107668,17.100766406862718,2.8
1975.0,4.0,13.0,4.0,52.0,52.07,1256.0,19.647435237861632,-155.94707232643609,13.199224428340624,2.5
1975.0,4.0,15.0,9.0,8.0,27.01,1257.0,19.289541625668072,-155.84744621129633,39.51409980301592,2.8
1975.0,4.0,18.0,8.0,15.0,46.66,1258.0,19.555585904620333,-155.03372178625253,23.229723563914646,2.6
1975.0,4.0,22.0,5.0,35.0,57.35,1259.0,19.90775780093881,-155.56611961760035,34.24105783238663,3.1
1975.0,4.0,24.0,2.0,6.0,56.74,1260.0,19.46692908653232,-155.21517214391065,44.33952917913581,3.0
1975.0,4.0,25.0,15.0,35.0,41.46,1261.0,19.802788401203628,-155.68838088675375,23.69646421410123,2.8
1975.0,5.0,9.0,15.0,37.0,27.98,1262.0,19.663176563894183,-155.4749022185368,27.204341155212383,2.6
1975.0,5.0,17.0,12.0,39.0,43.82,1264.0,19.99591257592484,-155.5768738765332,9.684653385435944,2.7
1975.0,5.0,19.0,16.0,16.0,47.23,1265.0,19.88877599099682,-155.23461751606845,28.884340840489617,3.0
1975.0,6.0,18.0,3.0,25.0,16.52,1267.0,19.55747075846412,-155.25159143054634,15.501419011219404,2.5
1975.0,6.0,18.0,14.0,9.0,40.31,1268.0,19.992246790130903,-155.2756199422554,41.799963037628295,2.9
1975.0,6.0,22.0,10.0,28.0,49.25,1269.0,19.06868434387607,-155.8777401402611,35.22565724747497,2.5
1975.0,6.0,29.0,7.0,25.0,15.47,1270.0,19.41332362492359,-154.95327163246998,36.186757908615476,2.7
1975.0,6.0,29.0,23.0,12.0,56.25,1271.0,19.435835226800823,-155.6916902375793,25.37439305364888,3.2
1975.0,7.0,11.0,7.0,40.0,54.13,1272.0,19.67123857141784,-155.32489631225886,36.15354420679863,2.8
1975.0,7.0,15.0,4.0,14.0,40.98,1273.0,19.39350921860821,-155.61166926394014,5.056874370873656,2.8
1975.0,7.0,19.0,18.0,41.0,51.63,1274.0,19.4001164612257,-155.0126506547422,28.880988697626186,2.5
1975.0,7.0,24.0,3.0,22.0,37.96,1275.0,19.42030584922585,-155.26838321980165,1.520888933950459,2.6
1975.0,8.0,4.0,12.0,29.0,38.24,1276.0,18.979526186881124,-155.67673891862273,21.159669652152157,2.7
1975.0,9.0,1.0,6.0,56.0,3.28,1278.0,19.35856681920611,-155.39652592182173,25.76398503700857,3.2
1975.0,9.0,11.0,14.0,18.0,55.16,1279.0,19.93725366697429,-155.47167038949763,44.39680600713942,2.6
1975.0,9.0,12.0,9.0,20.0,54.23,1280.0,19.513073378596623,-155.25642189780572,36.029871372467646,2.5
1975.0,9.0,27.0,13.0,45.0,11.16,1281.0,19.84286933441146,-155.691143228833,6.440802490023887,2.6
1975.0,10.0,4.0,1.0,26.0,28.41,1283.0,19.723969121712017,-155.84934933949185,25.740021845686364,2.8
1975.0,10.0,6.0,19.0,40.0,59.19,1284.0,19.868823248506125,-155.1059757713996,30.513633823480475,2.6
1975.0,10.0,9.0,14.0,1.0,58.04,1285.0,19.451406038213,-155.59889886251045,8.569604019614486,2.5
1975.0,10.0,12.0,13.0,32.0,39.92,1286.0,19.55942150267568,-155.35040385380793,37.68056781576171,2.5
1975.0,10.0,13.0,23.0,12.0,12.34,1287.0,20.144068226788143,-155.6997436486992,17.804566253998853,2.8
1975.0,10.0,30.0,14.0,15.0,45.34,1288.0,19.50409349007956,-155.29432929647086,21.53661648837816,3.2
1975.0,11.0,22.0,15.0,39.0,34.06,1289.0,19.7421005760424,-155.63008299444937,19.169394654435827,2.9
1975.0,11.0,24.0,17.0,45.0,55.6,1290.0,19.25209993110109,-155.74399828012957,16.650149037386146,2.5
1975.0,12.0,2.0,11.0,17.0,34.71,1291.0,19.61582242200725,-155.90485711164496,33.810853761680306,2.7
1975.0,12.0,5.0,6.0,18.0,49.3,1292.0,19.91063124827675,-155.86937544450183,22.914332784367314,2.8
1975.0,12.0,5.0,8.0,38.0,52.1,1293.0,19.808604040052696,-155.86068454834052,34.82517979210866,3.4
1975.0,12.0,6.0,9.0,54.0,24.17,1294.0,19.74248328290845,-155.95192732839828,29.407413042099314,2.6
1975.0,12.0,8.0,18.0,9.0,11.05,1295.0,19.23501251666688,-155.82786700613707,38.166884517810026,2.9
1975.0,12.0,18.0,9.0,18.0,36.1,1296.0,20.10891998382818,-155.76052877164216,27.330609700514064,2.6
1975.0,12.0,25.0,12.0,35.0,17.63,1297.0,19.88870831599712,-155.66524774106398,23.07145698628137,2.9
1975.0,12.0,26.0,4.0,46.0,43.07,1298.0,19.02277536862174,-155.77771361641055,44.080506058097896,2.5
1976.0,1.0,4.0,20.0,37.0,25.73,1299.0,20.041618155559128,-155.61581812861078,25.18260599253979,2.9
1976.0,1.0,5.0,6.0,59.0,32.35,1300.0,20.21827465264762,-155.8104322998626,41.10444468745351,2.7
1976.0,1.0,15.0,22.0,39.0,33.88,1301.0,19.93723047743822,-155.3881099043421,5.994834226748265,2.6
1976.0,1.0,21.0,4.0,26.0,22.92,1302.0,19.42019503280102,-155.82201333198432,34.596169397352725,2.8
1976.0,1.0,22.0,15.0,44.0,15.3,1303.0,19.9286290374146,-155.7672422286611,34.96847863034371,2.5
1976.0,1.0,23.0,9.0,57.0,59.88,1304.0,19.43167249194737,-155.23988754800448,27.670334384728793,2.5
1976.0,1.0,25.0,12.0,18.0,47.89,1305.0,19.908683299736897,-155.20308671506515,38.17997179837434,2.7
1976.0,1.0,25.0,12.0,50.0,5.0,1306.0,19.340886250415444,-155.01084027848012,24.242142091672168,2.7
1976.0,1.0,27.0,12.0,13.0,50.36,1307.0,19.78213877167905,-155.1954672850503,27.30026711998417,2.6
1976.0,2.0,12.0,18.0,24.0,2.13,1308.0,19.18787703397395,-155.47561256988288,36.232629517005506,2.6
1976.0,2.0,14.0,9.0,56.0,43.07,1309.0,19.41989686533208,-154.9587630750258,40.16098437408633,2.5
1976.0,2.0,16.0,1.0,28.0,58.22,1310.0,19.372039007242183,-155.03076644160782,24.25990681062592,2.8
1976.0,2.0,16.0,22.0,29.0,14.1,1311.0,19.46962613118737,-155.01517991104657,1.7830885295264398,3.4
1976.0,2.0,18.0,20.0,0.0,9.34,1312.0,19.33780495120055,-155.72424182528175,34.03358537454275,3.1
1976.0,2.0,21.0,14.0,47.0,35.1,1314.0,19.036589745816546,-155.6713116702283,39.07802545536896,3.1
1976.0,2.0,22.0,12.0,57.0,56.47,1315.0,19.243842673801627,-155.8837391328827,11.405540599825386,2.7
1976.0,3.0,11.0,8.0,7.0,10.62,1317.0,19.43126832289673,-154.96727048922875,33.973629516879036,4.1
1976.0,3.0,16.0,7.0,11.0,52.29,1318.0,19.82181470018673,-155.88547648963663,23.05542890426146,2.7
1976.0,3.0,18.0,11.0,41.0,26.6,1319.0,19.75703994825681,-155.41336384200113,42.637032982012855,2.6
1976.0,3.0,29.0,4.0,17.0,29.3,1320.0,19.699160284711088,-155.34608587737975,4.3759757436371896,2.5
1976.0,3.0,30.0,10.0,27.0,11.55,1321.0,19.500553525553627,-155.42738247652787,12.309243950140264,3.1
1976.0,3.0,31.0,18.0,35.0,49.06,1322.0,19.434820124198787,-155.27424811893638,1.677710039426107,3.0
1976.0,4.0,1.0,23.0,50.0,52.17,1323.0,19.82220360450831,-155.49219555522757,30.38215384895401,2.9
1976.0,4.0,3.0,10.0,34.0,4.89,1324.0,19.7048048345347,-155.2333428357584,20.496776341494737,4.9
1976.0,4.0,6.0,22.0,8.0,2.15,1325.0,19.39459490407216,-155.6494042539225,41.135237724975546,2.6
1976.0,4.0,15.0,5.0,25.0,16.63,1326.0,19.29975527412056,-155.5835975140637,35.799996218150575,3.0
1976.0,4.0,17.0,17.0,28.0,10.01,1327.0,19.778607880839168,-155.35178380950126,27.157100215631864,2.6
1976.0,4.0,27.0,1.0,23.0,20.22,1328.0,19.52664511174953,-154.85824663382553,31.196390527814952,3.0
1976.0,5.0,4.0,16.0,12.0,42.98,1329.0,19.66827830885331,-155.07567317624358,42.2878622851766,3.2
1976.0,5.0,6.0,14.0,13.0,1.15,1330.0,19.46978214015421,-155.04357688583113,14.535215162567548,2.6
1976.0,5.0,12.0,7.0,13.0,57.27,1331.0,19.51330227860312,-154.92532486073836,18.93670918147617,2.7
1976.0,5.0,22.0,9.0,53.0,14.92,1332.0,19.69092011587049,-155.095593215702,19.82271610536999,2.6
1976.0,6.0,1.0,9.0,33.0,15.64,1333.0,19.825105055714808,-155.16061625436473,14.759529359414545,3.1
1976.0,6.0,5.0,21.0,24.0,8.81,1334.0,19.50622242775929,-155.08682301382177,23.421732215040464,2.8
1976.0,6.0,11.0,8.0,16.0,38.38,1336.0,19.42740315688176,-155.62488528711563,39.1352759622293,2.6
1976.0,6.0,19.0,11.0,56.0,13.27,1337.0,19.1263588262138,-155.77140011053956,6.652198794832236,2.6
1976.0,6.0,25.0,2.0,34.0,45.33,1338.0,19.185025444435183,-155.55471109758798,44.9881446882992,3.3
1976.0,7.0,1.0,1.0,5.0,53.66,1339.0,19.796105691300635,-155.75890168213968,6.16775715486258,2.8
1976.0,7.0,7.0,21.0,35.0,3.41,1340.0,19.64108492839696,-155.12933827220837,8.338894876308624,2.6
1976.0,7.0,11.0,3.0,54.0,28.93,1341.0,19.33206004953426,-155.2643957609654,10.371996501933683,2.8
1976.0,7.0,16.0,9.0,30.0,47.12,1342.0,19.89010672742946,-155.33203710611048,10.345549261540535,2.5
1976.0,7.0,17.0,6.0,15.0,18.05,1343.0,19.590003587126976,-155.54146360334568,44.68144750458832,4.2
1976.0,7.0,25.0,15.0,18.0,38.35,1344.0,19.598991384566567,-155.64142644524443,27.2821373704916,2.5
1976.0,7.0,29.0,11.0,57.0,22.69,1345.0,19.44718822661165,-155.56400954920858,18.19857892911765,3.0
1976.0,8.0,15.0,10.0,27.0,39.24,1346.0,19.848375108212323,-155.41298177741547,42.99184878136315,4.3
1976.0,8.0,17.0,17.0,37.0,44.59,1348.0,19.288776690403378,-155.23976769557768,43.853566540018,2.5
1976.0,8.0,19.0,4.0,33.0,50.15,1349.0,19.765802172948035,-155.31443441271918,39.990518080494375,2.9
1976.0,8.0,20.0,12.0,14.0,46.0,1350.0,19.95066880266877,-155.54470857476747,16.087971079500306,2.7
1976.0,8.0,23.0,19.0,9.0,24.64,1351.0,19.37742263004761,-155.28593475114238,26.45768931137875,3.2
1976.0,8.0,25.0,22.0,40.0,25.32,1352.0,19.683399257959785,-155.06360864369506,3.3074722709540056,2.5
1976.0,8.0,27.0,18.0,49.0,29.6,1353.0,19.558821410542,-154.89531239167823,15.2396697017555,3.0
1976.0,8.0,29.0,5.0,26.0,21.71,1354.0,19.679956372285417,-155.73440408853372,12.235227026109198,2.8
1976.0,9.0,6.0,15.0,54.0,39.83,1355.0,20.15213466622796,-155.83115265227045,5.9578688812095475,3.2
1976.0,9.0,13.0,10.0,8.0,32.74,1356.0,19.96813363726412,-155.6442824492073,39.02104030214412,2.5
1976.0,9.0,18.0,15.0,18.0,34.09,1357.0,19.412259883974,-155.0222628445522,2.640111635515531,3.9
1976.0,9.0,21.0,6.0,49.0,21.44,1358.0,19.614665970248424,-155.64309352047974,4.476710617817611,3.1
1976.0,9.0,22.0,14.0,24.0,23.29,1359.0,19.57645517586673,-155.91819374930836,26.73530647359829,2.6
1976.0,9.0,23.0,21.0,12.0,5.79,1360.0,19.735660622648293,-155.2714342667967,31.089199471104347,2.7
1976.0,9.0,29.0,3.0,28.0,3.3,1361.0,19.25098060139745,-155.26723195177894,9.855631113057672,2.6
1976.0,10.0,2.0,9.0,30.0,49.3,1362.0,19.25653527445731,-155.64366172289218,13.511593699718585,2.5
1976.0,10.0,5.0,22.0,29.0,27.28,1363.0,19.5499366408112,-155.848915709043,7.94983983115632,2.9
1976.0,10.0,7.0,16.0,22.0,44.09,1364.0,19.794946435278604,-155.53782645983904,23.178295097276926,3.5
1976.0,10.0,10.0,6.0,47.0,51.57,1365.0,19.21713959144608,-155.72405316422504,9.243249037364073,2.5
1976.0,10.0,12.0,8.0,12.0,51.44,1366.0,19.39144553625682,-155.149250447601,18.761095313446596,3.3
1976.0,10.0,18.0,14.0,42.0,53.41,1367.0,19.7206785231079,-155.70568037298472,12.305215618425779,3.0
1976.0,10.0,19.0,11.0,12.0,59.64,1368.0,19.754349560016763,-156.01665074108465,26.648537327050704,3.1
1976.0,11.0,7.0,2.0,10.0,56.59,1369.0,19.407313246753088,-155.64214123888368,13.478326073058426,2.7
1976.0,11.0,7.0,18.0,44.0,30.73,1370.0,19.691024962085084,-155.66765565086217,32.24628675895576,2.6
1976.0,11.0,13.0,6.0,9.0,0.76,1371.0,19.45186625252431,-155.88282583989215,5.8322393346495955,3.1
1976.0,11.0,23.0,5.0,41.0,52.24,1372.0,19.505094632747987,-154.85437169191636,44.117690229499544,3.2
1976.0,12.0,11.0,7.0,3.0,5.78,1373.0,19.07103570862361,-155.5821201731449,16.889994108288207,3.4
1976.0,12.0,12.0,2.0,4.0,22.2,1374.0,19.958134032852296,-155.8351027400544,29.170882843055765,3.4
1976.0,12.0,13.0,0.0,46.0,28.61,1375.0,19.69503902222991,-155.85153235701364,18.484603572181495,2.5
1976.0,12.0,17.0,21.0,30.0,51.81,1376.0,19.6815920738528,-155.03871230849722,1.1000577073223243,3.3
1976.0,12.0,18.0,0.0,51.0,58.43,1377.0,19.313337186637465,-155.131561215444,26.597993621317634,2.5
1976.0,12.0,31.0,10.0,0.0,47.67,1378.0,19.22699508429068,-155.40659676683524,15.150355498575616,2.8
1977.0,1.0,14.0,8.0,12.0,38.94,1380.0,19.77213848711039,-155.1263839166733,44.412980417676245,2.8
1977.0,1.0,19.0,10.0,57.0,48.17,1381.0,19.711457345767457,-155.46851628245537,12.690233651293866,2.6
1977.0,2.0,5.0,8.0,6.0,38.37,1384.0,19.13528499922716,-155.74800768990374,9.165815575534943,2.6
1977.0,2.0,6.0,9.0,53.0,35.64,1385.0,19.733063256067144,-155.87261272142464,36.9446517882119,2.9
1977.0,2.0,6.0,12.0,26.0,31.06,1386.0,19.31961584862697,-155.11288381718035,22.92335089534897,2.5
1977.0,2.0,8.0,1.0,8.0,15.95,1388.0,19.37159262136913,-155.2092455082619,35.05145372460553,3.0
1977.0,2.0,10.0,10.0,2.0,21.23,1389.0,19.40288649648504,-155.36025040322966,35.561919886654934,2.7
1977.0,2.0,18.0,12.0,0.0,50.29,1390.0,19.09104625121172,-155.73563621310996,3.429480235823761,3.1
1977.0,3.0,7.0,0.0,48.0,30.52,1393.0,19.53387981706034,-155.47006167653686,39.383928742988786,2.9
1977.0,3.0,14.0,16.0,59.0,29.14,1394.0,19.454303426380253,-155.1956050218906,27.451127364472928,2.8
1977.0,3.0,16.0,16.0,18.0,54.3,1395.0,19.9122600868251,-155.15113402981768,11.560989618374329,3.2
1977.0,3.0,30.0,6.0,12.0,20.75,1397.0,19.63860573401766,-155.1832865513857,1.328599030590786,2.7
1977.0,4.0,2.0,15.0,35.0,18.17,1398.0,19.69663453540233,-155.9737785902076,24.078962233754236,2.5
1977.0,4.0,6.0,14.0,57.0,27.41,1399.0,19.99591723331197,-155.36994073115977,34.86316555273999,3.0
1977.0,4.0,8.0,0.0,37.0,43.03,1400.0,20.19799018368435,-155.79096644604903,13.701530122516896,3.3
1977.0,4.0,9.0,19.0,13.0,7.81,1401.0,19.42159936053649,-155.42130380582492,3.7973160700343986,3.1
1977.0,4.0,9.0,20.0,46.0,54.47,1402.0,19.406791505306103,-155.7687719882831,25.275741053917486,2.8
1977.0,4.0,17.0,23.0,3.0,23.19,1404.0,19.259562531493348,-155.47551247945125,24.805518067631187,2.8
1977.0,4.0,22.0,18.0,51.0,25.27,1405.0,19.47990960328839,-155.1975945929288,41.62260837028817,2.9
1977.0,4.0,25.0,16.0,35.0,47.5,1406.0,19.22418797015566,-155.78886177559468,11.99177206341279,2.6
1977.0,4.0,27.0,16.0,39.0,14.44,1407.0,19.89114856741092,-155.26316039514649,34.726715615671296,2.6
1977.0,4.0,27.0,18.0,6.0,59.92,1408.0,19.436529846790584,-155.07215170471173,30.154256251076596,3.3
1977.0,5.0,10.0,9.0,31.0,51.77,1409.0,19.82853487752867,-155.85648878411394,27.370924840356874,2.9
1977.0,5.0,10.0,17.0,36.0,58.5,1410.0,19.55069413816264,-154.97482722802226,7.7725102360066725,2.6
1977.0,5.0,21.0,19.0,54.0,41.35,1411.0,19.738907459007645,-155.24936334685353,19.320373813224855,3.5
1977.0,5.0,23.0,11.0,8.0,41.1,1412.0,19.30240675058156,-155.58545303520063,32.52391464695441,2.7
1977.0,5.0,25.0,3.0,18.0,48.11,1413.0,19.273883716861626,-155.74096648097827,37.78153240273251,2.8
1977.0,5.0,25.0,18.0,35.0,12.55,1414.0,19.263375473276486,-155.37889467489902,13.926265951754546,2.8
1977.0,5.0,31.0,6.0,45.0,49.01,1415.0,19.785379757440705,-155.70474939722558,33.150101708967526,2.7
1977.0,6.0,17.0,23.0,38.0,10.78,1416.0,19.44369057148578,-155.4838934594484,37.2085916199786,2.8
1977.0,6.0,18.0,15.0,9.0,19.73,1417.0,19.80823710269761,-155.2520225918226,35.65633652626404,2.6
1977.0,6.0,19.0,9.0,37.0,0.66,1418.0,19.77342520476672,-155.1900077487009,37.198863574625086,3.4
1977.0,6.0,21.0,16.0,50.0,30.71,1419.0,20.103287899894404,-155.5928470872855,16.838032584105427,2.9
1977.0,6.0,28.0,13.0,46.0,27.49,1420.0,19.282631435071504,-155.4990081206181,33.68585296480252,2.5
1977.0,6.0,28.0,14.0,17.0,56.48,1421.0,19.68956325912266,-155.35071423291288,2.072953429566343,2.7
1977.0,7.0,2.0,3.0,40.0,40.78,1422.0,19.68674759730757,-155.0725722736095,1.064499677866979,2.9
1977.0,7.0,6.0,5.0,2.0,0.33,1423.0,19.52132768306341,-155.3030496384975,3.9069854293072614,3.5
1977.0,7.0,7.0,23.0,46.0,32.93,1424.0,18.942451435767783,-155.65818718567468,33.328575455591945,3.8
1977.0,7.0,8.0,17.0,59.0,28.85,1425.0,19.682794680209327,-155.7163504133297,28.57439141285075,2.5
1977.0,7.0,11.0,10.0,11.0,41.61,1426.0,19.50433884705662,-155.35723236811305,7.728637183437305,2.7
1977.0,7.0,27.0,9.0,43.0,23.86,1427.0,19.466253253680083,-155.00241785116253,29.39579412076749,2.5
1977.0,7.0,31.0,16.0,10.0,42.96,1428.0,19.300841784260022,-155.50216113265827,3.2368242419069664,2.5
1977.0,7.0,31.0,16.0,57.0,14.72,1429.0,19.91808804314132,-155.57241196431502,44.45887628975702,2.7
1977.0,8.0,3.0,9.0,24.0,22.39,1430.0,19.217686009040623,-155.52762805393127,13.007743290376334,3.3
1977.0,8.0,8.0,8.0,7.0,31.32,1431.0,19.34786000179532,-155.32862308484272,39.50272319833074,2.6
1977.0,8.0,9.0,21.0,6.0,11.74,1432.0,19.02882575629431,-155.60904717356777,2.9927587758697225,2.5
1977.0,8.0,19.0,10.0,21.0,23.75,1433.0,19.50519182835719,-155.0222164957896,14.430955940887486,3.3
1977.0,8.0,22.0,18.0,48.0,33.05,1434.0,19.329295018251344,-155.7133056551693,19.190971038451124,3.4
1977.0,8.0,23.0,1.0,37.0,13.41,1435.0,19.773382161793865,-155.99314621208006,13.856350347730707,2.5
1977.0,8.0,26.0,4.0,6.0,42.04,1436.0,19.952586323310168,-155.66327275805796,43.03383803918299,2.7
1977.0,8.0,30.0,16.0,41.0,2.31,1437.0,19.55091184865515,-155.6441687765446,43.29394046805913,3.4
1977.0,9.0,2.0,10.0,38.0,35.52,1438.0,19.54118642338916,-154.88413131678655,41.474129801401624,2.6
1977.0,9.0,12.0,1.0,11.0,4.6,1439.0,19.768752436389228,-155.12157270834956,22.767218455516065,2.9
1977.0,9.0,12.0,6.0,14.0,6.54,1440.0,19.69399035529418,-155.01493135821303,31.398035052003234,3.0
1977.0,9.0,21.0,11.0,33.0,59.26,1443.0,19.770190294057294,-155.4754628335702,25.10031635426737,3.8
1977.0,10.0,2.0,23.0,33.0,8.43,1444.0,19.553813756423896,-155.68457348532743,37.650223843548396,2.6
1977.0,10.0,6.0,12.0,6.0,48.74,1445.0,20.13343290735924,-155.75778860587457,8.414957334373918,2.7
1977.0,10.0,9.0,8.0,4.0,19.74,1446.0,20.15367966753788,-155.87139297483802,12.493064886520205,2.8
1977.0,10.0,12.0,20.0,30.0,53.38,1447.0,19.39759879960696,-155.12797506217788,27.947450542801295,2.6
1977.0,10.0,15.0,15.0,9.0,40.67,1448.0,19.02334804588057,-155.74095360496528,1.191660681862325,3.8
1977.0,10.0,21.0,8.0,54.0,39.38,1449.0,19.17220603264086,-155.68471463585425,3.2069346685540125,2.5
1977.0,10.0,21.0,23.0,2.0,45.1,1450.0,19.81747084288575,-155.41144670562224,20.388011739381543,2.5
1977.0,10.0,22.0,22.0,25.0,51.27,1451.0,19.42462772236396,-155.02467878104883,6.554235763023865,2.7
1977.0,10.0,24.0,0.0,10.0,58.81,1452.0,19.0406427994998,-155.85071734833318,44.74799337819459,2.7
1977.0,10.0,26.0,19.0,3.0,18.72,1453.0,19.616596128432544,-155.2312600009845,9.902399948908439,2.5
1977.0,10.0,28.0,9.0,44.0,46.05,1454.0,19.880160325067024,-155.1189219710945,37.87029301593964,3.1
1977.0,11.0,2.0,17.0,10.0,1.32,1456.0,19.7515722138876,-155.107775878968,7.88566970298835,2.8
1977.0,11.0,12.0,22.0,48.0,28.19,1458.0,20.04587747594216,-155.44383815358245,40.297822319145325,2.6
1977.0,11.0,19.0,12.0,30.0,56.78,1459.0,19.109417498975112,-155.5934864045113,1.5390997127514958,2.5
1977.0,11.0,26.0,15.0,19.0,32.29,1460.0,19.2771324134395,-155.4588508911649,26.825551676331497,2.8
1977.0,11.0,28.0,2.0,32.0,20.02,1461.0,19.518107502813663,-154.855052488944,30.230998977340583,2.8
1977.0,12.0,5.0,1.0,1.0,2.27,1462.0,19.466051193922265,-155.30790473910304,19.501179647575643,3.5
1977.0,12.0,21.0,19.0,38.0,18.8,1463.0,19.542094848871884,-155.17457583250612,10.622506080333121,2.5
1977.0,12.0,25.0,4.0,31.0,44.08,1464.0,19.399043930448027,-155.17949069423463,13.12710609820592,3.2
1977.0,12.0,27.0,16.0,0.0,53.0,1465.0,19.42394085476328,-154.91914601158476,21.540265092160382,2.8
1978.0,1.0,2.0,12.0,45.0,10.24,1466.0,19.10989177429432,-155.64472769687515,21.902959754826284,2.6
1978.0,1.0,7.0,13.0,38.0,34.8,1467.0,19.537659349558496,-155.16258654127796,16.63034119138537,3.8
1978.0,1.0,18.0,14.0,45.0,45.77,1468.0,19.34498356012064,-155.086339424544,10.696471697128423,2.8
1978.0,1.0,29.0,11.0,52.0,17.01,1469.0,19.22861731470675,-155.33132024311226,27.211824101203035,2.6
1978.0,2.0,1.0,4.0,0.0,13.34,1470.0,19.877036922905965,-155.14772386754416,24.760835165128444,2.9
1978.0,2.0,5.0,15.0,36.0,53.5,1471.0,19.26810218986084,-155.4319428075332,32.574407332206746,3.9
1978.0,2.0,6.0,10.0,17.0,53.1,1472.0,19.446991515129483,-155.75360992810724,27.757292172314152,3.1
1978.0,2.0,6.0,12.0,38.0,51.88,1473.0,19.932349881257604,-155.64461208189533,9.285698986803284,2.5
1978.0,2.0,11.0,10.0,53.0,17.95,1474.0,19.478881324953065,-155.90039244966974,12.847460918020273,4.2
1978.0,3.0,11.0,13.0,47.0,56.94,1477.0,19.230135898671737,-155.55381261926613,19.53998046774745,2.7
1978.0,3.0,13.0,6.0,37.0,7.89,1478.0,19.163024840837505,-155.75683703446558,9.350516418025794,2.5
1978.0,3.0,13.0,10.0,15.0,55.52,1479.0,19.648643149040943,-155.97401818092132,9.10677148452339,2.7
1978.0,3.0,13.0,18.0,57.0,47.51,1480.0,19.575914941728136,-155.15668557399545,39.505663733464075,2.8
1978.0,3.0,15.0,4.0,53.0,44.41,1481.0,19.837856472126447,-155.8093186737479,12.796624278850631,3.6
1978.0,3.0,18.0,20.0,18.0,40.43,1482.0,19.613805746684243,-155.18837321198177,44.297863105856784,3.4
1978.0,3.0,26.0,21.0,59.0,42.38,1483.0,19.824919885798103,-155.55082863552266,31.633709289975066,3.1
1978.0,4.0,1.0,19.0,21.0,36.89,1484.0,19.040121020263136,-155.86835954708937,18.71649247289622,2.6
1978.0,4.0,7.0,6.0,6.0,6.84,1485.0,19.42099391986364,-155.27524781228323,28.423075480969818,2.9
1978.0,4.0,9.0,11.0,50.0,48.43,1486.0,19.33789680521562,-155.0718099367923,20.632590889811755,3.1
1978.0,4.0,12.0,3.0,26.0,44.05,1487.0,19.183580664733817,-155.842873716155,44.24041177888106,2.9
1978.0,4.0,12.0,15.0,17.0,17.07,1488.0,19.97277631545941,-155.84193779706885,19.43513042932945,3.0
1978.0,4.0,14.0,15.0,28.0,40.76,1489.0,19.46267481519876,-155.8777663162569,13.224554339070842,2.8
1978.0,4.0,21.0,4.0,47.0,14.03,1490.0,19.675273384149342,-154.98620888203396,12.62014222064358,2.5
1978.0,4.0,22.0,10.0,19.0,43.27,1491.0,19.442814770948328,-154.9953135421289,19.50775269281815,3.4
1978.0,4.0,29.0,14.0,56.0,8.53,1492.0,19.670893696684715,-155.17542608445763,35.66706882993334,2.6
1978.0,5.0,3.0,3.0,0.0,43.63,1493.0,20.038308566420906,-155.549806904039,36.81661395331714,2.5
1978.0,5.0,11.0,21.0,46.0,29.42,1494.0,18.94540394654763,-155.65525254256798,44.89033190428141,2.5
1978.0,5.0,16.0,12.0,20.0,8.21,1496.0,20.10149509072836,-155.6127303581209,15.257647358480849,2.6
1978.0,6.0,3.0,2.0,21.0,54.42,1497.0,19.734862948322125,-155.6715592277382,16.60906813668715,2.9
1978.0,6.0,3.0,6.0,54.0,52.2,1498.0,19.53446849105276,-154.8564896826067,8.546417880417817,2.5
1978.0,6.0,12.0,13.0,45.0,6.31,1499.0,19.67700134271873,-155.6816261655386,1.1826187617458541,3.4
1978.0,6.0,18.0,17.0,28.0,45.77,1500.0,19.165576173704657,-155.7074103472248,37.22596858020727,2.5
1978.0,6.0,21.0,3.0,24.0,7.63,1501.0,19.235136181906874,-155.5921516453166,22.221773023348163,2.8
1978.0,6.0,23.0,9.0,47.0,8.93,1502.0,20.020002712172268,-155.46651124607104,22.807595098892097,3.5
1978.0,7.0,6.0,13.0,11.0,41.13,1503.0,19.59829887236338,-155.17833480790753,38.37696709675104,2.5
1978.0,7.0,7.0,0.0,57.0,31.61,1504.0,19.82487732895996,-155.31988982152262,30.579349292702712,2.5
1978.0,7.0,8.0,16.0,54.0,28.05,1505.0,19.30536051216901,-155.44030109846378,24.212160188501862,3.1
1978.0,7.0,14.0,16.0,39.0,44.32,1506.0,19.495485209546903,-155.07779524344386,36.35586161822874,3.4
1978.0,7.0,15.0,13.0,43.0,17.93,1507.0,20.065777044874444,-155.598690553482,29.352841583041673,2.7
1978.0,7.0,16.0,0.0,25.0,4.14,1508.0,19.47941975969892,-155.7460523614626,13.522339937179325,2.5
1978.0,7.0,21.0,22.0,43.0,56.67,1509.0,19.573203186486094,-155.00260519971795,2.0731088113080944,2.5
1978.0,7.0,31.0,23.0,12.0,17.3,1510.0,19.86719889313273,-155.17005039886152,24.182181635511398,2.9
1978.0,8.0,5.0,2.0,58.0,15.51,1511.0,19.53546633370162,-155.7972137461157,40.505330288130786,3.0
1978.0,8.0,9.0,2.0,55.0,38.02,1512.0,19.57440101568891,-155.8211375411305,34.592550421538064,2.6
1978.0,8.0,12.0,6.0,42.0,50.48,1513.0,19.45926551378369,-155.87077720129668,35.58704422308525,2.5
1978.0,8.0,17.0,1.0,28.0,40.01,1514.0,19.203309941793183,-155.3712566354938,6.602500264765386,4.4
1978.0,8.0,18.0,10.0,31.0,55.9,1515.0,19.76559568516156,-155.21016719593146,26.000969530395572,2.7
1978.0,9.0,1.0,21.0,8.0,30.86,1517.0,19.520770017407603,-155.85843340842308,15.883739864074968,2.8
1978.0,9.0,2.0,9.0,18.0,23.16,1518.0,19.271324839926336,-155.1800414756639,27.69597255564214,2.6
1978.0,9.0,22.0,10.0,10.0,57.52,1519.0,20.10207704930465,-155.600127009714,27.424198334333465,2.6
1978.0,9.0,30.0,3.0,38.0,19.55,1520.0,19.695772768197763,-155.38766540107272,39.904072989974175,2.6
1978.0,10.0,7.0,6.0,32.0,5.53,1521.0,19.49603066932844,-154.8882851307247,1.8449051259351745,3.9
1978.0,10.0,7.0,11.0,19.0,25.45,1522.0,19.9080752751574,-155.56574673090597,29.46063406071645,2.5
1978.0,10.0,8.0,18.0,41.0,10.12,1524.0,19.182867705375926,-155.5197951093441,17.13049031238258,2.7
1978.0,10.0,9.0,19.0,10.0,40.22,1525.0,19.505439576630103,-155.60658553874967,15.715687283219717,3.2
1978.0,10.0,22.0,17.0,57.0,39.69,1526.0,20.022334445564727,-155.60739417466212,37.486344704304315,2.8
1978.0,10.0,24.0,3.0,55.0,47.52,1527.0,20.058181277067188,-155.59719376687798,3.8726214611770198,2.6
1978.0,11.0,6.0,18.0,9.0,28.81,1528.0,19.298571822824872,-155.543959580351,23.9184477488406,2.7
1978.0,11.0,7.0,4.0,11.0,57.27,1529.0,19.63486703186,-155.84060332549106,1.3348936322250453,2.7
1978.0,11.0,8.0,21.0,28.0,46.31,1530.0,19.42651515017805,-155.44038976196651,32.93754095879581,2.9
1978.0,11.0,15.0,19.0,51.0,24.51,1531.0,19.28414712280194,-155.4519627825343,41.35087281689858,2.7
1978.0,11.0,18.0,0.0,36.0,40.27,1532.0,19.99083017558862,-155.76460868909874,39.74735753100006,2.5
1978.0,11.0,20.0,17.0,43.0,9.99,1533.0,19.530386291443136,-155.5499281920115,42.92384997909785,3.4
1978.0,11.0,26.0,7.0,28.0,4.2,1534.0,19.55544719491919,-155.27865577989726,30.122316151490466,2.7
1978.0,12.0,3.0,3.0,16.0,32.69,1535.0,19.38031320928496,-155.4005144956968,7.1779134669549265,2.9
1978.0,12.0,3.0,11.0,16.0,26.71,1536.0,19.55103755878121,-155.30705193695474,12.784508842692464,3.2
1978.0,12.0,16.0,19.0,25.0,12.55,1538.0,19.72435648129875,-155.54486292417965,3.44383831573566,2.9
1978.0,12.0,17.0,21.0,24.0,36.52,1539.0,19.438911714133383,-155.20719341315944,15.762756178154188,2.5
1979.0,1.0,3.0,19.0,39.0,23.21,1540.0,19.658806776137844,-155.00527763149316,37.443462609321124,2.7
1979.0,1.0,3.0,22.0,28.0,49.14,1541.0,19.83810944237615,-155.54072315106646,36.10713934308039,2.7
1979.0,1.0,5.0,3.0,3.0,35.73,1542.0,19.40319310058305,-154.95344963408033,44.42380793206007,2.5
1979.0,1.0,10.0,10.0,42.0,42.33,1543.0,19.37728139022157,-155.0289040285187,34.35778369962381,2.7
1979.0,1.0,23.0,5.0,3.0,21.95,1544.0,19.964333071004088,-155.54947154808295,42.84533792422525,3.1
1979.0,1.0,31.0,21.0,48.0,58.15,1545.0,19.902499990766223,-155.89309420069233,2.0233869954819346,3.1
1979.0,2.0,2.0,21.0,51.0,3.77,1546.0,20.166342166522128,-155.7782639625461,31.743804117832454,2.6
1979.0,2.0,4.0,11.0,35.0,19.08,1547.0,19.567204311058017,-155.77771968886236,4.8836251922226825,2.6
1979.0,2.0,5.0,15.0,15.0,15.67,1548.0,19.23316228129373,-155.82889946057114,39.58773790355786,3.4
1979.0,2.0,5.0,16.0,8.0,6.16,1549.0,19.71217014777488,-155.34352380784432,7.684316167452463,3.1
1979.0,2.0,6.0,6.0,30.0,21.21,1550.0,19.35524608824999,-155.0916310527524,31.434202697688725,2.7
1979.0,3.0,1.0,18.0,25.0,12.28,1551.0,19.68006529575689,-155.5707026148879,7.823079676034822,3.2
1979.0,3.0,13.0,17.0,48.0,35.21,1552.0,19.173652105878126,-155.51045863806766,6.295506012186708,2.5
1979.0,3.0,16.0,4.0,27.0,25.57,1553.0,19.46279184625747,-155.1558468152043,8.091554005211638,2.5
1979.0,3.0,16.0,23.0,3.0,5.5,1554.0,19.71464581733,-155.8920674031014,13.742557078223578,3.4
1979.0,3.0,17.0,17.0,45.0,46.18,1556.0,20.036105748192853,-155.452851651905,31.935443663563934,2.9
1979.0,3.0,30.0,7.0,41.0,26.75,1558.0,20.0047109250797,-155.81661342373766,34.566142921550814,3.4
1979.0,4.0,9.0,8.0,18.0,5.64,1559.0,19.989031584396614,-155.55426207906328,36.57678017750358,2.5
1979.0,4.0,18.0,21.0,3.0,10.82,1560.0,19.360792236683785,-155.49509104737552,7.921209913015254,3.0
1979.0,4.0,19.0,15.0,50.0,2.03,1561.0,19.57209799619165,-155.9478597686741,31.689526342716853,2.5
1979.0,4.0,27.0,3.0,35.0,9.33,1562.0,19.432533802664707,-155.8761220033043,25.884023208672932,2.8
1979.0,4.0,27.0,22.0,28.0,59.93,1563.0,19.240910562066343,-155.8612326385456,23.025217139131154,2.6
1979.0,5.0,2.0,14.0,45.0,55.86,1564.0,19.513877062048422,-154.80606158007623,25.81919726069506,2.6
1979.0,5.0,4.0,14.0,28.0,24.46,1565.0,19.45658598591068,-155.60554180342857,37.693837543129355,2.6
1979.0,5.0,11.0,14.0,42.0,30.19,1566.0,19.41593249393496,-155.10344734785255,44.88456283117995,2.6
1979.0,5.0,15.0,12.0,5.0,9.62,1567.0,19.388283267054483,-155.040866969644,1.5925476395941054,3.0
1979.0,5.0,21.0,12.0,58.0,3.02,1568.0,19.39544791709727,-154.98119475385727,44.36027440190756,2.5
1979.0,5.0,23.0,3.0,7.0,24.01,1569.0,19.87316455136457,-155.91147731179151,40.594172669903394,2.5
1979.0,5.0,30.0,19.0,1.0,33.57,1570.0,19.41558234958206,-155.40543908870055,17.711019847060406,2.5
1979.0,6.0,19.0,10.0,2.0,19.57,1571.0,19.476981650214373,-155.9300687522493,43.17380129033716,3.0
1979.0,6.0,19.0,14.0,0.0,4.69,1572.0,20.12279432170636,-155.7298134550324,41.389371717069345,2.5
1979.0,6.0,21.0,9.0,29.0,54.26,1573.0,20.146286464120863,-155.7286346771948,18.379114218584263,3.2
1979.0,6.0,30.0,18.0,5.0,55.41,1574.0,19.76095837288473,-155.94795498463324,1.3483070828788635,3.2
1979.0,7.0,3.0,5.0,23.0,11.96,1575.0,19.40336915592451,-155.46150382202674,9.95396075141161,2.5
1979.0,7.0,7.0,8.0,47.0,49.45,1576.0,19.01259504824704,-155.72812249077796,36.82284503161353,2.9
1979.0,7.0,8.0,2.0,40.0,35.58,1577.0,19.63495873211617,-155.92530826823725,39.184739783873844,2.5
1979.0,7.0,11.0,12.0,15.0,52.86,1578.0,19.75723572252624,-155.6245357851859,19.41561618056931,3.0
1979.0,7.0,17.0,0.0,35.0,23.9,1579.0,19.42530215063965,-155.7183960549025,1.9437876695821767,3.0
1979.0,7.0,21.0,20.0,44.0,21.46,1580.0,19.48191986552824,-155.3839727021627,27.172968017676578,3.9
1979.0,8.0,3.0,23.0,3.0,59.33,1581.0,20.190744212182366,-155.86996946709726,17.812587221879205,2.5
1979.0,8.0,4.0,20.0,1.0,23.9,1582.0,19.59963935118704,-155.91338069702502,35.829233128727175,3.1
1979.0,8.0,15.0,5.0,50.0,18.92,1583.0,19.531969097869457,-155.30309201237523,28.437650732643085,2.5
1979.0,8.0,17.0,10.0,11.0,17.47,1584.0,19.745186487203288,-155.4051349743028,18.292082757658882,2.5
1979.0,8.0,18.0,7.0,4.0,44.42,1585.0,19.38975569872148,-155.20917040769828,25.640826331041477,2.5
1979.0,8.0,28.0,22.0,13.0,2.31,1586.0,20.065441189998875,-155.50190481029315,41.744983629877325,2.7
1979.0,8.0,30.0,18.0,51.0,39.52,1587.0,19.540710628512294,-155.16710744198937,2.4980583444219193,2.8
1979.0,8.0,31.0,20.0,35.0,12.84,1588.0,19.929588274080373,-155.2044420957263,15.16879020679971,2.5
1979.0,9.0,7.0,16.0,32.0,14.64,1589.0,20.02034849379548,-155.8039173727575,27.65235125564921,3.9
1979.0,9.0,9.0,9.0,8.0,42.46,1590.0,19.393068854426883,-155.32719179811917,27.902402610715875,2.5
1979.0,9.0,9.0,19.0,23.0,28.07,1591.0,19.151699260214624,-155.79832240653465,39.66492555845243,2.5
1979.0,9.0,24.0,7.0,46.0,31.63,1593.0,19.75976255103673,-156.0279277124063,12.015078794176224,2.8
1979.0,9.0,28.0,16.0,28.0,16.0,1594.0,19.882934340288305,-155.1033133359899,39.704955464675606,3.0
1979.0,10.0,2.0,9.0,18.0,24.71,1595.0,19.398318190405952,-155.04187753746336,19.635576783487615,2.9
1979.0,10.0,12.0,8.0,0.0,18.69,1596.0,19.19376933831981,-155.3952350922967,33.48765527285541,3.7
1979.0,10.0,15.0,13.0,28.0,17.14,1597.0,19.528367772179887,-155.22542122025783,32.72576054474247,3.1
1979.0,10.0,23.0,16.0,57.0,33.75,1599.0,19.01002808806184,-155.64736716112736,7.731210432323017,3.0
1979.0,10.0,29.0,13.0,57.0,3.44,1600.0,20.032640768412165,-155.6629196610472,7.939805042463933,4.0
1979.0,11.0,3.0,12.0,29.0,33.74,1602.0,19.79840304959416,-155.10519423888238,8.702390069700755,2.5
1979.0,11.0,5.0,11.0,36.0,37.72,1603.0,19.9930248787108,-155.6101140345405,16.010250083951867,2.5
1979.0,11.0,8.0,22.0,59.0,50.6,1604.0,19.684203068305266,-155.743150412939,20.885091146287614,2.8
1979.0,11.0,9.0,3.0,7.0,53.15,1605.0,19.80683337125293,-155.86801437598618,23.79791588618884,2.5
1979.0,11.0,11.0,1.0,6.0,47.9,1606.0,19.630313704345184,-155.1645644224832,22.865088967908733,2.5
1979.0,11.0,16.0,13.0,39.0,5.04,1608.0,19.94665163229523,-155.81503180056018,37.10850637305522,2.6
1979.0,11.0,20.0,23.0,49.0,23.17,1609.0,19.2269656588572,-155.66918424555377,5.812091934514312,3.6
1979.0,11.0,21.0,7.0,57.0,36.06,1610.0,19.978544767514435,-155.62384992021882,11.310662091159717,2.5
1979.0,12.0,6.0,20.0,32.0,34.81,1611.0,19.638808164587825,-155.86108147555493,35.72322791057784,3.4
1979.0,12.0,8.0,13.0,2.0,49.24,1612.0,19.912109289394767,-155.213321029935,28.87517956986218,4.2
1979.0,12.0,10.0,12.0,18.0,34.8,1613.0,19.38366130527324,-155.82782689946953,10.42388481439878,2.5
1979.0,12.0,11.0,5.0,24.0,46.17,1614.0,19.444259474152283,-155.9044121440256,31.95655406625285,3.5
1979.0,12.0,15.0,4.0,3.0,44.63,1615.0,19.5916105544375,-155.11169933199247,15.64671368500162,2.7
1979.0,12.0,15.0,15.0,7.0,37.36,1616.0,19.643147086515736,-155.5686514830056,37.14376205380211,2.8
1979.0,12.0,19.0,17.0,13.0,47.4,1617.0,19.66170545443481,-155.77357018964244,12.684777253858249,2.5
1979.0,12.0,24.0,11.0,9.0,41.88,1618.0,19.06007730049823,-155.65056796078122,19.727942526375685,3.0
1980.0,1.0,28.0,19.0,59.0,48.61,1619.0,19.65770231571413,-155.69297794919387,21.62921059234729,2.5
1980.0,1.0,31.0,17.0,10.0,22.61,1620.0,19.86805978350804,-155.7819866153609,32.188295591068254,2.6
1980.0,2.0,2.0,21.0,11.0,14.26,1621.0,19.952904396715365,-155.44641630090763,19.215189797927273,2.6
1980.0,2.0,7.0,9.0,45.0,24.26,1622.0,19.612054078058712,-155.51488954455684,15.468740069934476,2.5
1980.0,2.0,10.0,15.0,18.0,12.19,1623.0,19.02178392759495,-155.58940199517525,23.30349558881392,2.6
1980.0,2.0,12.0,12.0,12.0,20.16,1624.0,19.768743672470546,-155.78844311104103,18.337960675035394,2.6
1980.0,2.0,17.0,1.0,37.0,34.57,1625.0,19.905846474919063,-155.4090338130368,32.57958174820993,2.7
1980.0,2.0,18.0,21.0,59.0,12.92,1626.0,20.10072059668093,-155.83922636107368,44.62534530632054,2.6
1980.0,2.0,27.0,20.0,42.0,22.88,1628.0,19.58803266712831,-155.5930432320941,29.02562441537198,2.5
1980.0,3.0,3.0,0.0,48.0,12.46,1629.0,20.00922790990084,-155.54554035181224,2.458960055345316,2.9
1980.0,3.0,4.0,14.0,21.0,1.76,1630.0,18.94498623884488,-155.6688633837444,18.784788713152654,3.3
1980.0,3.0,4.0,15.0,34.0,52.87,1631.0,19.54263022083409,-155.55736235609734,32.42832639901866,2.8
1980.0,3.0,5.0,23.0,1.0,20.27,1632.0,19.62216456146072,-155.6931762422989,17.356227591824993,2.6
1980.0,3.0,8.0,23.0,46.0,39.06,1633.0,19.70094878521488,-155.08665832622833,30.011740102562218,3.3
1980.0,3.0,11.0,10.0,33.0,1.79,1634.0,19.81462570107724,-155.72476988048803,43.83972033331773,2.7
1980.0,3.0,11.0,17.0,27.0,37.01,1635.0,19.816794062428404,-155.59333377729948,18.76966753033591,2.6
1980.0,3.0,12.0,22.0,24.0,40.17,1637.0,19.44130574150828,-155.46844810769903,26.590244107408147,2.7
1980.0,3.0,20.0,0.0,34.0,18.13,1638.0,19.90728501798573,-155.47610050043727,8.56201457462426,2.6
1980.0,3.0,20.0,16.0,9.0,16.87,1639.0,20.040684045455045,-155.69752451646198,1.7326030336461273,3.3
1980.0,3.0,21.0,20.0,18.0,30.76,1640.0,19.328274684712493,-155.4999564812017,24.08179984451795,3.4
1980.0,3.0,24.0,18.0,17.0,28.86,1641.0,19.153887539118347,-155.47483764001916,43.22176352810224,3.2
1980.0,3.0,26.0,16.0,24.0,53.32,1642.0,19.4368888405084,-155.36751635106006,40.71278534765828,3.4
1980.0,3.0,26.0,23.0,27.0,12.76,1643.0,19.399187714011124,-155.84174229176335,40.811514674793756,2.5
1980.0,3.0,29.0,11.0,24.0,31.23,1644.0,19.87359895339285,-155.8255814545306,25.427919919635205,2.5
1980.0,3.0,29.0,19.0,0.0,20.88,1645.0,19.30806402835203,-155.1757464297261,36.699908185602865,2.9
1980.0,4.0,2.0,20.0,0.0,30.6,1646.0,19.440045078520832,-155.7054593903945,26.0640351371989,2.5
1980.0,4.0,3.0,12.0,50.0,21.49,1647.0,19.39343937938812,-155.74582367398554,7.564489605608001,2.8
1980.0,4.0,5.0,3.0,48.0,49.42,1648.0,18.988337607329235,-155.62450296002504,41.75704488071297,2.9
1980.0,4.0,17.0,23.0,40.0,22.13,1649.0,19.71852549261778,-154.9864827462991,38.424070485930784,3.1
1980.0,5.0,12.0,20.0,49.0,28.23,1650.0,19.86499371910075,-155.93622332364038,14.673795553410049,2.5
1980.0,5.0,14.0,22.0,59.0,11.13,1651.0,19.42631774292322,-155.26008685722016,19.082469399365063,2.5
1980.0,5.0,17.0,2.0,3.0,56.17,1652.0,19.84613507710152,-155.66378113608317,36.727425683013465,4.5
1980.0,5.0,17.0,6.0,45.0,24.85,1653.0,19.474151584265027,-155.09816117137746,29.121875034666523,3.2
1980.0,5.0,20.0,20.0,44.0,10.65,1654.0,19.941671712398325,-155.2272435860478,7.46563627960267,2.6
1980.0,5.0,22.0,2.0,1.0,5.66,1655.0,19.97663803233769,-155.59244772559643,29.00127229971821,2.5
1980.0,5.0,27.0,1.0,26.0,20.27,1656.0,19.194394156937545,-155.738438554142,29.40668583545578,2.9
1980.0,5.0,27.0,18.0,34.0,45.22,1657.0,19.35173069826084,-155.19172142890883,4.214089502456141,2.7
1980.0,5.0,28.0,16.0,56.0,38.49,1658.0,19.87133102349765,-155.89384808210093,12.456195405661468,2.6
1980.0,5.0,31.0,17.0,21.0,46.71,1659.0,19.331960243692127,-155.20742739034,23.701986997349046,2.9
1980.0,6.0,2.0,1.0,2.0,37.02,1660.0,19.787677737074294,-155.76796331265368,38.91926507400234,2.7
1980.0,6.0,4.0,3.0,8.0,28.76,1661.0,19.29480648361668,-155.23956984132445,10.300433590412625,2.7
1980.0,6.0,12.0,0.0,13.0,48.7,1662.0,19.63109463377913,-155.497174223258,34.760195071759796,2.6
1980.0,6.0,13.0,4.0,18.0,43.18,1663.0,19.45564998625953,-154.93080153219165,6.877697913637787,3.6
1980.0,6.0,14.0,4.0,29.0,43.02,1664.0,19.819916652892164,-155.68989536328027,8.846384950967245,2.8
1980.0,6.0,23.0,16.0,47.0,7.44,1665.0,19.03092174454772,-155.56638949385226,17.09414977145015,3.7
1980.0,6.0,27.0,9.0,49.0,38.21,1666.0,19.862761751953645,-155.3670470343821,11.829385177507383,3.2
1980.0,7.0,4.0,23.0,35.0,38.44,1667.0,19.512456086180144,-155.7053734236702,28.05398131344204,3.0
1980.0,7.0,24.0,17.0,18.0,58.86,1668.0,19.703250320769165,-155.95681318898855,12.965029689886014,2.5
1980.0,7.0,26.0,11.0,33.0,22.1,1669.0,19.170818715678067,-155.7278679798992,7.1000479866094,3.1
1980.0,7.0,26.0,13.0,1.0,3.2,1670.0,19.57088038228504,-154.8510477011095,15.450788893410285,2.6
1980.0,8.0,3.0,20.0,16.0,31.42,1671.0,20.137235961912385,-155.807538207965,31.010244561802487,3.0
1980.0,8.0,6.0,0.0,59.0,34.04,1672.0,19.28892483845522,-155.2404974082005,2.233121902640639,2.5
1980.0,8.0,9.0,20.0,57.0,50.63,1673.0,19.575152988195168,-155.78493098504876,3.6550043176617946,2.8
1980.0,8.0,26.0,14.0,40.0,1.98,1675.0,19.77845078588936,-155.46584552052937,31.00076327782297,2.6
1980.0,8.0,27.0,20.0,14.0,9.92,1676.0,19.673463697851904,-155.07290300395326,17.893688199672315,3.0
1980.0,8.0,28.0,19.0,33.0,11.13,1677.0,19.51513404361576,-155.39531642261366,1.4200847977960627,3.1
1980.0,8.0,29.0,2.0,7.0,27.11,1678.0,20.22452311458721,-155.87092676069312,36.04760113480342,3.1
1980.0,8.0,29.0,11.0,9.0,53.81,1679.0,20.07865295581191,-155.64524648878762,26.048051672048935,2.5
1980.0,9.0,1.0,11.0,11.0,23.65,1680.0,19.864719787035604,-155.81917591932802,31.3460250878317,2.6
1980.0,9.0,4.0,10.0,22.0,10.67,1681.0,19.122494760950115,-155.89294629941588,29.93645782990685,2.8
1980.0,9.0,8.0,0.0,41.0,35.82,1682.0,19.906892573364587,-155.7173707307785,42.17613812576949,2.5
1980.0,9.0,11.0,7.0,45.0,32.33,1683.0,19.88051634608064,-155.51259429852243,13.263224396132586,2.5
1980.0,9.0,13.0,1.0,50.0,46.87,1684.0,19.53001056691726,-155.71606163819325,31.652808551526483,3.0
1980.0,9.0,13.0,2.0,9.0,29.17,1685.0,19.61262152316609,-154.96053392187133,24.94747124832993,2.9
1980.0,9.0,16.0,18.0,51.0,54.33,1686.0,19.69157634504745,-155.80963181359212,38.285987031387236,2.8
1980.0,9.0,17.0,1.0,36.0,9.13,1687.0,19.41892181974853,-155.47753922224646,12.644648445794752,3.3
1980.0,9.0,21.0,4.0,17.0,0.71,1688.0,19.52019703119856,-154.96122740213008,28.50551510474894,3.8
1980.0,9.0,25.0,1.0,51.0,14.17,1689.0,19.276168809536674,-155.49926873933623,44.051688766537794,3.0
1980.0,9.0,30.0,1.0,33.0,18.28,1690.0,19.2585423676701,-155.88468443381754,9.304535276424602,2.6
1980.0,10.0,2.0,22.0,35.0,3.4,1691.0,20.001430450966765,-155.73259107291076,3.2994839188959793,2.6
1980.0,10.0,8.0,15.0,55.0,44.02,1692.0,19.80976432292336,-155.7802370235934,23.359787981578716,2.5
1980.0,10.0,11.0,9.0,16.0,48.18,1693.0,19.511114913828607,-154.84090601812332,15.668326942419371,2.8
1980.0,10.0,14.0,4.0,49.0,31.51,1694.0,19.861490940638493,-155.73539920815392,21.061397357362598,3.2
1980.0,10.0,18.0,8.0,42.0,27.1,1695.0,19.55713225434426,-155.23841024802755,1.812686197347178,3.5
1980.0,10.0,18.0,15.0,1.0,40.21,1696.0,19.20924446703991,-155.4948192759189,35.52906294724959,2.5
1980.0,10.0,19.0,3.0,43.0,45.06,1697.0,19.434358628261123,-155.6291971000811,33.64235421841435,2.5
1980.0,10.0,21.0,12.0,0.0,33.7,1698.0,19.574060561021334,-155.00445042888043,6.245754822247465,2.8
1980.0,10.0,24.0,13.0,11.0,24.3,1699.0,19.45344240129012,-154.83706201334675,10.19062188119975,2.9
1980.0,11.0,1.0,14.0,15.0,39.84,1700.0,19.358354587749524,-155.43575226124668,30.707171088638546,2.9
1980.0,11.0,8.0,5.0,40.0,5.99,1701.0,19.51455139318172,-154.97535503219063,37.21606200844073,3.1
1980.0,11.0,13.0,3.0,11.0,6.63,1702.0,19.780724862469537,-155.82601417192976,8.609752731302425,2.8
1980.0,11.0,13.0,21.0,36.0,54.58,1703.0,19.049778101796782,-155.7746516373942,13.913638130082159,2.5
1980.0,11.0,21.0,19.0,16.0,5.69,1704.0,19.940527142074338,-155.7477338405267,9.212013193140946,2.6
1980.0,11.0,23.0,16.0,37.0,37.49,1705.0,19.66839620134062,-155.04827441522943,37.27217432604915,2.7
1980.0,11.0,25.0,13.0,4.0,38.75,1706.0,19.25916201938303,-155.27183207875953,26.430604590055534,3.5
1980.0,12.0,3.0,3.0,15.0,52.88,1707.0,20.16928487729842,-155.6979401344834,27.21163568469193,2.8
1980.0,12.0,11.0,3.0,47.0,22.32,1708.0,19.880538854401703,-155.79145397145678,36.250822322227265,2.5
1980.0,12.0,11.0,4.0,13.0,36.96,1709.0,19.80655471598995,-155.7033292876245,12.078124033853573,2.5
1980.0,12.0,14.0,2.0,7.0,9.0,1710.0,19.86900540261931,-155.1333569367765,14.981709014960588,2.9
1980.0,12.0,15.0,2.0,51.0,1.06,1711.0,19.81159791608558,-155.75455236247757,35.3607518629782,2.6
1980.0,12.0,21.0,4.0,28.0,29.38,1712.0,19.568830961276863,-155.73633624739594,22.10779461226025,2.5
1980.0,12.0,27.0,12.0,25.0,46.08,1713.0,19.829959416325103,-155.5733802841103,8.254660070703487,2.7
1980.0,12.0,29.0,5.0,27.0,34.88,1714.0,19.424964508300004,-155.4638446450839,26.21443352561927,2.7
1980.0,12.0,29.0,15.0,47.0,53.53,1715.0,19.99568942398417,-155.23382425687797,40.01846139980469,2.8
1981.0,1.0,7.0,1.0,47.0,27.43,1716.0,19.48907285114505,-155.85136956358488,38.695333196719034,2.8
1981.0,1.0,17.0,17.0,55.0,41.83,1718.0,19.512740011139226,-155.1826373749069,23.55651187538985,3.3
1981.0,1.0,18.0,18.0,49.0,41.36,1719.0,19.62482314284404,-154.97868836280563,4.777059032096194,3.9
1981.0,2.0,4.0,2.0,11.0,55.47,1721.0,20.0638585540699,-155.81082609482183,35.19035846177026,2.7
1981.0,2.0,5.0,12.0,2.0,47.46,1722.0,19.40004954511909,-155.67266438280555,6.465596333692299,2.6
1981.0,2.0,11.0,23.0,17.0,20.04,1723.0,19.144867036643934,-155.76974056927483,38.48521647608646,2.8
1981.0,2.0,19.0,0.0,33.0,17.58,1724.0,19.42902246363544,-155.59077899253197,42.31268198415553,2.5
1981.0,2.0,19.0,11.0,58.0,55.06,1725.0,19.841183042351613,-155.4401985076893,33.777820135330536,2.6
1981.0,2.0,20.0,8.0,2.0,26.68,1726.0,20.14679835215452,-155.72441774096737,43.18517168696386,2.8
1981.0,2.0,22.0,11.0,12.0,29.81,1727.0,19.22881419796165,-155.7901077662565,18.076390698723174,2.7
1981.0,2.0,26.0,20.0,55.0,19.12,1728.0,20.110970775273103,-155.59061917272453,6.003165056048535,2.6
1981.0,2.0,27.0,3.0,25.0,13.33,1729.0,19.215689073197574,-155.3903572418725,11.615991758620309,2.7
1981.0,2.0,28.0,23.0,39.0,57.24,1730.0,19.848505023074352,-155.8871184233158,37.29989801224184,2.5
1981.0,3.0,12.0,8.0,55.0,56.75,1731.0,20.01260070140672,-155.43463015947032,33.1902028864928,2.5
1981.0,3.0,20.0,15.0,14.0,26.75,1732.0,19.255452844339008,-155.4714772339043,8.221100596308252,2.6
1981.0,3.0,22.0,4.0,12.0,27.74,1733.0,19.37444149364321,-155.5659470626481,26.06151758785355,3.1
1981.0,3.0,22.0,5.0,31.0,9.74,1734.0,19.27260032402013,-155.6823229502191,16.570312585326626,3.8
1981.0,3.0,29.0,20.0,32.0,53.88,1736.0,19.07546216802104,-155.76964814032598,21.618000205977733,2.9
1981.0,4.0,13.0,9.0,33.0,29.61,1737.0,19.35113778813979,-155.19663158566635,22.22021246765208,2.6
1981.0,4.0,13.0,21.0,14.0,22.59,1738.0,19.4669254989634,-155.83691179325928,27.178223587712857,2.9
1981.0,4.0,16.0,8.0,19.0,2.69,1739.0,20.01691708511668,-155.517565956511,42.8400391488284,3.0
1981.0,4.0,24.0,16.0,22.0,23.4,1741.0,19.583663206242928,-154.92403853810265,33.315440028158875,2.6
1981.0,4.0,25.0,21.0,56.0,19.48,1742.0,19.613928416625864,-155.33893474830626,8.373734117799534,2.5
1981.0,5.0,5.0,9.0,40.0,0.61,1743.0,20.125322321101248,-155.7741647644458,39.39959148122758,3.2
1981.0,5.0,9.0,11.0,1.0,57.11,1744.0,19.4640858004792,-155.2995780637591,27.078945911878822,3.0
1981.0,5.0,14.0,16.0,9.0,24.03,1745.0,19.642476194164907,-155.61699445789208,41.92793744475806,3.3
1981.0,5.0,22.0,21.0,58.0,55.5,1746.0,19.598281928922308,-155.9533717178892,4.540246248647556,2.8
1981.0,5.0,23.0,5.0,24.0,19.21,1747.0,19.526895869431105,-154.85746597506608,13.99783312541818,3.4
1981.0,5.0,25.0,8.0,40.0,59.32,1748.0,19.32698797373392,-155.4522459267749,5.708921268119059,2.8
1981.0,5.0,30.0,10.0,35.0,24.6,1749.0,19.16203456119728,-155.7129765664589,26.83966870453215,2.6
1981.0,5.0,30.0,15.0,13.0,9.87,1750.0,19.45695069936168,-155.41903040434823,15.515672131145925,2.6
1981.0,6.0,4.0,9.0,53.0,35.82,1751.0,19.53691950820641,-155.0763430876154,17.627256045990578,2.5
1981.0,6.0,6.0,17.0,8.0,9.74,1752.0,19.63520360613112,-155.54142941985688,31.24834046242918,2.7
1981.0,6.0,7.0,8.0,31.0,37.67,1753.0,19.760530742272653,-155.54925787929602,34.7330887236676,2.5
1981.0,6.0,9.0,3.0,33.0,41.01,1754.0,19.48994206226508,-155.2456865440193,40.71169447391315,2.7
1981.0,6.0,13.0,22.0,2.0,10.96,1755.0,19.488157143427195,-155.36746412004848,2.978993342758761,2.5
1981.0,6.0,15.0,3.0,29.0,9.05,1756.0,19.48564984314605,-155.7923190913055,22.539125031720385,3.4
1981.0,6.0,24.0,10.0,26.0,58.03,1757.0,19.36629734247141,-155.3392174010269,13.106456361590434,3.2
1981.0,6.0,29.0,10.0,32.0,30.94,1758.0,19.644881983407124,-155.42465236706042,19.89688637895698,2.6
1981.0,6.0,30.0,3.0,21.0,20.55,1759.0,19.607335844316264,-155.82704477218292,34.196212950531155,3.8
1981.0,6.0,30.0,11.0,9.0,1.34,1760.0,20.01718909904872,-155.29693139356297,5.958832305296111,2.5
1981.0,7.0,9.0,15.0,55.0,58.08,1762.0,19.74090874848311,-155.30836152317693,12.67820465197473,2.6
1981.0,7.0,11.0,0.0,34.0,35.54,1763.0,19.280198562641925,-155.84571895270193,22.615512426486685,2.6
1981.0,7.0,11.0,19.0,23.0,43.67,1764.0,19.97323551327796,-155.65208767701176,39.582421398489544,3.0
1981.0,7.0,18.0,10.0,1.0,29.56,1765.0,19.34848112986954,-155.19419301100373,34.787125553256814,2.6
1981.0,7.0,20.0,1.0,27.0,48.99,1766.0,18.991528125598126,-155.61610415366127,13.7392360696348,2.9
1981.0,7.0,25.0,3.0,17.0,13.9,1767.0,19.88501609213481,-155.19839810927232,12.363517510276925,2.6
1981.0,7.0,28.0,9.0,12.0,40.81,1768.0,19.59948415729818,-155.002547193705,25.143397468528242,3.1
1981.0,8.0,6.0,19.0,25.0,48.39,1769.0,19.35539126662272,-155.34689250702604,3.867851919108384,3.5
1981.0,8.0,27.0,7.0,51.0,51.16,1770.0,19.40246855268744,-155.37687680337612,23.528711448915423,3.0
1981.0,8.0,28.0,21.0,23.0,33.58,1771.0,19.673253066074032,-155.68601512466117,28.547519219728933,2.8
1981.0,9.0,2.0,3.0,27.0,49.67,1772.0,19.2208420801831,-155.59713231331875,7.440002269208643,2.9
1981.0,9.0,2.0,21.0,4.0,34.12,1773.0,19.423899743137,-155.8294174211141,10.907407012810026,2.5
1981.0,9.0,2.0,23.0,56.0,31.69,1774.0,19.354600144084547,-155.52040742807836,17.672430407619693,2.8
1981.0,9.0,4.0,12.0,38.0,54.23,1775.0,19.47201888571219,-155.00362887110262,2.584719428354504,2.5
1981.0,9.0,6.0,7.0,1.0,49.64,1776.0,19.55939572830278,-155.32482848724626,18.10502731893645,2.5
1981.0,9.0,11.0,19.0,45.0,32.43,1777.0,19.83794049914819,-155.38435940598265,18.259442578422412,3.0
1981.0,9.0,12.0,4.0,0.0,13.1,1778.0,19.66868393872896,-155.50652999757432,4.957412837741568,2.7
1981.0,9.0,12.0,12.0,50.0,29.01,1779.0,19.854109964183763,-155.60035172403676,15.20633531611767,2.8
1981.0,9.0,14.0,17.0,58.0,42.0,1780.0,19.51276163431761,-154.82151567676905,12.216228055781276,2.7
1981.0,9.0,29.0,10.0,10.0,48.62,1781.0,19.251401692636826,-155.44134503198052,21.639165191521002,2.5
1981.0,9.0,30.0,0.0,22.0,0.32,1782.0,19.105785090086645,-155.85152829445175,23.355838855623404,3.3
1981.0,10.0,13.0,16.0,55.0,22.56,1783.0,19.90945358372169,-155.29658260616327,11.070098409396522,2.5
1981.0,10.0,15.0,19.0,8.0,7.69,1784.0,19.771636813611096,-155.16910224490337,17.127322271712195,2.6
1981.0,10.0,19.0,10.0,38.0,5.12,1785.0,19.480391892392515,-155.9238740309869,44.32920914140412,2.6
1981.0,10.0,20.0,8.0,50.0,26.7,1786.0,19.876148378395325,-155.2991409661458,34.715209791856694,2.5
1981.0,10.0,24.0,18.0,29.0,18.61,1787.0,19.308332584745564,-155.21375012815096,35.59025862912854,2.6
1981.0,10.0,26.0,12.0,41.0,22.52,1788.0,19.49544809314533,-155.02812082431356,25.940572315373164,3.0
1981.0,10.0,27.0,15.0,27.0,43.74,1789.0,19.622880975237635,-155.40839929927608,35.849104769672444,2.7
1981.0,10.0,28.0,4.0,41.0,34.19,1790.0,19.26258437151446,-155.24545388213593,40.54015242195847,2.7
1981.0,10.0,28.0,10.0,14.0,46.32,1791.0,19.6873911203398,-155.0547891871547,26.757702162778344,3.3
1981.0,11.0,4.0,0.0,49.0,18.22,1792.0,19.26189222746307,-155.3877722498275,5.8149437929596655,3.3
1981.0,11.0,8.0,3.0,34.0,24.91,1793.0,19.423391250642368,-155.49269261345003,11.471624104364016,2.7
1981.0,11.0,12.0,0.0,20.0,43.91,1794.0,19.74015249744038,-155.44492872438985,40.100271559293546,3.1
1981.0,11.0,18.0,11.0,38.0,16.4,1795.0,19.75559095187411,-155.08872254360548,43.979046800718336,2.8
1981.0,11.0,20.0,10.0,42.0,31.0,1796.0,19.64106818227996,-155.65874444541444,9.129600592876582,3.2
1981.0,11.0,23.0,3.0,35.0,10.3,1797.0,19.443577276228424,-155.4990919404471,25.035937505572655,2.8
1981.0,11.0,23.0,12.0,43.0,12.9,1798.0,19.24317571969453,-155.8802142560196,13.57944618771483,2.5
1981.0,11.0,27.0,11.0,3.0,11.0,1799.0,19.8764182744308,-155.3155627190829,13.597261802506692,2.5
1981.0,12.0,8.0,19.0,20.0,25.62,1801.0,19.4712190404472,-155.5912309834806,36.17957055695091,2.8
1981.0,12.0,12.0,7.0,26.0,5.33,1802.0,19.016359247791563,-155.82857787536793,8.485416221450073,3.1
1981.0,12.0,13.0,18.0,16.0,54.18,1803.0,20.040564210795434,-155.70245626683132,42.75983594999856,2.9
1981.0,12.0,16.0,15.0,49.0,40.41,1804.0,19.32832958054277,-155.4129826456241,39.186620429463865,2.7
1981.0,12.0,18.0,7.0,34.0,3.87,1805.0,19.6132271445228,-155.00388190033414,23.717906097741334,3.2
1981.0,12.0,22.0,4.0,3.0,30.96,1806.0,19.05229260578034,-155.638320639855,33.48249182207328,2.5
1981.0,12.0,26.0,10.0,43.0,29.48,1807.0,20.20094721584308,-155.81568291579234,4.805258343146171,2.5
1982.0,1.0,2.0,19.0,11.0,56.66,1808.0,19.26471881836271,-155.24591556688463,22.68704154272987,2.8
1982.0,1.0,12.0,14.0,7.0,6.33,1810.0,19.04685436956976,-155.77287758748597,4.056021178972616,4.2
1982.0,1.0,16.0,20.0,27.0,18.41,1812.0,19.356349303535787,-155.3208210983457,32.62961335369181,2.7
1982.0,1.0,17.0,3.0,15.0,51.04,1813.0,19.36708252488341,-155.7855613702878,23.380438735813215,2.5
1982.0,1.0,22.0,21.0,38.0,49.03,1814.0,19.30269343587135,-155.77565159900794,18.595461805826393,2.8
1982.0,1.0,23.0,1.0,12.0,29.78,1815.0,19.82563812368515,-155.3070155286479,3.818627006751746,2.5
1982.0,1.0,23.0,21.0,25.0,37.77,1816.0,19.41220204417144,-155.2857778046202,13.440188511163214,2.5
1982.0,1.0,29.0,17.0,0.0,48.92,1817.0,19.34033978313616,-155.4796722907378,29.75352307245835,2.9
1982.0,1.0,29.0,19.0,24.0,2.46,1818.0,19.79462794871513,-155.8371584275,8.023459063498645,3.0
1982.0,1.0,30.0,17.0,3.0,22.08,1819.0,19.77044797708706,-155.2266400039881,8.836117092139585,2.5
1982.0,2.0,6.0,7.0,14.0,3.89,1820.0,19.34703853419889,-155.07478822524922,15.482255202446822,2.7
1982.0,2.0,8.0,9.0,27.0,13.26,1821.0,19.459868039255525,-155.85009722749498,7.68799815182925,2.6
1982.0,2.0,13.0,23.0,7.0,30.45,1822.0,19.09568096019669,-155.79006432419277,5.302848222682337,3.3
1982.0,2.0,16.0,2.0,2.0,34.58,1823.0,19.881405583259124,-155.1228686230577,19.883717395906757,2.6
1982.0,2.0,16.0,7.0,42.0,18.71,1824.0,19.5633720986458,-155.93992485933825,34.823166958999884,2.8
1982.0,2.0,17.0,20.0,11.0,24.33,1825.0,19.95382901753599,-155.49498110952862,40.22105230042925,2.8
1982.0,2.0,20.0,1.0,45.0,43.65,1826.0,19.525792875578933,-155.27223389011843,42.4842361909454,2.5
1982.0,2.0,23.0,2.0,59.0,9.35,1827.0,19.6334262211679,-155.1922436073458,8.720110688202038,4.3
1982.0,2.0,28.0,13.0,42.0,47.09,1828.0,19.866726342298143,-155.11534402289993,44.88646889592977,2.5
1982.0,3.0,2.0,21.0,42.0,28.76,1829.0,19.57016011510182,-154.8862636657479,28.027087131521245,3.4
1982.0,3.0,18.0,14.0,13.0,19.11,1832.0,19.91111580555812,-155.29318404289992,43.63976170923401,2.6
1982.0,3.0,22.0,0.0,56.0,21.41,1833.0,20.04527678907216,-155.79713347389654,8.878200643690237,2.8
1982.0,3.0,29.0,17.0,7.0,13.48,1834.0,19.43922610831731,-155.03294673754732,5.5543150329658095,2.9
1982.0,3.0,30.0,15.0,13.0,27.84,1835.0,19.046779752942985,-155.71956296803148,5.355502017974457,3.0
1982.0,4.0,6.0,12.0,17.0,5.28,1836.0,19.328328869824272,-155.18000946841298,20.395422735818848,2.5
1982.0,4.0,10.0,15.0,17.0,12.38,1837.0,20.00061399457748,-155.69830224873868,4.996347930047492,3.4
1982.0,4.0,11.0,18.0,34.0,9.62,1838.0,19.78940214827186,-155.82504358738754,18.011806097994278,2.9
1982.0,4.0,28.0,23.0,20.0,4.87,1839.0,19.749789346656105,-155.3606176847154,35.69811310769345,2.5
1982.0,5.0,1.0,3.0,36.0,1.76,1840.0,19.676278730694463,-155.42376869803942,2.649065122882389,3.3
1982.0,5.0,2.0,9.0,8.0,59.88,1841.0,19.646934209340973,-155.64164483406668,20.817267138338103,2.8
1982.0,5.0,5.0,8.0,35.0,1.18,1842.0,19.386840594117853,-155.75320130061382,6.790372014345147,2.6
1982.0,5.0,14.0,21.0,35.0,52.68,1843.0,19.501179268615683,-155.37466295147303,31.827075701987795,2.7
1982.0,5.0,19.0,14.0,20.0,51.39,1844.0,19.93431777522498,-155.27330567691274,4.537281214787035,2.7
1982.0,5.0,22.0,2.0,32.0,24.9,1845.0,19.620593949643936,-155.32011142684132,24.499072607485417,2.8
1982.0,5.0,24.0,6.0,55.0,33.13,1847.0,19.543137566568504,-155.9395374384757,29.635189286565573,2.8
1982.0,5.0,28.0,14.0,53.0,16.85,1848.0,19.176942373468584,-155.52728056772938,13.612424476661335,2.9
1982.0,5.0,29.0,22.0,14.0,17.93,1849.0,19.98756543680416,-155.3508336727366,35.03152704220491,3.2
1982.0,6.0,22.0,12.0,31.0,42.68,1851.0,19.86807871247272,-155.52537776657522,23.621044372943885,2.6
1982.0,7.0,2.0,18.0,51.0,20.1,1852.0,19.7924917244091,-155.9603701323914,40.20394408182898,2.6
1982.0,7.0,2.0,19.0,5.0,46.18,1853.0,19.327566995396573,-155.53136623562662,11.958102444468736,2.7
1982.0,7.0,12.0,9.0,46.0,6.07,1854.0,19.884257799809085,-155.28725597684942,16.274362243392382,2.7
1982.0,7.0,12.0,20.0,46.0,39.75,1856.0,19.21597678683792,-155.67769376108757,5.0355290187710775,2.7
1982.0,7.0,14.0,1.0,17.0,14.39,1857.0,19.67107268660414,-155.28190899771977,21.83218358794929,2.8
1982.0,7.0,21.0,0.0,4.0,1.72,1858.0,19.39818902760865,-155.44464171556527,19.88677338891381,2.5
1982.0,7.0,22.0,16.0,22.0,3.57,1859.0,19.520455220350744,-155.4439653294795,27.22627405781185,3.2
1982.0,7.0,31.0,0.0,52.0,29.67,1861.0,19.601571635831736,-155.89013852699478,14.046295082062969,2.6
1982.0,8.0,2.0,11.0,26.0,16.79,1862.0,19.58177110325585,-155.50456673871255,13.765161386179193,2.6
1982.0,8.0,5.0,21.0,43.0,1.52,1864.0,19.513298735980744,-155.53368343519188,19.66129356637349,3.3
1982.0,8.0,8.0,8.0,57.0,36.26,1865.0,19.23109623292636,-155.67013019886008,33.027188111403746,2.5
1982.0,8.0,13.0,9.0,15.0,56.84,1866.0,20.01083548905126,-155.3034010188803,28.755792957428472,2.5
1982.0,8.0,16.0,21.0,39.0,17.25,1867.0,19.229793713870777,-155.7331254447278,35.807415863483726,2.7
1982.0,8.0,18.0,3.0,8.0,16.94,1868.0,20.077118566622225,-155.44586945185267,5.663076201076223,2.5
1982.0,8.0,19.0,16.0,0.0,38.0,1869.0,19.33456014294187,-155.37029240174363,13.543525770917489,3.4
1982.0,8.0,22.0,14.0,33.0,31.78,1870.0,20.091783750619182,-155.6159451513231,8.240948527990465,2.5
1982.0,8.0,23.0,15.0,19.0,9.17,1871.0,19.67577019510804,-155.11877335476697,14.05110691809454,2.6
1982.0,8.0,31.0,3.0,40.0,14.34,1872.0,19.741594091661657,-155.09145592774638,29.70667067507744,2.6
1982.0,9.0,2.0,2.0,13.0,52.43,1873.0,19.359354196765448,-155.78178585809297,34.306167122249136,3.0
1982.0,9.0,4.0,18.0,14.0,32.63,1874.0,19.781443768735567,-155.2555440510551,43.33092548605413,2.6
1982.0,9.0,6.0,8.0,2.0,29.28,1875.0,19.282300713327285,-155.58074249895984,16.08002538597465,2.8
1982.0,9.0,10.0,20.0,10.0,2.84,1876.0,19.58863553041581,-155.0493057567329,34.502378556271616,2.8
1982.0,10.0,8.0,13.0,26.0,39.23,1878.0,19.59070275973377,-155.38645528463886,18.427589886106627,2.7
1982.0,10.0,17.0,23.0,33.0,37.37,1879.0,19.71841950410065,-155.23623870307654,19.369025376570313,2.9
1982.0,10.0,18.0,5.0,6.0,26.24,1880.0,19.7074031623173,-155.7358246360639,1.417057575057345,3.1
1982.0,10.0,23.0,7.0,19.0,37.88,1881.0,19.107625932637827,-155.65058037896202,32.51320178306882,2.5
1982.0,10.0,29.0,4.0,58.0,23.38,1882.0,19.14926340903702,-155.51028295527854,21.24813125593123,3.4
1982.0,11.0,1.0,9.0,21.0,28.46,1883.0,19.73099732106328,-155.8181039619164,42.333026067909636,2.9
1982.0,11.0,2.0,10.0,12.0,45.09,1884.0,19.981090974946888,-155.46307415445747,27.190854753597534,2.9
1982.0,11.0,5.0,3.0,32.0,0.23,1885.0,19.14325882835743,-155.90016409267187,1.5373887417112382,3.2
1982.0,11.0,6.0,11.0,0.0,19.74,1886.0,20.04076798376968,-155.48943957479128,6.268450082265755,2.7
1982.0,11.0,7.0,12.0,59.0,0.82,1887.0,19.48709836999036,-154.90165256118854,44.575886662790786,3.1
1982.0,11.0,22.0,19.0,33.0,29.27,1888.0,19.67048423111916,-155.08739909987648,33.11304416985651,2.9
1982.0,11.0,28.0,13.0,56.0,4.17,1889.0,19.13531385769985,-155.6144697861064,23.941883488940466,2.7
1982.0,12.0,4.0,17.0,7.0,29.97,1890.0,19.23262189093424,-155.80645305754896,8.157390895825616,2.7
1982.0,12.0,5.0,14.0,47.0,47.7,1891.0,19.008202433226742,-155.62266133236437,37.984035051771976,4.0
1982.0,12.0,8.0,11.0,56.0,42.53,1893.0,19.644766315649253,-155.72407916745928,25.308089910642746,2.6
1982.0,12.0,8.0,22.0,51.0,11.8,1894.0,19.750348771628943,-155.91096934353396,7.876813926513457,2.6
1982.0,12.0,9.0,22.0,0.0,32.02,1895.0,19.408287485003545,-155.5492844415641,25.09123044385609,4.4
1982.0,12.0,16.0,6.0,51.0,39.62,1896.0,19.72122374253249,-155.18048399896884,23.249871999379337,2.9
1982.0,12.0,17.0,4.0,17.0,19.83,1897.0,19.12395095407016,-155.77645568080013,12.409550399206871,2.8
1982.0,12.0,20.0,3.0,27.0,5.6,1898.0,19.12130423921099,-155.6265132849479,1.3460889296679488,2.5
1982.0,12.0,22.0,0.0,48.0,52.52,1900.0,19.775590542729944,-155.6193013230265,36.86096979546485,3.2
1982.0,12.0,23.0,2.0,29.0,12.13,1901.0,19.445304946740563,-155.1995787073374,8.70510473954228,2.5
1982.0,12.0,27.0,12.0,20.0,45.15,1902.0,19.387508857026827,-155.16722488358795,1.3943544870551658,3.1
1983.0,1.0,4.0,5.0,7.0,48.03,1903.0,19.747138721403434,-155.73204171109626,30.85597073645971,2.8
1983.0,1.0,7.0,22.0,9.0,37.98,1904.0,19.512843609639365,-155.8823406625929,1.249269809834583,2.5
1983.0,1.0,26.0,18.0,51.0,4.5,1906.0,19.41346492671006,-155.69748810499053,5.774910433092298,3.9
1983.0,1.0,29.0,3.0,50.0,51.62,1907.0,20.13717913537628,-155.81803825164943,2.770872014722549,2.6
1983.0,1.0,30.0,1.0,49.0,38.9,1908.0,20.03512597917182,-155.31931979365822,42.03911504134031,2.7
1983.0,1.0,31.0,9.0,16.0,16.13,1909.0,19.83789772304385,-155.72076183653542,11.931700755393651,2.7
1983.0,2.0,4.0,17.0,43.0,18.33,1912.0,19.839054444076822,-155.1906479884139,20.52661347452805,2.9
1983.0,2.0,11.0,8.0,15.0,25.56,1913.0,19.362890309516445,-155.50997505927236,17.535682235218445,2.5
1983.0,2.0,21.0,22.0,35.0,34.31,1914.0,19.59870544301872,-155.7476525006768,26.3871787092728,2.5
1983.0,2.0,25.0,19.0,4.0,0.3,1916.0,20.09998700105692,-155.68286725763903,19.152725349209565,2.5
1983.0,3.0,18.0,14.0,15.0,23.63,1918.0,20.029112094964145,-155.8117016189348,41.24124280187983,3.3
1983.0,3.0,18.0,16.0,44.0,27.93,1919.0,20.04356789075124,-155.6191389955028,26.951533171112178,2.5
1983.0,3.0,21.0,11.0,36.0,29.81,1921.0,19.75397210690888,-155.41992893463382,22.975393382998256,3.4
1983.0,4.0,2.0,12.0,1.0,38.32,1923.0,19.557107401141813,-154.96573920116887,40.60042338718371,3.0
1983.0,4.0,3.0,21.0,6.0,37.13,1924.0,19.59340986476064,-155.14306234110273,33.957498105963616,3.0
1983.0,4.0,9.0,13.0,41.0,28.24,1925.0,19.51146411274117,-154.96364523062226,6.311794867959804,2.6
1983.0,4.0,10.0,0.0,41.0,31.53,1926.0,20.01612860455697,-155.60482929827978,12.140117989736865,2.5
1983.0,4.0,20.0,1.0,49.0,7.12,1928.0,19.18559320974304,-155.60746808431938,37.156758269113126,2.8
1983.0,5.0,4.0,2.0,21.0,18.7,1929.0,19.38376980201953,-155.316791099154,35.06502405478283,2.8
1983.0,5.0,9.0,4.0,56.0,58.2,1930.0,19.34250745633725,-155.4539004182508,1.533132363415434,2.5
1983.0,5.0,19.0,9.0,1.0,29.8,1932.0,19.4051719258806,-155.20924753981387,25.432913606618264,2.5
1983.0,5.0,19.0,13.0,46.0,59.58,1933.0,20.11266196680026,-155.64659836743485,11.402457831934793,3.5
1983.0,6.0,8.0,7.0,57.0,22.52,1935.0,19.424130343752044,-155.4725764737307,28.660564127761226,2.5
1983.0,6.0,12.0,11.0,14.0,46.72,1936.0,19.8514009150342,-155.7526060668898,20.336675626355337,3.4
1983.0,6.0,14.0,15.0,56.0,7.74,1938.0,19.413171996993093,-155.04172067963094,27.15602859914837,4.9
1983.0,6.0,16.0,17.0,34.0,22.71,1939.0,19.539032923580464,-154.8087662421862,2.8412348198443307,2.9
1983.0,6.0,24.0,0.0,12.0,42.21,1940.0,19.9919807564964,-155.8079029960606,33.254752947956646,3.0
1983.0,6.0,30.0,0.0,10.0,58.54,1941.0,19.386634034399933,-155.43993277552497,13.112872939541832,2.8
1983.0,6.0,30.0,0.0,59.0,31.07,1942.0,19.17916360872891,-155.80671155976447,43.927880363055436,3.6
1983.0,6.0,30.0,15.0,49.0,5.12,1943.0,19.794944764539032,-155.2349696945175,37.63269686209435,2.6
1983.0,6.0,30.0,18.0,0.0,28.53,1944.0,19.12596393529721,-155.6763317357657,8.291095865788666,2.5
1983.0,7.0,3.0,19.0,1.0,16.23,1945.0,19.2093605099192,-155.4128143711967,39.7542790986929,3.2
1983.0,7.0,5.0,22.0,11.0,27.47,1946.0,19.696903067030227,-155.1569660457273,41.380644551598515,2.6
1983.0,7.0,5.0,22.0,34.0,36.56,1947.0,19.6741458361867,-155.25102280371786,41.1675766014589,2.7
1983.0,7.0,15.0,8.0,25.0,56.39,1948.0,19.560299877961075,-155.0453211873701,13.894129861471502,2.5
1983.0,7.0,23.0,10.0,45.0,17.18,1949.0,19.736396973722385,-155.20779688177947,29.20005977908591,2.8
1983.0,8.0,4.0,18.0,4.0,35.94,1950.0,20.020932758198512,-155.68842407538517,35.93239543916143,2.5
1983.0,8.0,9.0,14.0,5.0,41.33,1951.0,19.927103389984563,-155.2489372529271,28.893002686832048,2.6
1983.0,8.0,30.0,2.0,12.0,24.8,1952.0,19.666763537405217,-155.0225790258402,24.577114710938442,3.1
1983.0,9.0,1.0,1.0,11.0,58.63,1953.0,19.51057535014845,-155.3048768809906,29.564278841830962,2.8
1983.0,9.0,2.0,18.0,24.0,9.32,1954.0,19.529665253180298,-155.54131332178304,11.95263299001513,3.4
1983.0,9.0,2.0,20.0,36.0,4.52,1955.0,19.354189905733307,-155.3107399968711,41.121031805303716,3.0
1983.0,9.0,8.0,19.0,24.0,53.23,1956.0,19.433843575769988,-155.0841819384425,14.691778425485301,2.5
1983.0,9.0,20.0,7.0,56.0,45.77,1957.0,19.29662948460385,-155.31732990702912,2.051365715474423,3.2
1983.0,9.0,27.0,12.0,16.0,45.58,1958.0,19.9194552088156,-155.1729629467222,15.04974085938416,2.8
1983.0,10.0,4.0,13.0,46.0,40.34,1959.0,19.525518699701024,-155.71581264522507,8.00977724469324,4.3
1983.0,10.0,14.0,19.0,8.0,50.94,1960.0,19.309710487837943,-155.22218473548668,22.27120262242172,3.5
1983.0,10.0,22.0,22.0,29.0,23.92,1961.0,19.749127117449834,-155.27699646976092,39.093808547360126,3.8
1983.0,10.0,26.0,16.0,29.0,45.55,1962.0,19.50061306899171,-155.3032287940059,2.7442352428545997,2.5
1983.0,10.0,31.0,6.0,16.0,10.18,1963.0,19.12367820650368,-155.64596742757757,22.504945984154585,2.6
1983.0,11.0,4.0,6.0,15.0,20.8,1964.0,19.649134409226697,-155.82617864599814,28.028824770977423,2.9
1983.0,11.0,5.0,3.0,23.0,59.0,1965.0,19.45625847008448,-155.73689242350343,38.18738303135241,3.2
1983.0,11.0,7.0,23.0,37.0,0.16,1966.0,19.34827586232864,-155.4222245959343,23.532879869854693,2.7
1983.0,11.0,13.0,11.0,17.0,42.61,1967.0,19.558030292314147,-154.83639786892078,39.64767412651558,2.6
1983.0,11.0,15.0,20.0,8.0,60.0,1968.0,19.824280857026057,-155.91414357445453,5.374405725259685,2.9
1983.0,11.0,21.0,5.0,50.0,46.79,1969.0,19.94432788762023,-155.56688463574358,19.831841495420292,2.5
1983.0,11.0,25.0,10.0,41.0,52.73,1970.0,19.894856987667936,-155.1503916874125,40.988107903069874,3.5
1983.0,11.0,26.0,10.0,5.0,10.76,1971.0,19.88617564645508,-155.71242441961795,37.490315191678036,2.7
1983.0,12.0,7.0,1.0,46.0,37.5,1973.0,19.2519099632106,-155.7768516750922,44.53002946645622,2.5
1983.0,12.0,22.0,3.0,35.0,12.93,1974.0,19.98013865713861,-155.3169887054025,5.206547997463133,2.9
1983.0,12.0,22.0,4.0,32.0,12.75,1975.0,19.52643648913224,-155.90739052554153,19.3107527499107,2.6
1983.0,12.0,25.0,8.0,29.0,46.86,1976.0,19.864710452650552,-155.5688943413099,7.488273523499517,2.8
1983.0,12.0,30.0,0.0,33.0,29.52,1977.0,19.890511706094813,-155.82629384217694,36.9784886674955,2.6
1984.0,1.0,5.0,4.0,8.0,49.4,1978.0,19.54704142751744,-155.14451893856594,2.659442206010648,3.8
1984.0,1.0,11.0,14.0,41.0,11.45,1980.0,19.92923563940098,-155.75912785341396,9.882421801149846,3.4
1984.0,2.0,1.0,10.0,44.0,39.86,1981.0,19.9280970823811,-155.1900794714754,12.160739793903133,3.6
1984.0,2.0,8.0,1.0,3.0,25.54,1982.0,19.312443564408817,-155.2026851599545,38.58005918322867,2.8
1984.0,2.0,9.0,8.0,50.0,46.16,1983.0,19.49456636097313,-155.1725270774973,12.061806710136349,2.8
1984.0,2.0,14.0,3.0,45.0,25.53,1984.0,19.21030917715779,-155.6098426248787,10.965427853434925,3.3
1984.0,2.0,17.0,3.0,16.0,33.77,1985.0,19.516000355879296,-155.25788263669688,19.573921278573582,4.3
1984.0,2.0,22.0,1.0,57.0,1.71,1986.0,19.098654555918262,-155.72164751316313,32.827462837044955,2.6
1984.0,3.0,1.0,9.0,55.0,56.52,1987.0,19.73886993303936,-155.86383134527588,9.247724007523114,2.5
1984.0,3.0,7.0,3.0,6.0,45.18,1988.0,19.1976326597161,-155.5022392023833,29.275096267907195,2.7
1984.0,3.0,10.0,19.0,11.0,14.28,1989.0,19.092633539529977,-155.7782611900804,37.93440515446176,2.7
1984.0,3.0,18.0,0.0,34.0,44.68,1990.0,19.53141776686397,-155.0308132510793,42.67181063873459,2.5
1984.0,3.0,31.0,21.0,33.0,34.06,1991.0,19.65762902071981,-155.50849047266124,12.039088768172224,2.8
1984.0,4.0,3.0,1.0,3.0,9.03,1992.0,20.08765505321208,-155.81448099934858,36.44991551107213,2.5
1984.0,4.0,3.0,1.0,7.0,50.43,1993.0,19.899262657726112,-155.19537878265314,10.384116024460656,2.6
1984.0,4.0,4.0,17.0,5.0,58.27,1994.0,19.740164222899427,-154.97629189688678,22.23404871938483,2.7
1984.0,4.0,14.0,21.0,14.0,39.99,1995.0,20.03930298962006,-155.41911973859757,35.15210711086966,2.7
1984.0,4.0,23.0,14.0,45.0,0.16,1996.0,19.547428998510263,-155.66741692515208,25.655933766705726,2.8
1984.0,4.0,24.0,2.0,45.0,36.79,1997.0,19.95421892094036,-155.26849925090534,10.939615558377795,2.6
1984.0,4.0,25.0,0.0,9.0,32.49,1998.0,19.68448745005491,-155.5591792553539,13.615057976848604,2.5
1984.0,4.0,25.0,13.0,4.0,15.14,1999.0,19.61632849209997,-155.96087226352142,26.929718636779956,3.0
1984.0,4.0,27.0,17.0,10.0,25.34,2000.0,19.15432802503172,-155.53968786177907,9.355182048925357,2.5
1984.0,5.0,20.0,16.0,39.0,1.04,2001.0,19.067015852487835,-155.57518571650178,42.379532953697,2.6
1984.0,5.0,27.0,7.0,45.0,59.59,2002.0,19.112667107845564,-155.63172218585143,19.896887107742053,3.1
1984.0,6.0,2.0,16.0,4.0,44.62,2003.0,19.13371497324163,-155.7364911476579,33.81109414298526,2.6
1984.0,6.0,12.0,3.0,34.0,5.34,2004.0,20.07232777955852,-155.68004642815163,18.40932812155154,2.7
1984.0,6.0,19.0,4.0,4.0,16.39,2005.0,19.94344233710565,-155.3085822881495,44.26329665683262,2.5
1984.0,6.0,26.0,16.0,33.0,39.43,2006.0,20.074692879746085,-155.70767311008018,11.374777766264675,2.5
1984.0,7.0,9.0,2.0,29.0,43.25,2007.0,19.82345130828796,-155.8492656354988,14.214498110727654,2.5
1984.0,7.0,16.0,5.0,13.0,56.6,2008.0,20.16580555071875,-155.82690450578605,9.179641761395573,2.5
1984.0,7.0,16.0,20.0,15.0,42.4,2009.0,19.77060660457073,-155.6455695496574,18.795857397762674,2.7
1984.0,7.0,27.0,10.0,3.0,9.82,2010.0,19.49622203108724,-155.2109094332574,42.856645041783594,2.6
1984.0,8.0,5.0,0.0,52.0,34.29,2011.0,19.404452847589145,-155.19288225796592,31.249008848798084,2.9
1984.0,8.0,6.0,23.0,24.0,33.3,2012.0,19.56552723349241,-155.64634310762403,6.823336158909653,2.7
1984.0,8.0,9.0,19.0,2.0,26.01,2013.0,19.63353083093284,-155.57969413620728,37.95396276215251,2.5
1984.0,8.0,10.0,2.0,50.0,15.59,2014.0,19.55563385087429,-155.3012132642219,12.595868205918732,2.5
1984.0,8.0,12.0,22.0,23.0,17.29,2015.0,19.90836091638032,-155.37788850570567,31.521804073680983,3.0
1984.0,8.0,18.0,8.0,25.0,30.22,2016.0,19.24352755094521,-155.60295717365022,14.191442584387971,2.8
1984.0,8.0,24.0,12.0,59.0,35.36,2018.0,19.56595981997917,-155.70621641904205,14.699185790064734,3.4
1984.0,8.0,27.0,2.0,55.0,17.33,2019.0,19.59709619067863,-154.98149389189768,43.66162513907242,2.6
1984.0,8.0,28.0,17.0,20.0,12.14,2020.0,19.075887980832768,-155.6370284622586,9.808460577031116,2.5
1984.0,8.0,29.0,13.0,19.0,3.93,2021.0,20.152725615943066,-155.6476421099348,7.222567240693133,3.0
1984.0,9.0,10.0,4.0,40.0,51.68,2022.0,19.77448759921518,-155.2235721274067,44.769003643340646,2.5
1984.0,9.0,13.0,23.0,10.0,48.12,2023.0,19.817996170137707,-155.55811191747804,29.458414614152268,2.8
1984.0,9.0,14.0,9.0,40.0,59.05,2024.0,19.141079268085328,-155.85140778724428,28.364350586283116,3.7
1984.0,9.0,22.0,18.0,11.0,4.39,2027.0,19.40056013290012,-155.057740699341,25.46262498800901,3.0
1984.0,9.0,23.0,0.0,59.0,35.41,2028.0,19.251912368072222,-155.63920763035298,24.45605938105581,2.5
1984.0,9.0,24.0,6.0,25.0,18.09,2029.0,19.667209346999503,-155.88517868669695,33.93335523520789,2.6
1984.0,10.0,2.0,22.0,11.0,30.26,2030.0,19.15312600673949,-155.54734101877295,5.324792591180569,2.5
1984.0,10.0,3.0,7.0,4.0,18.49,2031.0,19.52807450349656,-155.93927501576982,22.240644141051902,3.6
1984.0,10.0,9.0,14.0,6.0,9.94,2032.0,19.755768927621425,-155.23597671411892,12.865555322238368,2.8
1984.0,10.0,9.0,14.0,38.0,37.02,2033.0,19.37200009648962,-155.3238198895597,8.121233650586747,2.5
1984.0,10.0,15.0,15.0,52.0,49.5,2034.0,20.0141049292436,-155.68076012161856,35.36441546354237,2.6
1984.0,10.0,17.0,16.0,37.0,26.72,2035.0,19.297720323526253,-155.24523275501522,11.36962455894207,2.9
1984.0,10.0,23.0,2.0,31.0,43.28,2036.0,19.590634938484506,-155.85001419995623,22.613576434995515,3.5
1984.0,10.0,23.0,22.0,17.0,51.08,2037.0,19.449470983047227,-155.72248083924234,30.492150932590217,2.7
1984.0,10.0,25.0,8.0,30.0,33.22,2038.0,19.84497932438069,-155.48919775085793,33.64727499854332,2.7
1984.0,11.0,1.0,17.0,23.0,41.97,2039.0,19.591483297780723,-155.95325064622344,22.012173554565614,2.9
1984.0,11.0,6.0,5.0,56.0,46.78,2040.0,19.180232690531582,-155.78097913425302,21.863716107312204,2.7
1984.0,11.0,9.0,22.0,53.0,9.71,2041.0,19.52447076904068,-155.04747592646385,39.222338525628956,2.9
1984.0,11.0,10.0,14.0,31.0,8.31,2042.0,19.880172494083165,-155.69489466725383,19.554727735377487,3.1
1984.0,11.0,13.0,5.0,29.0,36.31,2043.0,19.20634855822914,-155.73798592868317,40.06691348535628,2.6
1984.0,11.0,15.0,7.0,49.0,30.84,2044.0,19.632150988158173,-155.4364184879465,34.33105006696174,3.5
1984.0,11.0,17.0,3.0,40.0,45.69,2045.0,19.359678232375742,-155.6812167590005,29.620851559971708,2.7
1984.0,11.0,17.0,13.0,38.0,14.44,2046.0,19.96353034891404,-155.3208946144717,21.481422471206663,3.7
1984.0,11.0,18.0,13.0,13.0,57.59,2047.0,19.29405883004461,-155.701311778453,17.83423230030523,2.6
1984.0,11.0,20.0,4.0,19.0,17.76,2048.0,19.472755288183155,-155.10672963875635,33.59206995289828,2.8
1984.0,11.0,24.0,16.0,45.0,44.43,2050.0,19.257448958057136,-155.241292198077,18.20830107271602,2.6
1984.0,11.0,25.0,13.0,40.0,26.25,2051.0,20.07569124785514,-155.70215494166834,23.800791423197566,3.1
1984.0,11.0,28.0,11.0,51.0,51.31,2052.0,19.46387155717968,-154.8646935467125,33.72001025859233,2.6
1984.0,11.0,30.0,15.0,54.0,29.28,2053.0,19.15173315411948,-155.82932724692958,38.08038025414835,3.4
1984.0,12.0,2.0,14.0,28.0,10.57,2054.0,19.014301359692283,-155.7093386176648,20.515197887961744,2.7
1984.0,12.0,20.0,0.0,9.0,17.2,2055.0,19.39747702654927,-154.9803118306472,44.29043043308255,3.3
1984.0,12.0,27.0,16.0,44.0,57.39,2056.0,19.443020106420583,-154.97494391430038,5.179292780185584,2.7
1984.0,12.0,28.0,4.0,19.0,20.87,2057.0,19.535965886516923,-155.1545573659938,26.50846197853289,3.3
1984.0,12.0,28.0,13.0,36.0,36.55,2058.0,19.4679900500962,-155.8596153242085,42.87123477374993,3.2
1984.0,12.0,28.0,15.0,54.0,26.97,2059.0,19.59908523757123,-155.08628010799288,38.92109493469195,3.4
1985.0,1.0,6.0,6.0,3.0,28.8,2060.0,19.559685546834505,-155.45098114818734,20.88704808339631,3.0
1985.0,1.0,7.0,17.0,5.0,32.24,2061.0,19.34658942664198,-155.85770922268924,5.391981347918145,2.8
1985.0,1.0,10.0,12.0,45.0,58.1,2062.0,19.983556996569177,-155.2061547489537,25.76689365271335,2.8
1985.0,1.0,14.0,3.0,29.0,1.23,2063.0,19.2889864019812,-155.45067354565847,33.219108943129484,2.6
1985.0,1.0,21.0,6.0,0.0,54.71,2064.0,19.354841593431047,-155.3754770282914,4.768806895266758,2.5
1985.0,1.0,21.0,6.0,33.0,42.56,2065.0,19.303215964098968,-155.79961127783508,4.185925750972991,2.6
1985.0,1.0,24.0,14.0,44.0,3.36,2066.0,19.58773385195213,-154.94599465464748,26.878615207533606,2.9
1985.0,2.0,8.0,8.0,7.0,19.65,2067.0,19.24562916857797,-155.74369078287748,17.930756122185795,3.0
1985.0,2.0,23.0,19.0,29.0,13.62,2068.0,19.48337923436746,-154.9335964187624,26.367055071635562,2.5
1985.0,3.0,5.0,6.0,21.0,30.74,2069.0,20.02369744584152,-155.3396624079682,17.68378726076503,2.8
1985.0,3.0,9.0,17.0,31.0,28.84,2070.0,19.485681341784804,-155.11656491024962,21.099131615856365,2.7
1985.0,3.0,10.0,4.0,40.0,31.68,2071.0,19.18360369270245,-155.84568900287954,4.3433441243080555,4.4
1985.0,3.0,13.0,18.0,8.0,43.26,2072.0,19.677995707584696,-155.2072618946044,27.065284198554185,2.5
1985.0,3.0,20.0,21.0,59.0,53.37,2073.0,19.898425035534583,-155.217128672718,14.30939965356219,2.7
1985.0,3.0,21.0,9.0,29.0,35.67,2074.0,19.732914811802708,-155.42198065662149,3.816690982533106,2.6
1985.0,4.0,2.0,17.0,6.0,15.72,2075.0,20.03527158598152,-155.50564261707282,43.50005973467159,2.7
1985.0,4.0,4.0,2.0,36.0,53.89,2076.0,19.868766086412016,-155.65279915180696,15.756215019233034,2.5
1985.0,4.0,5.0,1.0,57.0,2.76,2077.0,19.34628925585589,-155.43586548347193,8.592744944812326,3.3
1985.0,4.0,20.0,5.0,17.0,24.12,2078.0,20.00304213606057,-155.67663182861708,14.472647899381617,2.8
1985.0,5.0,2.0,5.0,33.0,38.47,2079.0,19.36286148398012,-155.12485581372783,28.171195847079684,2.9
1985.0,5.0,7.0,23.0,52.0,42.54,2080.0,20.08364431533701,-155.56918213980526,34.12967507145338,2.7
1985.0,5.0,8.0,4.0,27.0,42.52,2081.0,19.32924824922133,-155.03178401815103,1.679903244824783,2.7
1985.0,5.0,10.0,18.0,57.0,47.38,2082.0,19.897683235131,-155.6762132745803,27.932273633494816,3.1
1985.0,5.0,28.0,8.0,36.0,40.94,2083.0,19.78677683377818,-155.70288579623974,15.836645920306939,2.6
1985.0,5.0,31.0,14.0,8.0,6.2,2084.0,19.612509932613133,-155.26430074086173,26.542704531588754,2.7
1985.0,6.0,6.0,23.0,40.0,16.58,2085.0,19.596645384526344,-155.44832896229434,8.839165806865125,2.5
1985.0,6.0,9.0,1.0,36.0,25.23,2086.0,19.702846591624944,-155.7456801356765,33.3817199928784,2.5
1985.0,6.0,22.0,0.0,40.0,25.74,2087.0,19.35442930247924,-155.12793858447873,26.168615973443362,2.9
1985.0,6.0,30.0,6.0,59.0,35.28,2088.0,19.27719244611749,-155.4203143441933,40.555153668783795,2.6
1985.0,7.0,4.0,12.0,55.0,40.77,2089.0,19.863551255647234,-155.15722916238627,22.440565402612766,3.3
1985.0,7.0,7.0,4.0,21.0,44.46,2090.0,19.9806028149858,-155.72036426691326,9.554296285333434,3.2
1985.0,7.0,11.0,7.0,48.0,42.72,2092.0,19.728893745530964,-155.1060396730036,25.105309385923707,2.6
1985.0,7.0,17.0,3.0,46.0,10.89,2093.0,19.349639824215217,-155.55334183580408,13.57321717720469,3.1
1985.0,7.0,24.0,1.0,33.0,43.09,2094.0,19.904421094021124,-155.7654376887384,31.48932082121111,2.5
1985.0,7.0,29.0,0.0,3.0,58.63,2096.0,19.47088418783621,-155.45962440025525,5.878178728579801,2.6
1985.0,7.0,29.0,22.0,23.0,56.83,2097.0,19.62969183304456,-155.09256857833108,18.09942215879587,2.7
1985.0,7.0,31.0,16.0,12.0,8.59,2098.0,19.47019358115952,-155.5562523943935,26.749026255508426,2.6
1985.0,8.0,3.0,12.0,45.0,32.21,2099.0,19.408813844425755,-155.84605373313187,3.694709451763281,2.7
1985.0,8.0,4.0,16.0,10.0,32.08,2100.0,19.835786425858185,-155.25742401776347,5.886821576997083,2.5
1985.0,8.0,7.0,16.0,31.0,18.31,2101.0,19.404703155036763,-155.43784597789454,9.014115928955057,2.8
1985.0,8.0,7.0,20.0,1.0,5.07,2102.0,19.630766885468702,-155.23839975919992,27.875173987260617,2.8
1985.0,8.0,14.0,16.0,21.0,1.57,2103.0,19.36849242119113,-155.2948503402693,40.63118673737976,3.0
1985.0,8.0,26.0,0.0,29.0,30.37,2104.0,19.548238949537268,-155.05259373447288,28.927644383641862,2.8
1985.0,8.0,31.0,13.0,15.0,12.9,2105.0,19.515882259940845,-155.0052611002595,34.470420235493485,2.7
1985.0,9.0,5.0,23.0,16.0,49.07,2106.0,19.50237213722701,-154.94763789487277,27.951884544581375,2.7
1985.0,9.0,12.0,0.0,34.0,51.18,2108.0,19.96033213688947,-155.56887895483888,42.481552219981616,2.6
1985.0,9.0,16.0,11.0,8.0,29.7,2109.0,19.030490791381705,-155.71975805132584,27.015551242456542,3.0
1985.0,9.0,16.0,16.0,56.0,56.4,2110.0,19.24360970399617,-155.57704010189252,15.314599457173488,2.9
1985.0,9.0,21.0,15.0,19.0,40.64,2111.0,19.700411402287727,-155.288511170849,10.98161918435135,2.9
1985.0,9.0,21.0,22.0,45.0,3.51,2112.0,19.9314240633542,-155.2751635577659,43.313072626096755,3.7
1985.0,9.0,24.0,5.0,11.0,59.67,2113.0,19.436561585720565,-155.0890309412038,28.44026176358344,2.5
1985.0,9.0,27.0,15.0,43.0,22.12,2114.0,19.36778475533936,-155.66744353552926,15.961784120112208,2.6
1985.0,9.0,29.0,2.0,35.0,28.13,2115.0,19.76822928903258,-155.47588993281258,23.56342467221261,2.6
1985.0,10.0,6.0,8.0,12.0,50.58,2116.0,19.72027901800157,-155.33594899651473,1.2501058077986933,2.5
1985.0,10.0,8.0,23.0,1.0,23.92,2117.0,19.53472337825452,-155.35093268041535,4.098446408701127,2.7
1985.0,10.0,23.0,18.0,13.0,33.35,2118.0,19.323545031911152,-155.22496980086265,1.3608871303621126,2.8
1985.0,10.0,26.0,13.0,16.0,56.37,2119.0,19.43426712919916,-155.7488709952258,1.1426455780116207,2.5
1985.0,10.0,28.0,5.0,12.0,55.44,2120.0,20.12242645227599,-155.5444896514518,3.2188170494995294,3.5
1985.0,11.0,2.0,13.0,26.0,37.71,2121.0,19.644547671293186,-155.14636041370758,20.447332641968224,3.0
1985.0,11.0,4.0,11.0,17.0,56.98,2122.0,19.0066481480074,-155.62416151650578,5.963718081817282,2.7
1985.0,11.0,10.0,5.0,22.0,39.63,2123.0,19.323657977108944,-155.0585875968738,27.941657174496548,3.6
1985.0,11.0,11.0,17.0,11.0,47.59,2124.0,19.8356658067,-155.4247205721704,21.32230033972286,2.5
1985.0,11.0,18.0,11.0,49.0,32.18,2125.0,19.687631847713355,-155.6230937148154,22.29333687435391,2.7
1985.0,11.0,18.0,17.0,47.0,1.97,2126.0,19.71302494550271,-155.01822057519718,21.02261697060826,2.5
1985.0,11.0,23.0,12.0,8.0,48.26,2127.0,19.154117161701684,-155.75333382942247,27.751746065547053,2.6
1985.0,11.0,28.0,2.0,54.0,21.54,2128.0,19.85849943453977,-155.90224935323667,11.849429192214341,2.5
1985.0,12.0,7.0,6.0,29.0,40.53,2130.0,19.899276145715707,-155.32824649141554,18.183279335986377,2.6
1985.0,12.0,12.0,3.0,29.0,2.11,2131.0,19.728166186610512,-155.86130233137663,16.684611641248914,3.4
1985.0,12.0,17.0,17.0,36.0,14.29,2132.0,19.670574169784256,-155.7193137845205,44.78841625151077,2.8
1985.0,12.0,21.0,3.0,52.0,13.91,2133.0,19.04218148580405,-155.73794331637558,25.87090890916349,3.2
1985.0,12.0,28.0,2.0,16.0,22.23,2134.0,19.519001431371507,-155.42537998186816,9.429014962941062,2.5
1986.0,1.0,6.0,0.0,41.0,56.55,2135.0,19.3727170315504,-155.46795985064372,37.578732120734514,2.5
1986.0,1.0,6.0,23.0,11.0,32.42,2136.0,19.63778211555688,-155.78531171144695,4.810763619544967,2.8
1986.0,1.0,9.0,2.0,25.0,38.85,2137.0,19.64623614718264,-155.27084841321314,27.12745995827182,2.9
1986.0,1.0,26.0,12.0,17.0,44.77,2139.0,19.581692198306257,-155.07491431811172,4.4863058023084434,3.0
1986.0,1.0,29.0,9.0,1.0,39.55,2141.0,19.805405438099832,-155.35170713095658,15.969031716318096,2.5
1986.0,2.0,4.0,3.0,51.0,22.91,2142.0,19.584622837673017,-155.33519784466623,11.427289112605582,3.5
1986.0,2.0,6.0,5.0,39.0,18.83,2143.0,19.46946124127868,-155.75716543900788,15.341680066672435,3.0
1986.0,2.0,16.0,12.0,48.0,25.59,2145.0,19.78624069011333,-155.1616706710229,4.52753665558695,2.6
1986.0,2.0,24.0,8.0,6.0,37.29,2146.0,20.054809768805764,-155.58671566188406,4.2901247952373085,2.7
1986.0,2.0,27.0,2.0,12.0,2.32,2147.0,19.064621051756166,-155.79417512894258,12.336657700878096,2.8
1986.0,2.0,27.0,23.0,17.0,33.41,2148.0,19.868442974415263,-155.27388706879486,40.34172236362189,2.7
1986.0,2.0,28.0,22.0,0.0,1.27,2150.0,20.25742801634574,-155.84408376019505,2.311221352284936,2.9
1986.0,3.0,3.0,11.0,17.0,26.41,2151.0,19.55825891447037,-154.89823917748743,10.146965148870736,2.5
1986.0,3.0,5.0,14.0,1.0,41.68,2152.0,19.333347800055154,-155.3719391567771,23.164135844243646,2.8
1986.0,3.0,6.0,9.0,35.0,20.49,2153.0,19.438017329140152,-155.27457991428903,27.179022159556233,2.5
1986.0,3.0,6.0,14.0,12.0,4.53,2154.0,19.77047522161405,-155.5607556386767,10.914519172166038,2.9
1986.0,3.0,9.0,14.0,49.0,53.06,2155.0,20.03759284510364,-155.59799775638749,16.308764390442818,2.9
1986.0,3.0,12.0,10.0,12.0,33.27,2156.0,19.16077043138021,-155.45865962785558,41.53573530094521,3.2
1986.0,3.0,12.0,14.0,4.0,40.11,2157.0,19.68264347364277,-155.1120718445969,23.090721433723566,3.1
1986.0,4.0,2.0,17.0,51.0,36.1,2159.0,19.05701993198388,-155.57528834569334,5.734193700061056,2.6
1986.0,4.0,9.0,10.0,41.0,36.96,2160.0,19.46968153736184,-155.78174524689794,2.0736870400082426,2.9
1986.0,4.0,11.0,3.0,9.0,21.43,2161.0,19.83776695546446,-155.4372512749364,13.658548767807105,3.3
1986.0,4.0,13.0,3.0,21.0,4.78,2162.0,19.520638934322065,-155.82504400275477,7.660369624578462,2.7
1986.0,4.0,16.0,14.0,13.0,47.09,2163.0,19.71511960573657,-155.54145416625406,28.14655401721556,2.5
1986.0,4.0,21.0,1.0,21.0,20.24,2164.0,19.964806340996645,-155.41245752254054,37.26038471196322,2.5
1986.0,4.0,21.0,7.0,15.0,44.42,2165.0,19.14189055188396,-155.5614029534939,3.010255960929334,2.5
1986.0,5.0,4.0,15.0,11.0,17.0,2166.0,19.51960036426468,-154.96632473871503,31.239587015756346,2.9
1986.0,5.0,6.0,22.0,17.0,54.58,2167.0,19.037911015011908,-155.7073292411531,43.772428735996655,2.6
1986.0,5.0,11.0,13.0,33.0,13.18,2168.0,19.6664813785291,-155.76782077277016,20.416566002870525,3.7
1986.0,5.0,21.0,19.0,58.0,35.25,2169.0,19.20782671485301,-155.84095838989074,40.518931298671006,2.6
1986.0,6.0,2.0,10.0,56.0,26.56,2170.0,19.86553715239364,-155.72880554108244,11.461414598428362,2.6
1986.0,6.0,7.0,13.0,8.0,31.47,2171.0,19.71223588582053,-155.47999542141864,2.5188288140952046,3.2
1986.0,6.0,21.0,14.0,26.0,59.73,2172.0,19.6720262307919,-155.22019124151004,7.53906888138553,2.5
1986.0,6.0,21.0,19.0,31.0,23.74,2173.0,19.317829608087948,-155.1468328488488,37.110526409293435,2.7
1986.0,6.0,25.0,2.0,16.0,34.08,2174.0,20.148825292569327,-155.6665269912594,38.036300881000244,3.2
1986.0,6.0,26.0,1.0,48.0,50.86,2175.0,19.275283553469297,-155.82529846462108,32.48857074250857,2.6
1986.0,6.0,27.0,11.0,31.0,3.2,2176.0,19.782900561692458,-155.42130056824027,31.77121504361001,3.3
1986.0,6.0,28.0,17.0,11.0,25.18,2177.0,19.175287174051256,-155.8272530001027,16.04629156401007,3.0
1986.0,7.0,2.0,12.0,7.0,20.9,2178.0,19.55106281892424,-155.73676392837882,17.78605520243462,2.7
1986.0,7.0,3.0,18.0,21.0,25.61,2179.0,19.28722200683441,-155.472736801464,12.716617477907453,2.5
1986.0,7.0,7.0,10.0,40.0,26.46,2181.0,19.467145596884244,-155.09065646379574,18.62651393150808,2.6
1986.0,7.0,7.0,22.0,56.0,42.69,2182.0,20.14266871894697,-155.7301337663255,43.86602801129377,3.4
1986.0,7.0,9.0,17.0,23.0,35.21,2183.0,19.870515136382448,-155.1366993412384,11.97143999776086,2.6
1986.0,7.0,19.0,10.0,41.0,1.64,2184.0,19.59572036949704,-155.55909287267113,17.54756385043549,2.5
1986.0,8.0,22.0,17.0,8.0,3.04,2185.0,19.754007204356963,-155.84425231060663,42.88427295129958,2.5
1986.0,8.0,25.0,2.0,31.0,45.55,2186.0,19.70471821270388,-155.01568061589523,8.606531636740973,2.8
1986.0,8.0,30.0,12.0,50.0,17.89,2187.0,19.951049915479377,-155.5670017747979,44.93794231604058,3.1
1986.0,9.0,3.0,19.0,11.0,33.9,2188.0,19.50983857513353,-154.9725386042297,23.145192672376783,2.8
1986.0,9.0,4.0,13.0,40.0,36.55,2189.0,19.465321036624463,-155.24939124393595,28.434385364237535,2.7
1986.0,9.0,25.0,16.0,10.0,39.41,2191.0,19.451030800635003,-155.1921914623688,33.86698684168303,2.7
1986.0,9.0,29.0,18.0,37.0,32.94,2192.0,19.99002964330045,-155.29537296841954,29.69762463677866,3.1
1986.0,10.0,6.0,23.0,53.0,19.07,2193.0,19.64659098351512,-155.36420401055514,34.822231694201975,2.9
1986.0,10.0,11.0,9.0,1.0,17.44,2194.0,19.80902710180852,-155.18921921240656,8.51010284908912,3.0
1986.0,10.0,13.0,14.0,40.0,10.99,2195.0,19.584242084214512,-154.901131016704,32.123365038841214,2.8
1986.0,10.0,24.0,15.0,0.0,35.28,2197.0,19.464475627061336,-155.6167040856718,41.88984801085215,3.6
1986.0,10.0,24.0,23.0,15.0,43.12,2198.0,20.149537641132472,-155.63029285182714,34.143686329476346,2.7
1986.0,10.0,26.0,9.0,53.0,2.3,2199.0,19.08663900804145,-155.76571506446552,27.89435299990504,3.9
1986.0,10.0,29.0,23.0,8.0,6.3,2200.0,19.949529797549133,-155.86995946636688,32.906333379915424,2.6
1986.0,10.0,31.0,2.0,40.0,0.32,2201.0,19.05470312864669,-155.68812466011147,13.03024217648926,2.7
1986.0,11.0,2.0,4.0,21.0,15.37,2202.0,19.878248617984006,-155.399257957263,38.01412746699608,4.5
1986.0,11.0,6.0,17.0,4.0,26.63,2203.0,19.9164116966002,-155.4355111538925,41.35309546918064,3.5
1986.0,11.0,10.0,13.0,26.0,3.91,2204.0,19.61352456664312,-155.16924870247735,33.306400433118505,3.6
1986.0,11.0,11.0,22.0,25.0,18.22,2205.0,19.9632937480098,-155.3236405491177,16.388262316265035,3.3
1986.0,11.0,12.0,2.0,29.0,49.05,2206.0,19.937384379056844,-155.25907447023295,24.947798246123696,3.3
1986.0,11.0,21.0,17.0,27.0,32.96,2207.0,19.158335337800622,-155.52304927563364,29.991085034645845,2.5
1986.0,11.0,30.0,0.0,24.0,31.12,2208.0,19.216341747006823,-155.36597282564807,19.513919723978717,3.5
1986.0,12.0,4.0,15.0,50.0,4.95,2209.0,19.66391843091277,-155.05081807703016,43.238775473131525,2.5
1986.0,12.0,7.0,16.0,33.0,0.34,2210.0,19.599300348793065,-155.24616550690124,4.585900006359481,2.8
1986.0,12.0,19.0,20.0,38.0,12.22,2211.0,19.244704131032385,-155.49236670739376,13.882345920341358,2.7
1986.0,12.0,21.0,2.0,3.0,52.54,2212.0,20.16704495177436,-155.69761993640802,3.0175191638470746,2.5
1986.0,12.0,21.0,13.0,46.0,31.98,2213.0,19.920555583761967,-155.57135782262966,19.13903732808808,2.6
1987.0,1.0,3.0,6.0,12.0,56.28,2214.0,20.07119476733071,-155.77361338103978,24.09242816983996,2.6
1987.0,1.0,11.0,12.0,29.0,6.67,2215.0,19.85535531106676,-155.55107917914603,11.784886446384906,3.0
1987.0,1.0,14.0,6.0,32.0,53.03,2216.0,20.079821239251977,-155.48300552081278,29.749147637693152,3.7
1987.0,1.0,14.0,16.0,1.0,50.86,2217.0,19.856701012466388,-155.58264038851365,14.59137234213775,3.1
1987.0,1.0,16.0,17.0,11.0,21.79,2218.0,19.933427335574223,-155.74192426792493,26.225844943536075,2.7
1987.0,1.0,18.0,10.0,7.0,23.15,2219.0,19.8687748541066,-155.85892646319687,26.955561545116343,2.5
1987.0,1.0,20.0,7.0,31.0,40.36,2220.0,19.750849833542446,-155.56985634434437,41.51352327649502,2.9
1987.0,1.0,23.0,16.0,9.0,3.73,2221.0,19.55958253176617,-155.8915142019962,39.955161081401634,2.6
1987.0,1.0,24.0,0.0,47.0,24.8,2222.0,20.011541067074656,-155.46450334755,31.49286387515939,5.2
1987.0,1.0,26.0,6.0,30.0,0.67,2223.0,19.52345711714817,-155.13046998429232,27.38640808129225,2.6
1987.0,2.0,11.0,6.0,46.0,17.25,2224.0,19.708694739348942,-155.9189123199205,41.13938623451724,2.8
1987.0,2.0,17.0,4.0,57.0,18.26,2225.0,19.69206316750596,-155.32846299908394,30.712036675633648,2.7
1987.0,2.0,19.0,12.0,29.0,51.61,2227.0,19.44944041513037,-155.82052969210085,16.1463916730536,2.5
1987.0,2.0,21.0,0.0,11.0,10.98,2228.0,20.17194850182585,-155.68132048016173,32.437841116925384,3.7
1987.0,3.0,11.0,2.0,1.0,52.91,2229.0,19.656659098670684,-155.8315066303733,8.012299230762828,3.4
1987.0,3.0,11.0,6.0,21.0,20.9,2230.0,20.1913780397985,-155.79476868614492,29.914183708417553,3.1
1987.0,3.0,11.0,9.0,26.0,44.37,2231.0,19.75647827119588,-155.1030408473977,35.141856823315436,3.6
1987.0,3.0,22.0,15.0,9.0,59.74,2232.0,19.452041600840364,-155.10010962485973,14.036050490796203,3.0
1987.0,3.0,25.0,13.0,43.0,49.07,2235.0,19.751223102963607,-155.19821430808275,18.312939469267285,3.2
1987.0,3.0,27.0,3.0,20.0,16.67,2236.0,19.78489565618268,-155.45011646924226,27.500273265270955,2.6
1987.0,4.0,3.0,1.0,12.0,26.64,2238.0,19.8789558518206,-155.18460154508273,3.318356790518353,2.5
1987.0,4.0,3.0,17.0,58.0,22.82,2239.0,19.111605975533266,-155.83943134077137,9.703522261588574,3.1
1987.0,4.0,16.0,1.0,31.0,50.63,2240.0,20.003032416320863,-155.7504672067619,33.47573067457246,2.6
1987.0,4.0,20.0,2.0,15.0,58.52,2241.0,20.109577264153664,-155.73324124300095,27.446743786397278,4.2
1987.0,4.0,20.0,11.0,50.0,52.82,2242.0,19.111365808153888,-155.63684604538963,10.282412144595263,3.6
1987.0,4.0,22.0,11.0,34.0,1.71,2243.0,19.533177944029188,-155.24349749358691,15.61253923434916,3.2
1987.0,5.0,2.0,2.0,50.0,5.43,2244.0,19.378255909881386,-155.2258745784483,38.30578598680206,3.3
1987.0,5.0,6.0,16.0,22.0,5.37,2245.0,19.36589330820892,-155.03458167085532,32.87500493594291,2.9
1987.0,5.0,9.0,15.0,50.0,8.14,2246.0,19.16038260973736,-155.7532492923113,42.87542756143473,3.4
1987.0,5.0,14.0,14.0,18.0,19.57,2247.0,19.82745183548708,-155.3067637315849,8.511833781381728,3.6
1987.0,5.0,18.0,18.0,50.0,38.03,2248.0,19.85057914867864,-155.13509625233038,35.32103232833337,2.8
1987.0,5.0,18.0,19.0,46.0,57.84,2249.0,19.55943985187188,-155.6281415068264,11.154180091706852,2.8
1987.0,5.0,19.0,22.0,4.0,42.22,2250.0,19.396606156236608,-155.13856532770205,40.02530565714688,2.9
1987.0,6.0,1.0,14.0,19.0,30.25,2252.0,19.559955247125696,-155.51391596502734,3.9948759443813167,2.8
1987.0,6.0,6.0,6.0,50.0,45.89,2253.0,19.16998845974471,-155.4910140844769,15.804258909263316,2.7
1987.0,6.0,7.0,17.0,27.0,15.5,2254.0,19.585701132627715,-155.7971025761593,34.80979786624787,3.6
1987.0,6.0,11.0,21.0,1.0,1.62,2255.0,19.602799534691044,-155.24723571022744,9.316237466535618,2.7
1987.0,6.0,13.0,15.0,13.0,3.28,2256.0,19.50413104765025,-155.5421102047477,8.11231580300363,2.5
1987.0,6.0,15.0,20.0,27.0,14.09,2257.0,19.31713050902895,-155.16146343053967,17.959729916803017,2.8
1987.0,6.0,20.0,9.0,5.0,2.46,2258.0,19.797086231529,-155.255477121738,1.0353613207412722,2.9
1987.0,6.0,23.0,8.0,19.0,31.11,2259.0,19.067428090788304,-155.53790744378423,18.66270175815142,2.9
1987.0,6.0,23.0,17.0,2.0,54.71,2260.0,19.53562398042929,-155.07420115154042,38.65043036714545,2.9
1987.0,6.0,25.0,21.0,56.0,24.82,2261.0,19.51191456494111,-155.71827871755832,21.567937541954816,2.5
1987.0,6.0,28.0,1.0,22.0,14.1,2262.0,19.857367390219142,-155.36301446802236,18.663866387620022,3.0
1987.0,7.0,7.0,19.0,53.0,48.05,2263.0,19.8936084866176,-155.23855602115702,11.95765426918146,2.7
1987.0,7.0,8.0,3.0,56.0,3.8,2264.0,20.156569043911368,-155.72707814562028,26.0476781087452,4.1
1987.0,7.0,9.0,8.0,58.0,17.8,2265.0,19.666133982703823,-155.75220238956712,30.183273168749658,3.2
1987.0,7.0,12.0,21.0,10.0,7.7,2266.0,19.800623558154427,-155.75424788556364,7.283672824043627,2.6
1987.0,7.0,20.0,19.0,0.0,49.37,2267.0,19.652707600737536,-155.81723155354746,42.152587551428226,2.9
1987.0,7.0,23.0,2.0,30.0,54.69,2268.0,19.774898987110163,-155.91698648880327,33.70641846842268,3.4
1987.0,7.0,26.0,17.0,40.0,52.86,2269.0,19.472583578385407,-155.2399457440856,16.844802863732316,2.5
1987.0,7.0,28.0,5.0,25.0,29.88,2270.0,19.322897350661368,-155.17263081717832,16.608221531715202,3.5
1987.0,8.0,3.0,5.0,14.0,52.75,2271.0,20.103189521376823,-155.57543405299387,11.170899743802902,2.8
1987.0,8.0,9.0,9.0,28.0,50.78,2272.0,19.582643894153147,-155.02080722034484,28.802569971446573,3.7
1987.0,8.0,11.0,22.0,5.0,41.1,2273.0,19.22168237921164,-155.85856192756302,16.185058057338097,2.7
1987.0,8.0,22.0,22.0,12.0,25.86,2275.0,19.684632583436088,-155.17274993491657,24.384337365514256,2.7
1987.0,8.0,23.0,11.0,36.0,11.17,2276.0,19.69602228589073,-155.7003760067801,13.309747264983528,2.8
1987.0,8.0,24.0,21.0,46.0,38.47,2277.0,19.51271250955913,-155.3468001088059,28.74324487485874,3.2
1987.0,8.0,26.0,15.0,6.0,32.98,2278.0,19.324896952935,-155.28541782507867,10.821544780189694,2.5
1987.0,8.0,26.0,20.0,17.0,31.62,2279.0,19.576182877945342,-155.33856214539944,15.191668838451074,3.8
1987.0,9.0,3.0,16.0,46.0,33.19,2280.0,19.772558622521924,-155.46055451364327,17.92357943020291,3.5
1987.0,9.0,4.0,13.0,16.0,40.97,2281.0,19.435736799646808,-155.67605073751395,10.438597029253268,2.5
1987.0,9.0,5.0,10.0,32.0,18.14,2282.0,20.02534452133994,-155.7600456494045,12.194623287713245,2.5
1987.0,9.0,12.0,21.0,37.0,26.62,2283.0,19.99735790410386,-155.44447834105682,4.704930201513799,3.0
1987.0,9.0,30.0,13.0,54.0,21.04,2284.0,20.03506510776047,-155.31432535316375,43.99852023866196,2.9
1987.0,10.0,2.0,4.0,8.0,34.0,2285.0,19.613807037074363,-155.52426404129565,7.983057715301838,2.6
1987.0,10.0,18.0,13.0,38.0,9.34,2286.0,19.05158866106049,-155.828144880836,14.972033913258379,3.5
1987.0,10.0,19.0,5.0,22.0,6.52,2287.0,19.53337000388652,-155.1207405685113,40.82030191843306,2.5
1987.0,11.0,11.0,7.0,42.0,5.87,2288.0,19.96667374115569,-155.4298439850697,3.5617219231828026,2.5
1987.0,11.0,12.0,20.0,42.0,0.33,2289.0,19.57422394254874,-155.67035782213176,1.3241004527873383,2.9
1987.0,11.0,18.0,6.0,16.0,0.72,2292.0,19.712537598171345,-155.4479907362235,12.982705244168228,2.5
1987.0,11.0,18.0,23.0,11.0,35.07,2293.0,19.759586562360425,-155.94339730505422,3.6434225841418706,3.1
1987.0,11.0,26.0,17.0,20.0,42.75,2294.0,19.45560895252408,-155.4826213563105,10.699282990376545,2.7
1987.0,12.0,2.0,11.0,46.0,53.64,2295.0,19.332034869501328,-155.2341227280169,7.612689296536412,2.9
1987.0,12.0,3.0,20.0,27.0,55.76,2296.0,19.717347515123304,-155.39956818899998,34.78514195458944,2.7
1987.0,12.0,5.0,1.0,32.0,51.62,2297.0,19.567196505582487,-155.31493282117768,14.152474382115281,2.8
1987.0,12.0,9.0,3.0,58.0,49.87,2298.0,19.96710152487208,-155.34061176100843,10.838610207264551,2.9
1987.0,12.0,9.0,12.0,10.0,33.15,2299.0,19.598709374281192,-155.32550603675054,33.08087551670767,3.4
1987.0,12.0,14.0,13.0,41.0,31.14,2300.0,20.081474605281475,-155.43865948768425,34.082076041543964,3.6
1987.0,12.0,18.0,16.0,45.0,5.75,2302.0,19.732364738314445,-155.3088392620596,33.13499930361139,2.9
1987.0,12.0,25.0,9.0,34.0,40.84,2303.0,19.50062617382521,-155.5408897288782,14.212200549816803,2.5
1987.0,12.0,29.0,5.0,32.0,7.9,2304.0,19.577319764312573,-155.0581490596831,17.1777071599017,2.7
1987.0,12.0,30.0,16.0,22.0,57.73,2305.0,19.559234242510296,-155.0074074012396,4.661637678847937,2.5
1988.0,1.0,1.0,0.0,10.0,6.0,2306.0,19.38947963712806,-155.388880086233,36.50846296924252,5.1
1988.0,1.0,11.0,0.0,29.0,8.73,2308.0,19.6070311526652,-155.3281294843142,5.305183273383234,2.9
1988.0,1.0,18.0,10.0,35.0,50.26,2309.0,19.826636711544303,-155.24139373503604,33.5191324275432,3.0
1988.0,1.0,25.0,0.0,37.0,57.08,2310.0,19.899601527455737,-155.25620799590587,11.014442774712787,2.5
1988.0,1.0,26.0,17.0,59.0,18.05,2311.0,19.970142259928515,-155.20994457384828,25.818766711944896,2.9
1988.0,2.0,4.0,22.0,45.0,55.68,2312.0,19.752450789473546,-155.46187480297056,10.473901936207007,2.7
1988.0,2.0,7.0,13.0,26.0,33.43,2313.0,19.843630690050745,-155.2148743801212,34.95075996099898,3.3
1988.0,2.0,10.0,9.0,34.0,5.17,2314.0,19.55061675418992,-155.95424501117904,16.957048782472405,2.5
1988.0,2.0,14.0,22.0,16.0,59.14,2315.0,19.845388613441173,-155.90725110535516,20.920614566529405,2.7
1988.0,2.0,15.0,8.0,14.0,43.72,2316.0,19.202757467467634,-155.41904850204637,29.025964820866573,2.6
1988.0,2.0,16.0,17.0,38.0,54.23,2317.0,19.93514928331067,-155.1641401974136,44.20789457898918,2.7
1988.0,2.0,22.0,9.0,17.0,53.01,2318.0,19.31265622182988,-155.37069490171322,20.124560518103856,3.0
1988.0,2.0,23.0,3.0,42.0,46.18,2319.0,19.51270780878148,-155.65185833653857,2.1203236762388156,2.6
1988.0,3.0,14.0,20.0,12.0,7.56,2320.0,19.954617884478782,-155.32213108373392,14.186331025420277,3.2
1988.0,3.0,20.0,16.0,27.0,0.42,2321.0,20.000217364876203,-155.49834197934652,34.6931460481935,3.4
1988.0,3.0,22.0,11.0,53.0,9.18,2322.0,20.077052627587783,-155.7325106871733,29.004645627492803,2.9
1988.0,4.0,2.0,0.0,35.0,31.12,2323.0,19.61614324745044,-155.36079606716413,14.35728626943112,2.7
1988.0,4.0,8.0,7.0,16.0,42.85,2324.0,19.709390418890194,-155.81518869900842,26.535647627287403,2.6
1988.0,4.0,9.0,5.0,17.0,37.68,2325.0,19.34037706593977,-155.05788869882284,2.696538834137345,2.6
1988.0,4.0,11.0,3.0,26.0,3.4,2326.0,19.05017073625656,-155.5966192758356,11.382319704791165,3.5
1988.0,4.0,18.0,12.0,11.0,20.38,2327.0,19.390863540942565,-155.1357524473139,24.996596061741613,2.5
1988.0,4.0,19.0,11.0,56.0,25.5,2328.0,19.24715245116836,-155.37920481314467,41.0088814810825,3.0
1988.0,4.0,19.0,22.0,57.0,8.31,2329.0,19.49748186348281,-155.1645902199483,20.72367823655009,3.2
1988.0,4.0,22.0,6.0,42.0,0.65,2330.0,19.378729097443017,-155.5574157735963,25.87476929923023,3.1
1988.0,4.0,22.0,17.0,14.0,5.43,2331.0,19.056049183252096,-155.7960648913853,32.530425082555986,3.2
1988.0,4.0,23.0,16.0,52.0,4.98,2332.0,19.89439127992136,-155.5388107442531,9.95620726603026,3.7
1988.0,4.0,24.0,14.0,49.0,17.41,2333.0,20.025938925972067,-155.68910539564382,4.497901916625847,2.5
1988.0,4.0,25.0,0.0,36.0,36.44,2334.0,19.97265975152562,-155.29287589629445,24.770861289307433,2.6
1988.0,5.0,8.0,18.0,6.0,29.21,2336.0,19.479279592721834,-155.702831388493,5.720364452150927,2.5
1988.0,5.0,11.0,2.0,58.0,28.7,2338.0,19.777662622599625,-155.87752302450124,15.301843456172307,2.5
1988.0,5.0,31.0,3.0,47.0,39.01,2339.0,19.3711362812993,-155.4009005290916,16.35565255524632,2.7
1988.0,6.0,1.0,7.0,44.0,43.6,2340.0,19.86438665171669,-155.5998535633167,39.82837644151235,2.6
1988.0,6.0,5.0,0.0,13.0,9.04,2341.0,19.39997070036384,-155.2125245151773,8.766649894322132,3.0
1988.0,6.0,13.0,4.0,7.0,10.97,2342.0,19.32410524945147,-155.42616079258602,23.71778355023287,2.8
1988.0,6.0,16.0,21.0,56.0,27.07,2343.0,19.694202280054004,-155.1583133920841,4.529079787246795,3.2
1988.0,6.0,20.0,13.0,28.0,39.47,2344.0,19.4732546423351,-155.6026600708897,27.022583047548675,2.5
1988.0,6.0,22.0,6.0,9.0,11.54,2345.0,19.93908371795405,-155.68393064953003,14.17673638598492,2.6
1988.0,6.0,22.0,18.0,52.0,29.74,2346.0,19.803740982588884,-155.71022992739415,13.029281338472103,3.1
1988.0,6.0,27.0,17.0,1.0,23.57,2347.0,19.52276013256141,-155.6709291292699,15.981343321976066,2.5
1988.0,7.0,1.0,1.0,9.0,59.79,2348.0,19.123714362961834,-155.67581994413698,6.919606836489551,2.5
1988.0,7.0,1.0,5.0,11.0,26.25,2349.0,19.202412307118365,-155.49802032539148,22.13581539502526,2.6
1988.0,7.0,6.0,6.0,8.0,20.03,2350.0,19.534868874664543,-155.8788008284453,36.83637400616286,2.9
1988.0,7.0,7.0,13.0,40.0,19.01,2351.0,19.224660975838585,-155.61546600926778,22.704599521777904,2.6
1988.0,7.0,12.0,4.0,44.0,30.24,2352.0,19.52552919156416,-155.20835528594012,34.310747764817975,2.8
1988.0,7.0,15.0,22.0,53.0,54.31,2353.0,20.08528675966873,-155.60916527726602,42.392324582922214,2.5
1988.0,7.0,22.0,4.0,17.0,16.08,2354.0,19.88668538550893,-155.9044878725142,34.19415755017934,2.9
1988.0,7.0,23.0,14.0,58.0,27.44,2355.0,19.11046491937961,-155.6597168550964,8.84909130910145,2.5
1988.0,7.0,27.0,20.0,59.0,17.27,2356.0,20.080235056559705,-155.58596801030689,11.178620962567546,2.7
1988.0,8.0,3.0,4.0,48.0,52.07,2357.0,19.44484072862268,-154.88373570091926,20.865764941221606,2.6
1988.0,8.0,7.0,6.0,46.0,5.9,2358.0,19.851941083055376,-155.6212790903788,35.86688530127083,2.7
1988.0,8.0,11.0,23.0,45.0,8.34,2359.0,20.02939879008916,-155.73895097824612,27.377528473920382,2.5
1988.0,8.0,18.0,20.0,58.0,16.48,2360.0,19.29782733185568,-155.1165976012802,41.53624246943274,2.9
1988.0,8.0,21.0,13.0,41.0,45.88,2361.0,20.087013407338723,-155.5198036472587,12.975153112408382,2.5
1988.0,8.0,26.0,6.0,11.0,52.76,2362.0,19.333542793152382,-155.28896647018996,24.358370116881215,3.0
1988.0,9.0,6.0,8.0,53.0,57.76,2363.0,19.74038546470917,-155.2039700919032,17.33592480866794,2.5
1988.0,9.0,6.0,23.0,30.0,11.71,2364.0,19.581775923847168,-155.28436063390765,21.431879624261267,2.5
1988.0,9.0,7.0,6.0,32.0,59.31,2365.0,20.003791962474487,-155.5923414525837,3.134188687122288,3.0
1988.0,9.0,15.0,0.0,44.0,26.93,2366.0,19.73490195070305,-155.6591098628332,43.54745999117398,2.5
1988.0,9.0,22.0,3.0,48.0,20.37,2367.0,19.421998941944445,-155.58216811610993,30.675760462424602,2.6
1988.0,9.0,28.0,4.0,54.0,12.73,2368.0,19.798324688602708,-155.85623493310123,7.213454950571027,2.5
1988.0,9.0,30.0,20.0,42.0,34.53,2369.0,19.772486847758497,-155.43032141333137,3.869106497383878,2.7
1988.0,10.0,2.0,22.0,51.0,35.81,2370.0,19.642955648799084,-155.18789666332324,10.194232393303036,2.9
1988.0,10.0,7.0,8.0,10.0,47.08,2372.0,19.4728732723698,-154.97539584236117,14.296838417249557,3.2
1988.0,10.0,11.0,16.0,47.0,10.12,2373.0,19.425755950385525,-155.05385146419283,37.16090796966047,2.5
1988.0,10.0,15.0,8.0,8.0,2.93,2374.0,19.04769687357036,-155.60958948697228,36.25394095195958,2.7
1988.0,11.0,7.0,4.0,37.0,28.95,2375.0,19.533005585715284,-155.41134954757766,10.472866538155348,2.8
1988.0,11.0,12.0,23.0,32.0,46.23,2376.0,19.687443724297303,-155.80415254768718,8.43699916405458,2.5
1988.0,11.0,23.0,20.0,18.0,57.33,2378.0,19.430378502338808,-154.89728810416602,24.63463950807677,3.2
1988.0,11.0,30.0,6.0,31.0,17.88,2379.0,19.71857483898977,-155.09385544204383,25.82224428121216,2.5
1988.0,12.0,20.0,5.0,40.0,38.01,2380.0,19.14816928024329,-155.57631935943488,22.799973270632183,3.2
1988.0,12.0,22.0,10.0,42.0,17.25,2381.0,19.68783528967968,-155.09611508958437,20.51044665773791,2.6
1988.0,12.0,23.0,14.0,20.0,37.84,2382.0,19.846865127197884,-155.12425040172508,41.16713074642553,2.6
1988.0,12.0,25.0,6.0,5.0,1.62,2383.0,19.85833894309267,-155.40080031837792,28.610172685293556,3.2
1988.0,12.0,26.0,14.0,27.0,1.62,2384.0,19.46832777419773,-155.52616178409545,2.5809633806121286,2.7
1988.0,12.0,29.0,13.0,45.0,17.15,2385.0,19.593935517262743,-155.80656274706934,36.44898353349836,2.7
1989.0,1.0,2.0,11.0,31.0,58.08,2386.0,20.09062156508048,-155.76574288017576,17.739903183895404,2.9
1989.0,1.0,3.0,2.0,5.0,17.62,2387.0,19.458943390229788,-155.71944385608575,31.219931025382355,2.5
1989.0,1.0,4.0,13.0,18.0,8.07,2388.0,19.841437224780705,-155.35545233744978,35.91243410489569,3.7
1989.0,1.0,4.0,19.0,0.0,6.77,2389.0,19.34488129352227,-155.5855378631316,23.762553471348,2.8
1989.0,1.0,9.0,0.0,58.0,57.99,2391.0,19.45011741829764,-155.3071781649131,43.228469866632274,2.5
1989.0,1.0,11.0,14.0,34.0,54.24,2392.0,20.01725570229264,-155.62688232745757,11.60444233328904,2.7
1989.0,1.0,20.0,16.0,17.0,30.72,2394.0,19.617819347633485,-155.23993331972295,23.59779850544396,2.5
1989.0,1.0,21.0,22.0,23.0,6.69,2395.0,19.528379931168413,-155.2642528832272,14.396376460737102,3.0
1989.0,1.0,26.0,16.0,16.0,32.25,2397.0,19.360374769866727,-155.65644155463474,8.198924609732458,3.6
1989.0,2.0,13.0,18.0,12.0,27.28,2398.0,19.342285308328048,-155.13029466045407,5.113855446028197,3.0
1989.0,2.0,14.0,13.0,46.0,25.83,2399.0,19.603271016736137,-155.6317411114929,32.29288849307285,2.6
1989.0,2.0,18.0,0.0,33.0,34.66,2400.0,19.99859895981668,-155.34408665332413,3.018535283467068,2.5
1989.0,2.0,18.0,4.0,32.0,53.66,2401.0,19.801178019495225,-155.33342192687795,13.307098459925381,2.5
1989.0,2.0,26.0,12.0,50.0,44.45,2402.0,19.45856327496149,-155.15706956495896,5.348250407107587,2.9
1989.0,3.0,3.0,22.0,59.0,9.57,2403.0,20.17002867594672,-155.71385014255208,43.58345077399416,4.4
1989.0,3.0,14.0,6.0,12.0,45.56,2404.0,19.60493890722832,-155.07983045086056,11.278339728837997,2.6
1989.0,3.0,21.0,6.0,47.0,8.79,2406.0,19.597736817502827,-155.17503901886153,34.90107087742852,2.5
1989.0,3.0,21.0,10.0,15.0,0.01,2407.0,19.325924184221343,-155.24234658344105,21.711880486979556,2.6
1989.0,3.0,25.0,5.0,55.0,2.59,2408.0,19.5923149921806,-155.04526317914588,25.604775074096825,2.5
1989.0,4.0,4.0,10.0,33.0,31.3,2409.0,19.600007335453004,-155.73525369173578,11.83314667355401,3.2
1989.0,4.0,10.0,10.0,41.0,39.7,2410.0,19.26668070082946,-155.74691481522737,42.00745910355612,2.5
1989.0,4.0,11.0,8.0,45.0,16.02,2411.0,20.023586897022803,-155.5643951255639,28.974058798541616,2.6
1989.0,4.0,14.0,10.0,48.0,33.81,2412.0,19.30177126915195,-155.830606387624,19.312951414056727,2.6
1989.0,4.0,24.0,9.0,52.0,22.98,2413.0,19.027662276270863,-155.77853727266404,18.90991339747436,2.5
1989.0,5.0,2.0,13.0,32.0,36.41,2414.0,19.84915479282968,-155.68130297957055,10.281108882756335,2.8
1989.0,5.0,3.0,23.0,57.0,25.09,2415.0,19.343346496833544,-155.55783578503687,1.3133875005909812,2.5
1989.0,5.0,8.0,16.0,53.0,11.33,2416.0,19.49541613848745,-155.08369170672484,32.9070185871903,2.6
1989.0,5.0,13.0,0.0,58.0,48.11,2417.0,19.49144633074125,-155.5334432800579,11.012273593880574,2.5
1989.0,5.0,19.0,2.0,12.0,13.89,2418.0,19.720145402043684,-155.16918850658664,37.838289587525615,3.3
1989.0,5.0,20.0,23.0,21.0,18.85,2419.0,19.48691031901113,-155.70934473445726,3.5509392126690784,2.5
1989.0,5.0,23.0,19.0,8.0,58.02,2420.0,19.62481212244592,-155.62879228390065,15.806152414816012,4.8
1989.0,5.0,24.0,8.0,48.0,9.62,2421.0,19.44118834363132,-155.12969221231646,17.611151098399112,2.6
1989.0,5.0,28.0,3.0,29.0,50.76,2423.0,20.13550468419926,-155.6264941862612,10.347597255649436,2.7
1989.0,6.0,7.0,1.0,12.0,43.03,2424.0,19.16932046889634,-155.7313707809477,2.7472314315258,2.6
1989.0,6.0,14.0,5.0,58.0,1.08,2425.0,19.47762512373184,-154.9336082920099,20.024666828349638,2.7
1989.0,6.0,16.0,13.0,57.0,22.9,2426.0,19.494254938006296,-155.65204973372846,22.727931038804087,3.0
1989.0,6.0,22.0,15.0,35.0,11.36,2427.0,19.83355197675333,-155.6041857127464,43.6025168008497,3.1
1989.0,6.0,27.0,1.0,57.0,33.22,2428.0,19.258525185124714,-155.59166996123724,2.3790073026945238,3.9
1989.0,7.0,1.0,20.0,30.0,42.0,2429.0,19.56258600420866,-155.2121144636038,36.97158925978227,4.7
1989.0,7.0,4.0,7.0,58.0,39.53,2430.0,19.42653046903055,-155.7638191437156,7.823816461610693,2.5
1989.0,7.0,14.0,23.0,7.0,7.93,2432.0,19.611349663166862,-155.25182497255196,26.298970745973186,2.9
1989.0,7.0,19.0,7.0,12.0,32.39,2433.0,19.79525800409658,-155.30205495119222,12.025509762690245,2.5
1989.0,7.0,23.0,16.0,9.0,19.22,2434.0,19.329469124923328,-155.86396274735088,12.833844244312573,3.6
1989.0,7.0,26.0,9.0,39.0,22.62,2435.0,19.0278483133427,-155.6986182083052,39.224552843035056,4.0
1989.0,7.0,28.0,7.0,59.0,27.14,2436.0,19.64858142193495,-154.98958355061166,33.69455511014623,2.6
1989.0,7.0,29.0,5.0,34.0,5.89,2437.0,19.094833861251537,-155.78298901696556,29.931246638799003,2.7
1989.0,8.0,1.0,5.0,43.0,12.91,2438.0,19.44474963124786,-155.5781768373877,6.782618640239752,2.9
1989.0,8.0,5.0,1.0,1.0,58.46,2439.0,19.814228888645623,-155.91049629017266,8.431933484759128,4.1
1989.0,8.0,7.0,8.0,55.0,16.08,2440.0,19.14573375701232,-155.82822418714687,10.76556775429778,3.4
1989.0,8.0,7.0,12.0,40.0,2.75,2441.0,19.902851532933056,-155.3135102785189,32.901011590945416,2.7
1989.0,8.0,11.0,1.0,32.0,37.28,2442.0,20.00554996827942,-155.5926025477048,38.92046281558584,3.5
1989.0,8.0,20.0,1.0,15.0,36.63,2443.0,19.51416518427109,-155.66566197712424,32.24377960226279,2.5
1989.0,8.0,22.0,22.0,33.0,14.0,2444.0,19.33132506797088,-155.23761146966473,11.512690225724548,2.5
1989.0,8.0,26.0,3.0,43.0,37.22,2445.0,19.97362231237272,-155.23543908660656,12.654425975376101,2.8
1989.0,8.0,31.0,7.0,50.0,42.18,2446.0,19.524950782910693,-155.81874795066744,21.73832963965914,2.8
1989.0,9.0,6.0,5.0,32.0,49.0,2447.0,19.60767543972316,-155.3922122879596,21.205857630264333,2.5
1989.0,9.0,8.0,10.0,11.0,33.93,2448.0,19.392353476026443,-155.886838902522,6.841840887076087,2.6
1989.0,9.0,20.0,8.0,25.0,5.89,2449.0,19.476051343644603,-155.0427859177876,26.234976434605166,3.4
1989.0,9.0,21.0,18.0,46.0,37.93,2450.0,19.89983491098815,-155.83874236674993,11.969688282301588,2.6
1989.0,9.0,27.0,9.0,3.0,37.83,2451.0,19.69183936391066,-155.1393933691441,1.5686906047988542,2.6
1989.0,10.0,5.0,3.0,33.0,57.38,2452.0,19.551580951732326,-155.54401644047476,10.396888695053121,3.3
1989.0,10.0,5.0,17.0,59.0,43.9,2453.0,20.04856349859297,-155.33872437928204,19.57025017370802,2.7
1989.0,10.0,13.0,13.0,15.0,42.23,2454.0,19.362203928290743,-155.5111781754038,39.265864259288136,2.6
1989.0,10.0,28.0,16.0,22.0,31.15,2455.0,19.40381062580957,-155.68380477833247,10.489186056634171,3.0
1989.0,10.0,30.0,9.0,44.0,44.4,2456.0,19.70029836852644,-155.0931908025112,5.7907330875591185,2.5
1989.0,11.0,8.0,15.0,44.0,10.91,2457.0,19.4830547107564,-155.20822455397254,42.005355728416234,3.6
1989.0,11.0,23.0,6.0,38.0,47.11,2458.0,19.92717660930811,-155.256616590431,1.3453324598979197,2.8
1989.0,11.0,27.0,2.0,35.0,57.23,2459.0,19.57775919802517,-155.44817288791194,1.9018005096448385,2.8
1989.0,12.0,3.0,1.0,38.0,39.55,2460.0,19.50950500233767,-155.65181979649378,8.590759600543246,3.6
1989.0,12.0,3.0,12.0,5.0,20.09,2461.0,19.968637727147968,-155.50787655132171,11.11838179119455,2.9
1989.0,12.0,3.0,18.0,53.0,6.72,2462.0,19.28055104791478,-155.7091451937241,12.70065237160517,2.8
1989.0,12.0,22.0,2.0,33.0,38.16,2463.0,19.06087667091839,-155.58706024906863,33.73058262505813,2.5
1989.0,12.0,25.0,17.0,58.0,12.96,2464.0,19.81744263317368,-155.48050476728346,29.275751090415806,2.6
1989.0,12.0,27.0,1.0,21.0,5.84,2465.0,19.496823609527816,-155.66267773444775,28.40060997726026,3.6
1990.0,1.0,2.0,19.0,42.0,10.76,2466.0,19.523496252186536,-155.1406962127404,29.184211160935778,2.6
1990.0,1.0,10.0,11.0,40.0,9.87,2467.0,19.378476850608937,-155.53969046161546,23.476131881121844,2.7
1990.0,1.0,13.0,14.0,38.0,41.41,2468.0,19.426547108155443,-155.67257476687297,3.8645631167782923,2.6
1990.0,1.0,14.0,23.0,24.0,3.98,2469.0,19.80988471578568,-155.46260507016456,38.478528578778516,3.5
1990.0,1.0,15.0,18.0,32.0,25.76,2470.0,19.82163422371221,-155.59145064815868,16.390275435861135,2.7
1990.0,1.0,16.0,9.0,33.0,33.28,2471.0,20.14543916523764,-155.67778485478922,9.826917196391665,2.5
1990.0,1.0,17.0,18.0,49.0,11.14,2472.0,19.22634454237414,-155.79156674208235,19.170239526211148,2.5
1990.0,1.0,21.0,23.0,37.0,19.76,2473.0,20.16686315309356,-155.6959600251474,11.21048539519172,3.5
1990.0,1.0,30.0,18.0,59.0,30.87,2474.0,19.27152666569537,-155.41500330789634,4.481533167973746,3.2
1990.0,2.0,7.0,6.0,13.0,22.88,2476.0,19.647885711061186,-155.9213048147942,39.33845515967995,2.7
1990.0,2.0,11.0,12.0,43.0,33.43,2477.0,20.09156468984122,-155.84671993910294,26.95660349876351,2.5
1990.0,2.0,16.0,10.0,59.0,49.27,2478.0,19.99713710201437,-155.51287890871205,24.60227464468388,2.9
1990.0,2.0,23.0,8.0,17.0,51.7,2479.0,20.010258302326463,-155.6478594770319,23.904293225552113,2.9
1990.0,2.0,26.0,14.0,2.0,45.12,2480.0,19.958795846705016,-155.43567228097018,20.079917459312632,3.0
1990.0,2.0,27.0,19.0,44.0,9.52,2481.0,19.37966821679484,-155.23591821076593,34.13211328650139,3.8
1990.0,2.0,28.0,15.0,32.0,11.29,2482.0,18.98225751676833,-155.69456505493935,21.586257556753914,2.7
1990.0,3.0,8.0,2.0,29.0,6.63,2483.0,19.69871049503768,-155.62973899530522,14.4279871155389,3.7
1990.0,4.0,5.0,7.0,41.0,43.09,2484.0,19.259471299957585,-155.7437282996722,22.222715398680677,2.8
1990.0,4.0,9.0,8.0,43.0,38.82,2485.0,20.091158432829182,-155.77351638943108,23.794466942849382,2.9
1990.0,4.0,15.0,13.0,21.0,31.51,2486.0,19.903278944439126,-155.3524283601178,43.796922705832316,2.6
1990.0,4.0,20.0,10.0,31.0,3.67,2487.0,19.795682507631675,-155.08887042074616,17.9105423311764,2.5
1990.0,4.0,24.0,15.0,16.0,30.35,2488.0,18.963001568891844,-155.6279670049966,33.059543004903,3.7
1990.0,4.0,29.0,17.0,8.0,39.33,2489.0,19.529561567602176,-155.0208783083183,41.57309984741482,2.8
1990.0,5.0,6.0,11.0,37.0,46.37,2491.0,19.39983746091029,-155.47571175001042,5.059618098054404,2.6
1990.0,5.0,11.0,7.0,29.0,22.14,2492.0,19.27101521292462,-155.31073863059103,8.589751829274743,3.0
1990.0,5.0,29.0,0.0,25.0,23.9,2493.0,19.434317482194672,-155.10099185403865,16.4055979101086,2.8
1990.0,5.0,29.0,1.0,1.0,44.34,2494.0,19.82208955626956,-155.87731591379196,31.23636315179409,2.6
1990.0,5.0,31.0,7.0,39.0,53.99,2495.0,19.376056012533265,-155.08079057283942,8.166600446201505,2.5
1990.0,6.0,3.0,8.0,15.0,25.33,2496.0,19.87731106265565,-155.19484622813104,27.085839328628648,2.7
1990.0,6.0,6.0,15.0,45.0,22.45,2497.0,19.85879305651801,-155.34616728140762,26.39496709562556,2.6
1990.0,6.0,8.0,22.0,8.0,24.21,2498.0,20.04599373791416,-155.64168113977462,20.41919136371144,3.0
1990.0,6.0,23.0,10.0,41.0,22.14,2499.0,18.97973609003178,-155.63531708133334,32.07224192381854,2.5
1990.0,6.0,29.0,7.0,8.0,4.74,2500.0,20.08733402308828,-155.71522674525025,37.0165272179205,3.4
1990.0,7.0,3.0,9.0,36.0,26.4,2501.0,19.838685289117777,-155.48832392621773,21.465145054563344,2.7
1990.0,7.0,10.0,10.0,59.0,10.26,2502.0,19.8117257646316,-155.7805453687437,9.518365194076106,2.5
1990.0,7.0,13.0,8.0,36.0,43.37,2503.0,20.11762274545925,-155.63265521454105,6.9211909407707,2.9
1990.0,7.0,14.0,17.0,20.0,21.05,2504.0,20.14844134525158,-155.77840930279908,25.43515093845792,3.4
1990.0,7.0,21.0,12.0,35.0,35.65,2505.0,19.84143222543883,-155.51061180556957,22.247094392981218,2.5
1990.0,7.0,22.0,8.0,46.0,15.04,2506.0,19.76843051624716,-155.21575170871304,4.360445585189688,2.8
1990.0,7.0,23.0,23.0,23.0,29.45,2507.0,19.58900336622965,-155.657836684573,9.629109530144637,2.5
1990.0,7.0,27.0,15.0,8.0,19.3,2508.0,19.92491679255332,-155.32598745139427,15.163490201611642,2.8
1990.0,8.0,22.0,15.0,29.0,16.3,2509.0,19.62867279914511,-155.17257294695904,2.588758148878454,2.6
1990.0,8.0,25.0,13.0,5.0,35.44,2511.0,20.126138952685032,-155.77472852345625,32.64294414540672,2.5
1990.0,9.0,1.0,10.0,5.0,23.36,2512.0,18.96025857172452,-155.67075133753372,24.770889259387104,2.9
1990.0,9.0,5.0,22.0,3.0,30.98,2513.0,19.06768387354096,-155.7810317563626,28.006654965024463,3.7
1990.0,9.0,11.0,21.0,20.0,28.39,2514.0,20.15920963065981,-155.63637235288604,24.801191150171213,2.9
1990.0,9.0,12.0,11.0,47.0,16.4,2515.0,19.26575349977372,-155.74875502827118,36.32850162816698,2.8
1990.0,9.0,16.0,8.0,27.0,47.58,2516.0,19.319294013796867,-155.41744065985455,8.745867195185266,4.9
1990.0,9.0,17.0,3.0,12.0,14.36,2517.0,19.668933233075585,-155.05590244859945,10.976662574800194,3.9
1990.0,10.0,18.0,20.0,1.0,5.36,2519.0,19.58103575880845,-155.5833229845859,31.591976001109533,2.6
1990.0,10.0,31.0,22.0,12.0,8.19,2520.0,19.026271061983152,-155.62847808020743,2.200009988035239,2.5
1990.0,11.0,2.0,8.0,42.0,53.03,2521.0,19.492398364193445,-155.9447376918414,27.09369309815434,2.6
1990.0,11.0,2.0,9.0,35.0,35.18,2522.0,19.62497387489784,-155.3687724631309,29.127698053574928,2.5
1990.0,11.0,8.0,11.0,24.0,38.83,2523.0,19.80776073228317,-155.57242346065684,15.883135699678386,2.6
1990.0,11.0,9.0,14.0,4.0,50.01,2524.0,19.289221037954896,-155.38411260558826,16.982272647577723,3.2
1990.0,11.0,11.0,2.0,0.0,6.67,2525.0,19.393716418479208,-155.46378128034007,40.209178908781865,2.5
1990.0,11.0,16.0,16.0,48.0,16.01,2527.0,19.710704994307807,-155.29581897056408,32.956158536759304,2.9
1990.0,11.0,21.0,2.0,3.0,41.88,2528.0,20.072981796052645,-155.52665773501863,39.65799968871228,2.6
1990.0,11.0,21.0,23.0,43.0,42.9,2529.0,19.008436840466647,-155.76653187575204,11.413813267153067,2.5
1990.0,11.0,26.0,9.0,58.0,30.56,2530.0,19.21181871442468,-155.365227747767,33.17918520617787,2.5
1990.0,11.0,30.0,19.0,49.0,51.27,2531.0,19.304074734942617,-155.82305385453984,39.815000871803846,2.9
1990.0,12.0,6.0,14.0,23.0,0.74,2532.0,19.736969776461294,-155.98579080818388,22.923672581409384,3.1
1990.0,12.0,20.0,12.0,6.0,9.83,2533.0,19.959168027710724,-155.582484132255,43.31900621291588,2.5
1990.0,12.0,28.0,10.0,37.0,21.34,2534.0,20.08366681329376,-155.76238843574671,2.3944150143553604,3.4
1990.0,12.0,29.0,23.0,17.0,25.57,2535.0,19.47259088015817,-155.19221759461504,7.426858690505947,2.9
1990.0,12.0,31.0,5.0,59.0,57.73,2536.0,19.48150020012173,-155.36849442824183,23.098052834078544,5.1
1991.0,1.0,6.0,6.0,58.0,37.54,2538.0,20.077455659267244,-155.49295426263876,42.71933586890637,2.7
1991.0,1.0,15.0,11.0,51.0,36.95,2539.0,19.443999502609564,-155.3864553001007,27.43795046612074,2.6
1991.0,1.0,15.0,21.0,37.0,25.19,2540.0,19.38271817018075,-155.596273881873,19.062963839818124,3.2
1991.0,1.0,26.0,22.0,13.0,21.72,2541.0,19.301450410077905,-155.15762588887983,27.032565780611627,3.1
1991.0,1.0,30.0,12.0,9.0,25.05,2542.0,20.01001113155565,-155.32504257233057,2.802973808635102,3.6
1991.0,1.0,31.0,22.0,56.0,45.62,2544.0,19.232553013216005,-155.66767828927516,4.274354663125987,2.7
1991.0,2.0,2.0,21.0,18.0,19.75,2545.0,19.079079558130044,-155.67059463412232,7.25676463216438,2.5
1991.0,2.0,8.0,22.0,54.0,16.07,2546.0,19.91439396626197,-155.16120436174853,3.3697697286208874,3.5
1991.0,2.0,12.0,14.0,4.0,1.67,2547.0,19.641227518541854,-155.62636777757055,37.81864606113249,3.3
1991.0,2.0,27.0,19.0,55.0,44.68,2548.0,19.397060851448373,-155.11037668371372,18.17319761115115,3.1
1991.0,2.0,28.0,9.0,33.0,20.54,2549.0,19.72109848327663,-155.72782979159243,9.858042065202593,2.8
1991.0,3.0,10.0,10.0,30.0,15.58,2550.0,19.17806007839498,-155.47128240906954,13.036951420972644,2.7
1991.0,3.0,11.0,10.0,27.0,43.61,2551.0,19.386311741934627,-155.70638777864377,32.8400374108679,2.6
1991.0,3.0,12.0,9.0,6.0,22.0,2552.0,19.64135017607573,-154.9713961621704,1.3741087391471698,3.9
1991.0,3.0,19.0,14.0,53.0,29.56,2553.0,19.77957808878115,-155.16998182365418,9.41227667922496,2.7
1991.0,3.0,27.0,4.0,55.0,10.75,2555.0,19.89812385014667,-155.14989339622528,19.2927471477002,2.6
1991.0,4.0,2.0,5.0,33.0,1.63,2556.0,19.18131211803848,-155.8485312633547,29.335769443713346,2.5
1991.0,4.0,3.0,7.0,25.0,38.11,2557.0,19.70233904391081,-155.46868927646753,5.89807514404119,2.8
1991.0,4.0,4.0,3.0,2.0,4.19,2559.0,19.30341797753904,-155.72600918162107,19.746338799506812,2.6
1991.0,4.0,4.0,8.0,42.0,43.79,2560.0,19.45759122508327,-155.3694336206236,10.590897401514415,2.6
1991.0,4.0,4.0,20.0,43.0,16.7,2561.0,20.23215906386108,-155.83437562113306,18.008379397912815,2.7
1991.0,4.0,5.0,2.0,55.0,32.02,2562.0,19.63665388370741,-155.96062884988038,7.602290218233085,4.2
1991.0,4.0,7.0,2.0,34.0,6.23,2563.0,19.66054487250389,-155.20019648892557,42.87178300961611,2.5
1991.0,4.0,8.0,14.0,39.0,31.81,2564.0,19.88772948316129,-155.45636999389626,13.974353658381279,3.7
1991.0,4.0,10.0,12.0,50.0,44.62,2565.0,19.22562263592268,-155.35603112997123,10.026937926928388,2.8
1991.0,4.0,12.0,3.0,50.0,31.32,2566.0,19.10061953290793,-155.8462499135894,33.99045237745571,3.1
1991.0,4.0,15.0,11.0,53.0,46.56,2567.0,19.895235034347007,-155.14633619153747,43.76456480737636,2.7
1991.0,4.0,17.0,5.0,16.0,11.02,2568.0,19.650472187622054,-155.09942440215812,12.398938195163264,2.9
1991.0,4.0,20.0,5.0,28.0,11.66,2569.0,19.667767078671705,-155.65773586144044,41.77859645909781,2.5
1991.0,4.0,20.0,12.0,47.0,51.76,2570.0,19.377265325718483,-155.86306134029752,14.004324397832113,3.3
1991.0,4.0,24.0,8.0,12.0,10.2,2571.0,19.84492779806416,-155.81983638149697,21.30594449330213,3.0
1991.0,4.0,28.0,18.0,10.0,21.67,2572.0,20.12620160573944,-155.68686926273324,15.249188655742616,2.6
1991.0,4.0,29.0,0.0,47.0,6.52,2573.0,20.07530009610343,-155.47571348713453,43.577961075487536,2.9
1991.0,5.0,8.0,3.0,52.0,44.46,2574.0,19.33169785199341,-155.02829876473427,6.436935424074189,2.7
1991.0,5.0,20.0,13.0,38.0,11.83,2575.0,19.06109616539345,-155.68370458997217,12.295379240393862,3.0
1991.0,5.0,31.0,17.0,5.0,6.52,2576.0,19.250054191432287,-155.2431803216963,37.62648442810415,2.5
1991.0,6.0,4.0,3.0,53.0,25.63,2577.0,19.82015136640647,-155.88127063344868,18.721654831814565,2.6
1991.0,6.0,9.0,6.0,44.0,18.67,2578.0,19.42006848906874,-155.7285075856161,41.21719495789625,2.7
1991.0,6.0,12.0,23.0,39.0,42.49,2579.0,19.77716032242894,-155.35093559011014,28.17605829588649,2.6
1991.0,6.0,15.0,0.0,42.0,30.57,2580.0,19.63662063371934,-155.24976917824583,23.16202231207934,2.8
1991.0,6.0,16.0,0.0,0.0,57.03,2581.0,19.446669737863576,-155.63772153542058,38.06452581135526,2.6
1991.0,6.0,24.0,19.0,23.0,48.12,2582.0,19.22867732855502,-155.50560700477948,13.036562118490151,3.2
1991.0,6.0,29.0,12.0,39.0,22.05,2583.0,19.747641171406688,-155.76676249577528,1.2362269326501734,3.0
1991.0,7.0,1.0,4.0,37.0,42.99,2584.0,19.44367133860941,-155.11509034674842,28.558561259546533,2.5
1991.0,7.0,20.0,7.0,55.0,49.53,2585.0,19.182778016514952,-155.7564131836071,24.45812795393972,2.8
1991.0,7.0,23.0,13.0,19.0,41.49,2586.0,19.54217038348872,-155.58309162923553,5.326699463098511,2.8
1991.0,8.0,5.0,19.0,30.0,17.43,2587.0,19.57086224479077,-155.5559487299452,7.83243914090226,2.7
1991.0,8.0,8.0,1.0,19.0,35.04,2588.0,19.433584180103296,-155.75871377897369,12.99020343722281,2.7
1991.0,8.0,9.0,15.0,58.0,3.4,2589.0,19.464663507333093,-155.66747122365356,14.375842240022882,2.8
1991.0,8.0,11.0,14.0,41.0,45.58,2590.0,19.557575409167534,-155.22198934444506,2.6689847515857945,2.6
1991.0,8.0,18.0,1.0,33.0,19.58,2591.0,19.98339306474438,-155.6697988377955,6.475568959794357,2.8
1991.0,8.0,18.0,13.0,41.0,40.02,2592.0,19.52867083689798,-154.85768546563688,4.567114402594806,2.7
1991.0,8.0,24.0,11.0,0.0,49.52,2593.0,19.83576123142136,-155.65917211860983,24.371541403086418,3.1
1991.0,8.0,25.0,3.0,32.0,16.45,2594.0,19.799045337960443,-155.27806245738722,36.58439878264072,2.5
1991.0,8.0,30.0,1.0,42.0,8.99,2595.0,20.042146867835463,-155.44847637440714,23.252369800983093,3.0
1991.0,8.0,30.0,15.0,5.0,25.06,2596.0,19.504572440119844,-155.53065555687655,41.17132103281166,2.8
1991.0,9.0,10.0,1.0,40.0,0.01,2597.0,19.611134791825044,-155.04434018745258,5.152297611026618,2.5
1991.0,10.0,4.0,0.0,41.0,25.93,2598.0,19.60117849571981,-155.8156065043015,35.726844187503765,2.9
1991.0,10.0,9.0,14.0,44.0,56.95,2599.0,19.95563095906152,-155.29175757765415,10.936015253184236,2.6
1991.0,10.0,18.0,11.0,12.0,29.45,2600.0,19.45766529635193,-155.74655503461972,29.47367876186538,2.6
1991.0,10.0,29.0,12.0,42.0,51.75,2601.0,19.41276724669561,-155.70620693655405,35.69375078926213,4.0
1991.0,11.0,6.0,15.0,42.0,38.76,2602.0,19.58620710489219,-155.94966712367432,12.000732838066831,3.3
1991.0,11.0,6.0,20.0,43.0,41.85,2603.0,19.50792086797464,-155.8047603626453,23.607623040076,3.3
1991.0,11.0,8.0,16.0,27.0,11.26,2604.0,19.80540828342589,-155.97279008358274,22.421376131068286,4.2
1991.0,11.0,15.0,0.0,47.0,24.68,2605.0,19.106923424361884,-155.74316593350733,5.093531511910261,2.8
1991.0,11.0,26.0,20.0,52.0,16.77,2606.0,19.445756820742684,-155.3529291337812,5.937994616707156,2.7
1991.0,12.0,2.0,10.0,51.0,26.86,2607.0,19.422197403369736,-155.89620890589734,29.380799507847215,2.7
1991.0,12.0,8.0,19.0,47.0,32.27,2609.0,19.429170189478526,-155.34687114064096,12.686407108982891,2.5
1991.0,12.0,9.0,16.0,14.0,19.9,2610.0,19.901000882581112,-155.80491276457803,17.943123151197057,3.0
1991.0,12.0,10.0,19.0,47.0,33.94,2611.0,19.68499354641424,-155.40332896412252,27.583809077767842,3.2
1991.0,12.0,23.0,0.0,23.0,47.1,2612.0,19.61354398879441,-155.5180856597024,29.433823033696637,3.5
1991.0,12.0,28.0,0.0,21.0,35.43,2613.0,19.480945019655405,-155.44002172281884,3.2232971550472747,2.5
1992.0,1.0,3.0,9.0,55.0,17.0,2614.0,19.410547650422423,-154.95773632322866,4.546793307038653,2.5
1992.0,1.0,10.0,8.0,57.0,56.06,2615.0,19.349176237620096,-155.0783899758533,20.021606897751216,2.8
1992.0,1.0,27.0,10.0,14.0,12.34,2616.0,19.604347700573577,-155.500453103782,8.415770694100782,2.6
1992.0,1.0,31.0,9.0,21.0,35.75,2617.0,20.223597821340405,-155.87070376121295,24.814975603977455,3.2
1992.0,2.0,1.0,4.0,41.0,16.76,2618.0,19.000330720312345,-155.73899693988946,22.619498624273508,3.2
1992.0,2.0,8.0,5.0,59.0,47.96,2619.0,19.4133278858766,-155.57031383728005,9.0683633363291,2.9
1992.0,2.0,11.0,5.0,32.0,17.58,2620.0,19.19149299618005,-155.8633485721263,37.83688698468844,2.9
1992.0,2.0,13.0,2.0,51.0,5.97,2621.0,19.043136037030088,-155.76494767823402,14.089638255889183,2.5
1992.0,2.0,14.0,6.0,9.0,59.16,2622.0,19.2456357608306,-155.67203485371735,40.36352710646767,2.9
1992.0,2.0,16.0,6.0,33.0,22.86,2623.0,19.23966274753001,-155.65222477006418,34.710282745415824,2.7
1992.0,2.0,27.0,22.0,52.0,21.77,2625.0,19.821169044576653,-155.5567164349475,6.8364519221959705,2.6
1992.0,3.0,5.0,12.0,25.0,25.8,2626.0,19.72621567742508,-155.607328468098,8.084665486446328,2.6
1992.0,3.0,7.0,18.0,6.0,44.79,2627.0,19.638091715548537,-155.38694699825717,28.518121864193574,2.8
1992.0,4.0,4.0,15.0,24.0,50.37,2629.0,19.52568747567716,-155.89917608768724,3.741536354256494,2.5
1992.0,4.0,15.0,19.0,35.0,17.78,2630.0,19.878211414632663,-155.7521267007231,18.361995138608922,2.7
1992.0,4.0,22.0,19.0,26.0,9.79,2632.0,19.38898109305947,-155.63097952773066,34.46386651508929,3.5
1992.0,4.0,28.0,16.0,18.0,46.29,2633.0,19.494715384064843,-155.15529856734116,18.97224801364255,2.7
1992.0,5.0,13.0,16.0,37.0,7.83,2634.0,19.13688827071373,-155.51584090526288,38.595250708782295,4.1
1992.0,5.0,21.0,19.0,49.0,20.13,2635.0,19.79248471036784,-155.22922710187277,24.81697767885333,3.2
1992.0,5.0,22.0,21.0,27.0,49.99,2636.0,19.981602507660952,-155.744074976808,23.40085956691223,3.4
1992.0,5.0,27.0,17.0,51.0,37.98,2637.0,19.94382082945807,-155.87426591707293,33.86142188111187,2.9
1992.0,5.0,30.0,4.0,10.0,24.0,2638.0,19.622495609299257,-155.03533831554816,17.182775258278244,2.7
1992.0,6.0,1.0,9.0,11.0,14.61,2639.0,19.402281694190474,-155.55620372888137,40.98991756211524,2.5
1992.0,6.0,3.0,12.0,41.0,19.0,2640.0,19.78710208618134,-155.63109864071237,37.228603923778735,2.6
1992.0,6.0,5.0,12.0,38.0,33.45,2641.0,19.262621437776072,-155.36623190985603,28.357933643107238,2.9
1992.0,6.0,14.0,15.0,22.0,26.0,2642.0,19.09433560294506,-155.78861030277196,16.317281450528508,2.5
1992.0,6.0,15.0,2.0,6.0,37.39,2643.0,19.79251235931569,-155.169196002131,1.753140194160593,2.5
1992.0,6.0,16.0,0.0,16.0,22.98,2644.0,19.377524657319498,-155.5717023897852,26.595229924559163,2.6
1992.0,6.0,16.0,5.0,15.0,8.51,2645.0,19.14542429766931,-155.64789204832303,34.882943053542576,2.5
1992.0,6.0,25.0,19.0,11.0,16.11,2646.0,19.86492640972671,-155.43960351043606,26.83888918379569,2.8
1992.0,6.0,28.0,17.0,36.0,38.69,2647.0,19.706750751838925,-155.9423458992307,42.90414868347618,2.6
1992.0,7.0,2.0,0.0,41.0,26.78,2648.0,19.18201994447132,-155.8734940319407,21.693292154946533,2.6
1992.0,7.0,5.0,15.0,48.0,6.48,2649.0,19.943741960071662,-155.57995215021046,39.59186406639504,3.0
1992.0,7.0,18.0,20.0,46.0,58.65,2650.0,19.52888368637628,-155.67886149658315,4.571929190168055,3.3
1992.0,7.0,26.0,12.0,51.0,40.6,2652.0,19.54959813488487,-155.128049034987,22.76955620248631,2.6
1992.0,8.0,9.0,0.0,25.0,3.89,2653.0,19.949829432307386,-155.69701866341973,23.22969125883097,2.7
1992.0,8.0,12.0,21.0,4.0,40.66,2654.0,19.418806483073617,-155.14707806387224,37.98110058260417,2.6
1992.0,8.0,19.0,1.0,11.0,22.26,2655.0,19.41946216264958,-155.1565819319077,34.14808144090196,2.5
1992.0,8.0,19.0,20.0,17.0,55.3,2656.0,19.53237983336758,-155.31707668760592,25.02484235941377,2.6
1992.0,8.0,20.0,14.0,34.0,53.56,2657.0,19.41371040563488,-155.81150667830676,31.229327764315872,2.6
1992.0,9.0,6.0,20.0,55.0,36.93,2658.0,20.23734703645123,-155.86888178050788,41.81196245005855,2.8
1992.0,9.0,7.0,13.0,56.0,32.55,2659.0,19.17027558465353,-155.74676419328793,18.99521650139508,4.3
1992.0,9.0,8.0,0.0,52.0,51.15,2660.0,19.27337963529241,-155.35826017913092,43.31387667723199,3.0
1992.0,9.0,8.0,3.0,30.0,52.19,2661.0,19.560922563295385,-155.15410664892605,24.453664106317127,2.5
1992.0,9.0,8.0,7.0,51.0,53.23,2662.0,19.942685880501266,-155.48118152524938,27.80530861827443,2.7
1992.0,9.0,18.0,8.0,41.0,58.82,2663.0,19.247884332529253,-155.6975328413945,13.9224192020429,3.0
1992.0,10.0,5.0,9.0,37.0,45.52,2665.0,19.357241027398643,-155.395524040191,43.55018230058289,3.5
1992.0,10.0,7.0,10.0,19.0,21.98,2666.0,19.618979986656107,-155.40960957145532,19.786776942089908,3.1
1992.0,10.0,14.0,7.0,38.0,14.99,2667.0,19.73062786901482,-155.88856623896496,13.410611943062012,3.1
1992.0,10.0,19.0,5.0,38.0,43.28,2668.0,20.012495235196404,-155.56891359520054,42.66966683041039,2.6
1992.0,10.0,25.0,19.0,22.0,44.32,2669.0,19.96017700739924,-155.52735124517574,44.990846873700804,2.7
1992.0,11.0,1.0,9.0,46.0,13.6,2670.0,19.254558999744024,-155.7973691391385,9.303847774702625,2.6
1992.0,11.0,4.0,10.0,9.0,18.89,2671.0,19.875023831390767,-155.53919902369938,41.00348003352559,3.4
1992.0,11.0,4.0,13.0,6.0,12.98,2672.0,19.68306202097711,-155.008205302903,26.53172435786211,2.5
1992.0,11.0,5.0,14.0,34.0,40.54,2673.0,19.256023099595847,-155.49647323699332,24.588577200261263,2.5
1992.0,11.0,8.0,13.0,1.0,10.61,2674.0,20.034401668561507,-155.3235382175728,38.54643229107817,3.1
1992.0,11.0,12.0,8.0,27.0,46.01,2675.0,19.88084306988436,-155.57673919948647,3.927104462819697,2.6
1992.0,11.0,13.0,17.0,26.0,14.91,2676.0,19.64977817016964,-155.14185158377737,7.873191293849549,2.5
1992.0,11.0,20.0,14.0,40.0,33.42,2677.0,20.049581893958464,-155.6160168438985,41.013301807674544,2.5
1992.0,11.0,20.0,23.0,52.0,25.8,2678.0,19.037080849044568,-155.57451758792772,32.67633984598504,2.5
1992.0,11.0,24.0,22.0,30.0,41.81,2679.0,19.798169217250013,-155.96672214627844,15.168132907191385,2.6
1992.0,12.0,17.0,6.0,3.0,13.1,2681.0,19.6738069516338,-155.5697204768135,41.63789158811833,3.4
1992.0,12.0,21.0,19.0,48.0,34.38,2682.0,19.359897402004727,-155.60982635736735,22.837717607259552,3.0
1992.0,12.0,22.0,7.0,57.0,27.11,2683.0,19.78599248348525,-155.180024314734,22.814644400258654,2.7
1992.0,12.0,22.0,10.0,54.0,54.14,2684.0,19.684737773328813,-155.2315702980079,29.960265460097766,2.6
1992.0,12.0,23.0,23.0,6.0,35.12,2685.0,19.76402364851517,-155.6814649571064,44.39155145269624,2.7
1993.0,1.0,22.0,3.0,27.0,45.85,2687.0,20.011773737117988,-155.46381483693943,15.646861211129082,2.9
1993.0,1.0,24.0,21.0,21.0,56.78,2688.0,19.01987277533093,-155.62528227817796,43.113342161467635,2.6
1993.0,1.0,26.0,6.0,22.0,23.9,2689.0,19.46376714398276,-155.60725505142827,5.671886754959781,2.9
1993.0,1.0,29.0,19.0,16.0,59.17,2690.0,19.99734141211226,-155.79906663566217,33.09164537608536,2.5
1993.0,2.0,10.0,19.0,18.0,11.19,2691.0,19.85138430682276,-155.4242865632173,4.662152369231313,2.7
1993.0,2.0,16.0,4.0,45.0,32.91,2692.0,19.834664722491105,-155.82400789183387,41.382938065793404,2.5
1993.0,2.0,17.0,1.0,33.0,35.99,2693.0,20.1396807819456,-155.71164402097585,7.473223642939084,2.5
1993.0,2.0,25.0,9.0,43.0,40.16,2694.0,19.841951301036865,-155.88609600842227,9.178143701591708,3.2
1993.0,3.0,22.0,5.0,50.0,23.2,2696.0,19.867759181001755,-155.89171156074002,26.823482500322473,3.1
1993.0,3.0,26.0,19.0,3.0,16.36,2698.0,19.616179874095675,-155.9059875619228,19.319567291005516,2.6
1993.0,4.0,5.0,4.0,46.0,17.05,2699.0,19.54264003385953,-155.86649744699622,39.01705364540928,2.7
1993.0,4.0,6.0,10.0,35.0,43.42,2700.0,19.271589263007705,-155.58045010725766,28.25455038772865,2.5
1993.0,4.0,8.0,12.0,51.0,0.59,2701.0,19.80939466598054,-155.37172485001764,40.43194950095282,2.5
1993.0,4.0,9.0,8.0,1.0,46.22,2702.0,19.40637827157738,-155.41722816972535,11.385288854220736,2.5
1993.0,4.0,10.0,10.0,29.0,44.67,2703.0,19.721270341620503,-155.06261760341843,24.34858884871402,2.6
1993.0,4.0,13.0,21.0,35.0,35.22,2705.0,20.16715244404109,-155.722345148796,9.443693615795283,2.5
1993.0,4.0,16.0,11.0,54.0,14.67,2706.0,19.72319303565469,-155.2307338110342,21.417309507944132,2.9
1993.0,4.0,19.0,19.0,28.0,30.69,2707.0,19.9392819773859,-155.4898391065113,13.981977840182019,2.6
1993.0,4.0,21.0,10.0,18.0,17.51,2708.0,19.882323831176624,-155.6223633275443,12.118822168023065,2.8
1993.0,4.0,26.0,19.0,4.0,49.46,2709.0,19.331196529525428,-155.81243170405614,12.364078369925169,3.1
1993.0,4.0,27.0,20.0,42.0,5.69,2710.0,20.18037435951173,-155.74315096246036,34.33931654450694,2.8
1993.0,5.0,3.0,7.0,55.0,41.18,2711.0,19.59557499487472,-154.9602070225233,41.420026582963956,2.7
1993.0,5.0,28.0,15.0,18.0,52.86,2712.0,19.74475578332774,-155.29325320256092,12.60325893675693,2.5
1993.0,6.0,3.0,17.0,36.0,3.62,2713.0,19.425568521235338,-155.76444259573006,15.803558806569118,3.3
1993.0,6.0,13.0,8.0,30.0,46.49,2715.0,19.919121524506306,-155.85730412197975,9.972389894373379,2.5
1993.0,6.0,17.0,2.0,47.0,25.98,2716.0,19.249379976107424,-155.62960754001207,6.517447007738686,2.7
1993.0,6.0,19.0,20.0,39.0,15.06,2717.0,19.322991632972847,-155.55327182297694,44.246932410997424,2.6
1993.0,7.0,16.0,8.0,27.0,14.77,2721.0,19.938402566748,-155.77423063744536,4.475641448031812,3.5
1993.0,7.0,21.0,14.0,29.0,14.39,2722.0,19.17513278551199,-155.46091047962975,14.706108985275613,2.7
1993.0,7.0,25.0,21.0,28.0,48.45,2723.0,19.972051399125,-155.5020269859506,43.050360490164074,3.5
1993.0,7.0,28.0,23.0,20.0,18.84,2724.0,19.571279605353368,-155.75144188158367,19.529933024173307,2.6
1993.0,8.0,3.0,5.0,45.0,3.71,2725.0,20.199244052497427,-155.73673155077427,9.375268592709562,2.8
1993.0,8.0,10.0,5.0,22.0,33.87,2726.0,19.18070973021014,-155.82533805031198,4.713392443252239,2.7
1993.0,8.0,14.0,0.0,3.0,41.42,2727.0,19.47589556492841,-155.5698607485872,27.345748606910437,2.5
1993.0,8.0,20.0,16.0,46.0,35.2,2728.0,19.53524396651664,-154.93453905898758,2.2612235267096583,2.7
1993.0,8.0,24.0,15.0,27.0,10.29,2729.0,19.37891288973425,-155.7945077638854,34.24097043509838,2.6
1993.0,8.0,27.0,9.0,9.0,54.07,2730.0,20.01694850984133,-155.520601088035,5.2075893104131925,2.8
1993.0,8.0,29.0,4.0,35.0,18.41,2731.0,19.26513958175292,-155.39024391585411,6.572740453950182,2.6
1993.0,8.0,29.0,19.0,58.0,4.82,2732.0,19.43397468120666,-155.73519540455882,4.4006944159646135,3.3
1993.0,9.0,3.0,8.0,8.0,37.23,2733.0,19.55593879306065,-155.27810952757173,31.007440435942684,3.0
1993.0,9.0,13.0,20.0,21.0,40.89,2734.0,19.37472534323462,-154.97885452414442,23.520884092988087,3.1
1993.0,9.0,14.0,1.0,4.0,56.02,2735.0,19.74473276311428,-155.97015602312774,43.080647380175414,2.6
1993.0,9.0,17.0,0.0,32.0,48.36,2736.0,19.863956481434883,-155.93516100505647,39.788043043355444,3.4
1993.0,9.0,18.0,8.0,39.0,24.37,2737.0,19.63817787141685,-155.46759294460082,5.516868561243914,2.6
1993.0,9.0,23.0,11.0,22.0,29.28,2738.0,19.25033984411248,-155.54247204836622,29.169493396323915,2.6
1993.0,10.0,7.0,14.0,30.0,19.77,2739.0,19.634249368645,-155.48871301631277,22.12828992503762,3.3
1993.0,10.0,8.0,2.0,45.0,5.28,2740.0,20.042282951664248,-155.40641279761704,35.576431540206485,3.7
1993.0,10.0,10.0,9.0,45.0,28.87,2741.0,19.44100366304773,-155.25337158230712,14.660927278093082,2.9
1993.0,10.0,13.0,0.0,18.0,56.07,2742.0,19.48129280879404,-155.8197165917609,34.74667598508094,2.5
1993.0,10.0,20.0,9.0,26.0,16.91,2743.0,19.61936502226581,-155.19738376082978,35.90626511199568,3.1
1993.0,10.0,21.0,4.0,36.0,22.34,2744.0,19.03452453284805,-155.73430044110592,28.99517454912696,3.0
1993.0,10.0,24.0,5.0,22.0,50.38,2745.0,19.377031815458327,-155.64444877589915,11.178456782141883,2.6
1993.0,10.0,26.0,1.0,31.0,31.77,2746.0,19.557612272451063,-155.4389024431842,29.014346529065584,3.3
1993.0,10.0,27.0,18.0,31.0,50.34,2747.0,20.038894589403885,-155.349205097022,35.714807238508904,3.3
1993.0,10.0,28.0,19.0,59.0,48.41,2748.0,19.84388442563612,-155.66953445545718,21.3498425079702,2.9
1993.0,10.0,29.0,18.0,27.0,27.89,2749.0,19.82697597212705,-155.47066347610155,23.729008096459246,3.2
1993.0,10.0,31.0,8.0,6.0,49.54,2750.0,19.478101402304137,-155.64798012337633,10.148428641344323,3.9
1993.0,11.0,4.0,19.0,45.0,26.4,2751.0,19.418022548992614,-155.89077680993236,32.442737581077935,2.6
1993.0,11.0,13.0,10.0,25.0,38.8,2752.0,19.45884837238361,-155.92429321017056,41.31757034431228,2.5
1993.0,11.0,13.0,17.0,44.0,52.14,2753.0,19.3083818726533,-155.78090022869029,17.64019985669575,2.5
1993.0,11.0,16.0,7.0,59.0,50.89,2754.0,19.69320521571519,-155.355347096193,27.600891862426085,3.9
1993.0,11.0,21.0,11.0,42.0,13.92,2755.0,19.91001155412181,-155.7600047236127,28.773530982144752,3.4
1993.0,11.0,24.0,18.0,40.0,14.23,2756.0,20.201274803107165,-155.8433024254659,38.40101485553769,3.1
1993.0,11.0,29.0,16.0,7.0,0.67,2758.0,19.68178261232566,-155.20943709266098,22.313416919015687,3.2
1993.0,12.0,14.0,0.0,55.0,7.64,2759.0,20.04853675099074,-155.70632332165516,3.537780880473064,2.8
1993.0,12.0,19.0,0.0,2.0,58.29,2760.0,19.85411625659296,-155.85436196122123,27.431736473109424,3.0
1993.0,12.0,21.0,11.0,45.0,52.7,2761.0,20.06376748807462,-155.83447784126082,3.47976057258061,3.2
1993.0,12.0,23.0,7.0,26.0,19.85,2762.0,19.781050743203327,-155.83564616380514,15.438955899723403,2.8
1993.0,12.0,26.0,17.0,24.0,5.16,2763.0,19.60416170544189,-155.71847502959162,15.143307008751101,4.4
1994.0,1.0,3.0,2.0,59.0,51.02,2764.0,19.538469251572085,-155.0380917481053,26.565276982637982,2.7
1994.0,1.0,4.0,19.0,52.0,22.17,2765.0,19.727464752564497,-155.69413049529817,16.398324470289495,2.8
1994.0,1.0,9.0,13.0,42.0,3.61,2766.0,19.408286492057485,-155.23982364544088,13.564888829178082,2.5
1994.0,1.0,15.0,8.0,18.0,2.6,2767.0,19.85933823198252,-155.22173816982652,8.285889624101255,3.4
1994.0,1.0,17.0,14.0,25.0,47.54,2768.0,19.573725111087853,-155.84080699942902,6.096646949351999,2.9
1994.0,1.0,18.0,14.0,57.0,47.48,2769.0,19.670650422502217,-155.34827708715397,22.93115036840533,2.6
1994.0,1.0,20.0,2.0,54.0,33.8,2770.0,19.70331745601825,-155.2106827303664,25.07530890458431,2.7
1994.0,1.0,20.0,12.0,14.0,4.97,2771.0,19.9645324753619,-155.19624227643556,22.398891602077683,2.5
1994.0,1.0,21.0,23.0,14.0,38.14,2772.0,19.381196130835004,-155.31891405152425,3.7273585473680817,2.7
1994.0,1.0,28.0,7.0,24.0,52.0,2773.0,19.748657323092107,-155.97623551869242,8.370943040088793,2.5
1994.0,2.0,5.0,15.0,1.0,30.83,2774.0,19.21766937732045,-155.37075353108654,9.924897999952389,3.0
1994.0,2.0,16.0,16.0,24.0,39.39,2775.0,19.830022703744746,-155.7387888898207,21.478439111439585,3.2
1994.0,2.0,23.0,13.0,54.0,30.38,2776.0,19.68998459867045,-155.71223795493793,35.56456558466686,2.5
1994.0,3.0,8.0,7.0,4.0,12.09,2777.0,19.498679672671347,-154.9006055419473,1.0826687835735531,2.7
1994.0,3.0,18.0,23.0,44.0,5.75,2778.0,19.2049169557198,-155.52129110944026,15.9669271503534,2.6
1994.0,4.0,2.0,8.0,33.0,57.04,2779.0,19.78945287335821,-155.3950564860994,6.926585135831283,3.2
1994.0,4.0,5.0,2.0,26.0,23.86,2780.0,19.76281707463508,-155.68948254631908,38.49668562426406,3.5
1994.0,4.0,6.0,19.0,26.0,52.01,2781.0,19.21949162894303,-155.8258613597024,12.169283171553284,2.8
1994.0,4.0,15.0,15.0,43.0,53.91,2782.0,19.675500138119595,-155.87702570058812,41.84925533943546,2.6
1994.0,4.0,19.0,6.0,5.0,10.52,2783.0,19.68915534879877,-155.0767139433412,3.0226605581148496,2.7
1994.0,4.0,23.0,20.0,33.0,39.93,2784.0,19.50413550727547,-155.9127616969171,4.07725947878036,3.3
1994.0,4.0,26.0,11.0,14.0,8.34,2785.0,19.543103449968573,-155.8160680726258,36.833072985915805,2.5
1994.0,4.0,28.0,10.0,40.0,7.94,2786.0,19.54434135344105,-155.0224243830327,16.24683550706068,4.3
1994.0,5.0,4.0,4.0,4.0,28.16,2788.0,19.604669504575035,-155.76432205251768,20.191919944452977,2.6
1994.0,5.0,6.0,6.0,51.0,2.28,2789.0,19.963513651924536,-155.4450274677934,31.762364794838597,2.9
1994.0,5.0,9.0,11.0,55.0,39.18,2790.0,19.241804791439066,-155.66856216349734,35.73635655228196,3.2
1994.0,5.0,13.0,22.0,20.0,55.98,2791.0,19.90538161799341,-155.21651278263764,41.980795204407315,2.5
1994.0,5.0,21.0,3.0,15.0,54.82,2792.0,19.508906095570627,-155.74255163535815,23.64262449343969,2.7
1994.0,5.0,22.0,19.0,4.0,16.92,2793.0,19.80644836041856,-155.7485592776553,16.556259114030397,2.8
1994.0,6.0,9.0,8.0,29.0,4.7,2795.0,19.69480525007674,-155.35986932906926,10.564420469057286,3.0
1994.0,6.0,21.0,1.0,38.0,9.02,2796.0,19.897177967985733,-155.64609011843297,41.263012455077714,2.8
1994.0,6.0,23.0,13.0,10.0,16.44,2797.0,19.395929621111712,-155.03329957725583,4.005947479213827,2.8
1994.0,7.0,4.0,18.0,16.0,16.07,2798.0,19.72691053044215,-155.84184219519304,18.268543772154793,3.1
1994.0,7.0,7.0,9.0,39.0,26.41,2799.0,19.536191378503688,-155.30248163034275,43.824061726808075,2.5
1994.0,7.0,11.0,12.0,42.0,3.19,2800.0,20.04308305697974,-155.35795388056508,33.25498188508376,4.9
1994.0,7.0,12.0,9.0,34.0,3.63,2801.0,19.27727684009478,-155.71085207699343,1.0055493201561343,3.5
1994.0,7.0,14.0,12.0,23.0,20.32,2802.0,19.5172632310628,-155.25535330706697,21.45228120563643,3.8
1994.0,7.0,21.0,11.0,0.0,9.1,2804.0,19.751450512672665,-155.52504139351896,32.70339638569884,2.5
1994.0,7.0,28.0,5.0,6.0,34.77,2805.0,19.573353369077225,-155.11746380146835,16.490629529382904,2.6
1994.0,7.0,29.0,0.0,45.0,19.5,2806.0,20.102196890501784,-155.4863396335512,38.08005076423435,2.5
1994.0,8.0,5.0,7.0,4.0,36.48,2807.0,19.071845581209843,-155.8341279251366,5.639832627699949,2.8
1994.0,8.0,5.0,14.0,10.0,49.88,2808.0,19.15207988504504,-155.90367967425126,7.902799654128832,3.2
1994.0,8.0,11.0,12.0,3.0,34.66,2809.0,19.59144625873528,-155.157707204195,14.609071841597121,3.1
1994.0,8.0,15.0,3.0,39.0,16.37,2810.0,19.31129949010037,-155.80134174442207,38.06918231363719,2.5
1994.0,8.0,16.0,18.0,33.0,48.52,2811.0,19.33189202189644,-155.306038628322,22.12876665275016,2.6
1994.0,8.0,19.0,7.0,45.0,13.2,2812.0,19.54170878352496,-155.81516217980428,20.941497365397257,2.7
1994.0,8.0,24.0,13.0,53.0,17.25,2813.0,19.402348658476285,-155.782715937938,41.15043425969632,2.6
1994.0,8.0,29.0,22.0,46.0,56.12,2814.0,20.06268663804787,-155.46038184730628,10.801724302039467,4.0
1994.0,9.0,1.0,20.0,42.0,25.91,2815.0,19.73901623427632,-155.99823954013445,10.36163273643974,2.5
1994.0,9.0,3.0,6.0,37.0,33.62,2816.0,19.81572677353507,-155.54264888903154,31.204168021849327,2.9
1994.0,9.0,8.0,1.0,27.0,33.63,2817.0,19.55959602121908,-154.89343751718093,33.149182510665895,2.7
1994.0,9.0,9.0,10.0,28.0,9.55,2818.0,19.82615872127095,-155.6976295265699,41.94960283711471,2.9
1994.0,9.0,10.0,18.0,48.0,17.76,2819.0,19.36060222823228,-155.0451478079453,20.306522054054568,4.0
1994.0,9.0,12.0,13.0,26.0,9.32,2820.0,19.539235771589293,-155.66454173342385,5.8953015621870835,2.7
1994.0,9.0,27.0,20.0,19.0,19.9,2821.0,19.9005713895834,-155.35277573911654,44.35855821520268,3.9
1994.0,9.0,29.0,1.0,2.0,4.06,2822.0,19.349947966323416,-155.79445520523834,12.316886866658267,3.2
1994.0,9.0,30.0,17.0,10.0,53.61,2823.0,19.6449617281928,-155.09569826445286,16.619969472655164,2.5
1994.0,9.0,30.0,20.0,2.0,21.17,2824.0,19.678973966106767,-155.3362777635996,12.984192314188933,3.5
1994.0,10.0,3.0,12.0,42.0,29.25,2825.0,19.50762594465644,-155.24814911114342,6.0503407124603745,2.9
1994.0,10.0,20.0,5.0,4.0,45.05,2826.0,19.72868291663512,-155.74744424651914,4.761741416805407,2.7
1994.0,10.0,24.0,18.0,5.0,16.37,2827.0,19.537569221017275,-155.3122686876039,9.676737852758126,2.5
1994.0,10.0,24.0,20.0,56.0,6.98,2828.0,19.61720427738405,-155.61382408220675,43.22022386642016,2.5
1994.0,10.0,27.0,7.0,50.0,19.57,2829.0,19.165222311047646,-155.864337119117,16.78806920718162,2.5
1994.0,10.0,31.0,14.0,36.0,44.58,2830.0,19.789763336297447,-155.5817681790455,33.557312146128425,2.8
1994.0,11.0,11.0,3.0,49.0,18.08,2831.0,19.38874480400115,-155.83730213438622,32.50614443132275,2.7
1994.0,11.0,13.0,5.0,19.0,29.5,2832.0,19.90673528400277,-155.3843801071027,20.81319719698395,2.5
1994.0,12.0,11.0,16.0,52.0,14.92,2833.0,19.68042660738528,-155.63419483886722,23.110109963570782,2.9
1994.0,12.0,15.0,9.0,15.0,34.33,2834.0,19.95510404901579,-155.79880318181125,27.499046320096543,2.8
1994.0,12.0,17.0,17.0,17.0,39.98,2835.0,19.6331682916142,-155.77727452827963,29.353183260570724,2.5
1994.0,12.0,18.0,23.0,58.0,33.09,2836.0,19.40191028228261,-155.2656715637353,36.554956249522,3.0
1994.0,12.0,21.0,13.0,25.0,16.73,2837.0,19.56067701156208,-155.9182663939335,5.7497451110485915,2.6
1994.0,12.0,22.0,21.0,36.0,19.18,2838.0,18.951030459081736,-155.69191157596578,27.81100213881252,2.8
1994.0,12.0,26.0,16.0,46.0,36.07,2839.0,19.256775395412625,-155.75679215849556,27.03404915130523,3.1
1994.0,12.0,27.0,12.0,6.0,48.87,2840.0,19.26272316376713,-155.81255636545495,27.72881462789217,2.6
1994.0,12.0,28.0,1.0,9.0,18.81,2841.0,19.203392890887155,-155.66936825711477,24.408927221201186,3.1
1994.0,12.0,30.0,6.0,9.0,47.06,2842.0,19.3297178778475,-155.57151501896908,15.23943236789264,3.4
1994.0,12.0,31.0,3.0,50.0,29.1,2843.0,19.35852422935029,-155.7416176802399,38.52583524438966,2.7
1995.0,1.0,6.0,1.0,27.0,36.62,2844.0,19.321951592513614,-155.17465019965798,14.705738186113217,3.0
1995.0,1.0,28.0,1.0,13.0,6.95,2845.0,20.023117797219072,-155.27602440705562,37.82707981833977,3.3
1995.0,1.0,29.0,0.0,22.0,29.02,2846.0,19.220914751931414,-155.39118377780346,41.40578642875061,3.2
1995.0,2.0,6.0,2.0,44.0,58.16,2847.0,19.922781257232824,-155.44460257038696,33.928453554161486,2.9
1995.0,2.0,10.0,15.0,23.0,42.86,2848.0,19.45333628667824,-155.4664219633018,39.978306763018594,2.7
1995.0,2.0,11.0,6.0,22.0,50.31,2849.0,19.59074600799893,-155.33005237430297,32.42280335712731,3.7
1995.0,3.0,18.0,10.0,56.0,51.3,2850.0,19.73276377995373,-155.37730787444522,32.390050230913914,3.5
1995.0,3.0,21.0,3.0,43.0,8.61,2851.0,19.11888634147476,-155.5345252936712,1.5725601307693138,2.7
1995.0,4.0,5.0,11.0,10.0,43.44,2852.0,19.07434080466995,-155.70597297748003,27.99543669745555,3.5
1995.0,4.0,6.0,4.0,49.0,19.83,2853.0,19.323253763110387,-155.71652792406786,26.236892977245503,2.6
1995.0,4.0,7.0,22.0,5.0,36.23,2854.0,19.321651796895463,-155.51364456413498,19.571684733890677,3.9
1995.0,4.0,8.0,18.0,30.0,43.54,2855.0,19.94321721664849,-155.3941835895569,7.558691775902661,3.0
1995.0,4.0,10.0,18.0,30.0,39.03,2856.0,19.41993477713817,-154.99599255734185,32.84968063297064,2.8
1995.0,4.0,11.0,17.0,1.0,20.5,2857.0,19.13672081257714,-155.8359066172037,17.00203166078103,3.4
1995.0,4.0,18.0,15.0,43.0,8.46,2858.0,19.792857452096,-155.90137363391776,8.455379230405423,3.0
1995.0,4.0,27.0,13.0,37.0,25.22,2861.0,20.045483599048985,-155.5144177759842,38.46873737924218,2.5
1995.0,4.0,30.0,9.0,41.0,33.8,2862.0,19.86683429660528,-155.47802314242963,26.452099837407857,3.2
1995.0,5.0,3.0,23.0,41.0,27.3,2863.0,19.63374881764484,-155.20098915288983,6.2562234597965825,2.7
1995.0,5.0,26.0,6.0,0.0,9.55,2864.0,19.888919693404805,-155.4263286156995,13.500330752037035,2.7
1995.0,5.0,30.0,4.0,23.0,18.6,2865.0,19.712246724308542,-155.79510795879108,14.441794827831043,3.1
1995.0,6.0,2.0,19.0,23.0,23.16,2866.0,20.07826236129316,-155.51485083184284,25.000794142469662,2.6
1995.0,6.0,3.0,20.0,13.0,35.23,2867.0,19.884352626921768,-155.68780392118197,35.08418318018375,4.4
1995.0,6.0,3.0,21.0,50.0,9.03,2868.0,19.271374079627368,-155.71932258209446,18.932593699778145,4.7
1995.0,6.0,7.0,14.0,28.0,37.33,2869.0,19.61811979873456,-155.4726344026074,2.8329160240457623,2.5
1995.0,6.0,8.0,6.0,31.0,28.23,2870.0,19.28073379940834,-155.4155013574915,30.028136093070056,2.5
1995.0,6.0,13.0,15.0,54.0,47.28,2871.0,19.28199743671585,-155.12426119764964,5.2254709645075375,2.7
1995.0,6.0,24.0,10.0,40.0,54.89,2872.0,19.862950634589087,-155.10258828393944,30.011347943773018,3.4
1995.0,6.0,24.0,17.0,13.0,32.11,2873.0,19.36800597880578,-155.3795087725458,10.30534658219975,2.9
1995.0,6.0,25.0,20.0,40.0,56.3,2874.0,19.76988581290534,-155.79727794518396,20.899580701817648,2.7
1995.0,7.0,1.0,8.0,41.0,1.71,2875.0,19.53296382428384,-155.24724645036852,14.873899521573383,3.8
1995.0,7.0,11.0,11.0,30.0,7.03,2876.0,19.63770823715318,-155.28945266197778,43.686945649450145,3.2
1995.0,7.0,16.0,14.0,5.0,27.11,2877.0,19.5639448965573,-154.9614532009156,22.501455307853934,2.6
1995.0,7.0,18.0,19.0,55.0,57.54,2878.0,19.93664039937764,-155.71579440420587,1.8475723394712746,2.5
1995.0,7.0,26.0,4.0,39.0,25.96,2879.0,20.03325703707623,-155.43610126987008,41.38556740327322,2.8
1995.0,7.0,26.0,20.0,22.0,7.15,2880.0,20.13475009659176,-155.8674483513393,16.528222944021188,2.9
1995.0,8.0,4.0,11.0,53.0,15.19,2881.0,19.486260908552666,-155.61250849344444,14.773991344595958,2.5
1995.0,8.0,12.0,14.0,7.0,14.13,2882.0,19.460009553083147,-155.0938047807486,6.698738382440012,2.9
1995.0,8.0,13.0,11.0,28.0,13.78,2883.0,19.66594861916531,-154.98018782825497,4.198788087187657,3.6
1995.0,8.0,14.0,11.0,2.0,47.5,2884.0,19.669892264821605,-155.9504880734847,17.80570783770476,2.8
1995.0,8.0,15.0,14.0,33.0,45.11,2885.0,19.90525559226122,-155.3578236695115,30.118702945037313,2.7
1995.0,8.0,18.0,2.0,55.0,21.17,2886.0,19.561329654179097,-155.28626967613238,20.48608714122208,2.8
1995.0,8.0,25.0,23.0,12.0,14.85,2888.0,19.33832479083897,-155.07738752785832,30.164171447433525,2.8
1995.0,9.0,3.0,12.0,20.0,53.13,2889.0,19.318254667039174,-155.20349509715217,22.03950941804994,3.6
1995.0,9.0,24.0,4.0,36.0,36.47,2891.0,19.086671074655094,-155.79256350710978,8.562721442816844,2.6
1995.0,9.0,27.0,1.0,56.0,58.24,2892.0,19.632352499137745,-154.9584937716732,35.10668109510298,2.5
1995.0,9.0,28.0,19.0,33.0,45.64,2893.0,19.909539844168098,-155.76787458962605,25.173996384840972,2.6
1995.0,10.0,1.0,4.0,51.0,29.55,2894.0,20.07368842356269,-155.81463431345753,2.4252284952466066,2.6
1995.0,10.0,2.0,13.0,8.0,50.93,2895.0,19.14907066514185,-155.56416931444895,13.394998587142915,2.9
1995.0,10.0,5.0,22.0,3.0,59.41,2896.0,19.11966562044777,-155.82291306325027,39.15138332219615,2.8
1995.0,10.0,8.0,20.0,7.0,51.09,2897.0,19.015877688875666,-155.6933055076028,41.04988835541739,3.6
1995.0,10.0,9.0,2.0,53.0,22.34,2898.0,19.54188533743473,-155.078159660573,12.740082515403014,3.6
1995.0,10.0,12.0,17.0,20.0,57.12,2899.0,19.07968979699756,-155.78654874886743,3.4896825203895228,2.5
1995.0,10.0,13.0,11.0,4.0,56.81,2900.0,19.90487765995394,-155.8439383465318,28.962585501259838,2.5
1995.0,10.0,15.0,10.0,37.0,31.49,2901.0,19.05357018266468,-155.83528954248382,21.452889393063725,2.5
1995.0,10.0,25.0,1.0,1.0,1.78,2902.0,19.981363551108544,-155.19523570473643,9.006095537004798,2.9
1995.0,10.0,25.0,18.0,19.0,57.19,2903.0,20.098307745717364,-155.63065925092872,7.304788343447536,2.6
1995.0,10.0,28.0,4.0,49.0,54.74,2904.0,19.85465790377616,-155.26683865486,33.28189813098478,2.5
1995.0,11.0,5.0,21.0,55.0,36.9,2905.0,19.813059367003497,-155.223078148444,1.1489758981313782,3.3
1995.0,11.0,14.0,13.0,19.0,35.53,2906.0,19.98269553916408,-155.59664648781828,34.47549021662097,2.8
1995.0,11.0,19.0,21.0,8.0,27.23,2907.0,19.248397278359093,-155.86451843865086,1.3047974241390072,2.7
1995.0,11.0,24.0,0.0,18.0,48.49,2908.0,19.963239472966784,-155.7917372245732,40.802965057217534,2.6
1995.0,11.0,30.0,0.0,22.0,28.38,2910.0,19.36766767112056,-155.14514477394331,29.73378811420169,2.6
1995.0,12.0,14.0,8.0,14.0,1.36,2914.0,19.18685508470781,-155.69262661386904,21.37544548862922,3.4
1995.0,12.0,30.0,13.0,18.0,16.92,2915.0,19.45588357655616,-155.00266130227024,13.974351383640105,2.7
1996.0,1.0,2.0,22.0,40.0,38.6,2916.0,19.39740279773316,-155.36247352582075,19.482297787126555,2.7
1996.0,1.0,9.0,3.0,43.0,56.34,2917.0,19.688503589734253,-155.0824523806645,31.79983348376094,2.6
1996.0,1.0,22.0,13.0,2.0,20.45,2918.0,19.805678463234457,-155.474881282834,17.99200208113735,2.8
1996.0,2.0,6.0,21.0,27.0,18.85,2919.0,19.166941962742136,-155.43815995707268,25.548133777654783,2.5
1996.0,2.0,8.0,22.0,9.0,40.61,2920.0,19.897600708305163,-155.70818739598266,2.1258270777756447,2.9
1996.0,2.0,9.0,23.0,37.0,1.34,2921.0,19.068447215180235,-155.6321719132044,11.72806630235071,3.1
1996.0,2.0,11.0,19.0,19.0,6.87,2922.0,19.78007926399708,-155.9632429178532,2.593308213587511,3.2
1996.0,2.0,23.0,10.0,19.0,16.07,2923.0,19.556809802830905,-155.65530018935814,3.4353269153840196,2.8
1996.0,2.0,24.0,23.0,15.0,5.07,2924.0,19.772054697691534,-155.37399216906113,40.8219372426462,3.3
1996.0,3.0,12.0,3.0,39.0,1.86,2925.0,19.642384776999908,-155.67425276268554,14.933868657194552,3.2
1996.0,3.0,14.0,17.0,9.0,27.24,2926.0,19.01647819469388,-155.76431677728354,40.74934481153303,3.3
1996.0,3.0,18.0,2.0,46.0,3.42,2927.0,19.42434594652233,-155.5403560118713,44.98978296820843,2.8
1996.0,3.0,19.0,0.0,45.0,14.63,2928.0,19.838105784443265,-155.13342609365367,42.42937315221042,4.0
1996.0,3.0,24.0,11.0,46.0,40.77,2930.0,19.967066891777023,-155.59309728444276,26.078513793444827,2.8
1996.0,4.0,8.0,4.0,37.0,18.07,2931.0,20.08640152998303,-155.71105105756698,12.203228709008156,2.5
1996.0,4.0,13.0,12.0,42.0,36.93,2932.0,19.06500640445104,-155.857325442348,26.150128974416546,3.8
1996.0,4.0,14.0,15.0,55.0,20.43,2933.0,20.23347463276736,-155.8028756192295,8.95955661519815,2.5
1996.0,4.0,21.0,8.0,10.0,5.68,2934.0,19.623151343925272,-155.69628209084962,32.25869823843944,2.9
1996.0,5.0,5.0,13.0,48.0,42.65,2935.0,19.7119471671759,-155.3103643921387,28.126140067279287,2.8
1996.0,5.0,11.0,13.0,47.0,2.42,2936.0,19.821061515275247,-155.7177699594329,22.635160816584794,2.8
1996.0,5.0,14.0,20.0,50.0,58.18,2937.0,19.454869860626577,-154.9051879229501,36.56183617788602,2.9
1996.0,5.0,16.0,5.0,1.0,45.98,2938.0,19.770743903101728,-155.99041395727482,26.52942715377876,2.5
1996.0,5.0,18.0,23.0,46.0,2.82,2939.0,19.45150764988665,-155.03851595747534,9.126862397430372,2.5
1996.0,5.0,23.0,1.0,24.0,49.68,2940.0,19.25915452244196,-155.6113940324303,20.58916499803743,2.5
1996.0,6.0,1.0,17.0,2.0,43.98,2941.0,19.21513092254304,-155.3513744695466,41.99260902540085,2.5
1996.0,6.0,3.0,12.0,56.0,59.68,2942.0,19.60784212610016,-154.9606741484154,14.978453658237934,2.7
1996.0,6.0,4.0,22.0,52.0,17.35,2943.0,19.316379001126577,-155.11810405007236,1.6571039577242446,3.2
1996.0,6.0,8.0,17.0,45.0,56.07,2944.0,19.874581213578104,-155.11403955835078,19.146183598116465,2.8
1996.0,6.0,13.0,6.0,10.0,42.78,2945.0,19.225923056189192,-155.55763002658713,12.768502083325235,3.0
1996.0,6.0,14.0,9.0,13.0,23.87,2946.0,20.20061518827377,-155.8675696637297,7.162478947989296,2.8
1996.0,6.0,17.0,12.0,26.0,49.97,2947.0,19.497939325040587,-155.66468143349414,36.482428603821056,3.1
1996.0,6.0,23.0,20.0,8.0,21.11,2948.0,19.996308815065184,-155.45126453423984,42.147959722470304,2.8
1996.0,6.0,24.0,0.0,58.0,38.95,2949.0,19.337987772516858,-155.83178194506806,10.534082964092626,2.5
1996.0,6.0,30.0,5.0,38.0,51.76,2950.0,19.989271262680035,-155.61209967318274,4.7600170924498855,2.6
1996.0,7.0,7.0,15.0,5.0,46.68,2951.0,19.02819095036777,-155.71969856175485,10.642217180807767,2.7
1996.0,7.0,9.0,12.0,1.0,15.9,2952.0,19.33251101410692,-155.78431003105518,9.573881629298864,2.8
1996.0,7.0,15.0,15.0,58.0,3.83,2953.0,19.86585007743796,-155.3707667446683,39.478835992156306,2.6
1996.0,7.0,19.0,22.0,35.0,16.91,2954.0,20.128215745205583,-155.6009403313634,31.48955074078389,2.7
1996.0,7.0,24.0,14.0,48.0,11.22,2955.0,19.76024527687456,-155.92172869737433,28.003178235995733,2.6
1996.0,7.0,26.0,12.0,14.0,52.7,2956.0,19.178143337014,-155.78835265167666,23.84144508819163,3.9
1996.0,7.0,28.0,23.0,19.0,10.54,2957.0,19.69011685918605,-155.73067456862995,31.077516958425228,2.8
1996.0,7.0,31.0,5.0,26.0,15.5,2958.0,19.88306414326223,-155.53361074948572,27.60674180835956,2.8
1996.0,8.0,7.0,7.0,28.0,31.64,2960.0,20.1405749110503,-155.59330819165996,3.8052958374636106,2.7
1996.0,8.0,17.0,18.0,51.0,4.69,2961.0,19.406946838297497,-155.3749550351069,26.810787847502134,2.6
1996.0,8.0,19.0,15.0,29.0,5.92,2962.0,19.030128996456977,-155.84365848505482,6.266122640601002,2.5
1996.0,8.0,20.0,10.0,55.0,39.68,2963.0,19.48268724678713,-155.37897908586643,44.079609494143206,2.6
1996.0,9.0,10.0,7.0,10.0,36.47,2964.0,19.57263361873856,-154.9200528229278,35.03175656761128,2.5
1996.0,9.0,19.0,5.0,32.0,4.7,2965.0,19.977091370937192,-155.22290038697224,5.403689720111583,3.8
1996.0,9.0,23.0,16.0,54.0,52.88,2966.0,20.18106727346353,-155.70060883589204,41.26767480232225,2.5
1996.0,9.0,24.0,4.0,52.0,50.28,2967.0,19.531353556092785,-155.56275227761435,16.306734246695836,3.1
1996.0,9.0,27.0,16.0,54.0,13.05,2968.0,19.624406927882188,-155.63495179528934,29.75124525805086,3.3
1996.0,9.0,29.0,0.0,6.0,26.15,2969.0,19.54850673969089,-155.8486438569829,20.015065866502145,3.9
1996.0,9.0,29.0,17.0,21.0,23.62,2970.0,19.5288967036064,-154.9850364109293,22.912868650507146,2.6
1996.0,10.0,5.0,13.0,37.0,46.88,2971.0,19.57952670075859,-155.45189798759196,22.601374124259102,2.9
1996.0,10.0,6.0,16.0,13.0,51.53,2972.0,19.43188978477585,-155.14462552826544,5.452087198199916,3.4
1996.0,10.0,7.0,1.0,57.0,46.32,2973.0,20.20964148530524,-155.85302661849616,25.132311617462104,2.5
1996.0,10.0,17.0,5.0,52.0,5.13,2974.0,19.52984195388536,-154.83796784543415,11.09783357965416,3.9
1996.0,10.0,30.0,21.0,30.0,53.1,2975.0,19.879946616061144,-155.78444641495676,36.84377551298498,3.6
1996.0,11.0,1.0,7.0,24.0,22.0,2976.0,19.90688270660326,-155.77325100933407,37.80405520969374,2.6
1996.0,11.0,18.0,21.0,51.0,34.4,2978.0,19.624771318425505,-155.20773521735276,7.089380931504807,2.9
1996.0,11.0,22.0,19.0,55.0,17.15,2979.0,19.391616549571925,-155.02043340749657,38.85854886686787,2.8
1996.0,11.0,23.0,18.0,35.0,32.25,2980.0,19.616139422862044,-155.43127022215444,30.857387337886735,2.5
1996.0,11.0,23.0,21.0,5.0,8.98,2981.0,19.669864135874807,-155.4927764245467,30.938123115298495,2.8
1996.0,12.0,3.0,0.0,17.0,36.81,2983.0,19.8048483851684,-155.95914153300245,22.594217830273656,4.2
1996.0,12.0,6.0,5.0,44.0,48.48,2984.0,19.6618550445119,-154.9966587656635,42.867897629314385,2.7
1996.0,12.0,8.0,3.0,31.0,3.48,2985.0,19.30064763402651,-155.24021654692288,37.859632038220695,2.6
1996.0,12.0,9.0,4.0,26.0,42.11,2986.0,19.70737676278593,-155.39899309492486,14.826723763156211,3.7
1996.0,12.0,17.0,8.0,28.0,23.43,2988.0,19.2096634826098,-155.67210941169114,26.129596921030423,2.7
1996.0,12.0,18.0,18.0,6.0,2.4,2989.0,19.099129128603668,-155.78566221452152,19.88613580680705,3.7
1996.0,12.0,26.0,19.0,51.0,31.4,2990.0,20.046786535571343,-155.69623985156693,25.219339783244223,3.7
1996.0,12.0,30.0,20.0,4.0,58.83,2991.0,19.81979497204432,-155.20424499641888,42.09353180698592,3.8
1997.0,1.0,14.0,23.0,18.0,2.3,2992.0,20.12085994604472,-155.7677820561768,1.043206200921603,2.5
1997.0,1.0,21.0,22.0,50.0,3.83,2993.0,20.062556018640688,-155.58138139126487,23.127337434839106,3.2
1997.0,1.0,29.0,7.0,55.0,54.65,2994.0,19.72814478177664,-155.99133605017914,15.059742666974465,2.5
1997.0,2.0,14.0,23.0,16.0,1.03,2995.0,19.467323803681456,-155.27337336228308,18.286785420210503,3.0
1997.0,2.0,19.0,8.0,5.0,11.33,2996.0,19.850549162114287,-155.5743248465947,6.3863641688455655,2.5
1997.0,2.0,21.0,4.0,55.0,29.89,2997.0,19.24698948823081,-155.5348356746712,38.697567649855266,3.4
1997.0,3.0,16.0,21.0,13.0,54.39,2998.0,19.5365864191543,-155.04192156184348,33.13761694149735,3.0
1997.0,3.0,16.0,22.0,19.0,54.61,2999.0,19.80680013776445,-155.76142927307808,28.575806831999664,3.7
1997.0,3.0,26.0,2.0,42.0,3.32,3000.0,19.134209936625783,-155.5163813115664,35.495035615154784,2.7
1997.0,3.0,26.0,16.0,57.0,6.11,3001.0,19.800317593080425,-155.30842323395055,23.62623060954355,2.5
1997.0,3.0,30.0,9.0,13.0,45.09,3002.0,19.41171728361885,-155.29354156180588,21.68462304505366,4.0
1997.0,4.0,4.0,1.0,29.0,56.47,3004.0,19.13314661693665,-155.79888806866228,40.53908026722101,2.6
1997.0,4.0,4.0,10.0,13.0,11.65,3005.0,19.96266067322264,-155.73797726973777,21.93736322299284,2.6
1997.0,4.0,14.0,22.0,1.0,9.56,3006.0,19.713082575930773,-155.0678997774812,30.144458620623716,2.6
1997.0,4.0,17.0,16.0,10.0,15.57,3007.0,19.85059562891442,-155.4415390570286,3.2795508201599537,3.0
1997.0,4.0,17.0,18.0,43.0,29.6,3008.0,19.57520362889354,-155.3578890115971,24.17138604030429,2.9
1997.0,4.0,19.0,3.0,2.0,28.34,3009.0,19.08993781209679,-155.8256144003183,9.810403436909002,2.9
1997.0,4.0,22.0,5.0,12.0,39.46,3010.0,19.34458572455528,-155.5145342715983,9.138037209325569,2.9
1997.0,4.0,24.0,21.0,37.0,13.8,3011.0,19.428358460309124,-155.08804406905332,42.90232502741365,3.0
1997.0,4.0,29.0,8.0,9.0,8.33,3013.0,19.43662467209,-155.72913659987188,25.47144979282539,2.8
1997.0,5.0,4.0,21.0,46.0,56.25,3014.0,19.17214240123489,-155.87144942425675,7.30831738303645,2.9
1997.0,5.0,9.0,4.0,13.0,25.52,3015.0,19.387566384010604,-155.2066178796539,13.859914226249371,2.5
1997.0,5.0,9.0,8.0,22.0,5.24,3016.0,19.93200283921851,-155.81965697552667,26.464442673400697,2.6
1997.0,5.0,11.0,21.0,0.0,52.2,3017.0,19.236330821083456,-155.8670568364682,44.84252395353779,2.7
1997.0,5.0,12.0,16.0,35.0,55.21,3018.0,19.551495348406284,-155.3666331049513,16.25473806489511,2.5
1997.0,5.0,14.0,2.0,38.0,41.25,3019.0,19.146358119660864,-155.6705423799214,29.173787022316365,2.9
1997.0,5.0,17.0,11.0,58.0,6.59,3020.0,20.0013641257304,-155.68686430665906,1.780669738718299,2.7
1997.0,5.0,17.0,21.0,15.0,38.78,3021.0,19.30377890899894,-155.3357958851197,2.9812791659878983,2.5
1997.0,5.0,18.0,8.0,8.0,31.91,3022.0,19.541092308025807,-154.80892971009746,27.28556693707503,3.4
1997.0,5.0,19.0,14.0,52.0,49.52,3023.0,19.86624817298956,-155.67254442522383,33.406716985172146,2.6
1997.0,5.0,25.0,13.0,25.0,38.15,3024.0,20.126166944314573,-155.84119158726585,26.75740671610472,2.6
1997.0,6.0,7.0,1.0,17.0,14.24,3025.0,19.99993820033091,-155.36019804174293,19.310615432817496,3.0
1997.0,6.0,12.0,1.0,38.0,9.26,3026.0,19.475962647849148,-155.83338025366993,9.452503673229817,2.6
1997.0,6.0,19.0,1.0,16.0,53.62,3027.0,19.337443479818745,-155.3098445404089,30.147950689886443,3.0
1997.0,6.0,28.0,1.0,20.0,41.49,3028.0,19.764630662718968,-155.44143466405063,14.057729835256964,2.6
1997.0,6.0,29.0,10.0,29.0,57.92,3029.0,19.52284114012292,-155.1505647535079,43.80196886427287,2.9
1997.0,7.0,5.0,13.0,3.0,33.3,3030.0,19.561145376726408,-154.98361384626588,25.096896376268536,4.3
1997.0,7.0,8.0,21.0,12.0,51.32,3031.0,19.282901064253025,-155.41731392033864,14.815010459667905,2.8
1997.0,7.0,13.0,16.0,38.0,21.62,3032.0,19.94707308522755,-155.6968480461294,28.759944305553173,3.3
1997.0,7.0,21.0,18.0,42.0,38.18,3033.0,19.835576671982103,-155.26757815936884,35.1488718730805,3.1
1997.0,8.0,4.0,8.0,14.0,31.83,3035.0,19.80466242046021,-155.4154450429064,7.519438997865835,2.5
1997.0,8.0,4.0,20.0,6.0,41.03,3036.0,20.08504017024064,-155.52505391314753,36.25381293769388,3.1
1997.0,8.0,10.0,8.0,51.0,35.27,3037.0,18.99481148151391,-155.6222588656666,18.315798503353765,2.8
1997.0,8.0,19.0,9.0,0.0,18.86,3038.0,19.69423370194957,-155.0863444385039,39.11499145621429,2.5
1997.0,8.0,21.0,20.0,50.0,8.19,3039.0,19.58913561941191,-155.67297958141523,41.86818500253248,2.5
1997.0,8.0,27.0,18.0,4.0,22.21,3040.0,18.99511675157239,-155.59728865135014,20.31000931648455,2.8
1997.0,9.0,2.0,4.0,26.0,33.77,3041.0,19.63069567664063,-155.2377533924529,38.584501517385064,2.5
1997.0,9.0,5.0,9.0,46.0,35.15,3042.0,19.55096317881573,-155.95811880070642,40.62956532074544,2.8
1997.0,9.0,15.0,12.0,22.0,48.05,3044.0,19.859604399978224,-155.3361995491997,7.342535388398631,2.6
1997.0,9.0,16.0,7.0,24.0,5.86,3045.0,19.79352661437317,-155.32459922042918,35.42784350726963,2.7
1997.0,9.0,17.0,19.0,44.0,46.29,3046.0,19.887731324144053,-155.3683190173652,23.652360583188617,2.6
1997.0,9.0,20.0,3.0,5.0,28.84,3047.0,19.72892201770744,-155.87721633573506,36.6623007184524,2.6
1997.0,9.0,25.0,14.0,25.0,57.23,3048.0,19.11028805088077,-155.72058764866074,20.640873498422085,2.9
1997.0,10.0,1.0,1.0,27.0,29.1,3049.0,19.6129582478347,-155.3179606996262,6.65913639641288,2.8
1997.0,10.0,5.0,16.0,42.0,11.9,3050.0,19.32124371036568,-155.1287739220132,18.408964405861436,2.7
1997.0,10.0,7.0,18.0,27.0,28.1,3051.0,19.624179290442864,-155.25106834611103,37.77765671632582,2.7
1997.0,10.0,9.0,22.0,43.0,11.01,3052.0,19.581264527666587,-154.91586112010148,39.313463202209995,3.1
1997.0,10.0,23.0,16.0,20.0,18.76,3053.0,19.66450360000915,-155.07441294260357,12.126398843534355,2.6
1997.0,10.0,29.0,10.0,41.0,18.22,3054.0,19.89208215619712,-155.21581026097368,2.515121728936903,2.5
1997.0,11.0,9.0,8.0,21.0,45.89,3055.0,19.7419379195652,-155.79134198806025,10.639844583572405,4.1
1997.0,11.0,14.0,19.0,1.0,1.46,3056.0,19.46943810055582,-155.6731198169146,2.7102945656057535,2.6
1997.0,11.0,15.0,10.0,52.0,23.88,3057.0,19.489691828016586,-154.96468623810216,38.23700835121501,2.6
1997.0,11.0,17.0,17.0,29.0,2.79,3058.0,19.540037852825883,-154.9472526032893,17.131393307568477,2.6
1997.0,11.0,20.0,0.0,11.0,26.4,3059.0,19.52269453950848,-155.95207537672707,1.2715782994914915,2.6
1997.0,11.0,23.0,13.0,45.0,52.51,3060.0,19.479575610481486,-155.56469688696288,44.615900548989856,2.7
1997.0,11.0,26.0,11.0,42.0,39.13,3061.0,19.326517230013373,-155.6459840996565,22.69234122867401,2.6
1997.0,12.0,2.0,21.0,13.0,26.13,3063.0,19.615164770600444,-155.18834144185283,32.44334365808507,2.6
1997.0,12.0,8.0,23.0,46.0,10.36,3064.0,20.034321608798063,-155.56248402563395,40.98015685056083,2.9
1997.0,12.0,21.0,22.0,29.0,58.17,3065.0,19.88435812029976,-155.38643641880705,17.961118534767948,2.5
1997.0,12.0,23.0,1.0,2.0,18.13,3066.0,20.053932350253355,-155.5604470267887,6.321695110389543,3.1
1997.0,12.0,29.0,2.0,20.0,10.35,3067.0,19.52239496762081,-155.46212700078763,32.39626006358067,4.3
1997.0,12.0,31.0,15.0,52.0,41.81,3068.0,19.663887538185456,-155.37249716857028,30.25477250512543,2.7
1998.0,1.0,3.0,18.0,4.0,53.02,3069.0,19.56286271058952,-155.523028272723,16.759198838780108,2.5
1998.0,1.0,9.0,6.0,24.0,55.62,3070.0,19.314576111563696,-155.38236905649265,43.97109757079016,2.6
1998.0,1.0,9.0,11.0,8.0,44.93,3071.0,19.64941919377154,-155.24826743425464,1.534438252094132,2.7
1998.0,1.0,11.0,6.0,3.0,0.8,3072.0,19.751319251709063,-155.26519839290668,44.36761202024288,2.6
1998.0,1.0,12.0,10.0,20.0,10.28,3073.0,19.92220648982164,-155.50709539755195,42.6959006678585,2.8
1998.0,1.0,18.0,0.0,39.0,58.16,3075.0,19.861091532795754,-155.1059079809131,37.25784529817757,2.9
1998.0,1.0,19.0,21.0,9.0,22.72,3076.0,19.817344971794345,-155.93578531380945,6.8664096469989175,2.5
1998.0,1.0,22.0,17.0,17.0,35.69,3077.0,19.183553959927803,-155.65340108113278,21.269084667476005,5.1
1998.0,1.0,26.0,9.0,22.0,29.96,3078.0,19.58807789633064,-155.2683309837103,1.178505195555541,2.6
1998.0,1.0,27.0,15.0,19.0,45.03,3079.0,19.74022154782121,-156.00215156167536,34.4587381101106,2.6
1998.0,1.0,29.0,5.0,37.0,15.28,3080.0,19.580954383362105,-155.81638832495318,27.873952931911187,2.7
1998.0,2.0,6.0,19.0,18.0,52.06,3083.0,19.243748562755748,-155.74240094649485,36.118332336409715,3.0
1998.0,2.0,13.0,8.0,31.0,39.92,3084.0,20.04792091669447,-155.7543188394318,38.964134081775704,2.9
1998.0,2.0,19.0,11.0,51.0,17.78,3085.0,19.63695288550292,-155.24561704759176,14.373377987784677,2.5
1998.0,2.0,24.0,10.0,36.0,36.57,3086.0,19.57473919552218,-155.40454208008617,33.2201780265868,2.7
1998.0,2.0,25.0,10.0,44.0,58.23,3087.0,19.07598353380027,-155.68647871520403,12.948791919670658,2.6
1998.0,2.0,26.0,11.0,54.0,20.8,3088.0,19.347307298139924,-155.6799328370607,26.933061002208156,4.0
1998.0,2.0,27.0,19.0,40.0,44.06,3089.0,19.82506532879064,-155.9437902461949,31.731979313474405,3.0
1998.0,3.0,9.0,4.0,13.0,46.22,3090.0,19.57144849613816,-155.5329957800612,5.724149358420579,2.9
1998.0,3.0,13.0,14.0,7.0,58.48,3091.0,20.041456947553,-155.78559757093967,29.303586819639825,2.8
1998.0,3.0,20.0,6.0,47.0,4.32,3092.0,19.35524672592953,-155.67496161397636,37.33203157729812,2.5
1998.0,3.0,22.0,20.0,45.0,47.29,3093.0,18.9269015951822,-155.66598336379153,19.264892915771565,3.6
1998.0,3.0,23.0,4.0,32.0,21.64,3094.0,19.61774865372204,-155.7590126131723,6.561199929031881,2.5
1998.0,4.0,6.0,7.0,13.0,45.51,3095.0,19.422592147901977,-155.64547832505232,39.01297160148688,3.0
1998.0,4.0,11.0,20.0,0.0,5.22,3096.0,20.16225669173109,-155.86639916245142,24.25464957841787,3.1
1998.0,4.0,15.0,15.0,23.0,41.16,3098.0,19.717337982884427,-155.73386938414038,15.83681645903181,3.3
1998.0,4.0,16.0,19.0,39.0,24.06,3099.0,19.83584464331991,-155.75719231665676,4.472832798963943,2.6
1998.0,4.0,24.0,17.0,13.0,51.84,3100.0,19.287065186568856,-155.59033216864566,25.446564574656524,2.9
1998.0,4.0,30.0,14.0,13.0,17.55,3101.0,19.688009504030468,-155.6779515322329,19.60294480581728,2.6
1998.0,5.0,4.0,9.0,43.0,37.48,3102.0,20.10950872836436,-155.71680857125585,8.608150955462332,2.7
1998.0,5.0,7.0,1.0,31.0,3.73,3103.0,19.55991827989229,-155.0785123579176,16.620894071239615,2.6
1998.0,5.0,9.0,7.0,4.0,32.07,3104.0,19.54385844321808,-155.84937016403924,26.96032672401726,2.5
1998.0,5.0,13.0,6.0,58.0,54.48,3105.0,19.533392581240907,-155.71279119427305,32.514406733837426,3.4
1998.0,6.0,1.0,20.0,58.0,58.15,3106.0,19.544111617557668,-155.314441831275,33.69817473470983,2.8
1998.0,6.0,2.0,9.0,26.0,14.04,3107.0,19.905701883204827,-155.50957186327278,27.01097511330545,3.4
1998.0,6.0,2.0,13.0,7.0,28.1,3108.0,19.00930865529001,-155.7570696727102,40.3661679890382,2.8
1998.0,6.0,4.0,5.0,58.0,1.79,3109.0,19.44383916980243,-155.54757451401832,22.233628751188984,2.7
1998.0,6.0,9.0,11.0,5.0,28.64,3110.0,19.44901187400753,-155.19424252054483,25.252403452293557,2.5
1998.0,6.0,11.0,5.0,31.0,34.2,3111.0,19.20844667296174,-155.86219505234024,22.55856498075485,3.0
1998.0,6.0,21.0,6.0,9.0,25.46,3112.0,19.725935573430213,-155.43074653800474,26.03785747735964,3.5
1998.0,6.0,23.0,9.0,31.0,2.67,3113.0,19.35390379918225,-155.6417431849572,28.483034558141945,3.7
1998.0,6.0,28.0,16.0,14.0,32.74,3114.0,19.51057100318225,-154.9089625205885,37.00356122406211,3.0
1998.0,7.0,3.0,7.0,32.0,34.22,3115.0,20.003578931706404,-155.60335150590592,26.204939909443787,2.7
1998.0,7.0,8.0,7.0,14.0,54.21,3116.0,19.26349456370208,-155.58498376249457,20.872254726453992,2.9
1998.0,7.0,12.0,0.0,25.0,39.05,3117.0,19.862226846732224,-155.2709877215893,7.738755822112944,2.5
1998.0,7.0,12.0,8.0,3.0,38.58,3118.0,19.94890085098724,-155.20059888858646,17.193394148376036,3.0
1998.0,7.0,13.0,3.0,57.0,32.68,3119.0,19.489193573639465,-155.5610357866343,20.71211693542549,2.8
1998.0,7.0,14.0,20.0,17.0,42.58,3120.0,19.982756035156605,-155.59429584154813,5.054673984255659,2.5
1998.0,7.0,18.0,11.0,51.0,18.33,3121.0,19.51644216284331,-154.9609272481959,6.1343376985678075,2.6
1998.0,8.0,12.0,4.0,22.0,15.86,3123.0,19.93939949870868,-155.59634647655113,33.112921065844965,3.0
1998.0,8.0,13.0,6.0,18.0,30.64,3124.0,19.969497424586883,-155.80969675197184,14.597555928041363,2.5
1998.0,8.0,13.0,23.0,38.0,29.81,3125.0,19.4362897129854,-154.93882600324318,4.606632854526422,2.6
1998.0,8.0,17.0,4.0,2.0,1.7,3126.0,19.309038636403805,-155.5360203894022,16.537088257461406,2.7
1998.0,8.0,19.0,12.0,20.0,4.53,3127.0,19.55499540379105,-155.5767570191769,23.964790494821063,2.7
1998.0,8.0,27.0,2.0,58.0,18.17,3129.0,19.531873867277486,-155.50830546490346,28.958795211633714,2.7
1998.0,9.0,1.0,10.0,8.0,54.31,3130.0,19.653920747385467,-155.33304626007484,44.874761908493774,2.5
1998.0,9.0,4.0,0.0,54.0,31.8,3131.0,19.69757337849433,-155.9640198836446,39.020833460539876,2.7
1998.0,9.0,13.0,14.0,28.0,10.68,3132.0,19.060416337724487,-155.80444435611474,34.04285453378273,2.8
1998.0,9.0,15.0,10.0,54.0,12.83,3133.0,19.416954287556727,-155.37041702927976,15.02714552572678,2.8
1998.0,9.0,27.0,15.0,6.0,2.05,3134.0,19.914345057110697,-155.50769831208387,29.766494144962792,2.8
1998.0,10.0,1.0,12.0,30.0,37.59,3135.0,19.1522993217258,-155.8407071366237,27.410698762959232,3.0
1998.0,10.0,8.0,3.0,32.0,6.04,3136.0,19.97389478933225,-155.2587119487771,35.6583790477825,2.6
1998.0,10.0,10.0,16.0,45.0,39.46,3137.0,19.338103013359188,-155.0500640440238,17.830962696546074,2.6
1998.0,10.0,13.0,5.0,7.0,38.54,3138.0,19.384470644966303,-155.4712536798067,35.141579891432485,2.5
1998.0,10.0,13.0,20.0,51.0,54.43,3139.0,19.9283477298334,-155.19523333163855,26.38899877978032,2.7
1998.0,10.0,16.0,11.0,0.0,29.88,3140.0,20.203048384719203,-155.75316233147683,43.67161372231394,5.0
1998.0,10.0,17.0,15.0,47.0,59.09,3141.0,19.39188423302828,-155.53312018980014,37.249167566324715,2.6
1998.0,10.0,22.0,15.0,13.0,32.8,3142.0,19.69777871132633,-155.25914309438662,17.22331485398968,2.8
1998.0,10.0,23.0,5.0,25.0,44.77,3143.0,19.96980224433275,-155.79147631407548,36.309208875325815,2.5
1998.0,10.0,27.0,14.0,45.0,32.12,3144.0,19.40533836362017,-154.98379306950935,43.906573545463985,2.8
1998.0,10.0,30.0,8.0,6.0,22.56,3145.0,19.53454864548113,-155.75955465549228,9.91748246540529,2.8
1998.0,11.0,6.0,1.0,44.0,43.55,3146.0,19.29086982395034,-155.71977135113352,20.510245163312828,3.1
1998.0,11.0,7.0,12.0,57.0,8.16,3147.0,19.711816483278724,-155.61730922706997,20.40626022913999,3.2
1998.0,11.0,11.0,4.0,42.0,0.87,3148.0,19.65608128271422,-154.99871513700816,4.223756110607769,3.3
1998.0,11.0,12.0,21.0,20.0,7.51,3149.0,19.383196142555427,-155.15624509290217,25.253113027707293,2.5
1998.0,11.0,17.0,8.0,26.0,36.63,3150.0,19.23179545467158,-155.58405615902657,41.34440242174364,2.5
1998.0,11.0,18.0,6.0,49.0,26.78,3151.0,19.52227648317975,-155.4197346993272,26.403389092813537,2.6
1998.0,11.0,19.0,20.0,20.0,56.27,3152.0,20.087813506871875,-155.83596143249397,23.695268423903403,3.9
1998.0,11.0,24.0,21.0,33.0,41.72,3153.0,19.0452125854841,-155.71127280203098,42.78409856505254,2.7
1998.0,12.0,4.0,12.0,26.0,12.07,3154.0,19.35148383680859,-155.08395394252037,34.34046393800601,2.6
1998.0,12.0,6.0,13.0,57.0,12.08,3155.0,20.019862350623708,-155.7948869217365,5.834191931510382,2.5
1998.0,12.0,6.0,20.0,12.0,57.87,3156.0,19.595434194702147,-155.39329338232227,11.026116196249983,2.9
1998.0,12.0,10.0,8.0,14.0,11.86,3157.0,19.27347158028829,-155.8711429677441,30.623013942162142,2.5
1999.0,1.0,9.0,8.0,40.0,43.68,3159.0,19.75311725141247,-155.51918854926845,16.371133315918648,2.9
1999.0,1.0,19.0,17.0,14.0,43.06,3160.0,20.00293773150036,-155.56367652913696,24.86932483031399,2.8
1999.0,1.0,23.0,14.0,55.0,13.34,3161.0,19.75935688242212,-155.527398848965,15.701401660849461,3.0
1999.0,2.0,3.0,9.0,8.0,49.53,3162.0,19.74587032851207,-155.4874952851302,34.97430976487944,2.5
1999.0,2.0,15.0,8.0,45.0,52.77,3164.0,20.15525740636892,-155.7180164693018,9.147165335211064,2.6
1999.0,2.0,19.0,4.0,19.0,49.57,3165.0,20.1802628922306,-155.77339382251864,34.501335004451434,2.5
1999.0,2.0,21.0,5.0,48.0,2.47,3166.0,19.9224570049265,-155.4396789248429,21.568908316354012,2.8
1999.0,3.0,2.0,19.0,31.0,5.52,3167.0,19.756765976380017,-155.66008149354863,14.825848526319557,3.3
1999.0,3.0,10.0,1.0,55.0,32.27,3168.0,19.504734819462623,-155.13042679737907,29.93336519438606,3.0
1999.0,3.0,13.0,12.0,44.0,35.54,3169.0,19.208421785695663,-155.4533000966862,37.45597357058591,2.5
1999.0,3.0,18.0,6.0,5.0,24.7,3170.0,19.708694992704192,-155.5502295253332,30.614643579308623,2.6
1999.0,3.0,21.0,3.0,21.0,2.12,3171.0,19.979185005782924,-155.44521214093606,19.48700294583272,2.5
1999.0,3.0,30.0,7.0,3.0,23.4,3172.0,19.347367249842765,-155.5802763488897,18.93282186866448,2.6
1999.0,3.0,30.0,20.0,52.0,11.36,3173.0,20.101116767173536,-155.59316402441092,2.4694970955671116,2.5
1999.0,4.0,10.0,14.0,14.0,49.38,3174.0,19.881961428373923,-155.73690577276224,25.942842353493123,3.1
1999.0,4.0,11.0,1.0,33.0,52.55,3175.0,19.75016460701317,-155.1772916808199,11.987405932258385,2.8
1999.0,4.0,14.0,6.0,3.0,1.63,3176.0,19.95145419616315,-155.69053270600352,42.93838187886772,2.6
1999.0,4.0,26.0,23.0,8.0,41.21,3179.0,20.08200013205046,-155.47415862359065,36.24192773557144,2.9
1999.0,4.0,27.0,20.0,6.0,7.01,3180.0,20.00022527250648,-155.44518849807977,11.185011897295462,3.2
1999.0,4.0,30.0,21.0,31.0,53.59,3181.0,19.75877395551229,-155.73978888802202,25.956284222929657,2.8
1999.0,5.0,6.0,8.0,12.0,42.79,3182.0,19.44431798557757,-154.98343141442098,7.779526109554016,2.8
1999.0,5.0,6.0,8.0,57.0,49.48,3183.0,19.290001947132097,-155.38201484393215,22.076644196722196,2.7
1999.0,5.0,11.0,23.0,23.0,8.97,3184.0,19.412591443037428,-155.72758727486382,24.875075476918067,2.9
1999.0,5.0,14.0,14.0,35.0,20.44,3185.0,19.35355379285668,-155.82805249325455,36.86328654563316,2.9
1999.0,5.0,16.0,15.0,39.0,3.97,3186.0,20.098057229662004,-155.7735670376178,31.865965015115837,2.6
1999.0,5.0,18.0,14.0,41.0,52.88,3187.0,19.135717243104704,-155.50331730362024,30.56804522398028,2.5
1999.0,5.0,19.0,4.0,46.0,35.18,3188.0,19.90936489367522,-155.78080335208935,4.802614129436076,2.6
1999.0,5.0,23.0,4.0,37.0,55.24,3189.0,19.60791895795735,-155.11889183719362,26.288617373008204,2.5
1999.0,5.0,31.0,6.0,8.0,6.52,3190.0,20.02487701582317,-155.47631177825184,15.334327762478623,2.8
1999.0,5.0,31.0,11.0,45.0,59.86,3191.0,20.225245109489112,-155.83237653846658,40.51648799637832,3.0
1999.0,6.0,18.0,23.0,56.0,27.27,3192.0,19.743316359076463,-155.5334577947637,36.23729785240302,2.5
1999.0,6.0,20.0,20.0,13.0,14.52,3193.0,19.52154481360914,-154.98527261018458,29.012801978459542,2.6
1999.0,6.0,21.0,2.0,29.0,13.89,3194.0,19.558518846528003,-155.67275359243848,4.119508127487158,3.2
1999.0,6.0,21.0,5.0,14.0,57.68,3195.0,19.148348475555924,-155.81419607981843,22.972300861825683,3.3
1999.0,6.0,22.0,13.0,49.0,20.47,3196.0,19.52514249114673,-155.0487188300557,25.314274719594522,2.6
1999.0,7.0,1.0,8.0,43.0,46.39,3197.0,20.014072569132903,-155.26540635291238,6.4467372927367155,2.6
1999.0,7.0,2.0,4.0,55.0,54.43,3198.0,19.722856654552903,-155.7946649190756,9.130636531958523,2.9
1999.0,7.0,15.0,15.0,44.0,31.3,3199.0,19.70984795869423,-155.12553862391024,27.362218498671616,2.6
1999.0,7.0,17.0,3.0,43.0,2.13,3200.0,19.52752604257879,-155.7116683842046,24.975393243801662,2.8
1999.0,7.0,19.0,6.0,50.0,59.9,3201.0,19.705408854678502,-155.14498142038562,44.200075037114274,2.7
1999.0,7.0,21.0,0.0,43.0,54.04,3202.0,19.339157711023848,-155.4206901050565,36.95065247311305,2.7
1999.0,7.0,25.0,21.0,45.0,38.39,3203.0,19.569483664570395,-155.0572088152055,24.125354709823327,2.6
1999.0,8.0,4.0,4.0,34.0,30.71,3204.0,19.66420528005122,-155.33015590338798,28.94239304476695,2.8
1999.0,8.0,5.0,9.0,43.0,28.32,3205.0,19.529413008254988,-154.97987597805422,5.314994190616414,3.0
1999.0,8.0,7.0,7.0,36.0,9.97,3206.0,19.77563339271132,-155.95305420509976,41.74140930305372,2.7
1999.0,8.0,8.0,7.0,27.0,51.9,3207.0,19.35072122717449,-155.2774929947827,22.06296120314633,2.7
1999.0,8.0,10.0,19.0,33.0,39.83,3208.0,19.260778187834845,-155.50588679202784,7.435516441810018,2.5
1999.0,8.0,13.0,19.0,55.0,30.04,3209.0,19.679702258564173,-155.3414801831611,1.8773964849458245,3.1
1999.0,8.0,24.0,6.0,11.0,0.42,3210.0,19.87090674214872,-155.43203758173988,2.125884480845802,2.7
1999.0,8.0,28.0,4.0,1.0,44.65,3211.0,19.54957174569354,-155.4179194770266,30.783321037682764,3.1
1999.0,9.0,5.0,0.0,34.0,14.1,3212.0,19.105724589507435,-155.6984111110572,39.02768009262247,3.2
1999.0,9.0,9.0,2.0,0.0,33.62,3213.0,19.82656648313377,-155.43786084438187,43.12619318128612,2.5
1999.0,9.0,18.0,10.0,1.0,28.8,3214.0,19.64490143897758,-155.53167913830447,6.2344840624030695,2.5
1999.0,9.0,18.0,15.0,32.0,24.04,3215.0,19.621020206297743,-155.49589178623802,6.2430441062940005,2.8
1999.0,9.0,20.0,16.0,22.0,53.82,3216.0,19.502550306705587,-154.9000837059092,15.582811792588842,2.8
1999.0,9.0,22.0,17.0,36.0,11.74,3217.0,19.61110906170766,-155.91400121588515,43.77911377286562,3.1
1999.0,9.0,28.0,7.0,3.0,43.45,3218.0,19.740057635446668,-155.8090456268516,35.25097231856118,2.6
1999.0,10.0,4.0,18.0,43.0,48.9,3219.0,19.420701418392365,-155.52365033614896,11.512613923204562,2.9
1999.0,10.0,8.0,1.0,32.0,24.48,3220.0,20.099501342091976,-155.85038287429884,11.986697384994953,2.6
1999.0,10.0,8.0,11.0,11.0,58.12,3221.0,19.576285289447124,-155.71085292070535,4.0821982667780885,2.9
1999.0,10.0,9.0,16.0,6.0,52.45,3222.0,19.74453475421557,-155.79981693641213,19.062971314332728,2.6
1999.0,10.0,9.0,19.0,45.0,52.41,3223.0,19.010181815181674,-155.82116501707495,30.051656621945813,2.8
1999.0,10.0,15.0,6.0,2.0,45.27,3224.0,19.64099042920259,-155.9547856889631,6.386108571549633,2.5
1999.0,10.0,15.0,13.0,5.0,32.9,3225.0,19.67405488594552,-155.17922496362223,34.00190657829076,2.5
1999.0,10.0,16.0,15.0,23.0,2.19,3226.0,19.734968791545707,-155.88229140712062,26.621269127316484,2.8
1999.0,10.0,16.0,21.0,39.0,11.88,3227.0,19.53211909005828,-155.05629372236058,23.250773298382487,2.9
1999.0,10.0,24.0,18.0,19.0,23.74,3228.0,19.510312124008458,-155.2875705281692,3.061832861705407,2.8
1999.0,10.0,28.0,15.0,52.0,29.77,3230.0,19.444397639577577,-155.0559424694282,9.658242277718884,2.9
1999.0,11.0,6.0,6.0,6.0,44.23,3231.0,19.59162278195152,-154.94685574714194,11.628318591732182,2.9
1999.0,11.0,7.0,22.0,43.0,4.22,3232.0,19.142808518930824,-155.8154771254947,36.77548659085182,3.0
1999.0,11.0,10.0,11.0,32.0,37.01,3233.0,19.200453817000188,-155.52042062987928,39.42212639566379,3.5
1999.0,11.0,15.0,12.0,9.0,42.17,3235.0,19.293159381764323,-155.32977887406528,43.50370469361196,3.1
1999.0,11.0,16.0,23.0,37.0,2.33,3236.0,19.66688014577157,-155.16741475649172,21.330466144165175,2.5
1999.0,11.0,17.0,18.0,53.0,9.17,3237.0,19.844385032373395,-155.5373629873433,16.165467364264337,2.5
1999.0,11.0,19.0,18.0,37.0,50.32,3238.0,19.254701198150777,-155.60526624821466,13.505098587387135,2.7
1999.0,11.0,23.0,5.0,59.0,24.93,3239.0,19.913469437062567,-155.81655382606488,21.81179432386201,3.0
1999.0,11.0,24.0,12.0,59.0,33.83,3240.0,19.272528533260274,-155.71619878807027,12.55533308951298,2.5
1999.0,12.0,1.0,3.0,20.0,52.71,3241.0,19.07296108761009,-155.7039905240824,11.026238328853946,2.6
1999.0,12.0,3.0,18.0,19.0,5.6,3242.0,19.467360045506425,-155.61877675201427,23.70326582634154,2.6
1999.0,12.0,6.0,17.0,26.0,13.13,3243.0,19.3167862884504,-155.5989929172476,12.346553879658003,2.9
1999.0,12.0,18.0,5.0,23.0,12.12,3245.0,19.13445788197956,-155.57246561747758,12.257977534326498,2.8
1999.0,12.0,23.0,18.0,26.0,24.4,3246.0,20.10701389973645,-155.7495347822081,39.12431003057307,2.9
1999.0,12.0,26.0,2.0,54.0,0.56,3247.0,19.74557602516474,-155.96916753017695,34.83690942605446,3.0
2000.0,1.0,1.0,1.0,47.0,47.32,3248.0,19.17093947835259,-155.51144858330431,10.520657956834045,2.5
2000.0,1.0,6.0,3.0,9.0,7.08,3249.0,19.408415333790582,-155.69358267719392,30.6436882246081,2.5
2000.0,1.0,6.0,3.0,49.0,51.67,3250.0,20.023018472820688,-155.68356737633448,34.26633454455059,2.5
2000.0,1.0,9.0,9.0,32.0,18.56,3251.0,19.62379268555676,-155.35816427646486,13.441298246450405,2.5
2000.0,1.0,20.0,20.0,22.0,32.79,3252.0,19.535339232786885,-155.244175148335,39.94929801394302,2.9
2000.0,1.0,21.0,10.0,13.0,34.39,3253.0,19.59575214512373,-155.91504401946432,40.80233256711913,2.5
2000.0,1.0,24.0,8.0,30.0,58.76,3254.0,19.65277268284672,-155.25461677712602,42.794920288174666,3.6
2000.0,1.0,26.0,2.0,3.0,58.11,3255.0,19.87853309316092,-155.46800786932528,36.592660608478525,2.7
2000.0,1.0,30.0,11.0,59.0,52.05,3256.0,19.074945433754102,-155.7437730212587,29.929658539523242,2.9
2000.0,2.0,1.0,9.0,51.0,34.62,3257.0,19.612599405387257,-155.144437088892,41.0426280140888,2.7
2000.0,2.0,8.0,16.0,23.0,42.67,3258.0,19.16212848513629,-155.67265808945965,19.727559747139,2.8
2000.0,2.0,22.0,0.0,33.0,16.2,3259.0,20.002991960094533,-155.39601534487795,6.628948334400251,2.7
2000.0,3.0,3.0,7.0,54.0,37.23,3260.0,19.44902164479028,-155.31310408765646,12.47198120035583,2.5
2000.0,3.0,7.0,8.0,59.0,45.04,3261.0,20.112869558175912,-155.7248559011689,42.21110700741509,2.5
2000.0,3.0,18.0,4.0,44.0,46.18,3262.0,19.98641429792552,-155.43078658785524,42.39021163640571,2.6
2000.0,4.0,5.0,1.0,32.0,54.78,3263.0,19.619221239532003,-155.29333544961938,28.470145845693555,2.5
2000.0,4.0,10.0,15.0,32.0,31.75,3264.0,19.296426048007984,-155.15364379547623,29.41773359776687,2.9
2000.0,4.0,12.0,3.0,21.0,19.88,3265.0,19.755845224277834,-155.42726581100902,7.2428420433787,3.6
2000.0,4.0,21.0,14.0,51.0,3.7,3266.0,19.54254010702565,-155.1243261351948,2.61560627590726,2.6
2000.0,4.0,24.0,16.0,3.0,34.31,3267.0,19.661458750374585,-155.2388375130273,41.86560258886848,3.3
2000.0,4.0,29.0,7.0,55.0,38.24,3269.0,19.77116672723292,-155.9056179164554,18.72376307825392,3.0
2000.0,5.0,5.0,14.0,59.0,14.06,3270.0,19.7157230382775,-155.6399646496377,2.9603363516692607,2.9
2000.0,5.0,10.0,10.0,21.0,33.57,3272.0,19.16079828076884,-155.71452512005573,30.12579511964594,2.5
2000.0,5.0,21.0,7.0,59.0,41.86,3273.0,19.81280953894167,-155.67929260935128,41.79560603010127,2.6
2000.0,5.0,29.0,13.0,57.0,40.79,3275.0,20.155564502120622,-155.71362324407394,42.72211449745262,2.6
2000.0,5.0,30.0,1.0,22.0,5.53,3276.0,19.51784567478048,-155.718437091789,1.137859470157848,2.5
2000.0,6.0,9.0,14.0,44.0,30.63,3277.0,19.47537664998557,-155.6918329819788,8.601379094655996,3.1
2000.0,6.0,12.0,16.0,35.0,23.15,3278.0,19.6265054046169,-155.55748247598513,41.02812648680022,2.8
2000.0,6.0,19.0,1.0,52.0,46.84,3279.0,20.0999222315819,-155.64591315142323,19.59082092969863,2.8
2000.0,6.0,24.0,11.0,28.0,48.52,3280.0,19.45329386108504,-155.50863004834417,20.659070746322392,2.5
2000.0,6.0,28.0,6.0,33.0,7.84,3281.0,19.610106464095907,-155.0604409853921,13.088219165153554,2.6
2000.0,7.0,1.0,10.0,36.0,34.34,3283.0,19.81741221424944,-155.1245599821254,43.33727236237336,3.0
2000.0,7.0,5.0,21.0,34.0,28.25,3284.0,19.65083587136762,-155.9241579046997,27.454056503069882,2.5
2000.0,7.0,6.0,18.0,31.0,58.12,3285.0,20.030707106580223,-155.51327300104992,14.031387820420289,2.8
2000.0,7.0,10.0,5.0,21.0,30.15,3286.0,19.52533787086991,-155.1887030570689,20.545247622741048,2.5
2000.0,7.0,13.0,19.0,47.0,38.13,3287.0,19.57144472797396,-155.3565706952658,10.058687576037595,2.5
2000.0,7.0,14.0,22.0,4.0,14.71,3288.0,19.710049300422643,-155.8495231414938,16.74933163262297,2.7
2000.0,7.0,23.0,17.0,9.0,1.65,3289.0,19.55230406620266,-155.11913915191798,32.345699648822006,2.5
2000.0,8.0,5.0,7.0,43.0,22.23,3291.0,19.33792551004643,-155.26347791943724,12.616674690374143,2.6
2000.0,8.0,5.0,11.0,6.0,38.64,3292.0,19.733677301797616,-155.94222393059488,34.5739528281592,2.6
2000.0,8.0,12.0,21.0,46.0,26.61,3293.0,19.380112931824325,-155.1619815648103,1.6144306018702679,2.6
2000.0,8.0,18.0,13.0,38.0,26.57,3295.0,19.52518191849495,-154.83639374073044,36.16401841046473,2.8
2000.0,8.0,20.0,0.0,5.0,25.3,3296.0,19.665047409711555,-155.0516263286385,43.23990747993607,2.9
2000.0,8.0,22.0,18.0,8.0,37.14,3297.0,19.36186759969203,-155.7181068704613,34.16718964553174,3.0
2000.0,8.0,26.0,8.0,54.0,18.97,3298.0,19.76828829958369,-155.36505915369355,8.243359474769507,2.5
2000.0,9.0,11.0,8.0,19.0,32.78,3299.0,19.8723767695948,-155.55299862007388,37.42930733122726,2.5
2000.0,9.0,14.0,1.0,46.0,2.04,3300.0,19.706032409578093,-155.4404363039425,10.396675380255449,2.6
2000.0,9.0,27.0,22.0,43.0,16.39,3301.0,19.25563985854811,-155.3474010149682,29.18257230600903,2.7
2000.0,9.0,28.0,5.0,3.0,26.51,3302.0,19.53714193410533,-155.17588919183618,40.90203638944311,3.0
2000.0,9.0,30.0,17.0,0.0,44.3,3303.0,19.5942933669724,-155.9602564460422,13.599720239214257,3.1
2000.0,10.0,5.0,22.0,43.0,54.11,3304.0,19.629010651354942,-155.4116605096546,38.843592496305114,2.6
2000.0,10.0,6.0,4.0,12.0,46.76,3305.0,20.01836445567475,-155.78152622879912,16.517012077819047,3.6
2000.0,10.0,8.0,14.0,57.0,12.74,3306.0,19.11661506278327,-155.55340098770338,3.9155380117969107,3.0
2000.0,10.0,16.0,15.0,29.0,15.56,3308.0,19.13673518156229,-155.56106604031933,29.19736198767827,2.5
2000.0,10.0,27.0,22.0,27.0,6.62,3309.0,20.22043038293115,-155.82761586439378,26.244740390872987,3.1
2000.0,10.0,29.0,22.0,3.0,5.76,3310.0,19.54821510076203,-154.97501099008628,35.0772445185017,3.2
2000.0,11.0,3.0,22.0,4.0,23.83,3311.0,19.94600931073924,-155.7039555729027,19.645249348380844,2.6
2000.0,11.0,8.0,5.0,21.0,2.51,3312.0,19.678009760715728,-155.60301041627935,35.555500748707956,2.7
2000.0,11.0,11.0,14.0,32.0,13.33,3313.0,20.00904943323564,-155.50789411443662,13.750164532829453,3.1
2000.0,12.0,1.0,4.0,26.0,31.89,3314.0,19.11113290664061,-155.56361863428694,41.12366703719752,2.8
2000.0,12.0,2.0,10.0,43.0,7.88,3315.0,20.03240472831551,-155.80411501736785,35.10996439425334,2.5
2000.0,12.0,15.0,22.0,0.0,1.98,3316.0,19.68645442220405,-155.76220731196597,16.985349119837917,2.9
2000.0,12.0,16.0,4.0,57.0,33.16,3317.0,19.27008388440748,-155.39282658936082,12.76286330314079,4.7
2000.0,12.0,20.0,8.0,52.0,13.74,3318.0,19.78902363684756,-155.11322863535776,31.26381488809909,2.6
2000.0,12.0,22.0,10.0,25.0,58.49,3319.0,19.56915899372956,-155.4777745984194,35.38861198323152,2.7
2000.0,12.0,23.0,12.0,49.0,1.2,3320.0,19.03304361817145,-155.5559302152057,44.367885346344316,2.9
2000.0,12.0,25.0,5.0,51.0,59.39,3321.0,19.05906807712087,-155.65700809663653,12.479977666011948,3.2
2000.0,12.0,27.0,23.0,50.0,40.31,3322.0,19.77669840877985,-155.78660803069926,31.872369990523325,2.9
2000.0,12.0,31.0,13.0,48.0,27.33,3323.0,19.601743217311537,-155.938730140334,24.600672286273827,2.5
2001.0,1.0,7.0,23.0,27.0,7.78,3325.0,19.43345476724035,-155.3108475275477,39.58891047159617,2.5
2001.0,1.0,10.0,14.0,42.0,59.72,3326.0,19.614293367758474,-155.19548260143486,20.9157521355351,3.1
2001.0,1.0,12.0,22.0,24.0,44.58,3327.0,19.52493310818632,-155.18064164704998,32.44772723544037,2.5
2001.0,1.0,29.0,11.0,26.0,30.56,3328.0,20.0519592698544,-155.38371101530643,3.985310641751074,2.6
2001.0,2.0,2.0,8.0,46.0,3.78,3329.0,19.270654988212264,-155.87332915421038,18.647286645958577,2.8
2001.0,2.0,9.0,11.0,50.0,59.34,3330.0,19.54652946332829,-155.20836666477356,22.557089973356764,4.1
2001.0,2.0,11.0,23.0,39.0,21.35,3331.0,19.83358999061817,-155.68768226272775,26.122681826524364,3.3
2001.0,2.0,12.0,3.0,11.0,57.4,3332.0,19.69321167434116,-155.71282198420954,21.672821573983633,2.9
2001.0,2.0,22.0,20.0,0.0,54.81,3334.0,19.563199787960315,-155.55255051555454,29.688387253631348,2.7
2001.0,2.0,25.0,10.0,26.0,53.38,3335.0,19.768574452905654,-156.0237734922648,37.593402964852906,4.0
2001.0,2.0,26.0,9.0,20.0,37.49,3336.0,19.488529946498183,-155.40739977745648,10.40933338678774,2.5
2001.0,2.0,27.0,13.0,27.0,37.13,3337.0,19.655431909304443,-155.2745444430669,35.52157945204747,3.4
2001.0,3.0,5.0,23.0,44.0,13.5,3338.0,19.84013529440535,-155.6950300562192,20.15575742222695,3.0
2001.0,3.0,7.0,0.0,12.0,23.32,3339.0,19.292387562171232,-155.4649286464657,17.878565081540167,3.1
2001.0,3.0,7.0,14.0,59.0,4.28,3340.0,19.482656298266672,-155.33148942042774,42.24143046260324,3.4
2001.0,3.0,31.0,6.0,56.0,23.82,3341.0,19.29493767431101,-155.77497408882869,8.651180085931172,2.5
2001.0,4.0,4.0,19.0,36.0,18.98,3342.0,19.891747699452115,-155.41994714765792,2.501967564442278,3.0
2001.0,4.0,7.0,10.0,8.0,0.74,3343.0,19.206247107624257,-155.47937014933183,27.173006755130537,2.8
2001.0,4.0,11.0,6.0,26.0,55.45,3344.0,19.695889268727548,-155.41575499094597,36.69598950794052,2.9
2001.0,4.0,20.0,17.0,30.0,5.08,3345.0,19.665690439434943,-155.26640285959974,14.274276123281481,2.7
2001.0,4.0,21.0,7.0,46.0,6.7,3346.0,19.81170039851901,-155.12043933349264,5.064587698440712,2.7
2001.0,4.0,26.0,20.0,37.0,27.15,3347.0,19.36358881847548,-155.53966664247292,6.00089523453355,2.5
2001.0,5.0,1.0,10.0,33.0,24.5,3348.0,19.552414464231788,-155.41569615961998,17.795540491372428,2.7
2001.0,5.0,3.0,21.0,5.0,37.92,3349.0,19.54654394834617,-155.7665569363154,16.962969108861365,2.5
2001.0,5.0,3.0,22.0,14.0,6.85,3350.0,19.194043034588805,-155.76933924985264,23.523701979560936,2.7
2001.0,5.0,12.0,23.0,44.0,11.11,3351.0,19.250684105288183,-155.5062928788047,17.213390174069637,3.4
2001.0,5.0,16.0,18.0,51.0,4.86,3352.0,19.5930012450244,-155.32254823678895,24.243532422004616,3.3
2001.0,5.0,20.0,17.0,12.0,20.75,3353.0,19.66271545744923,-155.16515724953453,24.073712794359476,3.4
2001.0,5.0,27.0,11.0,30.0,18.93,3354.0,19.45104972645596,-154.85088170167987,44.65057257377059,3.2
2001.0,6.0,9.0,10.0,59.0,58.66,3355.0,19.685760994574,-155.2303412330865,23.110773855753795,2.5
2001.0,6.0,9.0,20.0,12.0,59.09,3356.0,19.33021928544767,-155.66441138891446,9.285979048159856,2.9
2001.0,6.0,28.0,19.0,21.0,47.85,3357.0,19.964743177139948,-155.48976215028392,25.320656225996252,2.7
2001.0,7.0,3.0,21.0,20.0,10.82,3358.0,19.93607753067413,-155.62289797541732,14.737876315411256,2.8
2001.0,7.0,4.0,6.0,13.0,54.34,3359.0,19.9281467107076,-155.45798890212342,7.384301767417464,3.3
2001.0,7.0,6.0,15.0,55.0,49.97,3360.0,19.39807576447937,-155.728917395161,33.82870013054748,2.9
2001.0,7.0,14.0,13.0,41.0,3.45,3361.0,19.849592158931227,-155.82557342142147,34.08974720503839,2.5
2001.0,7.0,19.0,20.0,23.0,59.38,3362.0,19.065658951157104,-155.74982509329584,21.1330675273269,2.8
2001.0,7.0,20.0,22.0,35.0,26.43,3363.0,20.068451155081025,-155.61133486178534,40.67849486145838,2.5
2001.0,8.0,5.0,13.0,28.0,28.31,3364.0,19.94696995042059,-155.4070926860795,2.4328399041410056,2.5
2001.0,8.0,10.0,6.0,22.0,0.29,3365.0,19.269161973529148,-155.7397070818759,21.195578545831147,2.6
2001.0,8.0,11.0,20.0,52.0,29.33,3366.0,19.22579481078525,-155.6396468592283,36.090608096035155,2.6
2001.0,8.0,14.0,23.0,33.0,48.69,3367.0,19.32749053669436,-155.08378824175563,19.98609356660391,2.9
2001.0,8.0,16.0,0.0,18.0,2.85,3368.0,19.55240736945364,-155.20918734532086,2.3726674903233564,2.9
2001.0,8.0,19.0,21.0,4.0,23.15,3369.0,19.26377902737403,-155.55033333139156,20.916128433552036,2.5
2001.0,8.0,23.0,2.0,26.0,4.33,3370.0,19.33547152913097,-155.48252043222575,30.16248834246569,2.5
2001.0,8.0,30.0,20.0,22.0,23.85,3371.0,19.163367791711263,-155.50563352574036,3.5972649837811472,3.5
2001.0,8.0,31.0,12.0,1.0,21.97,3372.0,19.5701878919583,-155.8776946598253,12.323158688948668,3.1
2001.0,8.0,31.0,18.0,33.0,1.14,3373.0,19.455299337395697,-155.7988598298885,5.4970010759021815,3.3
2001.0,9.0,5.0,19.0,25.0,45.41,3374.0,19.514803313692983,-155.51453620268336,44.92091879632301,2.6
2001.0,9.0,11.0,14.0,12.0,20.67,3375.0,19.09495118226133,-155.7028340152719,21.51420719335915,2.8
2001.0,9.0,14.0,6.0,46.0,2.66,3376.0,19.687207659822526,-155.42339564346875,22.90090439627389,2.9
2001.0,9.0,16.0,13.0,58.0,16.47,3377.0,19.42384976612205,-155.00783963463175,32.13241019483205,2.6
2001.0,9.0,28.0,11.0,10.0,4.14,3379.0,19.69109527984009,-155.27431209514916,15.868512694327814,2.6
2001.0,10.0,2.0,16.0,46.0,12.72,3380.0,19.167383385696404,-155.5491468004055,6.27649398663427,2.8
2001.0,10.0,19.0,6.0,7.0,6.31,3381.0,19.5355361415673,-155.71541286980607,19.706146702629905,2.5
2001.0,10.0,29.0,16.0,34.0,15.07,3382.0,19.610883075555154,-155.18134922665482,23.357223571935005,3.1
2001.0,10.0,31.0,12.0,17.0,1.69,3383.0,19.58638931575291,-155.38456516234234,18.53315235120719,3.1
2001.0,11.0,13.0,9.0,29.0,12.29,3384.0,19.36269059343329,-155.5170142835085,22.392975257281105,2.7
2001.0,11.0,19.0,12.0,32.0,43.05,3385.0,19.988221196182604,-155.31057685095828,37.989337504248205,4.1
2001.0,11.0,24.0,18.0,17.0,42.2,3387.0,19.125563817110425,-155.72189491607006,16.856931112143855,2.5
2001.0,12.0,7.0,17.0,6.0,29.87,3388.0,19.06895975457466,-155.8479521334048,16.188158879287467,2.8
2001.0,12.0,11.0,3.0,31.0,4.28,3389.0,19.45918712458792,-155.08436156762448,30.66824510205171,2.9
2001.0,12.0,13.0,0.0,9.0,5.72,3390.0,19.6187320441846,-155.58431807949918,4.8792484785840715,3.0
2001.0,12.0,13.0,4.0,50.0,9.11,3391.0,19.29272857834138,-155.467666253507,7.544734069684121,2.7
2001.0,12.0,23.0,5.0,34.0,8.48,3392.0,19.906748217534425,-155.140315364838,9.10487417156434,2.9
2001.0,12.0,23.0,10.0,6.0,22.27,3393.0,19.128734908484827,-155.76169665677602,43.81270714797275,4.3
2001.0,12.0,25.0,5.0,7.0,25.59,3394.0,19.53193702515357,-155.90314799263118,4.655240674997408,2.6
2002.0,1.0,6.0,18.0,58.0,15.34,3396.0,19.40877990728761,-155.23097329843216,20.343385561130482,2.7
2002.0,1.0,17.0,2.0,1.0,51.74,3397.0,19.539937301972422,-154.80240708572745,5.828306137018661,2.8
2002.0,1.0,20.0,14.0,40.0,29.14,3398.0,19.9748300840366,-155.82795190991067,44.932862845156215,3.4
2002.0,1.0,28.0,20.0,5.0,0.27,3399.0,19.61418295277752,-155.62079641947187,3.3108260812851196,2.6
2002.0,2.0,13.0,12.0,7.0,21.3,3400.0,19.39780432340685,-155.45922114360596,38.47781917006086,2.9
2002.0,2.0,14.0,4.0,17.0,15.24,3401.0,19.42079044896709,-155.1762558148349,12.681736988341886,2.7
2002.0,2.0,16.0,20.0,3.0,26.23,3402.0,20.162012297094208,-155.8166447968739,38.51039846270735,2.5
2002.0,2.0,16.0,23.0,41.0,12.07,3403.0,19.28168014126522,-155.33043520863663,43.87976757429883,3.4
2002.0,2.0,17.0,8.0,1.0,29.84,3404.0,19.90088127943593,-155.6320880470186,27.530289886505354,2.6
2002.0,2.0,18.0,15.0,48.0,31.14,3405.0,19.362683897766715,-155.78952064799668,20.452897535882833,2.5
2002.0,2.0,23.0,16.0,34.0,49.97,3406.0,19.70645228479259,-155.23007919006002,38.53860075316215,2.6
2002.0,2.0,24.0,4.0,49.0,59.44,3407.0,18.98526673959541,-155.7223474339734,38.42724054700919,2.6
2002.0,3.0,1.0,13.0,6.0,45.6,3408.0,19.44411282725914,-155.06782968768448,29.656917620177804,2.7
2002.0,3.0,12.0,10.0,56.0,29.41,3409.0,19.70222518714855,-155.7334565913388,6.295643751981544,2.8
2002.0,3.0,21.0,11.0,39.0,3.97,3410.0,19.92343328005204,-155.18215961672283,42.435733140514536,3.0
2002.0,3.0,27.0,20.0,19.0,49.26,3411.0,19.48460815716033,-154.91069527077235,16.145627004152328,2.8
2002.0,4.0,1.0,23.0,32.0,51.62,3412.0,19.64226182635122,-155.21587593071922,39.07984820786442,3.6
2002.0,4.0,19.0,22.0,54.0,55.78,3413.0,19.512038836313085,-155.64446827154686,34.05917173574483,2.9
2002.0,4.0,28.0,0.0,46.0,26.29,3414.0,19.626592114030085,-154.96189669412342,40.81945754138491,2.6
2002.0,5.0,3.0,5.0,9.0,33.92,3415.0,19.5728773459642,-155.8466439609556,40.222549184901695,3.1
2002.0,5.0,5.0,19.0,29.0,38.6,3416.0,19.73702880112272,-155.195858476021,32.48514988411263,3.5
2002.0,5.0,6.0,20.0,0.0,26.75,3417.0,19.57475519266025,-155.6145230039374,34.322052093360924,2.5
2002.0,5.0,13.0,0.0,20.0,24.0,3418.0,19.881528892880127,-155.36391852953895,33.766154264184685,2.5
2002.0,5.0,14.0,7.0,45.0,37.34,3419.0,19.866966591580884,-155.30370960429627,30.083114223026165,2.9
2002.0,5.0,17.0,11.0,22.0,18.27,3420.0,19.584889987324512,-155.15052049294297,23.940003482437916,3.6
2002.0,5.0,22.0,5.0,35.0,33.48,3422.0,19.15196233232137,-155.63353943837808,6.58535888991584,2.9
2002.0,5.0,23.0,8.0,32.0,4.58,3423.0,19.325448981874043,-155.26361054618997,34.211825011241444,3.7
2002.0,5.0,24.0,3.0,36.0,4.75,3424.0,19.43419115164998,-155.15708261142618,40.746778524426475,2.5
2002.0,5.0,29.0,1.0,0.0,9.14,3425.0,19.96125652746869,-155.48616008098807,40.362689367106036,2.5
2002.0,6.0,5.0,3.0,9.0,23.21,3426.0,19.734387971792646,-155.3014668464334,17.21964842156272,2.8
2002.0,6.0,11.0,7.0,27.0,59.06,3427.0,19.639719680039768,-155.38524227650942,41.867093414657134,2.6
2002.0,6.0,19.0,0.0,27.0,46.14,3428.0,19.805416866858096,-155.49127457627236,16.22723610686524,2.7
2002.0,6.0,19.0,15.0,4.0,12.68,3429.0,20.06433764468277,-155.59730205429722,24.27823082783703,2.8
2002.0,6.0,19.0,22.0,10.0,31.77,3430.0,19.605488779605825,-155.25350547544275,29.233834185122873,2.7
2002.0,6.0,25.0,2.0,58.0,36.64,3432.0,20.182776882340992,-155.82782049472746,15.116026222247923,2.5
2002.0,7.0,4.0,17.0,57.0,8.43,3433.0,19.472202969503947,-154.99305560627147,3.1705145456587953,2.9
2002.0,7.0,11.0,13.0,5.0,8.71,3434.0,19.616222250373475,-155.65061971020566,14.598608169801452,2.7
2002.0,7.0,16.0,2.0,35.0,20.4,3435.0,19.355676867353367,-155.29140928331415,32.64357915785435,2.8
2002.0,7.0,16.0,11.0,21.0,34.11,3436.0,19.41845716164304,-155.02277746788567,40.06831586263384,2.5
2002.0,7.0,19.0,16.0,6.0,59.85,3437.0,19.46444845187781,-155.61794068639043,13.302322259956314,2.5
2002.0,7.0,24.0,19.0,1.0,21.97,3438.0,19.369555038111223,-155.0349681362533,22.667259734971772,2.6
2002.0,7.0,25.0,23.0,15.0,24.85,3439.0,19.83037278531988,-155.33702866165336,27.086544354680523,2.5
2002.0,7.0,29.0,4.0,2.0,57.0,3440.0,19.917554681191813,-155.84339763767292,42.179458480037724,2.6
2002.0,8.0,4.0,20.0,38.0,17.57,3441.0,19.951245156784843,-155.74721993947793,33.04263238096906,2.6
2002.0,8.0,5.0,2.0,54.0,56.11,3442.0,19.66530716612697,-155.56824040570288,15.657385280587839,3.4
2002.0,8.0,6.0,12.0,49.0,10.71,3443.0,19.80427217438268,-155.60147079780356,41.828929817789884,2.7
2002.0,8.0,11.0,5.0,36.0,13.88,3444.0,19.802326485579066,-155.56969235215269,31.539360027170293,3.2
2002.0,8.0,12.0,18.0,12.0,34.03,3445.0,20.01946661261201,-155.36484360191423,40.912237463685095,2.9
2002.0,8.0,16.0,16.0,51.0,7.95,3446.0,19.251042654369392,-155.7682897586989,28.835164903587362,4.3
2002.0,8.0,28.0,23.0,6.0,42.67,3447.0,19.42067193442201,-155.2427169770854,20.304054959771065,3.5
2002.0,8.0,29.0,3.0,44.0,3.98,3448.0,19.9517537187012,-155.84966396241953,28.090579706610058,2.7
2002.0,8.0,29.0,17.0,37.0,46.14,3449.0,19.511520376073943,-155.38883943980693,27.502099659494778,2.6
2002.0,9.0,6.0,21.0,8.0,37.33,3450.0,19.536610771540705,-155.43045808130955,40.84254656214491,2.5
2002.0,9.0,8.0,18.0,2.0,51.89,3451.0,20.00717135423156,-155.60098349609115,37.04721472343368,2.8
2002.0,9.0,10.0,15.0,9.0,28.27,3452.0,19.72630569625256,-155.96359505555571,12.53902444004866,2.7
2002.0,9.0,12.0,0.0,58.0,54.67,3453.0,19.55738614289405,-155.8423626450639,6.450626272492787,2.6
2002.0,9.0,18.0,13.0,35.0,9.74,3454.0,20.007187029400235,-155.63788278842236,4.788651280196465,2.7
2002.0,9.0,22.0,17.0,55.0,49.46,3455.0,19.74576961007198,-155.83367296657093,16.124831385852723,2.7
2002.0,10.0,5.0,12.0,16.0,14.94,3456.0,19.202348839286707,-155.69246970436808,12.822913695307628,2.6
2002.0,10.0,6.0,14.0,47.0,11.25,3457.0,18.986463799323104,-155.60505103234573,11.28484038630067,3.0
2002.0,10.0,7.0,2.0,17.0,41.26,3458.0,19.279556000127805,-155.41416081413536,44.082004362052515,2.5
2002.0,10.0,7.0,6.0,26.0,1.02,3459.0,19.3259280889371,-155.21693576511916,23.418206559359593,3.4
2002.0,10.0,8.0,19.0,23.0,34.75,3460.0,19.52616397758299,-155.71580755556948,31.70079029099096,2.5
2002.0,10.0,8.0,20.0,3.0,58.98,3461.0,19.868797049548167,-155.5438526293335,29.415852732072434,3.4
2002.0,10.0,11.0,19.0,36.0,11.52,3462.0,19.46866406734734,-155.41774797252629,3.572983152269561,2.8
2002.0,10.0,14.0,12.0,3.0,17.83,3463.0,19.601882402719824,-155.77028925024223,12.889605953172008,3.3
2002.0,10.0,17.0,10.0,51.0,6.3,3464.0,19.808453937463856,-155.78900619157395,43.2905093635964,3.0
2002.0,10.0,18.0,18.0,55.0,45.67,3465.0,18.926345795777213,-155.66230304643963,41.120734119963146,3.3
2002.0,10.0,20.0,21.0,41.0,59.34,3466.0,19.991125892179483,-155.56745925638208,34.02574827563017,3.0
2002.0,10.0,27.0,10.0,26.0,36.39,3467.0,20.215663777563083,-155.86742541259582,41.2030354266894,3.5
2002.0,10.0,31.0,8.0,43.0,26.58,3468.0,19.43385765053153,-155.6672932730249,31.639082984475202,2.7
2002.0,11.0,2.0,17.0,20.0,44.1,3469.0,19.76276135066088,-155.13092934746814,15.030406423854755,2.6
2002.0,11.0,4.0,10.0,48.0,13.07,3470.0,20.134091577374114,-155.62871596579632,13.400641391746365,2.6
2002.0,11.0,5.0,15.0,15.0,5.07,3471.0,19.09914419209428,-155.86209470749486,34.10637001629689,2.6
2002.0,11.0,16.0,22.0,36.0,25.27,3472.0,19.851775780360093,-155.13188487190644,11.271455381137168,2.5
2002.0,11.0,17.0,13.0,22.0,42.4,3473.0,19.29138076377417,-155.88066680749748,33.853752238913174,3.6
2002.0,11.0,24.0,3.0,40.0,18.9,3474.0,19.996658725444902,-155.41315113200827,40.57200052776427,2.7
2002.0,12.0,8.0,13.0,7.0,25.46,3475.0,19.42197775101547,-155.49822483231662,27.591560086893164,2.9
2002.0,12.0,21.0,2.0,36.0,3.77,3476.0,20.234311849632125,-155.84005108306937,39.60855054409782,2.5
2002.0,12.0,25.0,18.0,14.0,3.09,3477.0,20.008609675404244,-155.5598995798159,22.270330270842347,2.7
2002.0,12.0,31.0,19.0,36.0,58.15,3478.0,19.376097341155354,-155.13568023011874,37.718258717637525,3.0
2003.0,1.0,1.0,23.0,37.0,0.57,3479.0,19.91080137940829,-155.2564146534031,2.2074716187710925,3.4
2003.0,1.0,6.0,3.0,42.0,43.61,3480.0,19.80146870874005,-155.4458267232438,43.9313965484356,3.2
2003.0,1.0,6.0,21.0,2.0,34.63,3481.0,19.17065232326524,-155.64990854770514,30.284203017410807,2.5
2003.0,1.0,7.0,2.0,48.0,7.93,3482.0,19.70382931256373,-155.41417252323595,9.833902210692363,4.0
2003.0,1.0,14.0,5.0,5.0,28.56,3484.0,19.885192996406868,-155.14589185149012,6.5288413600876005,2.8
2003.0,1.0,20.0,4.0,56.0,56.57,3485.0,19.41294707422183,-155.00443065773976,10.90137911252322,3.5
2003.0,1.0,21.0,15.0,48.0,16.46,3486.0,19.949873535817915,-155.28789502530407,27.811712201969573,2.8
2003.0,2.0,6.0,18.0,25.0,22.22,3487.0,19.85229123734553,-155.3155967777165,11.257164867534014,4.5
2003.0,2.0,8.0,7.0,55.0,54.59,3488.0,19.544261949098505,-155.333608100207,12.490282265489007,2.8
2003.0,2.0,8.0,15.0,19.0,26.93,3489.0,19.3861718764778,-155.52480601098378,2.555738765603427,2.9
2003.0,2.0,9.0,17.0,34.0,44.71,3490.0,19.645679148477218,-155.46490227617403,1.13512633038841,3.0
2003.0,2.0,13.0,21.0,36.0,58.04,3491.0,19.148584917505595,-155.70555640150607,23.28605442881921,2.9
2003.0,2.0,16.0,6.0,30.0,29.75,3492.0,19.175341566101647,-155.61047648549737,32.65203381705348,3.4
2003.0,2.0,24.0,22.0,18.0,9.08,3493.0,19.219312570185373,-155.89210018688675,8.152485243360848,2.7
2003.0,3.0,2.0,4.0,3.0,27.66,3494.0,19.20879480013728,-155.71103094938957,43.102896363787664,3.7
2003.0,3.0,10.0,2.0,53.0,12.31,3496.0,19.243319382637548,-155.62715773415073,44.41821613514266,3.2
2003.0,3.0,11.0,17.0,52.0,28.75,3497.0,20.175533968129567,-155.8527138765334,27.288550328966036,2.5
2003.0,3.0,18.0,17.0,54.0,3.38,3498.0,19.4573730752763,-154.99206402653996,17.1993368603203,2.9
2003.0,3.0,25.0,13.0,56.0,50.67,3499.0,19.876028213045107,-155.64670932553477,39.2014651904139,4.1
2003.0,4.0,1.0,16.0,48.0,52.71,3500.0,19.449662679464154,-155.2951503456265,15.98974076326696,2.8
2003.0,4.0,5.0,9.0,18.0,0.41,3501.0,19.35598849165428,-155.0809633127685,24.834891164443995,4.6
2003.0,4.0,17.0,6.0,15.0,6.26,3503.0,19.62058022360113,-155.9339347695021,31.13691659747311,3.2
2003.0,4.0,17.0,17.0,31.0,43.88,3504.0,19.65199266966367,-155.6619825881337,20.05521208936329,2.5
2003.0,4.0,24.0,0.0,7.0,43.18,3505.0,19.709070260776155,-155.72174221561124,15.016869857496465,2.6
2003.0,5.0,1.0,23.0,1.0,29.33,3506.0,19.07137261160736,-155.5325004532674,28.85724155587384,2.8
2003.0,5.0,3.0,22.0,7.0,30.27,3507.0,19.89884147768993,-155.2391340244258,6.1851255727056405,2.5
2003.0,5.0,4.0,20.0,28.0,40.0,3508.0,19.60673608411626,-154.9949163094957,30.49604280472184,3.3
2003.0,5.0,13.0,18.0,0.0,28.42,3509.0,19.693059697664697,-155.59527774022973,1.3275897803428958,3.4
2003.0,5.0,14.0,18.0,10.0,20.27,3510.0,19.534883865269865,-154.97252917137828,27.139629710789908,3.1
2003.0,5.0,18.0,6.0,54.0,12.86,3511.0,19.4449070629087,-155.01591069275904,24.25659935378692,3.0
2003.0,5.0,24.0,21.0,27.0,44.09,3512.0,19.90028712234136,-155.16342622110488,5.305086534097438,2.7
2003.0,5.0,31.0,12.0,37.0,51.26,3513.0,19.19552185250524,-155.44343295175662,13.06333174632529,3.0
2003.0,6.0,9.0,3.0,49.0,59.58,3514.0,20.01746562440491,-155.41401451326882,14.485692141393796,2.5
2003.0,6.0,15.0,10.0,58.0,31.75,3515.0,19.60763412767009,-155.5870860552833,34.14186703085183,2.5
2003.0,6.0,21.0,22.0,1.0,2.91,3516.0,19.51715895116932,-155.00933242619467,13.635049658662469,2.5
2003.0,6.0,30.0,20.0,13.0,7.48,3517.0,19.048247250989068,-155.84227629465877,35.96081936357978,3.0
2003.0,7.0,1.0,20.0,1.0,11.08,3518.0,19.266312040177155,-155.5254849158435,13.642470099965985,2.5
2003.0,7.0,4.0,21.0,38.0,6.23,3519.0,19.92256279152783,-155.233072279561,9.394820612484544,2.5
2003.0,7.0,10.0,21.0,9.0,49.74,3520.0,19.95987916398906,-155.60436998953313,42.155871175982064,3.2
2003.0,7.0,15.0,9.0,23.0,16.68,3521.0,19.293950760948537,-155.8830749813614,23.105825508207584,2.5
2003.0,7.0,18.0,0.0,17.0,26.9,3522.0,19.1433151986879,-155.60447757259965,9.25402839787744,2.9
2003.0,7.0,25.0,1.0,38.0,8.07,3523.0,19.843013113055587,-155.51714772110927,5.150058552912584,3.1
2003.0,8.0,1.0,15.0,48.0,2.9,3524.0,19.77811447383241,-155.49961182166336,26.67916591050499,2.9
2003.0,8.0,10.0,6.0,56.0,48.14,3526.0,19.46868412862916,-155.04069973829831,42.9820833679744,2.7
2003.0,8.0,14.0,7.0,18.0,38.24,3527.0,19.99484189085448,-155.2933846927997,39.77040494746031,3.4
2003.0,8.0,18.0,8.0,52.0,4.0,3528.0,19.510362391214787,-154.9976635627104,44.21452817573723,3.4
2003.0,8.0,20.0,3.0,22.0,56.93,3529.0,19.528740543429425,-155.25412048284795,6.187112514550562,2.5
2003.0,8.0,27.0,10.0,41.0,46.08,3530.0,19.481880210721272,-155.63061883575156,31.28539320094592,2.7
2003.0,8.0,31.0,14.0,0.0,8.33,3531.0,19.30377245239027,-155.79359254248337,19.487643843268774,2.5
2003.0,9.0,1.0,17.0,33.0,51.77,3532.0,19.398788559500915,-155.83783480572146,11.976601947519807,2.7
2003.0,9.0,5.0,19.0,17.0,15.2,3533.0,19.70334059420114,-155.44736838425786,26.85493737087905,2.5
2003.0,9.0,7.0,17.0,20.0,5.57,3534.0,19.35864917736141,-155.2678231704601,10.315374113696326,2.5
2003.0,9.0,10.0,0.0,3.0,29.1,3535.0,19.867073953708253,-155.3751100398852,16.257463416721524,3.3
2003.0,9.0,21.0,11.0,17.0,35.31,3536.0,19.454528367489115,-155.42077069636295,1.4191831165178708,2.5
2003.0,9.0,29.0,18.0,41.0,53.49,3537.0,19.95369908789594,-155.4098843359136,27.64214540415691,2.5
2003.0,10.0,6.0,8.0,12.0,51.67,3538.0,19.70493116715956,-155.45047130337286,6.365644978139946,3.0
2003.0,10.0,10.0,2.0,24.0,13.48,3539.0,19.580556922940985,-155.6473319998117,29.888207075051493,2.8
2003.0,10.0,12.0,20.0,55.0,0.85,3540.0,20.03185844061253,-155.4114353050112,5.782454210732536,2.6
2003.0,10.0,19.0,7.0,0.0,40.39,3541.0,19.82039653425657,-155.64849132211637,33.142994159640274,3.4
2003.0,10.0,22.0,16.0,8.0,33.73,3542.0,20.136000989973656,-155.8419258341065,5.9641313787029135,2.7
2003.0,10.0,24.0,3.0,46.0,42.66,3543.0,19.58228183107381,-155.28633748501056,34.150317073790575,3.8
2003.0,10.0,25.0,19.0,3.0,38.77,3544.0,19.7472340045618,-155.60220642281593,30.66273525777246,2.8
2003.0,11.0,1.0,9.0,27.0,52.65,3545.0,19.91057133562617,-155.17008266212952,13.940741724461798,2.8
2003.0,11.0,1.0,22.0,16.0,53.4,3546.0,19.774295442264247,-155.4534673112703,40.83725367705648,2.7
2003.0,11.0,4.0,6.0,32.0,35.3,3547.0,19.67577343306544,-155.57593531811028,37.620482049112354,2.6
2003.0,11.0,6.0,8.0,6.0,4.07,3548.0,20.042093793122792,-155.42906839507793,10.007367985148807,2.9
2003.0,11.0,7.0,4.0,4.0,3.92,3549.0,19.891906790225462,-155.17162906932143,43.57065362891023,2.5
2003.0,11.0,8.0,2.0,55.0,19.87,3550.0,19.447642889407334,-154.9023812237768,39.24796946829918,2.8
2003.0,11.0,22.0,18.0,38.0,46.67,3552.0,19.720537188935324,-155.91594139631175,39.01287203521255,3.1
2003.0,11.0,24.0,10.0,26.0,20.39,3553.0,19.48198660914478,-155.16757854857124,14.7697185954508,2.7
2003.0,11.0,27.0,4.0,14.0,58.36,3554.0,19.707788375456936,-155.2886107434273,24.10865351253706,2.5
2003.0,11.0,28.0,2.0,4.0,24.62,3555.0,19.90496375809898,-155.836235803123,3.127463387408156,2.5
2003.0,11.0,29.0,18.0,10.0,51.6,3556.0,19.634568083421826,-155.46325979976774,34.21148523616534,3.8
2003.0,12.0,6.0,16.0,54.0,27.59,3557.0,19.679732401350485,-155.0154879235535,9.966707413249463,2.7
2003.0,12.0,8.0,5.0,50.0,26.2,3558.0,19.32940190638737,-155.5615528016838,42.47257192462467,2.6
2003.0,12.0,10.0,20.0,30.0,13.7,3559.0,19.20144016166042,-155.5707282111874,37.7894368193965,2.7
2003.0,12.0,13.0,17.0,41.0,56.82,3560.0,19.2489801867083,-155.70591337581354,44.931915672453975,2.6
2003.0,12.0,22.0,20.0,28.0,14.47,3561.0,19.97649298068675,-155.24387351016173,41.40853653240752,3.2
2003.0,12.0,31.0,12.0,9.0,59.09,3562.0,19.10395187185203,-155.60598525811614,33.636186694712464,2.6
2004.0,1.0,4.0,19.0,28.0,43.28,3564.0,19.99919237621584,-155.3917382008929,16.928229547504046,3.4
2004.0,1.0,9.0,20.0,49.0,15.81,3565.0,19.410591856487937,-155.25514085513032,27.721709724864546,2.5
2004.0,1.0,10.0,4.0,55.0,29.54,3566.0,19.743583762363453,-155.11288914111032,7.091791506194608,2.8
2004.0,1.0,11.0,18.0,0.0,17.89,3567.0,20.13869164641614,-155.80477148989843,40.9024188963925,2.6
2004.0,1.0,18.0,0.0,26.0,17.62,3569.0,19.46034704265973,-155.58581280754336,9.778814325911345,2.6
2004.0,1.0,21.0,22.0,37.0,16.59,3570.0,19.85831738915549,-155.44413656104828,25.671951791101417,3.1
2004.0,1.0,22.0,14.0,33.0,18.06,3571.0,19.508167547955143,-155.6779789587596,39.65547061007405,3.0
2004.0,2.0,1.0,20.0,4.0,53.14,3572.0,20.21228813370061,-155.8216248039968,8.609404104459918,3.0
2004.0,2.0,7.0,16.0,55.0,10.97,3573.0,19.776331173037093,-155.84606376660804,24.05336107009634,2.6
2004.0,2.0,7.0,17.0,15.0,11.72,3574.0,19.3530630578654,-155.1609431116885,32.37798716981909,2.9
2004.0,2.0,9.0,5.0,23.0,53.5,3575.0,19.501505668954813,-155.70460445277232,24.757094954034397,2.5
2004.0,2.0,17.0,17.0,26.0,12.16,3576.0,19.270940500449427,-155.80764802322545,4.063079627509621,2.6
2004.0,2.0,25.0,2.0,46.0,10.47,3577.0,19.41800711301289,-155.2179305224875,17.206632138520618,2.6
2004.0,3.0,8.0,0.0,51.0,35.33,3580.0,19.07329364264097,-155.65035882245888,20.47112611573257,2.6
2004.0,3.0,9.0,23.0,0.0,13.92,3581.0,19.49119660690312,-155.06187177642835,33.13572189366327,2.5
2004.0,3.0,19.0,1.0,7.0,17.47,3582.0,19.70149269485738,-155.54268400883046,27.446749287607897,2.5
2004.0,3.0,20.0,23.0,43.0,32.17,3583.0,19.726905318748827,-155.0921744275363,6.244588975990936,2.6
2004.0,3.0,24.0,20.0,18.0,4.13,3585.0,19.980358109094457,-155.54190039476646,15.774885505120125,2.6
2004.0,3.0,30.0,0.0,0.0,15.66,3586.0,19.61084321990573,-155.55597937954474,32.14267634657773,2.7
2004.0,3.0,31.0,20.0,15.0,27.72,3587.0,19.627390321928907,-155.24495951777746,43.30136026089147,2.7
2004.0,4.0,5.0,21.0,7.0,56.66,3588.0,19.23260617770122,-155.58962293790643,30.948369481723308,3.0
2004.0,4.0,7.0,14.0,41.0,36.06,3589.0,19.849180863716285,-155.13549693910173,37.58071160034538,3.1
2004.0,4.0,13.0,11.0,11.0,5.78,3590.0,19.17334068501521,-155.76019123771297,20.394690803185217,2.6
2004.0,5.0,13.0,18.0,49.0,19.23,3593.0,19.00526982021986,-155.72519152363287,8.19654495278687,2.8
2004.0,5.0,18.0,1.0,14.0,33.39,3594.0,19.2784416711214,-155.76842316612095,15.93005172272806,2.6
2004.0,5.0,18.0,19.0,24.0,34.75,3595.0,19.80605916464372,-155.87548206160236,39.943268160955654,2.8
2004.0,5.0,18.0,19.0,52.0,20.68,3596.0,19.5743209401826,-154.99321602368573,30.06829813419368,4.5
2004.0,5.0,18.0,22.0,49.0,28.52,3597.0,19.569321977486897,-155.4452768816169,4.464253424809862,2.6
2004.0,5.0,27.0,15.0,10.0,42.48,3598.0,19.441292390483213,-155.60136930752816,36.34062658530309,2.5
2004.0,5.0,27.0,18.0,32.0,28.14,3599.0,19.964040185459176,-155.750764766674,6.341148539609865,3.2
2004.0,5.0,31.0,18.0,5.0,25.33,3600.0,19.483704295295738,-155.10430745917444,19.33562611522831,3.1
2004.0,6.0,5.0,22.0,36.0,34.79,3601.0,19.52625257352321,-155.88964873819685,8.036620308628217,2.7
2004.0,6.0,12.0,14.0,33.0,39.27,3603.0,19.89335222313576,-155.3751378727992,34.043707248310454,2.9
2004.0,6.0,28.0,4.0,15.0,23.18,3605.0,19.04451700130372,-155.69459560044984,42.24891865134901,2.5
2004.0,7.0,1.0,17.0,43.0,25.46,3606.0,20.08510186634904,-155.66334405690372,43.46983990623733,2.6
2004.0,7.0,12.0,21.0,1.0,7.92,3607.0,19.73198560191144,-155.28465770936768,36.674217666046474,2.7
2004.0,7.0,14.0,4.0,54.0,43.67,3608.0,19.28915070584195,-155.43512916248545,37.07374951608318,3.0
2004.0,7.0,19.0,18.0,29.0,54.16,3609.0,19.2813333499972,-155.3937297386786,20.45436062593024,4.9
2004.0,7.0,20.0,13.0,41.0,41.54,3610.0,19.620401978644114,-155.49891824360913,29.488476502599745,2.6
2004.0,7.0,21.0,23.0,47.0,17.47,3611.0,19.666567337729045,-155.66533971216765,32.520193389020875,2.8
2004.0,7.0,30.0,6.0,8.0,30.35,3612.0,19.66845286147121,-155.94888687860615,11.308659899749223,2.5
2004.0,8.0,10.0,0.0,43.0,12.99,3614.0,19.395701910628627,-155.41506487887733,7.492876796701406,2.5
2004.0,8.0,14.0,5.0,56.0,28.16,3615.0,19.81691541802831,-155.95759557476362,34.39189776957171,2.8
2004.0,8.0,17.0,11.0,1.0,32.22,3616.0,19.705281605418904,-155.2815330228112,15.188763295130208,2.8
2004.0,8.0,20.0,20.0,41.0,43.29,3617.0,19.489408449810995,-155.23976972832511,10.577473981483786,2.5
2004.0,8.0,24.0,10.0,34.0,38.24,3618.0,19.394821644150177,-155.02012924740615,30.43327248729566,2.5
2004.0,8.0,31.0,15.0,2.0,40.32,3619.0,19.782928026074487,-155.11138909052482,17.927638476899784,3.0
2004.0,9.0,17.0,7.0,52.0,25.34,3620.0,19.33586496121888,-155.8269906918607,34.394242861332344,2.6
2004.0,9.0,27.0,21.0,1.0,40.11,3621.0,19.532522292052377,-155.5809631605512,29.87940545449906,4.0
2004.0,10.0,5.0,10.0,13.0,0.04,3622.0,19.961358615895826,-155.39966337864158,7.673058858772082,2.6
2004.0,10.0,21.0,7.0,18.0,48.65,3623.0,19.69648672856436,-155.84019959078725,43.7106540278304,2.6
2004.0,10.0,24.0,20.0,27.0,33.59,3624.0,19.255934645482,-155.88297893007572,4.211839785481752,3.8
2004.0,10.0,28.0,12.0,24.0,36.72,3625.0,19.49681950971808,-155.10399238820557,17.685151288961436,2.8
2004.0,10.0,29.0,0.0,19.0,9.6,3626.0,19.64807548916554,-155.93702657261082,37.8744365364458,3.1
2004.0,10.0,31.0,2.0,48.0,34.98,3627.0,19.03885303077733,-155.79244825510546,24.51732644967506,2.8
2004.0,11.0,5.0,23.0,44.0,13.72,3628.0,19.707429287583807,-155.48088071319455,10.831595656924907,4.0
2004.0,11.0,16.0,13.0,42.0,58.67,3629.0,19.73123291372704,-155.75605513138214,8.933716758223795,3.7
2004.0,11.0,17.0,7.0,24.0,17.16,3630.0,19.20064153822706,-155.66441324834688,23.327271522334,2.6
2004.0,11.0,22.0,12.0,54.0,39.35,3631.0,19.4241483021151,-155.11881925912087,31.55941498449125,2.5
2004.0,11.0,29.0,12.0,21.0,8.18,3632.0,19.323758671105235,-155.42636272752054,29.96880211596921,2.9
2004.0,12.0,5.0,9.0,41.0,36.57,3633.0,19.778192652902547,-155.6058916602977,2.841073181054012,3.7
2004.0,12.0,6.0,10.0,39.0,47.54,3634.0,20.075526438371888,-155.73436952008154,16.22520184935388,2.8
2004.0,12.0,21.0,6.0,46.0,25.06,3635.0,19.3490995361998,-155.35034303992552,16.312157858689357,2.5
2004.0,12.0,22.0,11.0,4.0,22.18,3636.0,19.901007844474133,-155.60805843318374,11.747260617407044,4.2
2004.0,12.0,24.0,0.0,24.0,35.17,3637.0,19.4593988598112,-155.0906906269528,14.335174199612236,2.9
2004.0,12.0,27.0,22.0,9.0,6.9,3639.0,19.31937918442179,-155.62312682387372,6.01347566071027,3.1
2004.0,12.0,29.0,15.0,12.0,20.12,3640.0,19.23357947213301,-155.50229589067456,39.429260431018385,3.2
2005.0,1.0,12.0,9.0,5.0,28.22,3641.0,19.527661191358632,-155.92341561183937,28.132462675286146,2.7
2005.0,2.0,7.0,7.0,37.0,19.73,3643.0,19.44527802442664,-154.94858884837888,6.657554063656647,2.5
2005.0,2.0,12.0,7.0,11.0,38.48,3644.0,20.10740916920611,-155.7369951998131,1.8997084551383692,3.0
2005.0,3.0,2.0,2.0,21.0,43.43,3647.0,19.719140414234904,-155.10333186935898,38.44928381208311,2.6
2005.0,3.0,7.0,15.0,50.0,33.34,3648.0,19.35929562746938,-155.09079385718388,37.28808680932878,2.8
2005.0,3.0,10.0,12.0,17.0,46.69,3649.0,19.699233465932352,-155.94582395492014,20.452948760483064,2.7
2005.0,3.0,18.0,22.0,38.0,58.04,3650.0,19.87961241715586,-155.90678691027273,26.254345488827028,4.4
2005.0,3.0,19.0,1.0,58.0,51.58,3651.0,19.63727778042448,-155.26057343962682,28.983176843072762,2.5
2005.0,4.0,2.0,7.0,18.0,44.04,3652.0,19.843934528977933,-155.10174522375982,3.5997758811374356,2.5
2005.0,4.0,12.0,7.0,16.0,39.88,3653.0,19.428391142611453,-154.9857537946264,21.99021643290726,2.6
2005.0,4.0,18.0,12.0,6.0,53.41,3654.0,19.35356339392444,-155.4569474851727,27.100388073168133,4.1
2005.0,4.0,18.0,15.0,33.0,55.19,3655.0,19.75751389867194,-155.79349503502888,25.3635772918744,3.9
2005.0,4.0,22.0,16.0,4.0,19.57,3656.0,20.06056261435264,-155.78070785764197,36.67502527283547,2.5
2005.0,4.0,23.0,4.0,28.0,47.18,3657.0,19.349544438062733,-155.83104320186948,23.47456648341983,2.6
2005.0,4.0,25.0,18.0,20.0,9.55,3658.0,19.96298774171305,-155.63186589222835,13.377717498936802,2.5
2005.0,5.0,4.0,7.0,3.0,54.21,3659.0,19.52762350036687,-155.26770243442863,34.947632407608985,2.9
2005.0,5.0,4.0,10.0,40.0,51.61,3660.0,19.783406440829857,-155.96929981227396,4.899238118171679,2.6
2005.0,5.0,5.0,19.0,10.0,37.03,3661.0,19.262818333837394,-155.39637629017386,44.71354051352494,2.5
2005.0,5.0,11.0,0.0,53.0,19.75,3663.0,19.518445894954723,-154.82722535861114,10.601344750037695,2.7
2005.0,5.0,18.0,0.0,41.0,7.65,3664.0,19.36698640531643,-155.55296491814076,36.36349657541765,2.6
2005.0,5.0,19.0,15.0,41.0,10.22,3665.0,18.981846205837627,-155.64842583427003,3.5636744347217433,2.8
2005.0,5.0,26.0,12.0,0.0,23.38,3666.0,19.3006949221208,-155.1982208331999,32.42248035920781,3.0
2005.0,6.0,10.0,11.0,6.0,59.65,3669.0,19.638133560419707,-155.0512627727619,34.6914406375829,2.8
2005.0,6.0,21.0,16.0,36.0,56.58,3670.0,19.04558326558802,-155.83259831526348,2.4472619887861917,3.1
2005.0,6.0,24.0,9.0,14.0,16.28,3671.0,19.473931473263097,-154.94593582727242,19.84280407429172,2.8
2005.0,7.0,12.0,17.0,43.0,38.24,3673.0,19.459926726647787,-155.57342756057128,19.55940467340338,2.5
2005.0,7.0,18.0,4.0,15.0,50.07,3674.0,19.54000811077155,-155.70215530412247,6.964559358426529,2.5
2005.0,7.0,18.0,18.0,42.0,21.78,3675.0,19.71995031409863,-155.65490237136703,16.549215655405145,2.7
2005.0,7.0,22.0,12.0,31.0,23.27,3676.0,19.684474359726394,-155.18410946732826,44.952475266091994,2.7
2005.0,8.0,4.0,4.0,10.0,34.99,3677.0,19.59236773239876,-155.4397410734521,24.906924993566818,2.6
2005.0,8.0,4.0,11.0,39.0,48.33,3678.0,19.68747335522412,-155.87597572958853,17.980607531542105,2.7
2005.0,8.0,6.0,19.0,14.0,12.54,3680.0,19.4754830147378,-155.5206069526653,23.697173818648565,5.0
2005.0,8.0,19.0,14.0,34.0,56.03,3682.0,19.344227486131,-155.41110856017295,33.4684260535539,2.5
2005.0,8.0,20.0,15.0,12.0,51.93,3683.0,19.46270207480026,-154.99122236173255,37.69377629421477,3.2
2005.0,9.0,8.0,16.0,58.0,37.09,3685.0,20.150344577758823,-155.78223431967982,22.816303087622583,2.6
2005.0,9.0,15.0,20.0,1.0,21.56,3686.0,19.6734714866884,-155.16055580381382,5.035955828732204,2.7
2005.0,9.0,16.0,5.0,52.0,38.43,3687.0,19.6484949024707,-155.3688069557766,31.241810717407045,2.5
2005.0,9.0,18.0,11.0,47.0,10.1,3688.0,19.53346469331989,-155.62039476455044,21.70109902762581,3.0
2005.0,9.0,21.0,15.0,10.0,42.12,3689.0,19.03195941333949,-155.7317894707186,8.497953063854151,2.6
2005.0,9.0,26.0,12.0,47.0,14.79,3690.0,19.19463863830484,-155.8257219562749,14.043058451032149,2.7
2005.0,9.0,29.0,1.0,45.0,26.38,3691.0,20.195388452506908,-155.72489836351187,26.371500946839678,2.6
2005.0,10.0,2.0,20.0,4.0,1.43,3692.0,19.421201915490123,-155.3487719783198,26.578316326296218,3.4
2005.0,10.0,9.0,13.0,15.0,27.18,3694.0,19.494476750421224,-155.70041147957002,26.4108304005714,2.6
2005.0,10.0,13.0,22.0,48.0,40.85,3695.0,19.55969578667414,-155.36446269558533,4.885642396563511,3.2
2005.0,10.0,14.0,13.0,25.0,23.11,3696.0,20.05199343315658,-155.3833389508267,26.286314927833214,2.6
2005.0,10.0,22.0,22.0,25.0,16.99,3697.0,19.50200114466621,-155.94504187459032,11.07361970371686,2.6
2005.0,10.0,24.0,11.0,26.0,14.95,3698.0,19.253785807582364,-155.4688403080316,38.77606785668048,3.3
2005.0,10.0,27.0,19.0,48.0,46.38,3699.0,20.183179195816702,-155.69926210894005,36.77249994675007,3.0
2005.0,10.0,30.0,2.0,42.0,36.78,3700.0,19.815388581172552,-155.73727808950102,20.32163688531034,3.0
2005.0,11.0,4.0,13.0,44.0,37.86,3701.0,19.62337789365946,-155.20870712823535,42.765351780512894,2.6
2005.0,11.0,22.0,18.0,28.0,46.56,3703.0,19.958602140680178,-155.16823085941718,31.92190350088456,2.6
2005.0,12.0,11.0,1.0,42.0,42.87,3706.0,19.01801192744391,-155.7316862949479,5.267452379518497,2.5
2005.0,12.0,18.0,1.0,14.0,54.19,3707.0,19.720189994135914,-155.50669294350865,24.40600822338012,2.5
2005.0,12.0,20.0,17.0,8.0,58.86,3708.0,19.772643366866365,-155.1436428246355,9.71781658707554,2.7
2005.0,12.0,24.0,18.0,12.0,16.56,3709.0,19.8229239410139,-155.96984869573078,18.13843433456157,2.5
2005.0,12.0,28.0,5.0,25.0,44.46,3710.0,19.112715310866182,-155.7039836980235,3.7567820146296986,2.5
2005.0,12.0,30.0,4.0,18.0,35.81,3711.0,20.00635220560496,-155.37182424101576,10.657834849616489,2.7
2006.0,1.0,2.0,3.0,58.0,43.52,3712.0,19.43065347617677,-155.30073240926072,44.642982661577435,2.7
2006.0,1.0,8.0,18.0,34.0,9.71,3713.0,19.756090591079897,-155.1582026511322,27.86746021168126,2.8
2006.0,1.0,15.0,18.0,1.0,4.55,3714.0,19.52756311588254,-155.67469147218094,33.82501861439352,3.6
2006.0,1.0,20.0,22.0,36.0,42.81,3715.0,19.04798219930616,-155.68997644090754,9.348688809495382,3.3
2006.0,1.0,21.0,8.0,35.0,54.32,3716.0,19.127619404139548,-155.58948268032768,27.44335159853729,2.5
2006.0,1.0,26.0,2.0,32.0,33.22,3717.0,19.75200309296368,-155.96482773447855,24.003721690957477,2.9
2006.0,1.0,26.0,4.0,30.0,6.27,3718.0,20.008917012923565,-155.45744166452155,30.94632957071933,2.6
2006.0,1.0,27.0,17.0,11.0,18.06,3719.0,19.69592171092568,-154.97750226522228,32.76070918697464,3.1
2006.0,2.0,8.0,9.0,7.0,16.95,3721.0,19.25757700697142,-155.4004346680417,34.720037053758006,2.5
2006.0,2.0,10.0,8.0,6.0,41.48,3722.0,19.950852964650064,-155.23849589078088,34.23672095640556,2.5
2006.0,2.0,19.0,8.0,22.0,21.19,3723.0,19.96737088279968,-155.2117338363078,11.589318312063376,2.6
2006.0,2.0,20.0,20.0,27.0,13.45,3724.0,19.5763201161522,-155.59800246801947,21.381046159574964,3.1
2006.0,3.0,6.0,12.0,25.0,16.44,3725.0,19.46177235592216,-154.9971300253806,20.4025754605174,2.5
2006.0,3.0,6.0,18.0,21.0,8.33,3726.0,19.92014273678001,-155.60001641082172,33.901781144320765,3.0
2006.0,3.0,11.0,23.0,26.0,4.45,3727.0,19.193821449381428,-155.54294107811052,40.309563913659666,2.6
2006.0,3.0,13.0,18.0,1.0,46.44,3728.0,19.1617618319265,-155.5369758226941,5.189350866367962,3.2
2006.0,3.0,17.0,15.0,27.0,48.99,3729.0,19.300942208551344,-155.82561114122385,15.558880220477423,2.9
2006.0,3.0,18.0,7.0,30.0,26.16,3730.0,19.712578970488355,-155.53389311308015,35.11787314789071,3.8
2006.0,3.0,28.0,4.0,5.0,24.29,3731.0,19.17897451726829,-155.60784297272917,23.66430582907173,3.2
2006.0,3.0,29.0,9.0,27.0,56.21,3732.0,19.83643751098144,-155.24768146127866,16.943814915440818,3.2
2006.0,4.0,3.0,20.0,15.0,25.48,3733.0,19.430300728375062,-155.3990494726118,11.36205210414278,2.8
2006.0,4.0,16.0,23.0,37.0,25.91,3735.0,19.026619712544782,-155.69686756680778,26.698314752432733,3.3
2006.0,4.0,18.0,1.0,4.0,56.09,3736.0,19.112291579133867,-155.7728383250759,1.4129451883525443,2.8
2006.0,4.0,18.0,21.0,58.0,31.11,3737.0,19.601590171632743,-155.85033671194236,38.635244647544596,2.6
2006.0,4.0,22.0,9.0,10.0,22.24,3738.0,19.069927596193068,-155.7540724175814,18.176534936162675,3.9
2006.0,4.0,30.0,6.0,5.0,35.45,3739.0,19.232003144285127,-155.73797762277349,8.877089584666592,3.1
2006.0,5.0,9.0,14.0,29.0,26.17,3740.0,20.0656516333022,-155.74916089188125,36.544145231371644,3.0
2006.0,5.0,9.0,20.0,34.0,10.82,3741.0,19.68664624296031,-155.9144467697586,19.038662213660405,2.6
2006.0,5.0,12.0,16.0,21.0,15.84,3742.0,20.036546241632536,-155.539347393618,26.330808837540225,3.8
2006.0,5.0,14.0,15.0,16.0,42.38,3743.0,19.746554308540805,-155.7959053304744,41.33401238305971,2.5
2006.0,5.0,19.0,7.0,21.0,26.4,3744.0,19.107287364027453,-155.84959286867095,26.578389682718875,2.9
2006.0,5.0,22.0,11.0,37.0,4.4,3745.0,19.705065181999,-155.87315967464792,13.076603039661807,2.7
2006.0,5.0,23.0,17.0,18.0,43.49,3746.0,19.638532986184494,-155.89894362303818,34.647979426777994,2.6
2006.0,5.0,26.0,0.0,20.0,39.02,3747.0,18.983174370406072,-155.64294010912403,1.4727152866031243,2.5
2006.0,6.0,3.0,12.0,2.0,11.96,3748.0,19.46250777556637,-154.97886023664887,11.1457093928833,2.8
2006.0,6.0,15.0,22.0,45.0,11.96,3750.0,19.94720829171834,-155.17313144321454,43.4873448405092,3.5
2006.0,6.0,17.0,19.0,26.0,21.48,3751.0,19.70383380825869,-155.0200653306102,9.681220304217412,2.5
2006.0,6.0,19.0,22.0,16.0,30.69,3752.0,19.300963863663807,-155.64597660477557,30.159312079089865,2.8
2006.0,7.0,1.0,23.0,2.0,33.8,3753.0,19.27608418737925,-155.1807088061582,19.694106459744333,3.3
2006.0,7.0,5.0,8.0,30.0,41.95,3754.0,19.119571253002825,-155.60063965831878,10.740774096564335,2.9
2006.0,7.0,19.0,7.0,4.0,37.88,3755.0,19.26598026008987,-155.47193321574707,11.313741965546166,2.7
2006.0,7.0,30.0,18.0,45.0,42.22,3757.0,19.352233588154547,-155.03706735106525,2.0415179834126786,2.8
2006.0,8.0,1.0,11.0,56.0,13.55,3758.0,19.34813440480938,-155.18538166673403,24.082357579108514,4.0
2006.0,8.0,2.0,6.0,42.0,32.45,3759.0,19.3245204357559,-155.30430296369846,42.08993571377183,3.6
2006.0,8.0,3.0,0.0,39.0,55.01,3760.0,20.005123087250176,-155.5822461940358,18.805693490015255,3.5
2006.0,8.0,6.0,3.0,57.0,39.18,3761.0,19.64448469410206,-155.8760253373122,38.27666844013981,2.5
2006.0,8.0,13.0,1.0,46.0,15.08,3762.0,19.382557992633544,-155.5970916093803,40.90090188005039,2.5
2006.0,8.0,17.0,2.0,32.0,46.87,3763.0,19.60151771572841,-155.37207577964244,26.204190910674008,2.5
2006.0,9.0,4.0,12.0,32.0,47.56,3764.0,20.15322875832528,-155.68255011499863,19.076336664917985,2.5
2006.0,9.0,25.0,22.0,21.0,54.96,3765.0,19.37182780977634,-155.40811187375732,43.180875164503185,3.2
2006.0,9.0,26.0,13.0,23.0,12.37,3766.0,19.635054420650768,-155.07031238031993,27.353530311622816,2.9
2006.0,9.0,26.0,15.0,48.0,43.99,3767.0,19.490244595037204,-155.37363455467445,31.480628172671892,2.7
2006.0,10.0,7.0,1.0,4.0,36.69,3768.0,19.616516976407457,-155.45221711519685,15.93696742476175,3.0
2006.0,10.0,10.0,2.0,45.0,49.68,3769.0,19.60749492887976,-155.791067164733,5.875927482013298,2.6
2006.0,10.0,13.0,3.0,49.0,36.78,3770.0,19.303573353617228,-155.19694453559714,32.266196465663214,3.0
2006.0,10.0,17.0,20.0,52.0,32.81,3771.0,19.29314613141273,-155.3005421993082,13.340145597683959,2.6
2006.0,10.0,26.0,15.0,9.0,18.45,3772.0,19.78156784999913,-155.52486375530046,43.90728992843897,3.1
2006.0,11.0,1.0,15.0,12.0,10.24,3773.0,20.1643648224841,-155.74331831270723,20.779380050561585,2.6
2006.0,11.0,9.0,1.0,17.0,2.93,3774.0,20.151730972910137,-155.71291058612704,9.038846556924229,3.5
2006.0,11.0,13.0,13.0,31.0,13.08,3775.0,19.17597889152131,-155.7593311071546,31.302385852960303,2.7
2006.0,11.0,27.0,12.0,39.0,47.58,3776.0,19.9433896422147,-155.49785787600266,3.091114488826117,2.6
2006.0,12.0,7.0,6.0,37.0,37.02,3777.0,19.673162142043545,-155.85733959764764,18.227934758717844,2.7
2006.0,12.0,10.0,0.0,28.0,59.03,3778.0,19.488952866295776,-155.63811692576854,22.16603440392952,2.7
2006.0,12.0,15.0,9.0,49.0,34.57,3779.0,19.326793109199887,-155.82047599906576,26.910290678267692,2.7
2006.0,12.0,19.0,7.0,41.0,38.28,3780.0,19.51887874334456,-155.5172910955144,34.52010637127004,3.0
2006.0,12.0,24.0,19.0,54.0,36.1,3781.0,19.90291271994053,-155.54934932950107,15.92315463352101,2.8
2006.0,12.0,29.0,4.0,9.0,52.7,3782.0,19.94996409566181,-155.43346500497265,42.47613474325098,2.8
2007.0,1.0,13.0,18.0,0.0,0.45,3783.0,19.139139211347207,-155.74314655949567,15.81454993938575,3.1
2007.0,2.0,7.0,1.0,31.0,6.04,3785.0,19.98962549278128,-155.77683337196467,36.14394184336607,2.7
2007.0,2.0,9.0,6.0,23.0,16.28,3786.0,19.3075171878346,-155.85221581474923,12.800271599914094,2.6
2007.0,2.0,16.0,7.0,34.0,18.78,3787.0,19.798465187808844,-155.90876221982947,11.18378154513179,2.9
2007.0,3.0,2.0,0.0,51.0,22.03,3789.0,19.437966975673906,-155.63871210280192,26.254277618658868,2.9
2007.0,3.0,5.0,16.0,9.0,31.74,3790.0,19.11465124988485,-155.72068885073352,30.08631961641217,2.8
2007.0,3.0,22.0,12.0,50.0,46.36,3791.0,19.559946516104432,-155.0476288359235,44.201243635290396,3.3
2007.0,3.0,28.0,15.0,5.0,6.21,3792.0,19.396220215463423,-155.54310609652973,4.081540085425825,2.6
2007.0,3.0,29.0,15.0,40.0,27.22,3793.0,19.4956724852028,-155.81464363132687,5.6148205828376945,2.5
2007.0,4.0,10.0,22.0,19.0,38.31,3795.0,19.50251277710437,-154.99386848871777,42.72923559807366,2.5
2007.0,4.0,14.0,22.0,19.0,36.97,3796.0,19.766794509757887,-155.81118026802966,32.578107302497244,2.9
2007.0,4.0,20.0,12.0,49.0,43.4,3797.0,19.948794514578,-155.32079582737674,27.51309423108104,3.2
2007.0,4.0,22.0,23.0,16.0,16.24,3798.0,19.297199775104826,-155.53160753565456,20.69975547947412,2.8
2007.0,4.0,27.0,5.0,43.0,34.34,3799.0,19.95821191128054,-155.73780787996935,28.701577228127082,2.5
2007.0,5.0,5.0,2.0,59.0,37.58,3800.0,19.395205128275183,-155.0201391023194,42.09536029147982,2.7
2007.0,5.0,5.0,23.0,23.0,20.61,3801.0,19.79462224215417,-155.49333743230662,25.2334400533148,2.5
2007.0,5.0,13.0,0.0,30.0,14.45,3802.0,20.081667711396943,-155.5834766165698,13.990816271409297,2.6
2007.0,5.0,16.0,13.0,34.0,49.83,3804.0,19.470918057231,-155.89499138750617,43.69883720811302,2.5
2007.0,5.0,22.0,11.0,46.0,37.73,3805.0,19.602393352655863,-155.01799001711336,11.19296536043595,2.6
2007.0,6.0,1.0,15.0,12.0,2.1,3807.0,19.31400671724564,-155.2121142563168,22.073484905037038,2.6
2007.0,6.0,9.0,5.0,25.0,3.97,3808.0,19.991555333257928,-155.30020617470856,21.20586004355352,2.9
2007.0,6.0,11.0,9.0,7.0,40.88,3809.0,19.2914913066793,-155.54082849973514,32.47292703716887,3.2
2007.0,6.0,12.0,12.0,7.0,54.0,3810.0,19.644471162910783,-155.92404981226326,38.788972790238546,2.8
2007.0,6.0,17.0,19.0,25.0,2.75,3811.0,19.463661395530107,-154.9331479411291,22.52845918301972,3.5
2007.0,6.0,26.0,14.0,9.0,59.88,3812.0,19.235093675686805,-155.8520521296156,3.171808350116628,3.6
2007.0,6.0,26.0,23.0,52.0,36.56,3813.0,19.565747779975208,-155.13774206525488,28.24927011815061,2.6
2007.0,6.0,29.0,4.0,39.0,55.78,3816.0,19.458132164386228,-155.41302221107497,22.58932786303573,2.8
2007.0,7.0,1.0,12.0,42.0,24.83,3817.0,19.92716268293625,-155.55168838586928,33.29651592145293,2.5
2007.0,7.0,12.0,11.0,32.0,22.15,3818.0,19.993168739139897,-155.70334710036823,4.893466888975297,2.8
2007.0,7.0,20.0,10.0,54.0,49.51,3819.0,19.55601153211252,-154.95975841218004,12.060899049505135,3.5
2007.0,7.0,20.0,13.0,50.0,4.2,3820.0,19.59998572569603,-155.26487216626933,33.56592931931729,2.8
2007.0,8.0,5.0,23.0,18.0,43.17,3821.0,20.060094328649388,-155.5482914271003,22.99526466895196,2.6
2007.0,8.0,6.0,0.0,11.0,56.55,3822.0,19.11186845018554,-155.75772251929777,43.95681757706035,3.5
2007.0,8.0,9.0,15.0,56.0,7.83,3823.0,19.277548450769736,-155.7305204922369,35.630085734332766,2.5
2007.0,8.0,11.0,5.0,22.0,41.93,3824.0,19.27512574717468,-155.83661116855086,35.07192262856158,4.3
2007.0,8.0,14.0,13.0,54.0,40.49,3825.0,19.533909478234488,-155.6318181625922,44.17451650226015,2.8
2007.0,8.0,17.0,2.0,31.0,36.18,3826.0,19.76724268461159,-155.09350241089163,30.688401829408264,3.5
2007.0,8.0,22.0,8.0,18.0,25.19,3827.0,19.692634239126207,-155.26591667940713,39.59350760067499,2.7
2007.0,9.0,5.0,4.0,45.0,17.91,3828.0,19.09557836012245,-155.7200702274979,10.094101789215772,2.6
2007.0,9.0,15.0,7.0,33.0,47.73,3829.0,20.06529149355047,-155.64446139717404,34.49562284825558,2.6
2007.0,9.0,17.0,17.0,1.0,43.27,3830.0,19.94679232682592,-155.40631452271475,32.146974464823714,2.6
2007.0,9.0,19.0,0.0,41.0,12.4,3831.0,19.898901667040043,-155.52909097953733,8.602109679647588,2.6
2007.0,9.0,19.0,21.0,35.0,34.87,3832.0,19.47097634693903,-155.89014835202332,25.92528246158856,2.5
2007.0,9.0,25.0,17.0,12.0,29.35,3833.0,19.504036571413987,-154.87160226065103,37.60643056993463,2.8
2007.0,9.0,28.0,23.0,19.0,57.36,3834.0,19.473770105414445,-155.64958809666243,34.371520109842486,2.7
2007.0,9.0,30.0,22.0,37.0,49.31,3835.0,19.812032788916767,-155.26534995483246,41.970427106386836,2.7
2007.0,10.0,7.0,12.0,20.0,0.41,3836.0,19.330204523062765,-155.84127228739777,32.50298817895649,2.7
2007.0,10.0,13.0,9.0,0.0,35.75,3837.0,19.624182002338507,-155.52481021526594,18.89363273329582,2.9
2007.0,10.0,15.0,10.0,15.0,21.29,3838.0,19.89363490651209,-155.68919598835072,3.793382266877336,4.2
2007.0,10.0,23.0,22.0,32.0,38.75,3839.0,19.533708314263382,-155.8915756781285,14.759909974762675,3.5
2007.0,10.0,28.0,8.0,51.0,48.25,3840.0,19.54027843093276,-155.18544763589898,34.474176132599304,2.5
2007.0,10.0,28.0,12.0,46.0,39.62,3841.0,19.65597027481131,-155.97719326255964,17.737208931676847,2.6
2007.0,10.0,29.0,12.0,7.0,26.97,3842.0,19.961953534620008,-155.725395999235,23.186577462087307,2.8
2007.0,11.0,2.0,19.0,31.0,55.84,3843.0,19.92847128681541,-155.8180505265951,40.37697937946965,2.6
2007.0,11.0,7.0,7.0,35.0,54.5,3844.0,19.39397896334081,-155.47017808188127,35.82883871325535,3.4
2007.0,11.0,8.0,10.0,30.0,59.52,3845.0,19.482899727017344,-154.93598705889588,28.607215239509486,3.3
2007.0,11.0,19.0,8.0,47.0,59.25,3846.0,19.54508464994564,-155.6212129051355,16.4408343785963,4.3
2007.0,11.0,20.0,7.0,33.0,0.08,3847.0,19.476719218132427,-154.83987064704826,29.12800826291095,2.8
2007.0,11.0,23.0,21.0,49.0,6.95,3848.0,19.63352228982851,-155.59555810364637,7.374541624937706,4.0
2007.0,12.0,14.0,3.0,54.0,37.49,3850.0,19.081727206415483,-155.8774427291724,17.823299522352375,2.6
2007.0,12.0,16.0,15.0,35.0,53.56,3851.0,19.57523797273037,-155.0385059804822,39.219739030748684,3.2
2007.0,12.0,18.0,18.0,51.0,57.79,3852.0,19.8984150193667,-155.39880093459453,21.999387245387783,2.7
2007.0,12.0,20.0,19.0,25.0,59.42,3853.0,19.534687540667004,-154.978103974293,20.799860553367726,3.1
2007.0,12.0,23.0,11.0,17.0,10.16,3854.0,19.679607415118184,-155.7421184198088,9.458656599023374,2.9
2007.0,12.0,26.0,0.0,16.0,56.61,3855.0,19.292730777901102,-155.82334452256435,16.244351600118787,3.2
2008.0,1.0,2.0,15.0,51.0,51.65,3856.0,19.038124293002568,-155.61640520719644,27.95052021697294,2.8
2008.0,1.0,12.0,15.0,7.0,17.71,3857.0,19.57242497012906,-155.01370547297253,41.29452401088206,3.7
2008.0,1.0,18.0,1.0,0.0,40.32,3858.0,19.208518538772417,-155.76169175060147,35.04824289350047,3.4
2008.0,1.0,29.0,18.0,5.0,17.92,3859.0,19.654711692924376,-155.31047104894992,34.02409607862286,3.1
2008.0,1.0,29.0,22.0,32.0,16.26,3860.0,19.76793137837974,-155.6372402931471,29.381429709916166,2.7
2008.0,1.0,30.0,15.0,16.0,48.23,3861.0,19.528510205205347,-154.8353124971184,14.66193572855069,2.7
2008.0,2.0,4.0,1.0,58.0,19.49,3862.0,19.39285202311382,-155.68071329694425,8.071923692403756,2.8
2008.0,2.0,14.0,11.0,16.0,41.94,3864.0,19.33631596728081,-155.0397062057694,35.766017733085334,3.7
2008.0,2.0,18.0,3.0,37.0,30.16,3865.0,19.431703698811106,-155.77731712455918,41.41181397511375,2.8
2008.0,2.0,27.0,17.0,20.0,25.91,3866.0,19.452078093015302,-155.87550079521918,31.267789742995888,2.6
2008.0,3.0,1.0,8.0,59.0,13.27,3867.0,19.60333071695498,-155.0299884352981,6.8320735315504475,2.5
2008.0,3.0,2.0,11.0,6.0,52.91,3868.0,19.706927571545112,-155.73680109410566,37.69905131710876,3.3
2008.0,3.0,6.0,7.0,47.0,10.62,3869.0,19.992483260202203,-155.4527150414709,14.698268259178477,2.6
2008.0,3.0,13.0,14.0,16.0,42.3,3871.0,19.60168868744704,-155.91772418854964,37.91054788797432,2.8
2008.0,3.0,22.0,19.0,37.0,19.67,3872.0,19.56098586797332,-154.8443079718098,15.619368741876592,3.4
2008.0,4.0,1.0,18.0,9.0,8.33,3873.0,19.625143299742312,-155.0986434702276,24.763622003445246,3.0
2008.0,4.0,2.0,4.0,2.0,58.03,3874.0,19.672487563651707,-155.87269116840798,41.30780325506494,2.5
2008.0,4.0,12.0,3.0,47.0,42.45,3875.0,19.881526484524965,-155.32129736355668,28.41536511752206,2.6
2008.0,4.0,20.0,17.0,40.0,36.85,3876.0,19.407454468795805,-155.7215618725736,36.96218336723511,2.7
2008.0,4.0,23.0,0.0,51.0,1.42,3877.0,19.491179471412,-155.84533077863597,42.80596863877006,3.5
2008.0,4.0,23.0,2.0,4.0,26.44,3878.0,19.334972901707992,-155.211106406756,29.410975728560597,2.8
2008.0,4.0,27.0,8.0,51.0,48.7,3879.0,19.3869074640161,-155.77434678333273,17.403980071422655,3.1
2008.0,5.0,3.0,22.0,0.0,13.64,3880.0,19.64970340398848,-155.38716095318568,29.07145710038226,3.0
2008.0,5.0,3.0,23.0,57.0,1.38,3881.0,19.023331270803443,-155.8440975551661,32.83255014283028,3.1
2008.0,5.0,11.0,16.0,34.0,43.58,3882.0,19.99185191270709,-155.46300417377049,22.325131170841452,2.7
2008.0,5.0,12.0,17.0,8.0,2.0,3883.0,19.25871825569196,-155.31691462928876,27.294004455855507,3.0
2008.0,5.0,13.0,18.0,41.0,45.46,3884.0,19.24566648451352,-155.27753319639606,16.327080188856897,4.0
2008.0,5.0,14.0,10.0,32.0,56.56,3885.0,19.28248747420705,-155.5974781412225,35.64949303497893,2.9
2008.0,5.0,15.0,22.0,58.0,19.44,3886.0,19.26025213159723,-155.59613809188764,39.869270337526075,2.5
2008.0,5.0,18.0,11.0,35.0,5.33,3887.0,19.578128597489293,-155.62785892525568,10.193711737663104,2.5
2008.0,6.0,2.0,15.0,22.0,48.01,3888.0,19.843917961344992,-155.39931959552925,20.166907964445173,3.3
2008.0,6.0,4.0,5.0,21.0,2.04,3889.0,19.622388972848547,-155.82856794695496,40.885010661597114,3.1
2008.0,6.0,13.0,14.0,28.0,15.21,3890.0,19.46277992253286,-155.83124766488183,14.634938141806233,2.5
2008.0,6.0,15.0,13.0,35.0,44.33,3891.0,19.525167499366905,-154.8400791232352,6.096503743329729,2.8
2008.0,7.0,13.0,12.0,59.0,19.95,3893.0,19.410745556609275,-155.50157515682187,4.966241940567727,2.9
2008.0,7.0,15.0,11.0,16.0,36.28,3894.0,19.81786602371681,-155.22597105069698,44.3614393966379,2.6
2008.0,7.0,16.0,16.0,33.0,36.14,3895.0,19.362498600982367,-155.84815168417109,37.4848365518996,2.9
2008.0,7.0,19.0,18.0,58.0,37.5,3896.0,19.775021039037632,-155.7085449383762,43.10388757746288,2.5
2008.0,7.0,30.0,20.0,1.0,51.43,3897.0,19.248193357500583,-155.31188556763792,40.29067137900414,2.5
2008.0,8.0,4.0,1.0,18.0,39.26,3899.0,19.235257582267888,-155.76239438677564,19.223335664969067,2.6
2008.0,8.0,7.0,10.0,25.0,12.51,3900.0,19.06560983728536,-155.8341825654622,20.370371125383624,2.7
2008.0,8.0,11.0,11.0,28.0,53.04,3901.0,19.21354230241082,-155.4288726278893,31.381108529778054,5.1
2008.0,8.0,28.0,21.0,54.0,45.33,3903.0,19.55090922326194,-155.9566328034253,37.75186811547814,3.3
2008.0,9.0,8.0,20.0,34.0,24.51,3904.0,20.10676561377925,-155.76556893165653,5.8916010152721,3.7
2008.0,9.0,15.0,13.0,12.0,50.09,3905.0,19.77883405219849,-155.67827606995627,34.911345076425114,2.9
2008.0,9.0,21.0,7.0,1.0,11.01,3906.0,19.49518693074592,-154.81630186532956,40.807669565829826,2.8
2008.0,9.0,26.0,5.0,21.0,49.82,3907.0,19.17170672518633,-155.49694774510962,31.07020500016133,2.5
2008.0,9.0,27.0,6.0,2.0,57.82,3908.0,19.78024353382028,-155.42409817613384,35.142186516951256,2.8
2008.0,9.0,27.0,18.0,52.0,41.18,3909.0,19.933796545572328,-155.83264426350212,27.146349922706758,3.5
2008.0,9.0,29.0,19.0,51.0,5.91,3910.0,20.14176334411088,-155.7351048760375,16.827256342581645,3.0
2008.0,10.0,3.0,18.0,1.0,10.77,3911.0,19.919294569515667,-155.34450205250266,30.456881477793118,2.7
2008.0,10.0,4.0,8.0,47.0,6.64,3912.0,19.6517054686097,-155.97472482659987,40.54029546524406,2.9
2008.0,10.0,9.0,9.0,7.0,25.3,3913.0,19.302240467562207,-155.57334853566795,37.7923335741648,2.6
2008.0,11.0,6.0,11.0,45.0,52.11,3915.0,19.453182369292712,-154.93547369919813,29.47002140904114,2.5
2008.0,11.0,26.0,16.0,59.0,4.77,3916.0,19.390711709628505,-155.4462278411613,38.832917970980084,2.8
2008.0,12.0,2.0,16.0,12.0,37.63,3917.0,19.26306924688196,-155.46646676210204,1.7448579956431693,2.8
2008.0,12.0,4.0,1.0,24.0,57.49,3918.0,19.53186782418684,-155.75571564269788,13.701655989101939,3.3
2008.0,12.0,14.0,19.0,56.0,52.68,3919.0,19.920724036597164,-155.71482709620076,44.05249529251424,2.7
2008.0,12.0,15.0,23.0,1.0,34.01,3920.0,19.63718534834493,-155.5507387420926,29.571244571168947,2.9
2008.0,12.0,18.0,21.0,57.0,36.32,3921.0,19.332516022994795,-155.22590340958322,18.53670311240925,2.6
2008.0,12.0,30.0,1.0,58.0,35.84,3922.0,19.8981536623603,-155.89671488155545,23.21416431644724,3.1
2009.0,1.0,16.0,12.0,20.0,57.62,3924.0,19.770517195010783,-155.43670159145626,44.96102981381468,3.6
2009.0,1.0,23.0,12.0,29.0,3.77,3925.0,19.798373840725024,-155.6660663026762,2.71778127540049,2.5
2009.0,1.0,25.0,18.0,36.0,53.84,3926.0,19.890336200582507,-155.71260789590656,17.04370818509439,2.8
2009.0,1.0,30.0,2.0,28.0,28.03,3927.0,19.40417012310862,-154.96788921675343,20.963669075687285,2.8
2009.0,2.0,10.0,12.0,36.0,5.1,3930.0,19.394504156316124,-155.2147080779243,15.914963079017333,4.5
2009.0,2.0,18.0,18.0,51.0,51.22,3931.0,19.342347182900383,-155.42482567393375,9.711960477448525,3.2
2009.0,3.0,6.0,15.0,10.0,34.69,3932.0,19.45617918687291,-155.25474287380396,32.88019870353233,3.3
2009.0,3.0,6.0,22.0,21.0,48.46,3933.0,18.989353279254363,-155.6529799313645,42.58058337684584,2.5
2009.0,3.0,9.0,13.0,0.0,43.15,3934.0,19.041449017453417,-155.85764335779575,43.53967828480036,2.6
2009.0,3.0,10.0,10.0,7.0,35.61,3935.0,19.581860663633226,-155.44779059818356,11.063179644714582,3.4
2009.0,3.0,18.0,9.0,13.0,7.99,3939.0,19.49476889027738,-154.84395267011317,37.09249300923515,3.2
2009.0,3.0,31.0,4.0,26.0,0.24,3940.0,19.24736837336052,-155.45792113094143,4.918675370538432,3.3
2009.0,4.0,11.0,11.0,21.0,51.85,3942.0,20.02385848184204,-155.73887125016952,34.03795421346546,4.1
2009.0,4.0,13.0,10.0,37.0,0.8,3943.0,19.334513701627383,-155.7388901291904,34.6826196689571,2.7
2009.0,4.0,17.0,3.0,12.0,52.0,3944.0,18.968259926070072,-155.63950048749393,24.421168232761694,2.9
2009.0,4.0,22.0,2.0,12.0,46.54,3945.0,19.333614039359723,-155.4551376376525,25.588533515669084,2.8
2009.0,4.0,22.0,17.0,32.0,11.88,3946.0,19.556962102315428,-155.59669681805568,33.356563617877214,3.1
2009.0,4.0,23.0,15.0,5.0,0.62,3947.0,20.21576915555195,-155.78684569606764,5.481933136353488,2.9
2009.0,5.0,4.0,4.0,4.0,48.89,3948.0,20.0997446118284,-155.7230769692982,10.005727473986255,2.5
2009.0,5.0,17.0,5.0,18.0,21.59,3949.0,20.164394977253323,-155.793547199372,5.969302305332052,2.8
2009.0,5.0,29.0,13.0,39.0,44.75,3952.0,19.36865060517309,-155.6737411399049,12.400107938277884,2.7
2009.0,6.0,10.0,6.0,26.0,55.26,3953.0,19.511428904869742,-155.6498261076253,21.70424850436582,2.6
2009.0,6.0,11.0,22.0,27.0,59.42,3954.0,19.20764330176937,-155.64850797706484,36.91268498534684,3.1
2009.0,6.0,22.0,20.0,59.0,37.64,3955.0,19.1673258328012,-155.78789100141748,2.7891319937891805,2.6
2009.0,7.0,1.0,23.0,14.0,15.15,3957.0,19.42706625260729,-155.04400088526194,9.583168479466323,2.9
2009.0,7.0,19.0,3.0,38.0,15.26,3958.0,19.55147371946677,-154.9325070402392,28.05731690065932,2.5
2009.0,7.0,22.0,22.0,52.0,9.53,3959.0,19.47159267792908,-155.69607583506468,42.94662914987243,3.4
2009.0,7.0,28.0,12.0,50.0,2.4,3960.0,19.78137209173197,-155.80923308366428,39.94507996258255,3.0
2009.0,7.0,30.0,2.0,50.0,28.29,3961.0,19.601691206650585,-154.95611146681335,21.357296008365935,2.9
2009.0,7.0,31.0,22.0,58.0,33.03,3962.0,19.10357729584332,-155.76875751523818,44.55042183013405,2.5
2009.0,8.0,20.0,15.0,21.0,47.94,3963.0,19.866454363707817,-155.40822609059933,6.682985325417055,2.5
2009.0,8.0,31.0,6.0,8.0,51.38,3964.0,19.96381386873603,-155.8479568509606,16.054873593045546,2.6
2009.0,9.0,1.0,15.0,11.0,42.87,3965.0,19.44906749627893,-155.01261813883397,27.673070687527087,3.0
2009.0,9.0,13.0,17.0,46.0,15.32,3966.0,19.45348463272783,-155.07275762287253,17.448398220290844,3.1
2009.0,9.0,23.0,16.0,54.0,42.26,3967.0,19.465607623120512,-155.51891438561162,6.013499248868637,3.3
2009.0,9.0,28.0,7.0,16.0,30.24,3968.0,19.35439289655999,-155.49910449866618,30.902332583379163,2.8
2009.0,10.0,3.0,7.0,48.0,41.98,3969.0,19.9368091200858,-155.3091238249947,9.895132315085466,3.6
2009.0,10.0,8.0,10.0,18.0,1.48,3970.0,19.59364650730286,-155.69903648174443,17.69328819880528,2.8
2009.0,10.0,11.0,18.0,41.0,29.53,3971.0,19.39684473516179,-155.690717326215,40.704333638355365,3.2
2009.0,10.0,17.0,8.0,10.0,22.67,3972.0,19.79069727954466,-155.71238443586014,44.67684837791554,2.5
2009.0,10.0,20.0,5.0,53.0,0.15,3973.0,19.873149387962016,-155.1033508572054,24.558257517317394,2.7
2009.0,10.0,21.0,0.0,35.0,48.98,3974.0,19.89721200347934,-155.61112162755387,40.45278386544193,2.6
2009.0,11.0,4.0,7.0,56.0,33.19,3975.0,19.528724646624298,-155.4811793830085,26.09349943597668,3.2
2009.0,11.0,8.0,3.0,35.0,8.57,3976.0,19.14041559304169,-155.79265059972423,26.959052590705454,2.7
2009.0,11.0,11.0,19.0,58.0,39.42,3977.0,19.72062174086356,-155.1673022903421,38.25041194631995,2.8
2009.0,11.0,19.0,9.0,31.0,54.87,3978.0,20.020005390768937,-155.7864472013894,13.605578519741107,2.8
2009.0,12.0,10.0,1.0,41.0,40.94,3979.0,19.936581495776284,-155.42460436525033,38.762218559313304,2.7
2009.0,12.0,22.0,21.0,0.0,9.5,3981.0,19.837603311239505,-155.5877334252437,36.580758512167606,2.7
2009.0,12.0,24.0,1.0,24.0,48.26,3982.0,19.549789659814945,-154.82976428008925,4.33483476558604,3.3
2009.0,12.0,24.0,1.0,52.0,26.6,3983.0,19.39599087810184,-155.1777892596718,40.81559144746009,3.0
2009.0,12.0,26.0,13.0,51.0,1.64,3984.0,19.47914322029253,-155.69741547469934,11.870741161023084,2.5
2010.0,1.0,6.0,11.0,20.0,30.71,3985.0,19.88431923802369,-155.4338004466932,15.990885301899683,2.6
2010.0,1.0,7.0,2.0,20.0,0.75,3986.0,19.881428609689824,-155.233825803023,34.55410762484592,2.6
2010.0,1.0,15.0,11.0,43.0,7.02,3987.0,20.09521155546629,-155.6848854263812,4.065230745859761,3.0
2010.0,1.0,24.0,8.0,42.0,39.13,3989.0,19.69492848695862,-155.19286271459407,18.570084443654153,4.3
2010.0,1.0,27.0,15.0,51.0,57.31,3990.0,19.67945514138836,-155.53107477977943,32.122549652320814,2.5
2010.0,2.0,5.0,6.0,51.0,21.56,3993.0,19.599126842790337,-155.1624015805132,4.839338260277315,3.0
2010.0,2.0,6.0,15.0,26.0,32.74,3994.0,19.38290713611412,-155.35447976141415,24.27947431986386,4.4
2010.0,2.0,8.0,16.0,0.0,32.32,3995.0,19.98049652881573,-155.50015552455153,41.04386918862942,3.7
2010.0,2.0,11.0,9.0,14.0,35.75,3996.0,19.20916564591642,-155.4700084538942,15.85457328708232,3.4
2010.0,2.0,12.0,20.0,7.0,25.86,3997.0,19.75346047010312,-155.6590489754795,34.51363871289516,2.5
2010.0,3.0,3.0,8.0,0.0,7.3,3998.0,19.443518566798023,-154.86166291084018,19.52853841079109,2.5
2010.0,3.0,9.0,3.0,35.0,51.56,3999.0,19.212839654025867,-155.6940597947348,17.804542738559583,2.5
2010.0,3.0,9.0,21.0,58.0,26.01,4000.0,19.217952792600773,-155.58772263964667,44.052085494698744,2.5
2010.0,3.0,10.0,14.0,45.0,47.37,4001.0,19.558455150886992,-154.9038032820034,41.15785299554047,3.2
2010.0,3.0,16.0,22.0,38.0,22.11,4002.0,19.332499329005245,-155.70650137523714,26.223756380243902,3.2
2010.0,3.0,23.0,23.0,2.0,47.25,4003.0,19.398892235239995,-155.4284458762225,20.477176753969847,2.8
2010.0,3.0,26.0,13.0,45.0,31.0,4004.0,19.900356023881663,-155.7096088665475,10.545618044229458,2.5
2010.0,3.0,26.0,22.0,2.0,7.59,4005.0,19.532321561306286,-155.10452822020136,40.31013558754718,2.5
2010.0,3.0,30.0,12.0,33.0,22.13,4006.0,19.60573954601859,-155.69534226311237,30.891988875938786,2.5
2010.0,4.0,1.0,6.0,24.0,45.18,4007.0,19.62458811918441,-155.04664329273533,29.116749976097115,2.5
2010.0,4.0,11.0,12.0,55.0,48.57,4008.0,19.1439199874688,-155.89766735212737,10.035629066774899,2.8
2010.0,4.0,12.0,1.0,16.0,26.96,4009.0,19.943258554212484,-155.50467489376294,33.933002015965954,2.7
2010.0,4.0,20.0,1.0,30.0,42.31,4010.0,19.90772435120761,-155.15829132249235,11.14331329005232,2.6
2010.0,5.0,11.0,1.0,6.0,35.84,4011.0,19.842287647965804,-155.55159759132752,20.750366727747323,3.7
2010.0,5.0,17.0,2.0,13.0,7.86,4012.0,19.472308582542546,-155.92881590865233,18.549618444181846,2.5
2010.0,5.0,21.0,7.0,50.0,54.14,4013.0,19.381556336283445,-155.4022349387019,30.62688859518427,2.7
2010.0,5.0,21.0,9.0,37.0,58.14,4014.0,19.406442950242845,-155.75761558801065,38.312807765112055,2.7
2010.0,6.0,1.0,5.0,16.0,23.04,4015.0,19.777342673657568,-155.29396320656855,28.137214509148706,2.8
2010.0,6.0,1.0,23.0,53.0,58.72,4016.0,19.43902483469332,-155.7111643259142,36.26318946862423,2.5
2010.0,6.0,8.0,9.0,16.0,21.71,4017.0,19.82621061988739,-155.26589932773456,28.152564475483548,2.7
2010.0,6.0,13.0,23.0,24.0,46.76,4018.0,19.53479935759152,-155.76682070472887,8.832713674302976,4.1
2010.0,6.0,15.0,14.0,10.0,50.57,4019.0,19.51125563311664,-155.72143798858716,23.09698650403798,3.4
2010.0,6.0,16.0,9.0,37.0,47.84,4020.0,19.07771417701011,-155.773205815738,26.919268906633555,3.0
2010.0,6.0,17.0,2.0,37.0,16.1,4021.0,19.601332249126507,-154.95640660879133,10.235675707432637,4.5
2010.0,6.0,21.0,16.0,22.0,43.04,4022.0,19.05328853612784,-155.72587181720195,15.270709126412777,3.0
2010.0,7.0,2.0,0.0,33.0,23.61,4024.0,19.66231732914954,-155.10460142390173,42.14459523589218,2.5
2010.0,7.0,3.0,2.0,0.0,23.55,4025.0,19.2596488431273,-155.44600679272207,32.6785711031861,3.2
2010.0,7.0,7.0,1.0,16.0,54.59,4026.0,20.10254972721096,-155.84316220190328,43.84603680821058,2.7
2010.0,7.0,8.0,21.0,57.0,32.85,4027.0,19.59703917740899,-155.28631406067132,26.704719756067618,3.3
2010.0,7.0,14.0,14.0,24.0,15.65,4028.0,19.92758953893768,-155.72311406907747,29.569556460783943,2.5
2010.0,7.0,18.0,10.0,19.0,47.05,4029.0,19.556932738105665,-155.32030660796454,22.368209454701272,2.5
2010.0,7.0,19.0,7.0,0.0,6.38,4030.0,19.617299351541973,-155.04707296829702,22.483229020918596,3.1
2010.0,7.0,21.0,16.0,10.0,34.01,4031.0,19.92128679025847,-155.14621459591618,9.077990153113664,2.7
2010.0,7.0,25.0,7.0,6.0,21.82,4032.0,19.233644553902007,-155.47275655540236,11.233015616176534,3.0
2010.0,8.0,5.0,16.0,36.0,24.99,4033.0,19.555602316176376,-154.89269444443318,29.8704122986897,2.7
2010.0,8.0,7.0,1.0,16.0,16.64,4034.0,19.71371217570086,-155.12431159436025,21.076882539236284,3.2
2010.0,8.0,8.0,1.0,34.0,32.73,4035.0,19.91191705321328,-155.2160358864551,34.30369322941095,2.7
2010.0,8.0,18.0,0.0,42.0,6.15,4036.0,19.77451048309595,-155.34526016556424,31.761905730445502,3.2
2010.0,8.0,21.0,23.0,52.0,43.57,4037.0,19.72583990729146,-155.12980684988636,10.445765128528173,2.7
2010.0,8.0,29.0,18.0,33.0,23.15,4039.0,19.5899091219092,-155.76870168653653,18.77311576826912,3.1
2010.0,9.0,21.0,0.0,48.0,46.46,4041.0,19.86845499772832,-155.31291386788092,30.178319935678466,2.9
2010.0,9.0,25.0,9.0,37.0,56.73,4042.0,18.96839660647864,-155.69358487049664,41.52527904293217,2.7
2010.0,9.0,30.0,14.0,49.0,33.44,4043.0,20.18670158340344,-155.77595667495416,12.137477412266634,3.1
2010.0,10.0,15.0,21.0,11.0,20.19,4044.0,20.08555240240192,-155.6836006305539,35.42564529608113,2.7
2010.0,10.0,16.0,23.0,17.0,8.97,4045.0,19.5492155054272,-155.6795886249207,1.2124319436151985,2.6
2010.0,10.0,18.0,9.0,12.0,33.07,4046.0,19.80923480897113,-155.75198541234343,9.521938208598536,2.5
2010.0,10.0,26.0,11.0,16.0,49.41,4048.0,19.072919122995494,-155.69805101371122,12.700942386172612,2.8
2010.0,10.0,29.0,13.0,50.0,14.62,4049.0,19.98168038972406,-155.50239720482637,33.70507468922532,2.5
2010.0,11.0,6.0,1.0,40.0,37.27,4050.0,19.128573570307807,-155.7690994196728,14.20061691267588,2.9
2010.0,11.0,12.0,15.0,59.0,20.85,4051.0,19.8638920509358,-155.4888477897099,13.811155579343708,2.7
2010.0,11.0,18.0,18.0,32.0,42.58,4052.0,19.164842463687545,-155.76672435933082,18.10601557272063,2.7
2010.0,11.0,28.0,22.0,5.0,9.93,4053.0,19.926356240888108,-155.88754451204673,19.184838805605377,5.5
2010.0,12.0,2.0,21.0,33.0,30.01,4054.0,19.982680080368404,-155.23476864920008,17.493727935599598,3.1
2010.0,12.0,4.0,2.0,2.0,12.35,4055.0,20.041907449231992,-155.5428564448722,37.52725329318351,2.5
2010.0,12.0,5.0,17.0,0.0,55.55,4056.0,19.958268315084982,-155.7643390112913,37.12532358282978,2.8
2010.0,12.0,6.0,16.0,55.0,33.88,4057.0,19.501733561478684,-155.60098345697648,42.848194907865995,2.6
2010.0,12.0,6.0,22.0,38.0,42.22,4058.0,19.417178330272485,-155.54477793657054,30.478852236543485,3.1
2010.0,12.0,10.0,16.0,46.0,25.16,4059.0,19.34708677376144,-155.09589489908157,5.840624589940838,3.0
2010.0,12.0,12.0,1.0,1.0,48.84,4060.0,19.37187507712409,-155.23904368074062,11.513980963042792,3.0
2010.0,12.0,13.0,5.0,26.0,35.68,4061.0,19.545264942273835,-155.5159904934189,5.990837632628366,2.5
2010.0,12.0,14.0,12.0,21.0,45.08,4062.0,19.592647561149384,-155.49068688147116,37.20764824450755,2.6
2010.0,12.0,24.0,6.0,37.0,42.9,4063.0,19.55092757105771,-155.78578075286768,10.384019371623877,3.1
2011.0,1.0,8.0,7.0,3.0,51.25,4064.0,19.61020326773829,-155.19876909242862,20.62836385967087,2.6
2011.0,1.0,12.0,20.0,23.0,3.48,4065.0,19.82043239126189,-155.09974461808815,2.7149917002755406,2.5
2011.0,1.0,22.0,5.0,41.0,9.52,4066.0,19.59516789674138,-155.10071898612506,34.46551928988938,2.5
2011.0,1.0,27.0,23.0,25.0,53.86,4067.0,19.855155684930264,-155.6729320602974,34.97869712526893,4.4
2011.0,2.0,10.0,4.0,31.0,12.35,4068.0,19.717675229081504,-155.3537743142752,24.809013092515908,2.7
2011.0,2.0,20.0,2.0,55.0,39.27,4069.0,19.781819699410285,-155.90881344619078,37.210025123496784,2.8
2011.0,2.0,20.0,9.0,50.0,4.57,4070.0,19.30463472778691,-155.76284707990558,8.186609687806893,2.7
2011.0,2.0,20.0,18.0,2.0,25.08,4071.0,19.43324543158672,-155.01368044052018,2.5048193522602307,3.0
2011.0,3.0,2.0,4.0,4.0,46.73,4072.0,19.98721795920968,-155.25381196575466,11.486344906042765,2.5
2011.0,3.0,5.0,18.0,17.0,50.41,4073.0,19.239232901316043,-155.85759758924775,11.042000838940861,3.4
2011.0,3.0,14.0,2.0,23.0,48.85,4074.0,19.190557468360343,-155.49419851810455,15.467476170157552,5.4
2011.0,3.0,29.0,9.0,57.0,51.82,4076.0,19.45233026082395,-154.88818757088117,22.25297239771584,2.5
2011.0,4.0,9.0,2.0,27.0,47.63,4077.0,19.65784524509169,-155.1869104381824,34.430145640130924,2.6
2011.0,4.0,13.0,16.0,35.0,28.13,4078.0,19.61098707018676,-155.8460506309147,6.763700321855749,2.5
2011.0,4.0,20.0,5.0,12.0,27.54,4079.0,19.954847373636703,-155.58129908313003,13.305591355353968,2.9
2011.0,4.0,22.0,21.0,8.0,25.61,4080.0,19.446856659241988,-155.86110432643363,8.94123214456472,2.6
2011.0,4.0,29.0,23.0,40.0,25.08,4081.0,19.69208401419483,-155.89671074005926,1.7777552984810265,2.5
2011.0,5.0,1.0,19.0,19.0,13.67,4082.0,19.45020158555408,-155.42260149139943,13.563436092969015,2.8
2011.0,5.0,2.0,12.0,43.0,41.59,4083.0,19.434660576581948,-154.93704164162003,11.501153166280831,3.4
2011.0,5.0,3.0,4.0,25.0,57.25,4084.0,19.80847748547864,-155.90442894288856,24.74092362323471,2.5
2011.0,5.0,18.0,19.0,45.0,19.43,4085.0,20.029562225144115,-155.71523917652038,21.380063606245514,2.5
2011.0,5.0,22.0,13.0,32.0,38.82,4087.0,19.165131228324245,-155.83840056053148,5.3494568829830795,3.3
2011.0,5.0,26.0,3.0,17.0,13.06,4088.0,18.99170709606468,-155.7491274629055,37.50071007904165,2.6
2011.0,5.0,27.0,18.0,0.0,43.31,4089.0,19.720743388405666,-155.00948549210636,6.641547463503353,2.8
2011.0,5.0,28.0,7.0,40.0,0.69,4090.0,19.348860609382445,-155.7982313649188,44.90550343487696,2.9
2011.0,6.0,7.0,4.0,36.0,29.71,4091.0,19.82222177568223,-155.3846907118765,29.753031080730416,2.5
2011.0,6.0,8.0,15.0,58.0,50.51,4092.0,19.87977785385503,-155.12509117889684,41.46826352894084,2.7
2011.0,6.0,22.0,11.0,43.0,23.44,4094.0,19.89999105521148,-155.68246114551778,14.658562987649324,3.4
2011.0,6.0,23.0,17.0,58.0,27.29,4095.0,19.134156955514985,-155.89407209910206,18.721446024598198,4.3
2011.0,6.0,28.0,8.0,40.0,27.16,4097.0,19.60978503249148,-155.10346534586196,39.732835424197376,2.7
2011.0,6.0,30.0,20.0,25.0,18.19,4098.0,19.38529262713592,-155.61918856881863,44.33195124902002,3.3
2011.0,7.0,1.0,1.0,48.0,48.36,4099.0,19.77276043799453,-155.48251437219716,21.298772947407272,3.1
2011.0,7.0,6.0,16.0,49.0,38.24,4100.0,19.04717769347742,-155.53682622975057,4.998061042326491,2.7
2011.0,7.0,10.0,17.0,19.0,43.88,4101.0,19.77482937003885,-155.5079660634321,2.937964422815681,2.8
2011.0,7.0,11.0,12.0,18.0,24.09,4102.0,19.465309500680966,-155.72780472195572,13.578987988347478,2.8
2011.0,7.0,15.0,14.0,49.0,14.68,4104.0,19.373644487090907,-155.11256865749982,2.712697931262934,3.4
2011.0,7.0,16.0,3.0,41.0,54.64,4105.0,19.27512006390266,-155.59986217788935,32.84616737453851,2.5
2011.0,7.0,17.0,1.0,54.0,6.51,4106.0,19.530949218407244,-155.09384103548092,4.468358909985246,3.9
2011.0,7.0,18.0,15.0,52.0,22.62,4107.0,19.514018443206734,-154.9580009144073,3.755509961776837,2.6
2011.0,7.0,25.0,13.0,1.0,5.42,4108.0,19.51388848117285,-155.51823317167342,29.293445068603962,2.8
2011.0,8.0,2.0,0.0,4.0,7.79,4109.0,20.19078297523336,-155.77902275019733,39.2354976928108,2.8
2011.0,8.0,3.0,2.0,3.0,23.15,4110.0,19.57930404920954,-154.9724073526291,19.806687917792882,3.0
2011.0,8.0,14.0,7.0,51.0,32.19,4112.0,19.56128860284111,-155.35746676843448,26.13840243279726,3.8
2011.0,8.0,17.0,23.0,49.0,57.77,4113.0,19.25447491436644,-155.87248515042955,40.106307962894135,2.5
2011.0,8.0,29.0,21.0,23.0,20.58,4114.0,19.745258110894355,-155.1815466567539,41.178570414615834,2.5
2011.0,8.0,31.0,21.0,40.0,28.4,4115.0,19.57104323928652,-155.87307265353493,17.567808479168903,3.0
2011.0,9.0,2.0,13.0,39.0,11.9,4116.0,19.670768085147632,-155.6319240485355,11.826845609142199,3.1
2011.0,9.0,5.0,17.0,2.0,21.41,4117.0,19.70202657743533,-155.32470934023905,17.395992078926163,2.8
2011.0,9.0,12.0,23.0,38.0,0.41,4118.0,19.645188710791864,-155.90509171434925,3.5601346804364824,2.5
2011.0,9.0,13.0,3.0,19.0,8.11,4119.0,19.39668680698871,-155.1837418524492,30.742057821522668,3.1
2011.0,9.0,16.0,13.0,39.0,38.37,4120.0,19.544914689716524,-155.52134130037496,10.675110092113083,2.6
2011.0,9.0,16.0,18.0,52.0,34.88,4121.0,20.11560178620528,-155.84981704544566,20.995489188220944,2.8
2011.0,9.0,23.0,0.0,50.0,50.53,4122.0,19.26086537981105,-155.64943291926093,34.023207878802424,3.5
2011.0,9.0,28.0,7.0,9.0,24.24,4123.0,19.867993060515943,-155.39149617244652,35.46376209354502,4.5
2011.0,10.0,5.0,4.0,42.0,48.87,4124.0,19.11419610406073,-155.63769778262713,29.143729279674023,3.3
2011.0,10.0,17.0,1.0,27.0,27.4,4125.0,19.84223146567228,-155.36532257631484,2.242898276964533,2.6
2011.0,10.0,18.0,19.0,53.0,57.95,4126.0,19.66636484670948,-154.9953710334301,30.68644946182323,2.7
2011.0,10.0,25.0,11.0,26.0,24.26,4127.0,19.4064262067715,-155.42018107850217,3.2548471937232337,3.9
2011.0,10.0,31.0,0.0,53.0,10.43,4128.0,19.516451401172755,-155.20174521643895,26.272747302532334,2.5
2011.0,11.0,4.0,14.0,22.0,48.83,4129.0,19.244519131684108,-155.26776219727014,33.82206712469082,2.8
2011.0,11.0,11.0,18.0,43.0,5.06,4130.0,19.18114909608756,-155.69510339670893,30.25012642157845,2.7
2011.0,11.0,17.0,4.0,16.0,33.58,4132.0,19.36908955343477,-155.3204215111926,29.929914459301358,2.9
2011.0,11.0,21.0,8.0,27.0,10.8,4133.0,19.813953265704424,-155.3089714114378,25.107214486260556,2.6
2011.0,11.0,28.0,11.0,17.0,35.86,4134.0,19.79621397157276,-155.27795046902278,26.891530290808255,2.5
2011.0,12.0,1.0,3.0,50.0,25.92,4135.0,19.70611888711119,-155.71783940810846,19.33915335249983,3.1
2011.0,12.0,9.0,5.0,57.0,27.02,4136.0,19.57990885089344,-155.08540591430855,36.33906869924896,3.0
2011.0,12.0,15.0,16.0,40.0,48.72,4137.0,19.780178039554915,-155.90981854298565,8.73046547552706,2.7
2011.0,12.0,20.0,0.0,14.0,22.16,4138.0,19.61811849473543,-155.4011412915914,12.57428360074499,2.6
2011.0,12.0,20.0,13.0,19.0,7.28,4139.0,19.67131527523212,-155.15133315175126,35.996990550832784,2.5
2011.0,12.0,21.0,19.0,15.0,54.8,4140.0,18.99791653300894,-155.6074835211547,1.2747750744777848,2.7
2011.0,12.0,24.0,4.0,37.0,13.03,4141.0,19.851143889004085,-155.7503529872801,37.85219020364763,2.9
2011.0,12.0,24.0,7.0,21.0,1.5,4142.0,19.721497214153203,-155.74223441207016,33.42677103518788,2.7
2011.0,12.0,25.0,17.0,52.0,26.9,4143.0,19.540044664492264,-155.6052119809308,2.4642200668141117,2.5
2011.0,12.0,28.0,10.0,59.0,6.06,4144.0,19.51599207694925,-154.8050927844042,9.820068813799503,2.8
2012.0,1.0,20.0,5.0,42.0,24.27,4147.0,20.07169765435152,-155.80434474725496,17.377036732184575,2.6
2012.0,1.0,27.0,17.0,58.0,56.28,4148.0,19.55585934948772,-155.8314824806594,41.73283477607226,2.6
2012.0,2.0,6.0,18.0,32.0,42.53,4149.0,19.603034669185465,-155.66819848901463,38.24517038760452,2.5
2012.0,2.0,11.0,1.0,6.0,17.08,4150.0,19.499397712447607,-155.11350009415114,22.312615843023643,2.6
2012.0,2.0,12.0,22.0,36.0,45.1,4151.0,19.828578499361853,-155.7027472730718,9.071822594895533,3.1
2012.0,2.0,19.0,0.0,42.0,34.63,4152.0,19.87527586504001,-155.2953436022474,6.657409419556957,3.7
2012.0,2.0,29.0,20.0,2.0,47.56,4153.0,19.50002054591913,-155.74940827499077,24.556446754274287,2.5
2012.0,3.0,9.0,19.0,44.0,40.69,4154.0,19.95561839584143,-155.83883609574497,3.674673198259881,2.5
2012.0,3.0,18.0,1.0,45.0,53.84,4155.0,19.20355776888728,-155.6251690747038,21.667803825185715,2.8
2012.0,3.0,19.0,8.0,40.0,4.84,4156.0,18.99358097328225,-155.63287966463534,34.05111290012334,2.5
2012.0,3.0,20.0,15.0,13.0,34.2,4157.0,19.966683898906663,-155.2967040737118,31.88608306028725,2.6
2012.0,3.0,20.0,23.0,18.0,44.26,4158.0,19.49605992953156,-155.7233639814864,16.325825309443,2.5
2012.0,3.0,22.0,14.0,51.0,53.84,4159.0,19.29725415729051,-155.79040583717656,3.0733630474454485,2.5
2012.0,3.0,28.0,23.0,30.0,27.23,4161.0,19.44386182475557,-155.68681953155095,23.79526770258783,2.5
2012.0,3.0,30.0,10.0,14.0,42.29,4162.0,19.641063322425303,-154.99866469247954,40.38706771593914,2.6
2012.0,4.0,7.0,21.0,53.0,4.02,4165.0,19.4403667411548,-155.3888556838236,8.597954085067673,2.5
2012.0,4.0,10.0,14.0,0.0,57.64,4166.0,19.40602229078237,-154.98386094975282,26.110219074140588,2.9
2012.0,4.0,13.0,2.0,46.0,55.42,4167.0,19.849568174988367,-155.7659142607382,33.34240925966267,3.4
2012.0,4.0,16.0,16.0,51.0,19.33,4168.0,19.759342129968545,-155.65823262849565,33.36306547486506,4.0
2012.0,4.0,29.0,16.0,44.0,30.11,4169.0,19.407239641471428,-155.44723813715467,29.790856507697434,2.9
2012.0,5.0,3.0,16.0,16.0,17.05,4170.0,19.710216864300424,-155.12350024599516,17.226679139407594,2.9
2012.0,5.0,9.0,18.0,23.0,26.63,4171.0,19.831430205836327,-155.7588563716783,4.0307334492938445,2.9
2012.0,5.0,11.0,7.0,38.0,17.83,4172.0,19.58957881998016,-155.32262008095418,12.418880617990313,2.6
2012.0,5.0,14.0,14.0,40.0,29.01,4173.0,19.666920954983848,-155.05951182516085,39.244918019687326,3.0
2012.0,5.0,16.0,15.0,47.0,26.28,4174.0,19.807501406035293,-155.90697380840575,18.230010947364825,3.4
2012.0,5.0,17.0,20.0,41.0,10.94,4175.0,20.1721973037764,-155.81785550704038,20.38214016312095,2.7
2012.0,5.0,21.0,14.0,42.0,30.67,4176.0,19.557956200492843,-155.16709237562753,11.514483971901228,2.7
2012.0,5.0,22.0,8.0,56.0,0.64,4177.0,20.185700108542928,-155.7125521648164,42.12116402782709,2.9
2012.0,5.0,22.0,12.0,21.0,22.19,4178.0,20.137106577868305,-155.58686300471007,16.72679500622845,3.2
2012.0,5.0,25.0,3.0,10.0,7.29,4179.0,19.70959250675252,-155.37854481197903,14.457643052079701,2.5
2012.0,6.0,5.0,10.0,29.0,10.49,4180.0,19.785716034747985,-155.51088342899254,22.363149918157013,2.7
2012.0,6.0,14.0,23.0,3.0,11.0,4181.0,19.70879045892499,-155.48288422932154,17.043961085019934,2.6
2012.0,7.0,1.0,20.0,26.0,35.6,4184.0,19.64357635005769,-155.24349132358205,41.754641543512314,2.8
2012.0,7.0,2.0,16.0,5.0,8.84,4185.0,19.347658396700105,-155.1067850792277,23.47898864493637,2.9
2012.0,7.0,4.0,2.0,20.0,44.81,4186.0,19.09245131164192,-155.7058892169875,35.18393722459491,2.8
2012.0,7.0,6.0,7.0,40.0,4.6,4187.0,19.68500693613856,-155.0137732777876,14.17719830848204,2.9
2012.0,7.0,7.0,10.0,25.0,5.85,4188.0,19.08125473496205,-155.8131036400157,39.584819450021484,3.2
2012.0,7.0,11.0,20.0,7.0,24.63,4189.0,19.74338025725092,-155.48916645634492,24.62345671866892,2.5
2012.0,7.0,16.0,11.0,34.0,53.07,4190.0,19.55199185961541,-155.11295810558732,33.495967428366264,2.5
2012.0,7.0,16.0,19.0,7.0,45.97,4191.0,19.223774817026445,-155.430328745742,29.762062257461384,2.9
2012.0,7.0,18.0,7.0,16.0,12.77,4192.0,19.58154018580297,-155.9300610482314,27.256011858071375,3.1
2012.0,7.0,29.0,8.0,20.0,59.66,4193.0,19.6972487002508,-154.98312028600498,6.233965822346931,2.5
2012.0,8.0,6.0,5.0,27.0,17.8,4194.0,19.7651985574723,-155.88607730295453,10.661993985826317,2.5
2012.0,8.0,9.0,21.0,50.0,56.97,4195.0,19.46267434544652,-155.66591465046866,7.11475914766186,2.9
2012.0,8.0,10.0,21.0,25.0,54.38,4196.0,19.97986153373714,-155.80139930040792,32.390325674163165,2.6
2012.0,8.0,18.0,22.0,52.0,40.67,4197.0,19.85197348094586,-155.36856076608913,11.92658421566498,2.6
2012.0,8.0,20.0,12.0,21.0,36.91,4198.0,19.942067291676945,-155.60930473772967,34.352858266865375,2.6
2012.0,8.0,23.0,8.0,25.0,32.82,4199.0,19.690976326143726,-155.46995723494277,2.9045989588643337,2.5
2012.0,8.0,23.0,18.0,42.0,12.81,4200.0,19.098326233697644,-155.85574109874116,43.746779452214675,3.5
2012.0,8.0,24.0,8.0,44.0,30.99,4201.0,19.050299278843177,-155.73408643065085,15.21672695461766,3.4
2012.0,8.0,29.0,7.0,23.0,43.68,4202.0,19.336203191184083,-155.60855483029434,44.16511473990698,2.6
2012.0,8.0,29.0,17.0,44.0,2.32,4203.0,19.66769871908852,-155.67995510528402,43.36082597244239,2.6
2012.0,9.0,2.0,16.0,12.0,15.61,4204.0,20.11062221289368,-155.69625878225708,4.749099156340559,3.5
2012.0,9.0,5.0,19.0,49.0,28.39,4205.0,19.43354091407953,-155.34774547460498,11.913645954796142,2.8
2012.0,9.0,10.0,3.0,38.0,28.48,4206.0,19.64946172536248,-155.0890715660436,7.841638289174707,2.5
2012.0,9.0,14.0,22.0,26.0,54.36,4208.0,19.222257411991613,-155.47828362526334,26.60240924876409,2.8
2012.0,9.0,15.0,17.0,40.0,59.61,4209.0,19.514149005780684,-155.94970143602822,5.6661091764880105,2.5
2012.0,9.0,21.0,23.0,5.0,21.98,4210.0,19.15910871083804,-155.62312146492897,36.00353664635844,2.8
2012.0,9.0,22.0,2.0,46.0,52.63,4211.0,19.77813172697768,-155.36504800435867,17.515858440052206,4.0
2012.0,9.0,26.0,8.0,11.0,29.63,4212.0,19.544914130393447,-155.68981624174094,1.1015164026155224,3.3
2012.0,9.0,28.0,0.0,13.0,34.23,4213.0,19.43900094610633,-154.9958446811066,1.4584358887491993,3.2
2012.0,10.0,5.0,17.0,33.0,46.0,4214.0,19.810612607858445,-155.31786076833535,9.305947022790958,3.1
2012.0,10.0,11.0,10.0,54.0,2.83,4216.0,19.589519732660897,-155.22408492275008,30.145954424472052,2.5
2012.0,10.0,16.0,23.0,7.0,42.35,4217.0,19.00555156018593,-155.59938466921068,31.91075194027441,3.4
2012.0,10.0,18.0,12.0,1.0,47.84,4218.0,19.57889745193773,-155.89302040991203,14.991418694924842,2.5
2012.0,11.0,3.0,11.0,50.0,37.03,4219.0,19.85640110549,-155.879606193289,24.062176081464685,3.9
2012.0,11.0,5.0,20.0,4.0,8.35,4220.0,19.205788442112944,-155.46558759320928,1.661944165244794,2.9
2012.0,11.0,15.0,15.0,56.0,22.93,4221.0,19.929670257718275,-155.702236563913,15.62164448810444,2.5
2012.0,11.0,16.0,6.0,23.0,25.2,4222.0,19.625046691089988,-155.93245599313272,26.311174045917276,3.3
2012.0,11.0,26.0,13.0,17.0,43.73,4223.0,19.483554664724096,-155.23218090244436,33.508937033342754,2.6
2012.0,11.0,29.0,23.0,19.0,24.79,4224.0,19.94708613863909,-155.67149277955218,1.9770401960647668,3.0
2012.0,12.0,5.0,12.0,19.0,47.19,4225.0,19.62244552934869,-155.60808357662708,29.84944883418201,3.1
2012.0,12.0,7.0,21.0,12.0,29.06,4226.0,19.499342361215035,-155.3607050525927,22.97718270235452,2.5
2012.0,12.0,16.0,1.0,32.0,43.51,4228.0,19.18829868109773,-155.73420975408447,30.089565882893947,3.1
2012.0,12.0,16.0,5.0,45.0,48.95,4229.0,19.57410581732536,-155.3548571189994,31.333268097756516,3.0
2012.0,12.0,18.0,23.0,30.0,28.74,4230.0,19.182255080633343,-155.5800245818511,25.83071150301776,4.5
2012.0,12.0,19.0,6.0,40.0,38.78,4231.0,20.00929880362315,-155.70629821802717,5.209612223344463,2.9
2012.0,12.0,20.0,10.0,25.0,26.88,4232.0,19.1730625210357,-155.81306407420772,31.832012788938993,2.7
2012.0,12.0,25.0,21.0,18.0,47.24,4233.0,20.07660053705585,-155.7346898063803,19.83437236471018,2.7
2013.0,1.0,3.0,11.0,57.0,27.73,4234.0,19.728003068475346,-155.0501781646072,23.924801259939397,2.5
2013.0,1.0,5.0,12.0,45.0,8.33,4235.0,19.985487590672125,-155.70276336030707,8.923307559970898,3.0
2013.0,1.0,5.0,15.0,32.0,42.27,4236.0,19.47302653620748,-155.3386442666191,18.941406966177876,2.6
2013.0,1.0,6.0,5.0,59.0,58.62,4237.0,19.563203265409925,-155.5784444594648,3.426203386644629,3.5
2013.0,1.0,7.0,6.0,23.0,0.85,4238.0,19.659005388116483,-155.4268540980388,17.27824406604541,2.6
2013.0,1.0,7.0,18.0,19.0,18.11,4239.0,19.771874231728933,-155.30960139162798,42.80809133791348,2.6
2013.0,1.0,15.0,20.0,17.0,50.03,4240.0,19.293787385255936,-155.1280560866946,13.748173001623572,3.9
2013.0,1.0,21.0,4.0,59.0,13.4,4241.0,19.64541588819641,-155.1502269186982,30.35645370808078,2.8
2013.0,1.0,21.0,16.0,9.0,6.92,4242.0,18.984483760845265,-155.6819631114007,1.8902095233417415,2.6
2013.0,1.0,29.0,21.0,40.0,11.43,4243.0,19.58725226604108,-154.90342556273112,4.521610466172358,2.6
2013.0,2.0,18.0,10.0,40.0,25.66,4245.0,19.522932182730464,-155.3474066386034,23.74459208043711,2.5
2013.0,2.0,25.0,9.0,29.0,38.33,4246.0,19.530699222206263,-155.2431806737249,28.043194211618793,3.9
2013.0,2.0,27.0,0.0,57.0,20.31,4247.0,19.72815269989942,-155.11328103068485,5.225384080001995,3.5
2013.0,2.0,28.0,9.0,15.0,50.2,4248.0,19.80199308391326,-155.41312384538816,34.16103831046526,2.8
2013.0,3.0,4.0,11.0,8.0,2.93,4249.0,19.20017853293116,-155.44657004113503,5.784461144405942,2.9
2013.0,3.0,8.0,18.0,30.0,12.46,4250.0,19.79854658235507,-155.41229590505765,27.517409653838815,2.5
2013.0,3.0,15.0,0.0,56.0,44.33,4251.0,19.79476773648525,-155.81094886823246,6.59654260505215,2.5
2013.0,3.0,15.0,1.0,24.0,45.63,4252.0,19.116312298218443,-155.7272781345877,3.9479461508523066,2.5
2013.0,3.0,17.0,17.0,42.0,0.86,4253.0,19.20553745114554,-155.85108522032834,19.06857338586262,2.5
2013.0,3.0,18.0,19.0,20.0,22.29,4254.0,19.5804026862046,-155.30062809841215,42.56252547035061,2.6
2013.0,3.0,19.0,2.0,19.0,35.06,4255.0,19.79259507013765,-156.01885135848377,11.670021120489608,2.9
2013.0,3.0,20.0,12.0,8.0,7.72,4256.0,19.42010436139113,-155.5799007719433,21.877895894299105,2.8
2013.0,4.0,3.0,11.0,25.0,8.62,4257.0,19.604312658836463,-155.80176429084744,32.30508252006217,2.8
2013.0,4.0,7.0,5.0,23.0,28.28,4258.0,19.23556743260257,-155.63872568509947,11.969450636110478,2.7
2013.0,4.0,15.0,15.0,5.0,17.13,4259.0,19.99102419924723,-155.56258945380603,26.2518714385064,2.7
2013.0,4.0,16.0,4.0,31.0,39.48,4260.0,19.609241098034435,-155.38605169173,44.1063225689547,2.7
2013.0,4.0,19.0,3.0,41.0,45.56,4261.0,19.4585268226924,-154.94426739766848,29.850110973611027,3.0
2013.0,4.0,24.0,21.0,13.0,23.59,4262.0,19.83334723536755,-155.91761973123383,30.063525317982,3.2
2013.0,4.0,26.0,9.0,7.0,37.92,4263.0,19.444670508746405,-155.3044496825937,3.066320420202332,2.5
2013.0,4.0,29.0,11.0,32.0,10.47,4264.0,19.96490373881304,-155.27126552186985,31.850129709407053,2.6
2013.0,5.0,12.0,11.0,48.0,12.59,4266.0,19.72690277986214,-155.58546289252922,15.90870888977325,2.9
2013.0,5.0,12.0,23.0,47.0,24.79,4267.0,19.55404957990193,-154.9735161012701,21.258089998584015,2.5
2013.0,5.0,13.0,2.0,10.0,55.3,4268.0,19.47135231765956,-155.76575015054206,36.516056113183474,2.8
2013.0,5.0,13.0,20.0,8.0,30.81,4269.0,20.01974078867505,-155.71538966944462,17.68214194471338,2.9
2013.0,5.0,14.0,5.0,20.0,11.84,4270.0,19.88055678922237,-155.33321575026022,8.855405155437312,2.5
2013.0,5.0,16.0,2.0,23.0,26.47,4271.0,19.17812810579206,-155.59451768184195,22.57251976469545,2.6
2013.0,5.0,19.0,8.0,26.0,38.24,4272.0,20.01127971776629,-155.5224543915973,43.77294077390845,2.5
2013.0,5.0,26.0,3.0,4.0,42.73,4273.0,20.13863230193185,-155.60650840012994,43.25701199370889,2.7
2013.0,6.0,1.0,21.0,37.0,32.85,4274.0,19.83885521505957,-155.30631550891778,3.4688308042130935,3.3
2013.0,6.0,2.0,23.0,36.0,36.05,4275.0,19.887051732746126,-155.18855968452078,37.54037110560962,3.2
2013.0,6.0,9.0,22.0,36.0,5.26,4276.0,19.695195073897622,-155.844779633816,4.038458860575487,2.6
2013.0,7.0,3.0,2.0,11.0,14.4,4277.0,19.98197219515976,-155.18984144598673,33.709357763109814,3.3
2013.0,7.0,3.0,8.0,5.0,55.8,4278.0,19.72778003435039,-155.1589953059289,31.77963382177665,2.8
2013.0,7.0,22.0,19.0,41.0,13.04,4279.0,20.00383832571802,-155.44056830822342,44.07155471178637,2.8
2013.0,7.0,28.0,4.0,55.0,55.43,4280.0,19.196240773508865,-155.8625240522065,30.851164028758,2.9
2013.0,8.0,6.0,10.0,41.0,16.63,4281.0,19.73821199176009,-155.275912968813,43.61161816252019,2.5
2013.0,8.0,7.0,19.0,25.0,54.85,4282.0,20.09319175455999,-155.5880193720881,25.357516627257652,2.6
2013.0,8.0,20.0,11.0,5.0,55.8,4283.0,19.13581050293024,-155.70238230386934,13.277368112632908,2.6
2013.0,8.0,21.0,9.0,34.0,55.7,4284.0,19.71670517467585,-155.1036507444966,27.022936503493106,2.7
2013.0,8.0,29.0,12.0,52.0,28.91,4286.0,19.244105396838144,-155.49048574109386,16.894469421192902,2.8
2013.0,8.0,31.0,23.0,0.0,40.91,4287.0,20.040980667547764,-155.33937312810016,33.428790470209094,2.6
2013.0,9.0,2.0,17.0,21.0,14.39,4288.0,19.031346743740823,-155.69564401212685,6.028645034736373,2.6
2013.0,9.0,5.0,9.0,38.0,22.94,4289.0,19.24950694838817,-155.8147506518036,13.661532097114996,2.7
2013.0,9.0,8.0,15.0,6.0,59.26,4290.0,19.5889320453665,-155.46765890444047,27.614559376076866,2.9
2013.0,9.0,11.0,14.0,50.0,51.45,4291.0,19.530412406824706,-155.15676572870652,37.524634358680736,2.9
2013.0,9.0,12.0,5.0,49.0,11.65,4292.0,19.37217952203121,-155.11664810974105,36.98727291283074,3.3
2013.0,9.0,14.0,17.0,25.0,44.7,4293.0,19.635624423893525,-155.91556837323046,6.46193700874161,2.6
2013.0,9.0,14.0,22.0,49.0,20.95,4294.0,19.732960864698924,-155.3497654212332,9.20585150266097,2.9
2013.0,9.0,16.0,3.0,58.0,32.62,4295.0,19.13812382039506,-155.51795869363727,44.987405660090005,3.2
2013.0,9.0,18.0,12.0,51.0,55.73,4296.0,19.787659624972346,-155.430037787517,17.055955367412455,3.0
2013.0,9.0,24.0,17.0,11.0,55.35,4297.0,19.33109862239259,-155.0282586410736,10.912579749127554,4.6
2013.0,9.0,26.0,11.0,37.0,30.39,4298.0,19.4455729137004,-155.18101209674523,30.95446941172048,3.8
2013.0,9.0,28.0,7.0,29.0,43.54,4299.0,19.89906999821516,-155.651674634666,1.6916850996754582,2.6
2013.0,10.0,12.0,4.0,31.0,26.07,4301.0,18.940418682523493,-155.64965297166162,3.0069803830943975,2.5
2013.0,10.0,17.0,4.0,43.0,11.37,4302.0,19.39028067591369,-155.27225310142634,41.50930089112218,3.6
2013.0,10.0,19.0,13.0,24.0,48.44,4303.0,19.39067756035502,-155.117931955776,39.053116982708204,2.5
2013.0,10.0,24.0,22.0,59.0,19.9,4304.0,19.63866053516013,-155.04361445391888,25.031956760764377,3.5
2013.0,11.0,4.0,20.0,16.0,27.11,4305.0,19.43212844427888,-155.0488982038527,14.762778003348012,2.6
2013.0,11.0,7.0,22.0,40.0,2.59,4306.0,19.534945140917404,-155.8965241783968,18.63305583224624,3.0
2013.0,11.0,15.0,16.0,30.0,48.67,4307.0,19.886461693179783,-155.41239637038086,20.683003955718835,3.0
2013.0,11.0,18.0,0.0,21.0,58.84,4308.0,19.42958298183904,-155.8459094575204,13.001346196597037,2.5
2013.0,11.0,21.0,2.0,21.0,49.61,4309.0,19.93880825050214,-155.6976711995481,35.92830613480799,3.3
2013.0,11.0,28.0,12.0,37.0,44.07,4311.0,19.92774993883072,-155.47418990292007,26.79002114842286,3.3
2013.0,12.0,6.0,16.0,8.0,18.97,4312.0,20.012251986135887,-155.62677824488478,20.71175135755288,2.6
2013.0,12.0,8.0,16.0,44.0,16.06,4313.0,19.85066310884273,-155.452956130518,40.42560497340044,2.8
2013.0,12.0,17.0,11.0,40.0,37.17,4314.0,19.80042409040257,-155.26088165352397,34.2140423612197,2.6
2013.0,12.0,19.0,17.0,12.0,16.95,4315.0,19.39752387110389,-155.8181305981806,5.670108482303,3.7
2014.0,1.0,1.0,11.0,54.0,53.73,4316.0,19.38968431451232,-155.76356827855182,21.013750506271407,2.5
2014.0,1.0,14.0,5.0,3.0,1.01,4317.0,19.470362215405,-155.91793940743,44.784881416416226,2.8
2014.0,2.0,3.0,4.0,43.0,33.57,4318.0,19.989915035992293,-155.53819329168994,28.301124501254787,2.7
2014.0,2.0,19.0,8.0,0.0,23.57,4320.0,19.13919533987336,-155.55163711167938,13.994868911146963,2.6
2014.0,2.0,19.0,23.0,44.0,38.82,4321.0,19.148563356043347,-155.47138401551874,28.089449544534027,2.5
2014.0,2.0,21.0,1.0,15.0,50.88,4322.0,19.510591210832185,-155.1113996243476,26.217294807146235,2.5
2014.0,2.0,22.0,14.0,39.0,50.44,4323.0,19.674942206891675,-155.06898544466608,30.428849006310898,3.3
2014.0,2.0,25.0,23.0,54.0,43.75,4324.0,19.378135506166284,-155.12255975346244,27.335599641411584,2.5
2014.0,2.0,28.0,17.0,5.0,13.94,4325.0,19.290555609988296,-155.27778274933289,39.68830169258945,2.9
2014.0,3.0,2.0,11.0,31.0,38.5,4326.0,18.98514062066944,-155.65584611597436,14.721255451641877,2.6
2014.0,3.0,2.0,18.0,41.0,54.32,4327.0,19.735752930274803,-155.36171036460613,17.90488472218572,2.8
2014.0,3.0,12.0,21.0,21.0,32.26,4328.0,19.36574080841928,-155.2848244983357,17.40740815212024,2.5
2014.0,3.0,25.0,17.0,12.0,17.28,4330.0,19.59000412334217,-155.65651040651906,20.093005248914764,2.8
2014.0,3.0,31.0,1.0,19.0,54.99,4331.0,19.540920991755744,-155.1962017327281,28.029013570698684,2.5
2014.0,3.0,31.0,23.0,28.0,30.97,4332.0,19.53915061945885,-155.8766380750769,16.509846003125293,3.4
2014.0,4.0,2.0,10.0,54.0,46.52,4333.0,19.63315362145368,-154.96423294578543,14.35656038317517,2.6
2014.0,4.0,3.0,8.0,52.0,24.08,4334.0,19.012219992799373,-155.64316143466735,30.246917571667506,2.9
2014.0,4.0,5.0,10.0,41.0,9.11,4335.0,20.065341514074674,-155.4262534337973,10.966398471902446,5.4
2014.0,4.0,12.0,23.0,27.0,16.91,4336.0,19.490826285962093,-154.9038775323264,8.688794302909972,3.5
2014.0,4.0,14.0,2.0,27.0,42.09,4337.0,19.239132925769244,-155.65671139585473,6.999132575141198,3.1
2014.0,4.0,21.0,3.0,59.0,23.51,4338.0,19.902892427778145,-155.8139424582997,13.082183002054107,3.0
2014.0,5.0,6.0,14.0,4.0,46.49,4339.0,19.06373639886086,-155.65572512764064,37.828970047189884,3.5
2014.0,5.0,11.0,15.0,43.0,8.11,4340.0,19.56161001188936,-155.77684697194533,37.33611425078228,2.7
2014.0,5.0,27.0,0.0,2.0,57.11,4341.0,19.82362658035836,-155.73765267643518,35.717625251688816,2.6
2014.0,5.0,29.0,14.0,33.0,31.93,4342.0,20.05200342156666,-155.45244948237388,9.167056357103426,2.5
2014.0,5.0,29.0,15.0,28.0,38.27,4343.0,19.43386377465001,-155.5200146078301,6.772342295938072,2.5
2014.0,5.0,31.0,18.0,50.0,48.72,4344.0,19.881864123676014,-155.2333573194096,43.73709340706743,3.1
2014.0,6.0,1.0,19.0,39.0,22.63,4345.0,19.571170446764835,-155.10713875134866,2.005091384081487,2.6
2014.0,6.0,5.0,0.0,27.0,20.43,4346.0,19.29086271470178,-155.25711783888428,25.184654600579044,2.7
2014.0,6.0,10.0,9.0,25.0,31.9,4349.0,19.529741122345257,-154.8821049444992,22.881566809228268,3.2
2014.0,6.0,12.0,17.0,56.0,29.5,4350.0,19.40019680759636,-155.6864650397312,31.68175430335992,3.4
2014.0,6.0,22.0,5.0,19.0,30.41,4351.0,19.96775776146414,-155.77196518851625,30.26516294672707,3.4
2014.0,6.0,23.0,10.0,14.0,32.5,4352.0,19.470804574437057,-155.01806961603734,11.897493334990807,2.6
2014.0,6.0,24.0,23.0,4.0,36.46,4353.0,19.500677628972444,-155.27435332662404,28.390274237797687,4.5
2014.0,6.0,25.0,10.0,0.0,1.91,4354.0,19.9754263210624,-155.5961984673812,28.67864499487442,2.7
2014.0,6.0,26.0,6.0,35.0,2.48,4355.0,19.81564623891243,-155.4257877741595,24.293889312832334,2.5
2014.0,7.0,4.0,13.0,40.0,44.13,4356.0,19.03126472827776,-155.84923723938513,29.565897819098833,4.0
2014.0,7.0,7.0,8.0,55.0,12.7,4357.0,19.87862553989101,-155.16237544153904,38.96354969065974,3.2
2014.0,7.0,11.0,3.0,50.0,29.9,4358.0,19.10055404478309,-155.68968353299795,24.179953704651734,2.9
2014.0,7.0,18.0,21.0,20.0,44.18,4359.0,19.518081359431005,-155.60349498133246,19.8757974919673,2.5
2014.0,7.0,27.0,9.0,10.0,14.52,4362.0,19.846412525107983,-155.60957073319076,41.26444726419671,2.5
2014.0,8.0,11.0,0.0,9.0,25.54,4363.0,19.244704392433448,-155.3077620010195,5.313221619392933,2.8
2014.0,8.0,20.0,0.0,24.0,12.52,4365.0,19.803662701309896,-155.36132913838574,43.25922559336491,3.0
2014.0,8.0,24.0,23.0,3.0,9.01,4366.0,19.47726580889576,-155.61046694319,44.96192362810158,2.5
2014.0,8.0,27.0,23.0,51.0,59.9,4367.0,19.686590860657763,-155.71551098647066,25.73020609542767,2.5
2014.0,9.0,2.0,17.0,3.0,2.73,4368.0,19.39266374678972,-155.56115409762876,13.477552801006048,2.5
2014.0,9.0,6.0,7.0,12.0,1.48,4369.0,19.7354091151999,-155.85440904511705,35.875183021964574,2.5
2014.0,9.0,8.0,5.0,11.0,10.82,4370.0,19.490662712068684,-155.6659151678232,36.51586141821453,3.1
2014.0,9.0,15.0,19.0,50.0,9.37,4371.0,19.514750301225376,-155.918314379292,24.69292035362806,2.8
2014.0,9.0,19.0,23.0,3.0,0.76,4372.0,19.491492661491048,-155.74768029703108,2.4230011250720693,2.8
2014.0,9.0,22.0,7.0,57.0,55.05,4373.0,20.03270637337445,-155.81587201698764,32.864427493134514,3.0
2014.0,9.0,27.0,3.0,41.0,54.98,4374.0,19.39772259771052,-155.08633547140715,14.699182297136408,2.9
2014.0,9.0,27.0,5.0,15.0,10.39,4375.0,19.19185016985778,-155.76464531298166,31.613679843928576,2.6
2014.0,9.0,28.0,6.0,12.0,15.1,4376.0,19.877382198793303,-155.4219462823214,15.108256219062786,2.6
2014.0,9.0,30.0,0.0,58.0,12.35,4377.0,19.52153849297759,-155.20568692719314,30.23226131280004,3.6
2014.0,10.0,4.0,3.0,50.0,19.29,4378.0,19.76391265214224,-155.42902356217675,12.619454938964473,3.8
2014.0,10.0,5.0,6.0,48.0,58.13,4379.0,19.73848791004233,-155.59230092167113,33.74687654375028,2.5
2014.0,10.0,11.0,0.0,52.0,51.53,4380.0,19.083366615612125,-155.58976848966955,27.579370558927813,2.8
2014.0,10.0,17.0,8.0,36.0,0.95,4381.0,19.159276415276988,-155.5744700107955,9.121955167864993,2.6
2014.0,10.0,18.0,17.0,30.0,51.17,4382.0,19.62143902791321,-155.63837355585054,22.61910175312519,3.8
2014.0,11.0,10.0,14.0,4.0,4.81,4384.0,19.837804800641223,-155.11153308256374,22.473440776730754,3.1
2014.0,11.0,11.0,3.0,0.0,10.61,4385.0,19.95330231849885,-155.4882857594678,4.848317043964153,3.3
2014.0,11.0,11.0,13.0,19.0,23.59,4386.0,19.404959349572696,-155.07214053444142,23.757162141075018,2.8
2014.0,11.0,19.0,4.0,21.0,37.96,4389.0,19.64008359899492,-155.5169354496656,44.045958317936794,2.8
2014.0,12.0,6.0,8.0,17.0,17.87,4391.0,19.76106765266123,-155.58723544336553,12.782569406543324,2.6
2014.0,12.0,13.0,17.0,7.0,24.52,4392.0,19.723937807803736,-155.7500071005973,34.34525187045976,3.0
2014.0,12.0,16.0,10.0,19.0,10.32,4393.0,19.786984244430723,-155.66219074729764,16.25041315958344,3.0
2014.0,12.0,24.0,20.0,36.0,31.34,4395.0,19.518534027930023,-154.95734561354385,27.143712384480555,3.0
2014.0,12.0,25.0,12.0,5.0,48.77,4396.0,19.327847591270405,-155.54270484904876,24.19922995888415,2.5
2014.0,12.0,29.0,6.0,55.0,6.86,4397.0,19.30264650475041,-155.29521121141303,18.27826021346094,2.5
2015.0,1.0,4.0,12.0,6.0,9.18,4398.0,20.026776500330065,-155.40676876055213,24.364322078157663,3.8
2015.0,1.0,5.0,7.0,35.0,34.87,4399.0,19.35625564668548,-155.19880835837648,43.56315326067586,2.6
2015.0,1.0,8.0,5.0,14.0,54.9,4400.0,19.831669629786408,-155.59445418759142,16.090883140279388,2.9
2015.0,1.0,26.0,10.0,5.0,8.23,4401.0,19.468653339061525,-155.4336515565744,19.29611613971648,2.5
2015.0,2.0,4.0,16.0,48.0,40.83,4402.0,19.61570592345949,-155.1715252429405,38.65334953352782,2.9
2015.0,2.0,5.0,3.0,21.0,10.98,4403.0,19.35712025153114,-155.36569682417945,5.148807896226252,2.5
2015.0,2.0,9.0,0.0,24.0,26.76,4404.0,19.00964837244269,-155.72677891486475,1.381448703019807,2.7
2015.0,2.0,11.0,5.0,0.0,56.56,4405.0,19.43552548933503,-155.2116780508504,10.414161400416946,3.0
2015.0,2.0,23.0,5.0,22.0,31.86,4408.0,19.418454539272776,-155.76215356819787,8.729514751499027,2.5
2015.0,3.0,10.0,23.0,6.0,21.23,4410.0,19.9025075256282,-155.2131164696928,12.134327252481434,2.5
2015.0,3.0,13.0,12.0,16.0,42.79,4411.0,20.01077327397828,-155.63895957516536,43.319733420057375,2.6
2015.0,3.0,19.0,4.0,6.0,31.51,4412.0,19.590518995740297,-155.44385704103297,5.189314006427743,5.0
2015.0,3.0,20.0,16.0,33.0,55.18,4413.0,19.36228235572651,-155.22326583538492,28.815571040743386,2.7
2015.0,3.0,23.0,2.0,41.0,50.02,4414.0,19.180644020703404,-155.67948437235935,13.494052434329523,2.5
2015.0,3.0,23.0,17.0,36.0,13.64,4415.0,19.909677366829165,-155.43227144869002,19.824574856987446,2.5
2015.0,3.0,24.0,11.0,30.0,57.24,4416.0,19.92625798234994,-155.33873336826346,23.007840301418263,2.7
2015.0,4.0,8.0,3.0,11.0,37.48,4418.0,19.437038125566595,-155.33594715094864,4.2938263760500766,2.6
2015.0,4.0,13.0,15.0,15.0,14.22,4420.0,19.837250822575868,-155.6269642761959,11.564774402593871,3.0
2015.0,4.0,14.0,15.0,52.0,14.96,4421.0,19.96019160810618,-155.4915181977235,38.07751532201123,3.3
2015.0,4.0,18.0,19.0,23.0,26.8,4422.0,19.82276110838031,-155.16012015062088,11.927648597489643,2.9
2015.0,4.0,20.0,13.0,28.0,17.22,4423.0,20.08121420373728,-155.60707204971035,1.9190711566560852,2.8
2015.0,4.0,24.0,13.0,32.0,28.42,4424.0,19.332126927849885,-155.79050789327525,12.066976512489443,2.6
2015.0,4.0,28.0,3.0,20.0,38.27,4425.0,19.45906986659052,-155.46219085861458,24.036649475817786,2.7
2015.0,4.0,28.0,9.0,23.0,45.78,4426.0,19.44193938980855,-155.6781038256826,5.207668658565611,2.9
2015.0,5.0,2.0,14.0,56.0,54.56,4427.0,19.194568250101494,-155.78757326471427,44.66502802034709,4.2
2015.0,5.0,7.0,2.0,16.0,51.6,4428.0,19.25883590547853,-155.82335918064717,27.243768266784663,2.7
2015.0,5.0,18.0,4.0,38.0,37.81,4430.0,19.459847400031403,-155.82779008734437,29.952306672891687,3.9
2015.0,5.0,25.0,16.0,37.0,27.29,4432.0,19.92676105160533,-155.5795924708412,33.70532729862807,3.4
2015.0,6.0,4.0,21.0,45.0,48.58,4434.0,19.39534863970435,-155.08348192184602,44.490927289685764,2.9
2015.0,6.0,18.0,8.0,53.0,24.09,4435.0,19.306170911488067,-155.42703947625543,15.800802672824892,3.0
2015.0,6.0,20.0,11.0,52.0,8.13,4436.0,19.90320622466922,-155.46750881317632,26.37066142993992,2.6
2015.0,6.0,22.0,10.0,20.0,20.35,4437.0,19.019436905362152,-155.85281282605953,40.453580065506124,3.0
2015.0,6.0,25.0,19.0,50.0,52.45,4438.0,19.49279996490004,-155.45261104325422,12.01702141387285,2.8
2015.0,6.0,30.0,9.0,19.0,7.09,4439.0,19.835200657168187,-155.8615031809249,14.906707283386666,2.6
2015.0,6.0,30.0,20.0,13.0,17.76,4440.0,19.34176411241751,-155.16614260822564,32.5346491638314,2.5
2015.0,7.0,2.0,22.0,35.0,20.13,4441.0,19.14594443425872,-155.62456408714385,1.39871678856051,2.7
2015.0,7.0,3.0,10.0,17.0,27.15,4442.0,19.34408799189896,-155.31266159265158,5.937271023177078,2.7
2015.0,7.0,7.0,8.0,44.0,42.6,4443.0,19.73512315351206,-155.2763200393432,9.997003069360904,2.7
2015.0,7.0,14.0,21.0,46.0,20.19,4444.0,19.776344205285064,-155.23212571228203,17.658730202927227,2.6
2015.0,7.0,15.0,11.0,4.0,17.06,4445.0,19.63477405232994,-155.0842803419744,31.69575840335956,2.5
2015.0,7.0,21.0,18.0,32.0,1.39,4447.0,19.42368587095936,-155.41976695205523,28.94555442186328,2.5
2015.0,7.0,24.0,6.0,19.0,28.14,4448.0,19.595827136477613,-155.18907155395854,30.089635327352262,4.0
2015.0,8.0,11.0,1.0,11.0,54.16,4449.0,19.623079853069058,-154.98270575407398,36.981218551575836,2.9
2015.0,8.0,11.0,13.0,24.0,18.39,4450.0,19.92005358070568,-155.4450200445767,8.515657114030786,2.6
2015.0,8.0,21.0,19.0,5.0,26.25,4451.0,19.50640554629817,-155.49761518745967,38.7763798067307,2.5
2015.0,8.0,27.0,6.0,23.0,16.59,4452.0,19.60421857698024,-154.99189033687924,19.02542573257735,2.6
2015.0,8.0,28.0,23.0,25.0,58.3,4453.0,19.72031546973498,-155.68531554357438,15.800422174760731,3.0
2015.0,9.0,3.0,0.0,27.0,10.98,4454.0,19.6230367003413,-155.0248267175198,26.144582578494237,2.7
2015.0,9.0,12.0,2.0,0.0,2.76,4455.0,19.04720219207625,-155.71629129534475,27.9978420990706,3.4
2015.0,9.0,12.0,13.0,46.0,23.66,4456.0,19.51638044638287,-155.66219431861424,37.04952508318349,2.6
2015.0,9.0,12.0,20.0,7.0,4.74,4457.0,19.66276102035504,-155.29109498394303,34.721661233570686,3.9
2015.0,9.0,14.0,15.0,32.0,46.4,4458.0,19.151147047962542,-155.83740297467918,4.134852084292282,2.8
2015.0,10.0,6.0,18.0,39.0,21.77,4460.0,19.80222378848892,-155.68574760794468,36.34695725929106,2.7
2015.0,10.0,17.0,2.0,23.0,3.14,4461.0,19.56453907345836,-155.07710792266226,29.194630928330643,2.5
2015.0,10.0,20.0,8.0,21.0,40.5,4462.0,19.65421363146704,-155.2261965653109,16.354839862331595,3.3
2015.0,10.0,22.0,6.0,23.0,57.42,4463.0,19.65174325447746,-155.14914877104297,42.43885230376812,2.7
2015.0,11.0,1.0,11.0,4.0,52.75,4464.0,19.33194288876716,-155.87413631606967,38.992136259211506,2.6
2015.0,11.0,12.0,16.0,16.0,20.29,4465.0,19.77448859912708,-155.22256326860497,14.312160847930292,2.6
2015.0,11.0,21.0,19.0,11.0,47.8,4466.0,19.86247379859308,-155.5004013413334,32.15709502890864,2.5
2015.0,11.0,22.0,4.0,37.0,58.52,4467.0,19.999500256393578,-155.48203936984348,35.17546970893555,3.7
2015.0,11.0,26.0,13.0,26.0,8.62,4468.0,19.11446284992135,-155.88929360960094,10.046169089549418,2.8
2015.0,12.0,1.0,10.0,56.0,31.83,4469.0,19.53273235864691,-154.9793821619727,42.969254852693076,2.6
2015.0,12.0,5.0,16.0,34.0,57.46,4470.0,19.383163472311512,-155.79695064896282,23.411215771646486,3.0
2015.0,12.0,10.0,21.0,33.0,52.27,4471.0,19.35677636253299,-155.6947446885747,17.195484702703183,2.7
2015.0,12.0,11.0,9.0,54.0,9.96,4472.0,19.65705523670238,-155.65784240830206,7.453082203371357,2.5
2015.0,12.0,12.0,2.0,40.0,32.66,4474.0,19.98033118493237,-155.48263043366578,8.0822117229362,2.5
2015.0,12.0,19.0,6.0,30.0,5.37,4475.0,19.763435229167136,-155.21988877363424,12.810196792313388,3.1
2015.0,12.0,22.0,3.0,51.0,22.81,4476.0,19.897800008530368,-155.63444012371127,13.222446359467186,3.1
2015.0,12.0,22.0,13.0,5.0,5.06,4477.0,19.56098593097205,-155.6528962396808,7.935352565687405,2.5
2016.0,1.0,10.0,17.0,45.0,20.58,4478.0,19.91379448404857,-155.73702035918507,6.082361745740864,2.5
2016.0,1.0,18.0,23.0,46.0,34.8,4479.0,19.77418712906893,-155.72321006604432,24.01416015760905,2.9
2016.0,2.0,3.0,20.0,28.0,19.01,4480.0,19.064511572064653,-155.55973192203425,10.497067188140104,2.5
2016.0,2.0,3.0,21.0,29.0,23.35,4481.0,20.086253893897805,-155.73336115727665,14.871763925737099,2.6
2016.0,2.0,7.0,9.0,31.0,0.94,4482.0,19.601699363910225,-154.9847963976287,22.477435672166,2.5
2016.0,2.0,15.0,2.0,50.0,30.97,4484.0,19.688507145845943,-155.2627480974893,2.501365028583485,2.6
2016.0,2.0,19.0,14.0,49.0,9.7,4485.0,19.21944123085698,-155.7708351590031,22.725025781891183,2.9
2016.0,2.0,27.0,18.0,6.0,58.63,4486.0,19.16285247878252,-155.5960090809886,38.47755297674783,3.1
2016.0,2.0,29.0,10.0,17.0,24.37,4487.0,19.509172098608264,-155.42132650280143,12.572768759483651,3.6
2016.0,3.0,2.0,13.0,9.0,51.03,4489.0,20.134276023981247,-155.76897129305738,42.8647135074971,3.0
2016.0,3.0,4.0,3.0,26.0,43.74,4490.0,19.784903798441853,-155.29442821989818,31.22275635787098,2.6
2016.0,3.0,7.0,14.0,41.0,36.66,4492.0,19.985354582494864,-155.5499364954498,11.035597654671466,2.6
2016.0,3.0,8.0,21.0,22.0,33.83,4493.0,19.96791701143733,-155.49231898449557,15.612145807398319,2.9
2016.0,3.0,13.0,17.0,48.0,30.15,4495.0,19.5660772225442,-155.09633147009922,13.401771323450166,2.7
2016.0,3.0,14.0,4.0,34.0,20.57,4496.0,19.209096358596828,-155.6867571777218,3.843922899249549,2.5
2016.0,3.0,14.0,15.0,39.0,27.88,4497.0,19.32720145944463,-155.75662496960916,22.06489914863345,2.7
2016.0,3.0,15.0,4.0,36.0,26.13,4498.0,20.229100844986167,-155.859542135629,8.414574075859292,2.7
2016.0,3.0,22.0,2.0,44.0,9.15,4499.0,19.88805573995888,-155.24662966834882,14.225269009888367,3.1
2016.0,3.0,29.0,22.0,26.0,45.68,4500.0,19.515269046121848,-155.69242286943324,10.582043687731364,2.5
2016.0,4.0,11.0,12.0,11.0,53.9,4501.0,19.19475289657967,-155.57020532579702,17.26704020724694,2.6
2016.0,4.0,23.0,23.0,23.0,41.44,4502.0,19.49913953404869,-155.3365836785039,10.69642712586758,3.7
2016.0,4.0,24.0,14.0,18.0,36.95,4503.0,19.52722736898449,-155.80843943214444,32.55000864188108,3.6
2016.0,4.0,27.0,18.0,42.0,58.82,4504.0,19.496003111237776,-154.87214736321351,23.178487695868164,4.9
2016.0,4.0,30.0,7.0,23.0,25.63,4505.0,18.97400252312432,-155.6386877657457,19.41178331498153,2.5
2016.0,4.0,30.0,14.0,44.0,25.87,4506.0,19.4317917901756,-155.21727581125626,18.707838099575625,2.8
2016.0,5.0,3.0,1.0,11.0,37.18,4507.0,19.429517808122696,-155.1282276953736,11.787630796781839,2.5
2016.0,5.0,5.0,18.0,5.0,16.07,4508.0,19.97237673594569,-155.34732529745418,35.335826695626885,3.0
2016.0,5.0,7.0,10.0,32.0,3.82,4509.0,19.21224454444017,-155.45333080984426,14.587425864812936,2.5
2016.0,5.0,8.0,21.0,7.0,0.21,4510.0,19.625547906282296,-155.42669722630922,22.44962873336198,4.0
2016.0,5.0,10.0,4.0,1.0,50.27,4511.0,19.86334198924709,-155.71449738540755,10.509407235294429,2.8
2016.0,5.0,11.0,17.0,16.0,34.57,4512.0,19.797140891160552,-155.13380331245122,17.959775613952242,3.5
2016.0,5.0,12.0,18.0,0.0,13.54,4513.0,19.527303106485714,-154.85652934803068,29.41294680632159,4.0
2016.0,5.0,19.0,16.0,36.0,21.07,4514.0,19.31145141674544,-155.173069094132,41.86795146844335,2.6
2016.0,5.0,30.0,8.0,9.0,2.15,4515.0,19.514873312022264,-155.57776771244798,6.484674546053173,2.8
2016.0,6.0,6.0,5.0,31.0,18.94,4516.0,19.93094263500697,-155.56871618848467,4.3219829103480905,2.8
2016.0,6.0,10.0,7.0,50.0,25.37,4517.0,19.093289930335075,-155.68879785801911,23.015965118820688,2.5
2016.0,6.0,25.0,14.0,22.0,37.82,4518.0,19.13454553521865,-155.57368352330062,18.713439190161342,2.6
2016.0,7.0,11.0,3.0,49.0,17.77,4519.0,19.8982328854074,-155.15068510434284,4.77652371117566,2.9
2016.0,7.0,14.0,2.0,22.0,14.57,4520.0,19.74724228954483,-155.9712106727691,6.616810936149183,3.0
2016.0,7.0,19.0,16.0,56.0,11.75,4521.0,19.691643211009435,-155.3064946114067,34.20852605757756,2.5
2016.0,7.0,20.0,5.0,19.0,11.23,4522.0,20.0284521000803,-155.34602690877435,3.44192883219566,2.7
2016.0,7.0,25.0,2.0,31.0,56.31,4523.0,19.43566236613734,-155.21161690091057,3.930308163665453,2.5
2016.0,8.0,7.0,20.0,12.0,50.47,4524.0,19.64605487074469,-155.94110100811153,15.081369602398249,3.0
2016.0,8.0,16.0,8.0,57.0,56.4,4525.0,19.183622790945247,-155.85135577002336,35.447483843089465,2.7
2016.0,8.0,17.0,20.0,42.0,40.37,4526.0,19.27052206214086,-155.62211173725728,30.68560808981351,3.5
2016.0,8.0,19.0,3.0,12.0,51.2,4527.0,19.710353634858755,-155.74746256682724,44.18468180689512,2.5
2016.0,9.0,5.0,13.0,45.0,29.38,4529.0,19.973327631802825,-155.7885529588318,11.082109561443723,2.5
2016.0,9.0,10.0,12.0,1.0,52.73,4530.0,19.769925016373435,-155.14375748720167,32.05499001703299,2.6
2016.0,9.0,10.0,16.0,55.0,29.83,4531.0,19.16643434069482,-155.84993204833285,15.936982642752431,2.5
2016.0,9.0,19.0,17.0,31.0,23.06,4532.0,19.7118736714123,-155.40828993689098,37.113807596462784,3.0
2016.0,9.0,23.0,7.0,16.0,19.15,4533.0,19.84397162378919,-155.35409168899153,44.01993737962735,2.8
2016.0,9.0,25.0,10.0,47.0,32.08,4534.0,19.58219655823104,-155.24536042501876,4.688960750949908,2.5
2016.0,9.0,29.0,17.0,20.0,39.92,4535.0,19.752938905987264,-155.57305832757075,9.031909883517745,2.8
2016.0,9.0,30.0,0.0,11.0,17.06,4536.0,19.66354368388296,-155.16499704305923,36.950866179082595,3.0
2016.0,10.0,5.0,4.0,42.0,42.25,4537.0,19.646983718949343,-155.3655121277773,43.819199539092054,2.6
2016.0,10.0,9.0,8.0,57.0,34.65,4538.0,19.771720456194032,-155.56032214566824,43.42722303366161,2.8
2016.0,10.0,10.0,3.0,27.0,58.74,4539.0,20.142866073057505,-155.60188012986663,40.62770046999317,3.2
2016.0,10.0,12.0,17.0,50.0,18.67,4540.0,19.95195222675093,-155.848870260082,36.2498059894752,3.1
2016.0,10.0,16.0,13.0,51.0,21.95,4542.0,19.791372799743463,-155.79028669270147,15.18691284917157,2.6
2016.0,10.0,20.0,2.0,45.0,26.28,4543.0,19.14198945563719,-155.5237410185703,36.59110094367647,3.1
2016.0,10.0,22.0,3.0,46.0,19.35,4544.0,19.39575440306684,-155.7659488423503,2.9986628611830874,3.4
2016.0,10.0,30.0,10.0,43.0,37.78,4545.0,19.54945260456288,-155.1456405488556,6.740384626432071,2.6
2016.0,10.0,30.0,20.0,0.0,2.96,4546.0,19.60520371127369,-154.9180417908908,17.083558456604948,2.6
2016.0,11.0,8.0,2.0,23.0,30.79,4547.0,19.72138785311329,-155.03215299716004,7.922814789289146,2.5
2016.0,11.0,9.0,3.0,9.0,16.0,4548.0,19.6993267305222,-155.64394438079816,29.77511046635718,3.0
2016.0,11.0,15.0,19.0,26.0,0.19,4550.0,19.34271623051035,-155.53104276373043,4.929105662350174,2.7
2016.0,11.0,17.0,10.0,16.0,56.09,4551.0,19.37158998685744,-155.56813939346495,29.110905364885152,2.6
2016.0,11.0,18.0,11.0,14.0,21.52,4552.0,19.46541967385836,-155.47135804048634,39.22124853477338,3.3
2016.0,11.0,22.0,18.0,51.0,2.95,4553.0,19.45162769860896,-155.0012158391844,30.211234146042433,2.7
2016.0,11.0,30.0,20.0,7.0,10.57,4554.0,19.586508050335176,-155.71828971133797,7.9591006856233815,2.6
2016.0,12.0,5.0,23.0,55.0,31.65,4555.0,19.87538267587181,-155.32327720719542,35.9389618555639,2.9
2016.0,12.0,6.0,23.0,58.0,58.08,4556.0,19.445292918881325,-154.87897131805855,17.146046974719933,2.6
2016.0,12.0,7.0,23.0,13.0,8.44,4557.0,19.935900427965336,-155.58124275968717,38.45733163006861,2.5
2016.0,12.0,9.0,6.0,18.0,24.72,4558.0,19.716362791503087,-155.02746187745447,23.75969400207302,4.2
2016.0,12.0,14.0,17.0,35.0,39.64,4559.0,19.68869699242022,-155.2734265792725,34.30807823870384,2.9
2016.0,12.0,20.0,17.0,16.0,24.22,4560.0,19.71001875013068,-155.71707928104783,13.194479406672517,3.4
2016.0,12.0,23.0,17.0,2.0,45.26,4561.0,20.166796409722565,-155.74425648251912,10.79755285076456,3.3
2016.0,12.0,29.0,23.0,19.0,8.37,4562.0,19.49440801974779,-155.7504695191514,16.656832248803585,2.8
2017.0,1.0,3.0,14.0,9.0,15.11,4563.0,19.06679330799814,-155.71399325896505,17.131214574140962,2.8
2017.0,1.0,16.0,2.0,33.0,2.97,4564.0,19.869931443254327,-155.60487196650675,38.6998239026002,2.8
2017.0,1.0,18.0,13.0,38.0,46.83,4565.0,19.50105979430375,-154.83058355171823,38.374474697769394,2.5
2017.0,1.0,25.0,18.0,59.0,58.37,4566.0,19.34568345797166,-155.07204015480107,20.55521496201342,3.0
2017.0,1.0,28.0,23.0,33.0,49.77,4567.0,19.17690893576468,-155.74160698254437,4.726481059400546,2.9
2017.0,2.0,1.0,13.0,35.0,0.85,4568.0,19.48386899479236,-155.74692109381976,3.642288560577129,2.8
2017.0,2.0,15.0,18.0,42.0,47.15,4569.0,19.921395518275183,-155.56828410725743,10.89693340108845,2.5
2017.0,2.0,15.0,21.0,20.0,10.17,4570.0,19.174266177829765,-155.57189449453364,3.8685062383811863,2.5
2017.0,2.0,21.0,8.0,7.0,5.85,4571.0,19.94041230370243,-155.41905780396365,30.903138132112698,2.9
2017.0,2.0,23.0,19.0,49.0,8.37,4572.0,20.18401024695904,-155.69083332579353,37.36668245702648,2.5
2017.0,3.0,5.0,9.0,1.0,12.65,4574.0,19.47647276296908,-155.53117404653474,15.956182825177269,4.1
2017.0,3.0,6.0,15.0,57.0,20.98,4575.0,19.21686986633165,-155.5329849790763,41.085984536796836,3.7
2017.0,3.0,10.0,2.0,40.0,48.69,4576.0,19.45963549564396,-155.87442322073872,12.799970784842088,3.1
2017.0,3.0,19.0,2.0,2.0,20.78,4579.0,19.7444976306646,-155.3850952659432,10.008619472553962,2.5
2017.0,3.0,21.0,21.0,3.0,43.94,4580.0,19.8597220632378,-155.7664061792879,44.37837688211036,3.0
2017.0,3.0,23.0,0.0,46.0,15.01,4581.0,19.52543775246518,-155.58801057206773,28.93568203767166,2.7
2017.0,3.0,30.0,2.0,14.0,5.73,4583.0,19.932363537711566,-155.64990020605,16.503001769689803,4.4
2017.0,4.0,2.0,3.0,3.0,38.67,4584.0,19.50914598818383,-155.0626482902603,13.518693906129675,3.0
2017.0,4.0,13.0,11.0,31.0,36.26,4585.0,19.410008575448806,-154.97584225260016,44.62937913478138,2.7
2017.0,4.0,24.0,6.0,38.0,56.85,4586.0,19.316609210549352,-155.6573694598771,26.859889649666375,2.5
2017.0,4.0,30.0,1.0,7.0,49.69,4587.0,19.948938061015497,-155.3625857739954,33.943437403526225,2.7
2017.0,5.0,4.0,4.0,29.0,38.17,4588.0,19.09222513153392,-155.63930610452834,14.501166296164223,2.6
2017.0,5.0,7.0,11.0,45.0,1.11,4589.0,19.62427442915073,-154.9781400233877,30.658347230724274,2.6
2017.0,5.0,24.0,4.0,16.0,49.75,4590.0,19.24095819786578,-155.71925109145408,39.3062427647741,3.1
2017.0,5.0,26.0,10.0,17.0,36.17,4591.0,19.31135212175405,-155.27604630447925,44.37608340322,3.2
2017.0,5.0,27.0,5.0,59.0,26.75,4592.0,19.241919360108145,-155.87486466051,3.2088336476267836,2.5
2017.0,5.0,27.0,19.0,26.0,42.31,4593.0,19.502688928400296,-154.81270805231276,28.023608902971972,3.8
2017.0,5.0,29.0,8.0,43.0,52.84,4594.0,20.16480135471424,-155.7370143765598,37.789785023872334,3.7
2017.0,6.0,5.0,20.0,42.0,48.82,4595.0,19.76254347695438,-155.7478849757683,39.90803030886665,2.8
2017.0,6.0,16.0,4.0,3.0,19.12,4596.0,19.27230779158061,-155.88230630605025,6.729609302421352,2.6
2017.0,6.0,21.0,23.0,46.0,6.83,4597.0,19.58549376326085,-155.6919054804984,39.76207998472255,2.6
2017.0,6.0,24.0,3.0,19.0,7.72,4598.0,19.499850025328605,-154.88187380275895,44.46200162494022,3.3
2017.0,6.0,25.0,9.0,0.0,46.83,4599.0,19.66306349356338,-155.13765630782746,1.2935664507142222,2.5
2017.0,6.0,28.0,14.0,45.0,57.44,4600.0,19.31533227488672,-155.41007862081833,25.523721813811747,3.7
2017.0,6.0,30.0,12.0,12.0,34.14,4601.0,19.59616542545001,-155.35504479645468,19.927573943238265,3.1
2017.0,7.0,5.0,0.0,11.0,12.28,4602.0,19.776727269538217,-155.99622943832756,24.22088448727884,3.5
2017.0,7.0,6.0,19.0,54.0,30.15,4603.0,19.300875035145783,-155.4349756434387,17.835302361431182,3.3
2017.0,7.0,12.0,12.0,19.0,17.09,4604.0,19.86740894769031,-155.4427744621414,14.859974470874084,3.3
2017.0,7.0,18.0,19.0,26.0,23.91,4605.0,19.709751054992218,-155.92669032778034,6.6412784182794145,2.6
2017.0,7.0,31.0,13.0,22.0,40.64,4607.0,19.89795452299096,-155.34904573830087,14.231787027979731,3.2
2017.0,8.0,12.0,14.0,37.0,16.18,4609.0,19.769128255465585,-155.5040755530842,37.21426933246813,2.6
2017.0,8.0,28.0,15.0,40.0,55.04,4612.0,19.79799650967432,-155.1200921012871,40.09847521738365,3.2
2017.0,9.0,2.0,16.0,14.0,32.09,4613.0,19.35751940975112,-155.2392766112395,38.58482609241783,3.0
2017.0,9.0,13.0,22.0,9.0,20.65,4614.0,19.89483285472588,-155.6374051015562,36.995206889456504,2.5
2017.0,9.0,20.0,5.0,14.0,32.66,4615.0,19.40510346480177,-154.94964901629135,30.81176452826481,2.5
2017.0,9.0,21.0,21.0,18.0,35.61,4616.0,19.49267314447225,-155.4852784928566,10.45908483966371,2.9
2017.0,9.0,24.0,19.0,52.0,27.56,4617.0,19.64481626752749,-155.95356570265426,38.937001223832134,2.5
2017.0,9.0,25.0,12.0,24.0,24.85,4618.0,19.76676654294962,-155.71784456854067,4.903586443837812,3.1
2017.0,10.0,1.0,9.0,45.0,32.89,4619.0,19.707513081037543,-155.6614561264824,28.10903847071148,4.1
2017.0,10.0,6.0,10.0,1.0,36.05,4620.0,19.093147877096825,-155.6373132092896,10.60425600497898,3.1
2017.0,10.0,8.0,10.0,47.0,12.6,4621.0,19.37030801490385,-155.67737974481767,17.917865376401505,2.9
2017.0,10.0,17.0,9.0,44.0,25.14,4622.0,19.55581516670177,-155.66038930018502,31.843828130945283,3.4
2017.0,10.0,21.0,7.0,20.0,50.41,4623.0,19.188675948885983,-155.87326013997534,1.4383175942557092,2.6
2017.0,10.0,24.0,5.0,34.0,0.74,4625.0,20.038193338126497,-155.6382495976676,25.06530573604733,3.1
2017.0,10.0,25.0,4.0,13.0,25.46,4627.0,19.616742236213195,-155.24585712751258,29.48806753126765,2.8
2017.0,10.0,26.0,10.0,40.0,10.82,4628.0,20.06726696384301,-155.61768289977596,25.10697321592897,2.5
2017.0,11.0,2.0,6.0,20.0,19.22,4629.0,19.11341839197575,-155.54821159408814,3.1541375859571574,2.9
2017.0,11.0,5.0,5.0,55.0,42.85,4630.0,19.97023352743816,-155.7010684352696,14.19006571966977,3.1
2017.0,11.0,5.0,17.0,54.0,51.43,4631.0,19.931773663466466,-155.40855422214815,33.71537225897086,2.5
2017.0,11.0,6.0,14.0,41.0,13.62,4632.0,19.27586830753248,-155.32504195645515,14.438260566762917,2.9
2017.0,11.0,7.0,20.0,4.0,33.45,4633.0,19.35724415460028,-155.34374813793653,4.850489860066014,2.5
2017.0,11.0,14.0,16.0,34.0,30.95,4634.0,19.4021125109954,-154.992755171249,15.128133820542493,2.5
2017.0,11.0,20.0,6.0,40.0,2.71,4635.0,19.3672396394096,-155.44126840579287,9.7166534274115,2.6
2017.0,11.0,28.0,1.0,28.0,35.8,4636.0,19.56412816501284,-155.4178119317655,32.5460707659324,3.2
2017.0,12.0,5.0,6.0,12.0,19.67,4637.0,19.618969115086383,-155.91670635565052,19.3638918444935,2.7
2017.0,12.0,7.0,17.0,44.0,4.84,4638.0,19.33625886746821,-155.48555722944386,15.737507555616027,2.6
2017.0,12.0,12.0,22.0,37.0,23.44,4639.0,19.28835087439941,-155.54626199124914,2.254241114865009,2.8
2017.0,12.0,13.0,16.0,11.0,6.76,4640.0,19.25981801517805,-155.68579671648132,20.970407161427296,2.5
2017.0,12.0,15.0,4.0,5.0,48.35,4641.0,19.728211330343942,-155.1039269567867,26.25869784075462,2.6
2017.0,12.0,21.0,9.0,39.0,50.59,4643.0,19.46333486245525,-155.36793000907016,24.188751890942914,2.5
2017.0,12.0,21.0,23.0,28.0,16.04,4644.0,19.74905417530024,-155.96014255216085,33.3205289949064,2.5
2017.0,12.0,26.0,15.0,50.0,30.67,4645.0,19.93685682631021,-155.41732486185464,43.376324015012955,2.7
2018.0,1.0,2.0,3.0,11.0,0.89,4646.0,19.37810923229761,-155.39297757520345,21.278213741826438,2.7
2018.0,1.0,2.0,11.0,46.0,29.53,4647.0,19.411367374891217,-155.78026863794622,7.587166828130027,2.5
2018.0,1.0,5.0,0.0,0.0,56.54,4648.0,19.298172577837978,-155.61826426879986,10.434349677842278,3.4
2018.0,1.0,8.0,18.0,10.0,7.56,4649.0,19.71608810484993,-155.48382062073415,18.140773258934555,2.8
2018.0,1.0,11.0,6.0,47.0,49.73,4650.0,19.92323862816694,-155.47164422796305,35.56939565059399,2.8
2018.0,1.0,19.0,11.0,46.0,27.32,4651.0,19.3294152194936,-155.75601849130825,36.30301878436403,2.7
2018.0,1.0,27.0,5.0,58.0,55.94,4652.0,19.99939543481464,-155.65251392329674,35.47029130308776,2.9
2018.0,1.0,27.0,16.0,22.0,31.15,4653.0,20.237189941270422,-155.8361211787098,43.84541660927448,4.8
2018.0,1.0,31.0,16.0,37.0,21.71,4654.0,19.42900015302007,-155.59166673689734,26.5746092359341,2.7
2018.0,2.0,7.0,21.0,40.0,15.66,4655.0,19.59137877182264,-155.69588718505798,7.878113740743222,2.6
2018.0,2.0,11.0,19.0,50.0,24.83,4656.0,20.027581454259145,-155.6642631890937,31.91634526334026,4.3
2018.0,2.0,16.0,14.0,14.0,50.85,4657.0,20.079165578208748,-155.65245467377537,22.74984035768609,2.6
2018.0,2.0,17.0,0.0,24.0,15.94,4658.0,20.083411358879843,-155.8284584695728,41.64730515450206,2.5
2018.0,2.0,20.0,10.0,7.0,30.06,4659.0,19.65573961745391,-155.56123157855228,13.336498401217693,3.8
2018.0,2.0,23.0,12.0,18.0,17.72,4660.0,19.333242851468857,-155.44493775778986,42.06201473026291,2.8
2018.0,3.0,3.0,13.0,29.0,4.06,4661.0,19.7184411311201,-155.52360534251224,27.370639481815992,2.9
2018.0,3.0,12.0,16.0,38.0,22.95,4662.0,19.84625955461254,-155.2724492871527,22.43273037979149,3.0
2018.0,3.0,17.0,20.0,43.0,42.49,4663.0,19.44807590818889,-154.96086984381955,26.25519037539405,2.5
2018.0,3.0,25.0,4.0,14.0,12.93,4664.0,19.608208017863813,-155.60983366587092,32.64879537103745,3.8
2018.0,3.0,30.0,18.0,43.0,21.32,4665.0,19.42485815767084,-155.36248262731365,5.296823894993114,2.5
2018.0,4.0,2.0,16.0,39.0,34.46,4666.0,19.780296677476787,-155.75384419354648,35.54159418102094,3.0
2018.0,4.0,3.0,11.0,10.0,56.42,4667.0,20.025420221801504,-155.76674204732217,38.342676603447785,2.5
2018.0,4.0,14.0,11.0,45.0,34.54,4669.0,19.50508198069228,-155.91535153595385,10.84341394567671,2.9
2018.0,4.0,16.0,15.0,50.0,49.41,4670.0,19.492945414051764,-155.42063368799913,3.6427601259947346,2.5
2018.0,4.0,18.0,15.0,9.0,11.63,4671.0,19.61869768445701,-155.1053562373827,28.758534249517325,2.9
2018.0,4.0,19.0,10.0,54.0,28.94,4672.0,19.845815044952097,-155.34018103157567,36.844519822050984,2.8
2018.0,5.0,1.0,16.0,4.0,4.79,4673.0,19.318370278678174,-155.72996578337955,7.216119893360272,3.2
2018.0,5.0,18.0,15.0,43.0,24.92,4674.0,19.70669303335519,-155.37677977071309,29.00925356217179,2.5
2018.0,5.0,20.0,22.0,33.0,7.62,4675.0,19.520847278257808,-155.5446906690497,12.729227399116363,2.6
2018.0,5.0,25.0,20.0,15.0,55.84,4677.0,19.959295423492893,-155.4668963323198,10.196225422235695,2.6
2018.0,6.0,15.0,21.0,43.0,27.71,4678.0,19.628705868569064,-155.3428277611651,35.406565690151744,2.5
2018.0,6.0,16.0,2.0,3.0,16.43,4679.0,19.526259890885385,-155.70241443267457,6.6052699579551675,2.7
2018.0,6.0,23.0,1.0,52.0,21.79,4680.0,19.548591141374303,-155.1507084170516,7.498332591819526,3.3
2018.0,6.0,23.0,8.0,10.0,27.79,4681.0,19.87113473218273,-155.2697781832296,14.499814074909382,2.5
2018.0,6.0,25.0,0.0,48.0,32.48,4682.0,19.299647704083807,-155.580630709595,10.707106189471999,2.5
2018.0,7.0,18.0,8.0,44.0,42.58,4683.0,19.28422893839998,-155.24304823794247,11.526046869132056,3.1
2018.0,7.0,18.0,12.0,36.0,13.38,4684.0,20.050201850589755,-155.74867744949265,7.71548643836825,2.9
2018.0,7.0,26.0,18.0,38.0,21.86,4686.0,19.39316870641581,-155.4334324347899,35.34005832458802,2.5
2018.0,7.0,27.0,4.0,34.0,27.38,4687.0,19.588873778034703,-155.72371493731535,35.82535863756382,2.6
2018.0,8.0,1.0,11.0,54.0,25.33,4688.0,19.835889566608227,-155.86675146206065,21.18117267885651,3.2
2018.0,8.0,1.0,14.0,54.0,52.54,4689.0,19.814768217730748,-155.5431284341024,5.717849962899425,2.7
2018.0,8.0,8.0,3.0,16.0,40.99,4690.0,20.09108127650938,-155.81909870120103,14.52415310413566,2.6
2018.0,8.0,9.0,0.0,56.0,50.55,4691.0,19.45975182240044,-154.9403411651793,3.1959213945955307,3.2
2018.0,8.0,9.0,7.0,12.0,9.42,4692.0,19.37351026427248,-155.615129364402,40.646540536712266,2.7
2018.0,8.0,15.0,10.0,39.0,9.72,4693.0,19.61878602276721,-155.08099908406749,8.134928484500886,2.8
2018.0,8.0,16.0,2.0,36.0,18.96,4694.0,19.6635891418028,-154.99398829670525,13.351623458372579,2.6
2018.0,8.0,16.0,5.0,37.0,50.71,4695.0,19.84280380832039,-155.3817254736086,10.276863831807278,4.4
2018.0,8.0,23.0,16.0,56.0,8.74,4696.0,19.06206577285504,-155.8308990394447,8.824952219320604,2.7
2018.0,8.0,26.0,12.0,48.0,25.55,4697.0,19.98873606743801,-155.58479571562344,37.768200037878486,2.5
2018.0,8.0,29.0,7.0,1.0,28.09,4698.0,19.43118214231085,-155.33882438768137,30.300252126840913,2.9
2018.0,9.0,2.0,12.0,51.0,59.88,4699.0,19.28070057335751,-155.12370874398636,44.44434793613455,2.6
2018.0,9.0,12.0,14.0,28.0,41.75,4700.0,19.97269868330978,-155.80305002607264,24.324001199065634,2.5
2018.0,9.0,14.0,20.0,36.0,3.04,4701.0,19.96898218785966,-155.19851608137472,25.514123308549486,3.1
2018.0,9.0,20.0,7.0,53.0,26.31,4702.0,19.35881270551114,-155.43335799992644,41.33308307054041,2.7
2018.0,9.0,25.0,10.0,44.0,11.45,4703.0,19.3378722226618,-155.461527288519,16.790594933010226,3.8
2018.0,9.0,28.0,15.0,42.0,8.65,4704.0,19.56160082224406,-155.3663032877966,30.70944361677143,2.6
2018.0,10.0,3.0,21.0,27.0,32.67,4705.0,19.33929371039052,-155.72051949681486,25.81958798183348,2.7
2018.0,10.0,6.0,2.0,21.0,6.93,4706.0,19.388102092663363,-155.56699307155026,37.4935490153832,2.8
2018.0,10.0,7.0,20.0,8.0,50.3,4707.0,19.32970240820721,-155.60906256689137,13.840404883240891,3.1
2018.0,10.0,17.0,1.0,38.0,4.0,4708.0,19.430904078282044,-155.31885968120207,7.36323634440137,2.9
2018.0,10.0,19.0,9.0,56.0,47.89,4709.0,19.713946199305447,-155.58622343730397,29.189217286453577,2.5
2018.0,10.0,20.0,14.0,39.0,18.89,4710.0,19.746786294838355,-155.47830273569508,5.748064752659778,3.1
2018.0,10.0,23.0,9.0,19.0,49.5,4711.0,19.706822858242614,-155.80461984374173,23.559139471735502,3.1
2018.0,10.0,24.0,7.0,13.0,5.97,4712.0,19.37524039618972,-155.57923546215255,16.167694621381592,2.5
2018.0,10.0,26.0,13.0,46.0,3.34,4713.0,19.61542075587549,-155.08933847569975,26.1204678333685,2.8
2018.0,10.0,30.0,12.0,18.0,18.7,4714.0,19.92385346339752,-155.64280866984677,32.010814086533735,4.4
2018.0,10.0,31.0,18.0,0.0,20.16,4715.0,19.32182907054905,-155.7360029119487,6.008222189181767,2.5
2018.0,11.0,1.0,18.0,34.0,23.86,4716.0,19.7231061962204,-155.13954483610314,25.507699170476435,2.6
2018.0,11.0,5.0,9.0,3.0,10.48,4718.0,19.98451515103952,-155.23869729859135,9.494282452447965,3.4
2018.0,11.0,6.0,12.0,22.0,33.24,4720.0,20.132614864879308,-155.79574417614114,35.5983593166826,3.1
2018.0,11.0,13.0,3.0,34.0,25.45,4721.0,19.6389361586223,-155.38984164772637,42.47086994106802,2.8
2018.0,11.0,13.0,4.0,58.0,45.29,4722.0,20.00339072034541,-155.63218604637166,9.858176364914339,3.2
2018.0,11.0,15.0,18.0,27.0,8.88,4723.0,19.30673392305417,-155.62188229608265,14.92747608879263,2.5
2018.0,11.0,17.0,19.0,10.0,21.76,4724.0,19.678389231455714,-155.54969821592934,23.76417438743974,2.5
2018.0,11.0,19.0,4.0,12.0,58.23,4725.0,19.36765458046301,-155.01273117265106,5.791925500462121,2.6
2018.0,11.0,22.0,9.0,39.0,24.05,4726.0,19.52912082872191,-155.81414090414717,24.25241830860424,2.5
2018.0,11.0,23.0,6.0,9.0,52.48,4727.0,19.550886001944253,-155.94957033234328,17.741184730412616,3.0
2018.0,11.0,30.0,10.0,41.0,40.95,4729.0,20.06978798286277,-155.80786212803227,31.01798631202865,2.9
2018.0,12.0,1.0,11.0,40.0,21.71,4730.0,19.996479570080623,-155.61677407359934,33.19132490510959,3.3
2018.0,12.0,4.0,16.0,50.0,14.72,4731.0,19.469012291388182,-155.66820346115273,10.320562814810504,3.2
2018.0,12.0,7.0,2.0,22.0,22.69,4732.0,19.55971471214774,-155.95146687515268,12.993363503285398,2.9
2018.0,12.0,10.0,10.0,55.0,10.56,4733.0,19.674233448117697,-155.23242757100994,40.07376712570318,2.5
2018.0,12.0,12.0,4.0,57.0,10.93,4734.0,19.55120361886137,-155.5925203501859,35.41596687625227,3.2
2018.0,12.0,17.0,12.0,58.0,17.34,4735.0,19.283911605410857,-155.3149538539681,42.52985972380247,3.4
2018.0,12.0,23.0,5.0,27.0,10.52,4736.0,19.82086500463992,-155.63480306400248,7.257401880882648,2.5
2018.0,12.0,23.0,15.0,49.0,20.99,4737.0,20.005199290698908,-155.6049527034646,35.14693628631432,4.4
2018.0,12.0,26.0,20.0,47.0,59.29,4738.0,19.45309508310412,-155.19824415032423,34.63198927140074,2.5
2019.0,1.0,2.0,13.0,38.0,51.21,4739.0,19.736697429301124,-155.16035709589175,3.6432862375561745,3.0
2019.0,1.0,2.0,21.0,41.0,38.74,4740.0,20.019999360504872,-155.43329545281503,44.19922200251123,2.5
2019.0,1.0,5.0,0.0,42.0,56.51,4741.0,19.58860898178869,-155.93442086692,42.48058349606508,2.5
2019.0,1.0,9.0,1.0,6.0,12.65,4742.0,19.125753387689592,-155.55368644360044,24.778699964258312,2.6
2019.0,1.0,12.0,13.0,38.0,52.7,4743.0,19.57272174512832,-155.13052830934754,21.34707888157881,2.8
2019.0,1.0,14.0,21.0,13.0,4.47,4744.0,19.29771950902185,-155.09708774550586,41.05768325989624,2.7
2019.0,1.0,19.0,20.0,58.0,58.37,4745.0,19.042179866306977,-155.57169015878685,3.159601908895096,2.7
2019.0,1.0,25.0,6.0,15.0,28.1,4746.0,20.0745994848844,-155.6125845890687,29.788122912745138,2.5
2019.0,1.0,27.0,20.0,11.0,32.52,4748.0,19.489178946581266,-155.82991429801837,40.02658657864087,2.5
2019.0,2.0,4.0,17.0,58.0,9.3,4749.0,19.6005889470816,-155.56325542885045,43.15232956039051,3.3
2019.0,2.0,5.0,6.0,12.0,4.92,4750.0,19.568397730955585,-154.91761844028676,11.711531178120735,2.6
2019.0,2.0,5.0,19.0,27.0,52.98,4751.0,19.75677011481913,-155.46298244147994,36.777430123425184,3.2
2019.0,2.0,10.0,11.0,8.0,49.05,4752.0,19.40682857045924,-155.69485656400565,42.44960172895255,3.2
2019.0,2.0,14.0,2.0,1.0,41.95,4753.0,19.60295737910726,-155.63028257019033,2.0703848047090077,2.7
2019.0,2.0,17.0,3.0,21.0,10.17,4754.0,19.8770704803673,-155.5442443417545,2.404951082245983,2.5
2019.0,2.0,18.0,7.0,8.0,22.9,4755.0,20.11421039024175,-155.76290405158014,44.84868106764124,2.6
2019.0,2.0,20.0,10.0,41.0,21.21,4756.0,19.68775450015909,-155.34713575045342,9.84812603457658,2.6
2019.0,2.0,21.0,13.0,33.0,40.12,4757.0,19.328740853861245,-155.47908471672443,18.340768004349613,3.3
2019.0,3.0,4.0,4.0,13.0,59.3,4758.0,19.23609561875022,-155.84059578851,20.52776935148482,2.5
2019.0,3.0,12.0,3.0,20.0,56.49,4759.0,19.870087654105244,-155.30857351391649,31.521170493619344,3.0
2019.0,3.0,17.0,18.0,51.0,28.77,4760.0,19.53230297278868,-154.92784373004153,36.015484586968206,2.7
2019.0,3.0,21.0,1.0,1.0,2.29,4761.0,20.063880823389884,-155.49998701697064,15.520435410333222,2.5
2019.0,3.0,21.0,11.0,55.0,5.58,4762.0,19.80080674154067,-155.1868586927704,4.919836340206148,2.8
2019.0,3.0,21.0,22.0,25.0,11.58,4763.0,19.90948801138383,-155.34586289376284,18.47241752052086,2.5
2019.0,3.0,25.0,20.0,38.0,22.74,4764.0,19.23991630065971,-155.49677314049154,35.96138627726459,2.7
2019.0,3.0,27.0,17.0,18.0,4.46,4765.0,19.79532226305632,-155.83572607253967,27.764253902765475,2.7
2019.0,3.0,30.0,7.0,32.0,53.54,4766.0,19.16338594920417,-155.81743324251562,43.66515647880915,2.6
2019.0,4.0,1.0,0.0,56.0,48.1,4767.0,19.33245686228942,-155.1324169321464,41.65373300065199,2.9
2019.0,4.0,3.0,2.0,49.0,11.87,4768.0,19.686804101964977,-155.82652238515283,20.769579899879716,2.6
2019.0,4.0,21.0,16.0,35.0,57.16,4769.0,19.520840791536408,-155.58967033220804,4.063381269420041,2.7
2019.0,5.0,5.0,22.0,26.0,8.01,4770.0,19.66465605240528,-155.04052012736585,27.39820875231145,2.7
2019.0,5.0,8.0,23.0,26.0,1.21,4771.0,19.57092845054868,-155.36965683180532,16.850979533173934,2.6
2019.0,5.0,11.0,1.0,53.0,30.26,4772.0,19.78062575611711,-155.43275101856236,28.505045429977454,3.2
2019.0,5.0,14.0,1.0,25.0,23.69,4773.0,19.17248701361687,-155.67453552108336,41.007658522378634,2.5
2019.0,5.0,15.0,4.0,41.0,50.27,4774.0,19.864147830296503,-155.4585095424353,40.863367072367694,2.6
2019.0,5.0,15.0,18.0,3.0,33.88,4775.0,19.70733613574498,-155.2871609281291,32.580677871284834,3.7
2019.0,5.0,17.0,3.0,35.0,30.54,4776.0,19.705993004570004,-155.49568608250476,18.827147101179648,3.1
2019.0,5.0,22.0,3.0,33.0,43.02,4778.0,19.614952951625348,-154.9437354094177,7.293185759646532,3.3
2019.0,5.0,24.0,8.0,7.0,45.64,4779.0,19.32917232756886,-155.18481174552724,10.292793665564837,2.6
2019.0,5.0,26.0,14.0,21.0,18.31,4780.0,19.25124045800437,-155.24801994973333,25.0841538102389,3.3
2019.0,5.0,29.0,0.0,9.0,43.01,4781.0,20.00165829626553,-155.79080928593854,36.12186772951739,3.0
2019.0,6.0,1.0,22.0,44.0,27.98,4782.0,19.443030744575964,-155.88036495394536,1.8798777755349119,2.8
2019.0,6.0,5.0,12.0,49.0,36.6,4783.0,19.643334797629613,-155.37268913864438,15.149021177067361,3.5
2019.0,6.0,10.0,19.0,51.0,39.17,4784.0,19.902820807262344,-155.75296736151927,13.721202337363533,2.8
2019.0,6.0,14.0,20.0,25.0,46.24,4785.0,19.758679886285023,-155.36587695923822,21.65312160695243,2.6
2019.0,6.0,15.0,13.0,37.0,18.49,4786.0,19.371429126922862,-155.1881177795379,33.9703132672768,2.5
2019.0,6.0,16.0,15.0,46.0,1.76,4787.0,19.44222896213889,-155.1865452721443,19.4293355224045,2.8
2019.0,6.0,24.0,21.0,34.0,47.14,4788.0,19.837893094027507,-155.46459566385855,18.81857160630811,2.8
2019.0,6.0,25.0,22.0,45.0,37.63,4789.0,19.91467070144048,-155.2482938344952,2.144405370593928,2.9
2019.0,6.0,28.0,8.0,2.0,47.15,4790.0,19.85952931816409,-155.60993789120997,42.80336305970533,3.0
2019.0,7.0,15.0,20.0,24.0,26.85,4791.0,19.70631864360808,-155.42159800749076,6.464136466224799,3.2
2019.0,7.0,17.0,11.0,27.0,14.95,4792.0,19.713520079186942,-155.7476764417271,41.894990491480335,2.6
2019.0,7.0,20.0,12.0,48.0,18.64,4793.0,20.09481260112909,-155.72458519865074,15.466190750506897,3.2
2019.0,7.0,24.0,4.0,21.0,57.24,4794.0,19.779860353400963,-156.0308719272418,28.126789191653707,2.6
2019.0,7.0,26.0,19.0,36.0,20.0,4795.0,19.989202867574942,-155.66784330453936,7.381977859899795,2.9
2019.0,7.0,27.0,1.0,0.0,23.51,4796.0,20.09220227399568,-155.45374209202646,5.0033575441535945,3.2
2019.0,8.0,1.0,14.0,53.0,32.16,4797.0,19.11767060723049,-155.68867103087308,41.301467429476155,2.5
2019.0,8.0,2.0,12.0,12.0,56.08,4798.0,19.53359762997547,-155.89756155451786,32.408474289648595,2.8
2019.0,8.0,4.0,13.0,54.0,8.23,4799.0,19.504585082993383,-155.49740096842706,41.346258257610764,3.4
2019.0,8.0,6.0,2.0,53.0,9.13,4800.0,19.54122873313755,-154.96402259745724,41.85076706236241,2.8
2019.0,8.0,8.0,17.0,54.0,45.96,4801.0,19.911184328341964,-155.5269926170768,42.093390812857,2.6
2019.0,8.0,9.0,0.0,22.0,38.56,4802.0,19.91632103260244,-155.43248555856138,12.087850877960353,2.6
2019.0,8.0,9.0,21.0,5.0,2.99,4803.0,19.50125961733961,-155.0695295310462,14.688809900435084,3.0
2019.0,8.0,20.0,3.0,45.0,29.07,4807.0,19.2366301839749,-155.36038024948738,37.24432700663354,3.3
2019.0,8.0,23.0,10.0,27.0,47.92,4808.0,19.47227794491087,-155.0365093284701,28.23507707776421,2.5
2019.0,8.0,26.0,2.0,7.0,15.66,4809.0,19.451087796219657,-155.30369759731417,5.791478489363698,3.2
2019.0,8.0,29.0,2.0,29.0,28.14,4811.0,19.52897599404866,-155.6028623229661,39.13656687638134,3.1
2019.0,9.0,9.0,7.0,23.0,32.59,4812.0,19.04187326902214,-155.54041567781937,2.0596343356664404,3.2
2019.0,9.0,27.0,18.0,31.0,45.29,4813.0,19.540828526792463,-155.17271233393424,4.051680246035049,2.6
2019.0,9.0,29.0,9.0,37.0,17.47,4814.0,19.510059441459493,-155.79216602127684,16.421087458478627,2.6
2019.0,9.0,30.0,3.0,23.0,57.99,4815.0,20.05415322318086,-155.82625751781154,38.38917360065892,2.5
2019.0,10.0,2.0,19.0,3.0,45.25,4816.0,19.79235656596249,-155.6189218792684,22.4943580183482,2.6
2019.0,10.0,3.0,9.0,43.0,12.95,4817.0,19.170772247223145,-155.75030725920396,3.6312352021808163,3.1
2019.0,10.0,5.0,17.0,2.0,47.7,4818.0,19.876260031971487,-155.76980890054665,44.62373047026708,2.5
2019.0,10.0,16.0,18.0,19.0,11.93,4820.0,19.458736611506936,-154.82204375122788,44.93624840469846,2.6
2019.0,10.0,19.0,19.0,45.0,18.79,4821.0,19.44705059456648,-155.424963652031,10.392632819404747,2.9
2019.0,10.0,26.0,11.0,35.0,1.55,4822.0,19.66570813319913,-155.15178954263533,39.60078784548414,2.6
2019.0,11.0,1.0,14.0,46.0,19.13,4823.0,19.723845814285944,-155.76453216343933,33.8840884996271,3.6
2019.0,11.0,16.0,4.0,40.0,14.27,4824.0,19.70758451483852,-155.73882221705895,11.755263340086522,2.8
2019.0,11.0,16.0,10.0,16.0,3.31,4825.0,19.966151878195152,-155.50425646707663,41.62958814897105,2.6
2019.0,11.0,21.0,20.0,51.0,58.93,4826.0,19.86264866353199,-155.92343656350437,7.516588838929307,3.2
2019.0,11.0,28.0,21.0,19.0,52.23,4827.0,19.42765587286366,-154.94584109600552,13.661723024539656,2.7
2019.0,11.0,30.0,3.0,41.0,31.39,4828.0,20.119058754857768,-155.70244622235074,1.5139476104154865,2.9
2019.0,12.0,10.0,3.0,6.0,49.13,4830.0,19.67753317603865,-155.91775750422352,14.822923730796905,2.5
2019.0,12.0,10.0,23.0,50.0,56.98,4831.0,19.43610832640753,-155.03360775290145,42.857990091313425,2.8
2019.0,12.0,12.0,10.0,26.0,34.25,4832.0,19.40516992348421,-155.0723172566967,37.627991245110536,2.5
2019.0,12.0,14.0,19.0,26.0,11.39,4833.0,20.086277615067413,-155.4679758322604,19.30110256277467,3.1
2019.0,12.0,16.0,7.0,32.0,20.61,4834.0,20.066965810628087,-155.60494814032418,32.0364846338677,3.2
2020.0,1.0,3.0,15.0,25.0,0.29,4835.0,19.463565389672112,-155.1292656929928,20.7614941789383,3.1
2020.0,1.0,3.0,23.0,24.0,15.84,4836.0,19.258725480904985,-155.42409736701808,10.694721218891978,2.5
2020.0,1.0,4.0,18.0,38.0,24.3,4837.0,19.64680249609112,-155.11319299231738,41.39022814729876,2.5
2020.0,1.0,6.0,22.0,20.0,28.22,4838.0,19.638755896557345,-155.2076960186245,24.751288562107643,2.9
2020.0,1.0,10.0,6.0,7.0,50.37,4839.0,19.18027834529145,-155.7937485992405,11.087679998534208,2.8
2020.0,1.0,13.0,5.0,6.0,8.85,4840.0,19.28326439237937,-155.3079561760495,42.689080927956894,2.9
2020.0,2.0,6.0,13.0,56.0,28.15,4841.0,19.10938713085129,-155.63051001244355,4.8539238731546135,2.6
2020.0,2.0,9.0,19.0,56.0,33.57,4842.0,19.262583206334387,-155.30014487355373,15.569235009232763,3.3
2020.0,2.0,16.0,6.0,16.0,44.33,4843.0,19.15741064665721,-155.87219624580376,8.192916897965269,2.9
2020.0,2.0,19.0,7.0,33.0,48.78,4845.0,19.77586854804258,-155.50032197263613,44.83008590395812,3.3
2020.0,3.0,1.0,8.0,28.0,13.52,4848.0,19.3174289944837,-155.82162282281092,25.085439042207405,2.5
2020.0,3.0,2.0,12.0,25.0,0.36,4849.0,19.15294768854312,-155.89285790243258,36.31724122193259,2.5
2020.0,3.0,4.0,4.0,20.0,15.04,4851.0,19.59963271490399,-155.8644145372932,13.800530623911474,2.7
2020.0,3.0,8.0,11.0,24.0,45.57,4852.0,19.57719173198876,-155.15451325812552,32.196483230846624,2.8
2020.0,3.0,8.0,12.0,28.0,43.16,4853.0,19.760350447963567,-155.26831593000955,15.10474372189852,2.7
2020.0,3.0,9.0,17.0,58.0,25.51,4854.0,19.761635904915394,-155.66758298724667,18.28990016068687,2.9
2020.0,3.0,15.0,5.0,23.0,58.38,4855.0,19.855536502122547,-155.7170090389353,9.70634649160362,2.8
2020.0,3.0,18.0,10.0,49.0,30.03,4856.0,19.393095961145853,-155.10477808504083,25.701794868744315,2.9
2020.0,3.0,23.0,6.0,27.0,34.98,4857.0,19.62317325328482,-155.71521444183142,1.308856678528381,2.7
2020.0,4.0,9.0,10.0,19.0,56.62,4858.0,19.520676914491634,-155.37692773221858,31.16596117510518,2.8
2020.0,4.0,23.0,6.0,27.0,56.33,4859.0,19.34903085579501,-155.8668589859038,22.479017635192815,3.4
2020.0,4.0,24.0,9.0,29.0,0.03,4860.0,19.615510342995968,-155.11993940907743,6.5730686976731025,3.4
2020.0,5.0,1.0,14.0,24.0,21.95,4861.0,19.55143323042858,-155.74516290236377,39.707956897989185,2.8
2020.0,5.0,4.0,10.0,29.0,39.9,4862.0,19.658441772304595,-155.52366683517027,39.594596477025924,2.9
2020.0,5.0,4.0,11.0,27.0,10.63,4863.0,19.26242018401375,-155.32114116878245,4.787119988326751,2.5
2020.0,5.0,8.0,22.0,48.0,9.01,4864.0,19.289363300263783,-155.80721075987947,30.291173639380716,2.6
2020.0,5.0,9.0,1.0,30.0,31.62,4865.0,19.806291316612302,-155.88261711691962,39.35216893175503,2.7
2020.0,5.0,9.0,3.0,6.0,27.78,4866.0,19.56807492990825,-155.72968903010542,26.955374422884464,2.5
2020.0,5.0,14.0,9.0,11.0,13.18,4868.0,19.56855355518441,-154.86504061910537,1.6162194621412453,2.5
2020.0,5.0,22.0,13.0,46.0,27.95,4869.0,19.350889414013505,-155.3070995078642,29.075597644370696,2.7
2020.0,5.0,28.0,0.0,0.0,49.02,4870.0,20.008729944582686,-155.74902149930912,10.76537513355954,2.5
2020.0,6.0,7.0,12.0,9.0,37.5,4871.0,19.629184224005662,-155.61632027007352,7.142178975299772,2.5
2020.0,6.0,10.0,17.0,8.0,33.03,4872.0,19.853717730024226,-155.75548675964984,9.492671989533203,2.7
2020.0,6.0,11.0,17.0,42.0,17.41,4873.0,20.25501989745137,-155.83289368395023,42.49875179848937,3.8
2020.0,6.0,12.0,8.0,5.0,33.88,4874.0,20.017469918525208,-155.41964662919895,26.93236701696035,2.6
2020.0,6.0,13.0,5.0,37.0,33.45,4875.0,19.653383551038587,-155.98140379732044,20.464937139804267,2.5
2020.0,6.0,15.0,4.0,37.0,53.95,4876.0,19.105850239275394,-155.8800992813458,39.54571216803619,2.6
2020.0,6.0,17.0,3.0,10.0,23.62,4877.0,19.725149485421227,-155.28189214855885,8.303096395325678,3.9
2020.0,6.0,18.0,3.0,26.0,27.36,4878.0,19.73002726602309,-155.9328230306851,11.093918856358261,3.8
2020.0,7.0,3.0,5.0,42.0,31.5,4880.0,19.32408034271368,-155.3841254329038,16.316792790894766,3.6
2020.0,7.0,4.0,6.0,22.0,45.18,4881.0,19.801206260795794,-155.46002835943554,16.474686934360676,2.5
2020.0,8.0,4.0,17.0,1.0,5.44,4884.0,19.45994930596813,-155.88709211560746,18.85671559157343,2.5
2020.0,8.0,8.0,11.0,2.0,1.58,4885.0,19.42649425692625,-155.45530644496807,27.433623017241203,2.6
2020.0,8.0,12.0,10.0,40.0,39.74,4886.0,19.37436832701197,-155.52908725783817,8.880451523521263,2.8
2020.0,8.0,18.0,18.0,46.0,1.86,4888.0,19.10565875875834,-155.66406962678633,44.7805786173058,3.5
2020.0,8.0,22.0,12.0,24.0,6.49,4889.0,19.313580568939297,-155.41426499393177,4.1459325123503525,2.5
2020.0,8.0,23.0,10.0,36.0,1.55,4890.0,19.41278984406105,-155.88785241673264,1.1374168880162099,2.6
2020.0,8.0,30.0,20.0,8.0,45.72,4891.0,20.05053763425493,-155.64155393576505,1.6814166269156243,2.9
2020.0,8.0,31.0,11.0,23.0,13.94,4892.0,19.84444663258522,-155.20942198124936,35.705384006181475,2.6
2020.0,9.0,1.0,14.0,48.0,59.0,4893.0,20.02593610690396,-155.73012947092994,10.571693134976448,3.2
2020.0,9.0,2.0,3.0,21.0,8.06,4894.0,19.474569599622704,-155.70655320307011,23.933367048276253,2.6
2020.0,9.0,12.0,11.0,27.0,52.45,4895.0,19.841208690266388,-155.5418805017362,29.81405842670284,3.1
2020.0,9.0,14.0,4.0,22.0,1.61,4896.0,19.52755913649031,-155.2021788297156,34.11131546554506,3.7
2020.0,9.0,16.0,17.0,22.0,56.71,4897.0,19.8360125173756,-155.7401520911491,6.842296894717546,2.5
2020.0,9.0,17.0,19.0,0.0,12.03,4898.0,19.2519447804934,-155.64353313245243,23.237207301023414,2.6
2020.0,9.0,20.0,4.0,50.0,57.45,4899.0,19.33172648125455,-155.2795382085196,6.234316590271273,2.9
2020.0,9.0,21.0,7.0,18.0,54.45,4900.0,20.026797818960024,-155.47965275677925,22.988909932853307,3.7
2020.0,9.0,30.0,12.0,13.0,13.21,4901.0,19.72075348570691,-155.69574579951748,9.85982319723609,2.9
2020.0,10.0,10.0,23.0,41.0,29.96,4902.0,19.94187799547273,-155.57963630621862,41.55984231657226,2.7
2020.0,10.0,11.0,0.0,31.0,55.53,4903.0,19.482041552971737,-155.35867493707647,31.84603060680296,2.7
2020.0,10.0,15.0,0.0,52.0,2.51,4904.0,19.25920452396725,-155.1929753469482,36.02819136488075,3.4
2020.0,10.0,16.0,11.0,25.0,29.49,4905.0,19.24387792794436,-155.3244340451021,30.97311976740928,2.8
2020.0,10.0,19.0,19.0,15.0,33.9,4906.0,19.70273560899163,-155.93601188493955,40.86580675185725,2.7
2020.0,10.0,22.0,19.0,3.0,51.21,4907.0,19.22973727149028,-155.3261475462215,19.281066751964605,3.2
2020.0,11.0,1.0,19.0,22.0,12.54,4908.0,19.40397041058285,-155.68776967394237,7.114747774728375,2.6
2020.0,11.0,2.0,9.0,41.0,23.36,4909.0,20.010782814521747,-155.3373384037033,44.326579363990135,2.8
2020.0,11.0,4.0,9.0,8.0,13.58,4910.0,19.46502907505189,-155.45197847177351,37.64226117196173,3.0
2020.0,11.0,10.0,22.0,11.0,3.31,4911.0,19.465908905606845,-154.9969249349423,15.884217762684903,2.8
2020.0,11.0,11.0,9.0,41.0,53.99,4913.0,19.8397195783694,-155.39463157960478,44.591598848763425,3.0
2020.0,11.0,14.0,15.0,47.0,27.52,4914.0,19.4064955424068,-155.2071918055526,42.99051790725623,2.9
2020.0,11.0,19.0,17.0,27.0,21.5,4915.0,19.62225850440358,-155.00156344317463,3.079775530620813,2.7
2020.0,11.0,23.0,1.0,44.0,8.98,4916.0,19.75201387975901,-155.4051942461788,25.033729584965897,2.8
2020.0,12.0,2.0,16.0,52.0,28.22,4918.0,19.344947374501587,-155.58792928309393,32.09786055726889,3.5
2020.0,12.0,5.0,10.0,51.0,10.03,4919.0,19.8032168871551,-155.97247309352787,6.4083188525658645,2.6
2020.0,12.0,10.0,1.0,31.0,28.16,4920.0,19.578070539573275,-155.0871736100781,30.7898413958512,2.9
2020.0,12.0,10.0,10.0,32.0,3.86,4921.0,19.8611811316173,-155.62621770131625,26.852189465331698,2.5
2020.0,12.0,11.0,6.0,0.0,30.12,4922.0,19.408667834496697,-155.40865633599032,18.612300310609086,2.5
2020.0,12.0,15.0,10.0,23.0,22.75,4923.0,20.027089249358447,-155.35866021512365,24.066625153808836,2.5
2020.0,12.0,17.0,21.0,15.0,47.98,4924.0,19.77025509865297,-156.0155800140962,32.094468458420224,4.4
2020.0,12.0,17.0,23.0,38.0,55.74,4925.0,19.15249955831509,-155.90393900842207,25.41097973715729,3.0
2020.0,12.0,26.0,9.0,31.0,13.72,4926.0,20.09596683751184,-155.66728368698236,24.23968080941389,2.5
2020.0,12.0,31.0,19.0,39.0,46.04,4928.0,20.18404000054625,-155.75960890224397,11.473040854994068,2.6
2021.0,1.0,1.0,16.0,53.0,49.64,4929.0,19.40787811328116,-155.14283206864886,39.56494794708544,2.7
2021.0,1.0,2.0,23.0,44.0,55.58,4930.0,19.36497228608533,-155.2604939030507,12.578219577814622,2.8
2021.0,1.0,4.0,16.0,36.0,50.73,4931.0,19.95683103709662,-155.6885734950617,9.507958210134891,3.0
2021.0,1.0,12.0,15.0,49.0,43.87,4932.0,19.224912897894264,-155.847917868349,42.25115293580671,2.6
2021.0,1.0,14.0,11.0,6.0,50.67,4933.0,19.3879548103222,-155.26795204228978,44.324448621129825,2.6
2021.0,1.0,15.0,12.0,49.0,56.11,4934.0,19.83143123527992,-155.39431963916428,13.650232114866093,2.7
2021.0,2.0,7.0,10.0,52.0,20.22,4935.0,19.688741954278328,-155.75679984291872,2.3848366476824543,3.1
2021.0,2.0,11.0,15.0,0.0,21.52,4936.0,19.46506735831432,-155.06574262778713,37.814637838305266,2.5
2021.0,2.0,21.0,22.0,22.0,8.75,4938.0,19.51217794901429,-155.25232470010027,27.31749260006645,2.9
2021.0,2.0,26.0,9.0,52.0,13.99,4939.0,19.827065964005897,-155.5057114466817,2.9845996019165324,2.5
2021.0,3.0,2.0,18.0,50.0,11.17,4940.0,19.628666390813223,-155.38819197371254,43.863295438958055,3.0
2021.0,3.0,12.0,23.0,24.0,29.26,4941.0,19.622712186485305,-155.68792123978395,9.623391852748888,2.5
2021.0,3.0,13.0,5.0,28.0,26.53,4942.0,19.563203642514832,-155.66989100034218,5.266744387542205,2.8
2021.0,3.0,13.0,15.0,35.0,27.64,4943.0,19.4413070288188,-154.93202486818527,22.612099196951338,2.5
2021.0,3.0,21.0,18.0,49.0,26.34,4944.0,19.620510542921625,-155.1786275190136,35.438538590074344,3.0
2021.0,3.0,26.0,13.0,58.0,23.08,4945.0,19.38938026344073,-155.4996123677787,14.116213458310153,2.7
2021.0,3.0,27.0,9.0,53.0,53.19,4946.0,19.964944145674284,-155.34844143534406,25.52200782625934,2.7
2021.0,3.0,29.0,14.0,38.0,39.11,4947.0,19.539936237109423,-155.11656850121537,38.515491428168716,3.0
2021.0,4.0,2.0,6.0,1.0,48.15,4948.0,19.85887289244244,-155.52410381932177,21.359996023976173,2.6
2021.0,4.0,12.0,22.0,46.0,52.24,4949.0,19.51863238910008,-155.5068680226293,16.802319224877984,2.5
2021.0,4.0,13.0,12.0,32.0,44.25,4950.0,19.282115145805403,-155.2146706731853,11.512479521603876,2.5
2021.0,4.0,19.0,13.0,41.0,52.66,4951.0,19.957065362611697,-155.6173124558858,42.65046451045082,2.5
2021.0,4.0,19.0,18.0,14.0,0.94,4952.0,19.800934546033496,-155.88787804780196,37.25058473868819,3.2
2021.0,4.0,20.0,9.0,37.0,33.84,4953.0,19.70687264610488,-155.56836231842925,38.711736334210876,3.0
2021.0,4.0,20.0,14.0,0.0,44.26,4954.0,19.24282590082004,-155.68713472323498,15.230631442531285,2.5
2021.0,4.0,21.0,23.0,27.0,20.36,4955.0,19.702896357253493,-155.3979915628931,32.33154717852309,2.5
2021.0,4.0,23.0,2.0,20.0,10.11,4956.0,19.64582027908645,-155.14710482276078,13.02770470562716,2.5
2021.0,4.0,27.0,11.0,53.0,23.47,4957.0,19.856335563549056,-155.55901549697532,3.101006608533234,2.5
2021.0,5.0,1.0,18.0,20.0,33.92,4958.0,20.20688854196322,-155.80147349429637,9.599816903223365,3.2
2021.0,5.0,1.0,18.0,28.0,28.27,4959.0,19.27766545810684,-155.74341154705544,2.616442093215851,2.6
2021.0,5.0,11.0,7.0,25.0,4.22,4960.0,19.63122534750159,-155.26626095041453,32.112462792216434,3.1
2021.0,5.0,12.0,20.0,20.0,59.02,4961.0,19.90420269036208,-155.1265487416894,14.950788486781159,2.6
2021.0,5.0,16.0,5.0,54.0,18.02,4962.0,19.007360941940203,-155.61929461621708,30.18671814207602,2.5
2021.0,5.0,20.0,0.0,28.0,51.47,4963.0,19.420463327218503,-155.3263820488793,5.310395912604367,3.0
2021.0,5.0,21.0,3.0,16.0,29.67,4964.0,19.605869257464526,-155.57266963439915,33.97671875710621,2.9
2021.0,5.0,22.0,14.0,32.0,8.76,4965.0,19.38898297849063,-155.54990114659688,27.840362944037,2.6
2021.0,5.0,24.0,17.0,45.0,4.33,4966.0,20.154379052642504,-155.8397544465155,18.45078666085142,2.8
2021.0,5.0,30.0,11.0,47.0,33.14,4967.0,19.811825712391524,-155.2062522246832,26.000570611353393,2.6
2021.0,6.0,6.0,15.0,50.0,36.1,4968.0,19.371195691123617,-155.39568171823427,12.441180781948859,4.9
2021.0,6.0,11.0,19.0,54.0,6.42,4969.0,20.08499323411329,-155.5364649658951,35.254436850387634,2.5
2021.0,6.0,12.0,16.0,16.0,43.47,4970.0,19.76756372251426,-155.1179164911047,41.95600537006442,2.7
2021.0,6.0,13.0,14.0,5.0,26.81,4971.0,19.61205582657037,-155.8857575779523,1.116482838407813,2.7
2021.0,6.0,16.0,21.0,20.0,35.33,4972.0,19.29915686356696,-155.66253036532996,44.61492193293055,3.8
2021.0,6.0,19.0,2.0,16.0,50.38,4974.0,19.553454404070912,-155.47450504727215,40.82043177043455,2.6
2021.0,6.0,23.0,10.0,53.0,58.18,4975.0,19.63104302786984,-155.4433654681144,28.982393342393713,2.5
2021.0,6.0,28.0,20.0,52.0,16.98,4976.0,19.678338995828067,-155.87007323221553,32.402486768981774,2.6
2021.0,6.0,30.0,6.0,45.0,57.98,4977.0,19.65901088952824,-155.6574550731061,18.809428145393003,2.8
2021.0,7.0,2.0,0.0,41.0,24.59,4978.0,19.45748667109656,-155.83898643158628,5.956130557806313,2.7
2021.0,7.0,4.0,2.0,25.0,23.34,4979.0,19.42472397430548,-155.2476302966483,18.187247881346998,2.5
2021.0,7.0,7.0,2.0,7.0,11.88,4980.0,19.075483807655274,-155.78648844811326,40.63100993429962,2.6
2021.0,7.0,15.0,15.0,50.0,34.34,4981.0,19.750055456860903,-155.9428071835166,11.55792025710716,2.5
2021.0,7.0,20.0,2.0,14.0,35.92,4982.0,19.14434037027139,-155.6178340708678,38.53983645568387,2.5
2021.0,7.0,25.0,5.0,40.0,19.88,4983.0,20.00223521657628,-155.6240345802778,10.659874332569947,2.7
2021.0,8.0,2.0,23.0,34.0,30.92,4984.0,19.59615113660635,-155.60669373288073,44.17610137647866,2.6
2021.0,8.0,6.0,20.0,39.0,37.53,4986.0,19.143095975509585,-155.52496495112848,7.700503841136451,2.5
2021.0,8.0,13.0,12.0,34.0,0.79,4988.0,19.895077060810365,-155.32070448478058,43.72317180835364,2.6
2021.0,8.0,14.0,23.0,31.0,16.73,4989.0,19.512060484736573,-155.08192152366345,6.100138407323275,2.6
2021.0,8.0,15.0,15.0,0.0,47.53,4990.0,20.10527361120324,-155.6116483033241,44.93406395294734,2.6
2021.0,8.0,19.0,19.0,11.0,46.05,4991.0,19.1419737316123,-155.87523721600465,31.400302162197733,3.1
2021.0,8.0,26.0,5.0,57.0,29.36,4992.0,19.36678867166444,-155.77683157920785,35.86799241599531,2.7
2021.0,9.0,8.0,14.0,27.0,57.44,4993.0,19.44591151880985,-155.788791390804,31.154912200867116,4.1
2021.0,9.0,21.0,13.0,29.0,56.75,4994.0,19.12936224380848,-155.62909136224906,36.97751600245535,2.5
2021.0,9.0,29.0,10.0,4.0,39.46,4995.0,19.901810161011053,-155.52882684944433,20.941279196234955,2.7
2021.0,9.0,29.0,12.0,19.0,38.43,4996.0,19.762071378682485,-155.21856717218336,34.24071807823224,3.0
2021.0,10.0,4.0,18.0,23.0,3.75,4997.0,19.373825293971525,-155.70054465444815,31.580281995487336,3.1
2021.0,10.0,6.0,20.0,55.0,55.4,4998.0,19.646219061154383,-155.51270920289346,28.1583293336251,2.5
2021.0,10.0,7.0,0.0,26.0,44.47,4999.0,19.510207279856203,-155.56563936330602,7.197120948665184,2.6
2021.0,10.0,16.0,7.0,59.0,57.41,5000.0,19.523564415469828,-155.54989427195645,43.17424407697593,2.7
2021.0,10.0,26.0,9.0,33.0,57.72,5001.0,19.44826968925793,-155.7458874941177,12.623813609907911,2.8
2021.0,10.0,28.0,2.0,9.0,47.3,5002.0,19.267730961399643,-155.61652151260864,21.858976585840175,3.6
2021.0,11.0,4.0,12.0,15.0,39.67,5003.0,19.883226050768148,-155.65197316272588,31.29009190359215,2.6
2021.0,11.0,8.0,16.0,8.0,4.92,5004.0,19.27174347197853,-155.2019253132379,9.226056789341087,2.6
2021.0,11.0,17.0,14.0,34.0,9.83,5005.0,19.703821664793416,-155.9518526602394,21.395096467200553,2.9
2021.0,12.0,3.0,18.0,46.0,7.02,5006.0,19.44983842097933,-155.86451071004657,24.959203069646826,2.5
2021.0,12.0,5.0,10.0,21.0,54.63,5007.0,19.6195887015786,-155.12960630951724,6.107748125365797,2.6
2021.0,12.0,7.0,20.0,6.0,40.75,5008.0,19.175753911088066,-155.5217282597358,7.3835188573787,2.5
2021.0,12.0,8.0,16.0,12.0,12.47,5009.0,19.53453104052841,-155.62492866166605,2.6587677160178678,2.8
2021.0,12.0,13.0,2.0,56.0,40.04,5011.0,19.2187545037011,-155.7520917956833,29.052247147328224,2.7
2021.0,12.0,15.0,17.0,52.0,56.04,5012.0,19.75442688072097,-155.3082891075833,43.312295462693555,2.8
2021.0,12.0,24.0,1.0,56.0,11.18,5013.0,19.48612674175147,-155.94009077934328,13.490865878033151,3.1
2021.0,12.0,24.0,16.0,22.0,15.27,5015.0,19.58989973176724,-155.14118622658788,2.67275530380259,2.7
2021.0,12.0,25.0,5.0,54.0,37.45,5016.0,19.65481816812932,-155.816204036174,19.129397729335373,2.7
2022.0,1.0,7.0,16.0,45.0,48.8,5018.0,19.484113166009777,-155.75246662506498,27.66350130730449,2.6
2022.0,1.0,8.0,3.0,11.0,34.81,5019.0,19.30257687747109,-155.17617696265677,7.186195990477875,2.7
2022.0,1.0,12.0,14.0,26.0,9.21,5020.0,19.43349204712209,-155.41392677509322,34.91380528646205,2.7
2022.0,1.0,14.0,17.0,30.0,26.5,5022.0,19.71958576316904,-155.95664384728886,10.869115345131624,2.5
2022.0,1.0,15.0,14.0,27.0,25.01,5023.0,19.153287805436104,-155.67487465026045,43.356108823599754,2.5
2022.0,1.0,18.0,9.0,48.0,12.27,5024.0,19.284484004901987,-155.67036034307756,20.230611455244812,3.2
2022.0,1.0,30.0,9.0,45.0,26.09,5025.0,19.86110040691792,-155.8684873759211,40.05826142218381,3.0
2022.0,2.0,2.0,20.0,22.0,17.1,5026.0,19.427038355939,-155.63939950103426,14.656362605346136,3.3
2022.0,2.0,19.0,14.0,38.0,18.71,5027.0,19.46019656730334,-155.8409143867801,25.69229290571847,4.5
2022.0,2.0,22.0,2.0,52.0,14.89,5028.0,19.63792215331867,-155.85563901465574,35.06738101834572,3.1
2022.0,2.0,23.0,14.0,25.0,44.13,5029.0,19.503678464859,-155.15747586444056,27.249763851428394,2.6
2022.0,3.0,1.0,12.0,26.0,38.16,5030.0,19.78429517440125,-155.64731302057066,22.78874463041979,2.9
2022.0,3.0,9.0,6.0,26.0,54.9,5031.0,19.747542840622664,-155.3686633330244,17.818999142511704,2.6
2022.0,3.0,9.0,14.0,50.0,28.06,5032.0,19.855800321457554,-155.72276084021286,8.234694916363269,2.7
2022.0,3.0,11.0,3.0,39.0,43.8,5033.0,19.731958218760543,-155.4516825015655,15.672408402093884,2.5
2022.0,3.0,11.0,6.0,43.0,51.81,5034.0,19.57150031161262,-155.3696620796193,25.192771784413402,2.9
2022.0,3.0,11.0,8.0,28.0,52.56,5035.0,19.63622336215239,-155.3243429449468,3.8224830208938223,3.5
2022.0,3.0,22.0,8.0,55.0,34.8,5036.0,19.971383948385057,-155.3715472317579,38.86692585405516,3.1
2022.0,3.0,25.0,1.0,53.0,39.86,5037.0,19.646093179452844,-154.96762746292123,17.936836318457704,3.1
2022.0,3.0,28.0,5.0,38.0,19.95,5040.0,19.86256767258035,-155.8035535234744,20.23933586277429,3.1
2022.0,3.0,30.0,17.0,12.0,46.77,5041.0,19.98112071850116,-155.55157733834096,16.48307381114747,2.8
2022.0,4.0,15.0,3.0,49.0,36.45,5042.0,19.59897382759097,-155.7650029825649,17.820128921881945,3.0
2022.0,4.0,22.0,23.0,14.0,45.8,5044.0,19.510221177261545,-155.76008620971422,21.254067542319113,2.9
2022.0,4.0,23.0,11.0,58.0,58.42,5045.0,19.073566070885903,-155.59353048435395,35.3141467106603,2.6
2022.0,4.0,25.0,17.0,28.0,38.85,5046.0,19.01001040104854,-155.7040855807106,15.523173517565368,2.6
2022.0,4.0,29.0,19.0,44.0,2.11,5047.0,19.30520177309581,-155.8541767120681,8.075594860143761,3.1
2022.0,5.0,15.0,3.0,59.0,30.08,5048.0,19.533917538378827,-155.45022562759823,39.08190223144985,2.7
2022.0,5.0,26.0,20.0,24.0,15.67,5049.0,19.43926070866076,-155.09990022149114,37.66818919901643,2.5
2022.0,6.0,3.0,19.0,38.0,45.79,5050.0,19.71345752027157,-155.00580025386702,32.36368064163991,2.5
2022.0,6.0,13.0,8.0,43.0,23.28,5051.0,19.373516475773304,-155.82756770399143,44.69013644988017,3.7
2022.0,6.0,16.0,13.0,31.0,0.79,5052.0,19.60824986336159,-155.36098615831253,3.2797051431636346,2.8
2022.0,6.0,17.0,22.0,29.0,4.28,5053.0,19.54070856527783,-155.37133459420346,8.480015085119211,2.9
2022.0,6.0,18.0,20.0,55.0,2.43,5054.0,19.18459249717852,-155.5183190375241,11.999403774069018,2.8
2022.0,6.0,22.0,13.0,43.0,37.92,5055.0,20.06833288738769,-155.6028501343755,41.15326374568893,2.7
2022.0,6.0,28.0,20.0,30.0,46.92,5056.0,19.68212685358402,-155.43167058928046,33.89878043668487,2.5
2022.0,7.0,3.0,1.0,53.0,34.05,5057.0,19.723321681124737,-155.18279925009077,13.901193338291229,3.0
2022.0,7.0,8.0,3.0,29.0,49.83,5058.0,19.68396051660965,-155.5522608264338,4.210900357639609,2.9
2022.0,7.0,8.0,23.0,10.0,30.33,5059.0,19.625842355787764,-154.93249402836628,36.97920104705305,2.5
2022.0,7.0,17.0,4.0,40.0,55.47,5060.0,19.695417915472632,-155.1781646866043,24.575324781739965,2.9
2022.0,7.0,28.0,22.0,12.0,51.25,5061.0,19.66654661044835,-155.72241440337422,12.619087548223213,2.5
2022.0,8.0,8.0,21.0,20.0,4.68,5062.0,19.51830060486787,-155.92794041483293,32.44957654529019,2.5
2022.0,8.0,18.0,6.0,1.0,35.17,5063.0,19.48916157013994,-155.68094749331,42.705121212253275,3.0
2022.0,8.0,20.0,21.0,42.0,47.99,5064.0,20.20560157718384,-155.87070570930925,31.364013598223337,3.6
2022.0,8.0,22.0,0.0,24.0,8.45,5065.0,19.522902257110733,-155.90468613473038,25.90916851965266,3.1
2022.0,8.0,25.0,3.0,7.0,34.58,5066.0,19.952846062061173,-155.33195234382276,20.584697616705355,2.6
2022.0,8.0,25.0,17.0,2.0,9.5,5067.0,19.55003402744684,-154.94184375740684,25.452909872934228,2.5
2022.0,9.0,2.0,22.0,9.0,21.75,5068.0,19.779821472339783,-155.10279048355702,41.60710993461388,2.5
2022.0,9.0,18.0,2.0,5.0,41.0,5069.0,19.55694852428118,-155.9565714010118,2.2943174797186976,3.8
2022.0,9.0,18.0,22.0,32.0,23.28,5070.0,19.83719445336384,-155.51512131293492,3.979103054671497,2.5
2022.0,9.0,24.0,14.0,41.0,27.72,5071.0,20.05476058977522,-155.48806276736295,30.26206829669227,3.3
2022.0,9.0,29.0,4.0,31.0,9.22,5072.0,19.672096945823828,-155.87629276896982,1.536303735954058,2.5
2022.0,9.0,30.0,4.0,21.0,4.38,5073.0,19.202116578841824,-155.69553992744216,20.904234925044126,2.9
2022.0,10.0,5.0,9.0,53.0,40.3,5074.0,19.739519787015947,-155.241554163536,13.081506480137593,3.3
2022.0,10.0,10.0,4.0,54.0,29.59,5075.0,19.98393147567374,-155.72963463065378,38.56619072561023,2.9
2022.0,10.0,10.0,18.0,55.0,23.26,5076.0,19.37587233246884,-155.08010376279725,13.453320958449941,3.0
2022.0,10.0,27.0,7.0,46.0,27.46,5077.0,19.66447837786073,-155.24787753673968,30.027405745732477,2.5
2022.0,10.0,31.0,13.0,42.0,4.79,5078.0,19.638909082408333,-155.82384149830142,3.815638785169524,2.5
2022.0,11.0,6.0,0.0,53.0,9.84,5079.0,19.9598795739118,-155.57716236119114,38.980637664561606,2.5
2022.0,11.0,7.0,21.0,25.0,40.53,5080.0,19.161292122937617,-155.65794727771845,24.04788973672102,2.6
2022.0,11.0,11.0,1.0,54.0,31.34,5081.0,19.49531048735752,-154.85545188662772,3.6426277871874437,3.7
2022.0,11.0,18.0,11.0,40.0,23.53,5082.0,19.812137095701228,-155.30714034743127,21.781698009342804,2.6
2022.0,11.0,25.0,16.0,26.0,53.9,5083.0,19.89079312511313,-155.63231883744345,30.98801574207193,4.2
2022.0,11.0,28.0,14.0,37.0,42.29,5084.0,19.173460776659105,-155.6885700714414,11.364293246485019,2.8
2022.0,12.0,19.0,2.0,41.0,7.85,5085.0,19.71295862133553,-155.18608705835584,19.717749299110334,2.7
2022.0,12.0,22.0,1.0,50.0,59.36,5086.0,19.726571290981457,-155.66488608822254,13.424078916240974,2.6
2023.0,1.0,4.0,16.0,17.0,27.95,5087.0,19.43004207851578,-155.40183067865655,11.655371045125928,2.5
2023.0,1.0,5.0,16.0,36.0,15.96,5088.0,19.165073915712664,-155.65908264172597,34.78771596021819,2.8
2023.0,1.0,13.0,1.0,34.0,55.93,5089.0,19.32792760854702,-155.4789787190116,3.13203593675204,3.0
2023.0,1.0,26.0,12.0,9.0,52.9,5090.0,19.31256130988298,-155.77538466772657,11.260379735443514,2.7
2023.0,2.0,2.0,1.0,57.0,35.63,5091.0,19.673191485770754,-155.03753455118348,37.55222941886818,2.7
2023.0,2.0,10.0,12.0,53.0,55.39,5092.0,19.40410526362501,-155.23136223380408,9.618530824665067,2.5
2023.0,2.0,28.0,2.0,56.0,0.62,5093.0,19.749965351596703,-155.51925067582658,34.17761957578257,2.5
2023.0,3.0,1.0,17.0,3.0,17.97,5094.0,19.27621312620056,-155.37771558037247,8.158702966260952,2.9
2023.0,3.0,4.0,6.0,23.0,21.81,5095.0,19.232953198662905,-155.7929055673983,9.727292445855639,4.3
2023.0,3.0,8.0,7.0,12.0,37.71,5096.0,19.155131228537748,-155.67615187464827,13.199056436094413,2.8
2023.0,3.0,19.0,11.0,6.0,32.76,5097.0,19.385469338488228,-155.73701484006978,7.011211762695593,2.6
2023.0,3.0,24.0,4.0,22.0,45.59,5098.0,19.909454784435773,-155.66236701651604,29.420261754476527,2.6
2023.0,3.0,24.0,14.0,39.0,26.54,5099.0,19.534114116511184,-155.3603295729139,5.657638182622451,3.7
2023.0,3.0,26.0,19.0,46.0,44.71,5100.0,19.55322077553732,-155.15969006166927,27.71661138185926,3.6
2023.0,4.0,1.0,7.0,26.0,5.71,5101.0,19.51504082734236,-155.70902031136387,13.272123365470494,4.2
2023.0,4.0,2.0,3.0,10.0,49.54,5102.0,19.87792908109434,-155.34230581018528,37.7057057490411,2.5
2023.0,4.0,6.0,13.0,20.0,10.93,5103.0,19.23476487962277,-155.62147962796377,35.400514298080275,2.8
2023.0,4.0,12.0,9.0,43.0,48.99,5104.0,19.37576334615735,-155.63436377739498,6.764807734114928,2.5
2023.0,4.0,15.0,15.0,43.0,55.47,5106.0,19.984938024070416,-155.79853436897622,21.16460727217527,3.6
2023.0,4.0,17.0,2.0,29.0,16.12,5107.0,19.41623128936989,-155.57342838139232,1.345363993170587,2.8
2023.0,4.0,27.0,0.0,28.0,45.26,5108.0,19.54356654478763,-155.926161357388,9.965584484586842,2.5
2023.0,4.0,27.0,11.0,56.0,7.03,5109.0,19.48788729505376,-155.68363128654445,11.537296750228265,2.6
2023.0,4.0,27.0,15.0,24.0,12.22,5110.0,19.29235989560979,-155.3856055102938,42.60986766881689,2.6
2023.0,4.0,29.0,6.0,33.0,15.3,5111.0,19.830833635249967,-155.46468314396853,43.501585948773396,3.0
2023.0,5.0,4.0,0.0,54.0,6.16,5112.0,19.673437007601507,-155.41086762794504,14.040473220207291,3.1
2023.0,5.0,19.0,7.0,29.0,7.83,5114.0,19.74576912176174,-155.09072156664254,41.23438873546271,2.5
2023.0,5.0,20.0,16.0,2.0,6.79,5115.0,19.83995279647731,-155.8604108361371,43.25830031686429,2.5
2023.0,6.0,1.0,9.0,36.0,50.62,5116.0,19.009825981554474,-155.76796664287693,12.304757179678997,2.8
2023.0,6.0,13.0,17.0,12.0,10.27,5117.0,19.86895813038805,-155.2009468865698,5.7890125977412215,2.7
2023.0,6.0,14.0,14.0,37.0,11.52,5118.0,19.304463621975,-155.62811906292535,38.882303040371106,2.5
2023.0,6.0,27.0,13.0,46.0,29.19,5119.0,19.49655116748476,-155.18659663273388,18.395477009895046,2.9
2023.0,7.0,5.0,23.0,13.0,1.2,5120.0,20.046255342522475,-155.58183787974207,41.724631977536724,2.5
2023.0,7.0,6.0,5.0,32.0,1.62,5121.0,19.79842428476352,-155.96012557144826,2.8929071245306854,2.7
2023.0,7.0,6.0,7.0,28.0,4.25,5122.0,19.728728555693287,-155.28547631966703,11.37247977267588,2.8
2023.0,7.0,8.0,7.0,53.0,34.88,5123.0,19.508388572068124,-155.89684481844097,38.57742864241558,3.3
2023.0,7.0,10.0,12.0,41.0,44.19,5124.0,19.01756016801826,-155.56560494747143,28.769830331929747,3.2
2023.0,7.0,10.0,21.0,42.0,31.7,5125.0,19.15860362244704,-155.46466518253865,4.2652323074968415,2.8
2023.0,7.0,13.0,10.0,38.0,8.16,5126.0,19.4836889416422,-154.96987448846568,12.275460639491056,2.6
2023.0,7.0,14.0,22.0,33.0,47.53,5127.0,19.121083729354503,-155.80271439408693,11.661158365511993,2.5
2023.0,7.0,15.0,20.0,50.0,31.7,5128.0,19.278894723694865,-155.585942562447,25.514925967578705,2.6
2023.0,7.0,21.0,3.0,25.0,5.15,5129.0,19.170587268671103,-155.44467929934922,29.46665380822557,2.7
2023.0,7.0,21.0,15.0,21.0,7.26,5130.0,19.90387499335466,-155.855714823644,36.572170721017194,2.6
2023.0,7.0,30.0,12.0,37.0,0.93,5131.0,19.638158421002608,-155.06269590982663,22.701355679040976,2.7
2023.0,8.0,3.0,15.0,54.0,11.63,5132.0,19.5740802294778,-155.7159479781398,13.723021202407335,2.5
2023.0,8.0,6.0,3.0,58.0,8.86,5133.0,19.475826375442747,-155.59037544253505,12.838707989277987,2.9
2023.0,8.0,6.0,20.0,42.0,1.68,5134.0,19.361977465007005,-155.48842270994936,17.557840604915242,3.0
2023.0,8.0,8.0,18.0,15.0,57.58,5135.0,19.47154313874842,-155.12859772318194,38.5502758501294,3.2
2023.0,8.0,20.0,14.0,52.0,5.47,5136.0,19.343071322281144,-155.27907029470427,20.583666433317095,2.6
2023.0,8.0,23.0,13.0,16.0,49.05,5138.0,19.70075488126469,-155.3985578819675,14.76665115725525,3.3
2023.0,9.0,1.0,1.0,45.0,11.92,5139.0,19.53302395956739,-155.68023012590805,28.983820602682517,3.1
2023.0,9.0,4.0,7.0,57.0,7.2,5141.0,19.43538187074418,-155.23717178478364,2.172105090372156,2.8
2023.0,9.0,17.0,11.0,48.0,43.83,5142.0,19.282906854844995,-155.58692210820786,15.466724527981707,2.7
2023.0,9.0,18.0,7.0,24.0,4.92,5143.0,19.579500775405947,-155.3979015732914,24.352413545578962,2.7
2023.0,9.0,23.0,2.0,26.0,24.66,5144.0,20.046635848778187,-155.76493559235965,6.960858456813838,2.7
2023.0,10.0,13.0,15.0,44.0,52.48,5145.0,19.522378963593923,-155.53756969313324,30.77673059379719,3.2
2023.0,10.0,14.0,21.0,5.0,46.14,5146.0,19.50322071567494,-154.89186745960356,35.693373636329824,2.6
2023.0,10.0,17.0,11.0,11.0,46.19,5148.0,19.13838542809169,-155.8855535628459,2.1018757075495142,2.5
2023.0,10.0,19.0,5.0,28.0,15.92,5149.0,19.475647658716085,-155.7956319141303,38.69942264911754,2.5
2023.0,10.0,22.0,11.0,40.0,44.05,5150.0,19.98807584319221,-155.8042947597423,11.801360872804125,3.1
2023.0,10.0,22.0,23.0,9.0,9.43,5151.0,19.680308382953523,-155.00536678852802,24.473761372009502,2.5
2023.0,11.0,1.0,17.0,33.0,15.41,5152.0,19.38324819093112,-155.84255285502522,30.814073944210804,2.8
2023.0,11.0,4.0,10.0,10.0,46.02,5153.0,19.519596344227867,-155.78396230562268,25.319858028662786,2.7
2023.0,11.0,5.0,4.0,43.0,8.12,5154.0,19.589528532697468,-154.87968987138956,4.2436370577286615,2.7
2023.0,11.0,6.0,18.0,50.0,3.6,5155.0,19.946543599324784,-155.55202190660168,20.19424209697292,2.5
2023.0,11.0,8.0,3.0,2.0,31.04,5157.0,19.98199886252153,-155.52095741040904,26.362730131879605,3.3
2023.0,11.0,11.0,7.0,43.0,56.71,5158.0,19.48524391597676,-155.04519158755812,2.9406405376637537,3.5
2023.0,11.0,16.0,3.0,0.0,59.59,5159.0,19.9503919395986,-155.4937193967258,33.842007630828505,2.5
2023.0,11.0,18.0,17.0,52.0,15.17,5160.0,19.46623201893864,-154.89473869923793,44.46626526713516,3.1
2023.0,11.0,22.0,15.0,51.0,33.24,5161.0,19.66618344717966,-155.38034504079883,14.416924698605843,3.6
2023.0,12.0,3.0,1.0,37.0,49.81,5162.0,20.00343983066909,-155.75440007111183,44.783417787433415,2.5
2023.0,12.0,6.0,18.0,53.0,18.16,5163.0,19.8952782344722,-155.27349764268308,33.02214681737018,2.6
2023.0,12.0,7.0,9.0,12.0,25.5,5164.0,20.011193777049737,-155.7746855332067,36.72888096506186,3.1
2023.0,12.0,8.0,23.0,52.0,7.92,5165.0,19.616013619744223,-155.30331234925245,14.743937933205665,2.6
2023.0,12.0,14.0,1.0,25.0,1.77,5166.0,19.32787144265197,-155.07223410436364,23.274294486142065,3.0
2023.0,12.0,19.0,18.0,50.0,51.85,5167.0,19.867947261233663,-155.70094105936096,39.83946906834463,2.5
2024.0,1.0,4.0,5.0,9.0,3.09,5168.0,19.7660877016198,-155.62838863628025,39.6235539491144,3.1
2024.0,1.0,21.0,1.0,18.0,20.46,5170.0,19.34670147740488,-155.20186790008373,21.7357082015582,2.5
2024.0,2.0,2.0,22.0,4.0,4.97,5173.0,19.910824682554782,-155.39547382793913,44.38426220643595,2.6
2024.0,2.0,6.0,20.0,55.0,50.71,5174.0,19.59904695721484,-155.46367517719267,44.088927989632104,3.1
2024.0,2.0,12.0,10.0,56.0,10.03,5175.0,19.54678888424293,-155.3409173621926,39.14306638109027,3.4
2024.0,2.0,17.0,15.0,10.0,48.88,5176.0,19.267442058486743,-155.84231798597236,27.557282559744806,2.9
2024.0,2.0,20.0,12.0,46.0,3.41,5177.0,19.393503729526834,-155.21275100709502,21.98423453768643,2.7
2024.0,2.0,29.0,6.0,53.0,4.86,5178.0,19.268106080385785,-155.50900264528877,35.28188778423863,2.6
2024.0,3.0,1.0,13.0,23.0,55.57,5179.0,19.84117781203213,-155.8662504040753,34.41857115601045,2.7
2024.0,3.0,12.0,0.0,56.0,22.07,5180.0,19.4858693110788,-155.4785543597626,12.808952486303467,3.4
2024.0,3.0,19.0,4.0,21.0,48.84,5181.0,20.15938200561326,-155.6838197408579,22.653120659168977,2.5
2024.0,3.0,21.0,6.0,0.0,38.37,5182.0,19.500617186157964,-154.8328397007157,31.42682543197912,2.6
2024.0,3.0,21.0,6.0,11.0,51.2,5183.0,19.02279260950905,-155.58203068956257,11.601833525357968,2.6
2024.0,3.0,21.0,11.0,37.0,27.83,5184.0,19.91215918438725,-155.20661499225938,5.2764398756182995,2.5
2024.0,3.0,24.0,9.0,53.0,39.16,5185.0,19.04467961766241,-155.75934836542666,25.250753893511064,2.6
2024.0,4.0,1.0,2.0,25.0,49.6,5186.0,19.418316750978214,-155.08263088362892,34.5148150503817,2.7
2024.0,4.0,6.0,10.0,22.0,59.36,5187.0,19.422053671064923,-154.92342882602563,4.144863032621937,2.5
2024.0,4.0,9.0,7.0,57.0,1.06,5188.0,19.54780743215432,-155.40582175440636,42.00444225392472,2.5
2024.0,4.0,13.0,21.0,36.0,58.71,5189.0,19.63361252949004,-154.99825297667138,25.692067332426273,4.1
2024.0,4.0,26.0,12.0,57.0,46.66,5190.0,19.89411873645015,-155.57407308240772,20.255800229687345,2.5
2024.0,4.0,28.0,2.0,1.0,49.57,5192.0,19.37268973550392,-155.57004193794958,6.8074639571414295,2.8
2024.0,4.0,30.0,12.0,1.0,33.43,5193.0,19.36921449270386,-155.36024458730245,44.54290232367713,2.7
2024.0,5.0,3.0,3.0,47.0,13.6,5194.0,19.474290202580345,-155.51346545139526,34.08604157251306,2.5
2024.0,5.0,6.0,21.0,28.0,51.27,5196.0,19.53644090044407,-155.37176185871178,37.44208414787656,2.6
2024.0,5.0,8.0,3.0,15.0,40.04,5197.0,19.647099492282702,-155.13936569084052,2.770970222254282,2.7
2024.0,5.0,11.0,3.0,39.0,20.22,5198.0,19.266433757923284,-155.3993031517547,23.638045022699757,2.7
2024.0,5.0,12.0,20.0,59.0,58.65,5199.0,19.457210679367567,-155.33123480247775,21.426023195092554,2.8
2024.0,5.0,16.0,23.0,7.0,30.2,5200.0,19.003076891315416,-155.64252632152176,10.444233267785119,3.5
2024.0,5.0,28.0,7.0,7.0,20.63,5201.0,19.648115200074425,-155.90822102608007,2.5761315528484983,2.6
2024.0,6.0,1.0,1.0,22.0,59.84,5202.0,19.770359548714367,-155.36879090491954,7.28860383490041,2.6
2024.0,6.0,10.0,11.0,53.0,11.8,5203.0,19.88171913532714,-155.38992967815648,11.353883389458916,2.7
2024.0,6.0,12.0,18.0,19.0,12.21,5204.0,20.202883471942847,-155.7439736619657,39.34711813548712,2.7
2024.0,6.0,18.0,20.0,21.0,26.8,5205.0,19.458051383099487,-154.92435457581345,11.934534361828659,2.7
2024.0,6.0,28.0,6.0,46.0,16.41,5206.0,19.96331038130966,-155.31365780891494,44.08181515881836,2.6
2024.0,7.0,1.0,19.0,8.0,32.23,5207.0,20.07235653980976,-155.47988822439189,10.73456340171568,2.7
2024.0,7.0,6.0,3.0,35.0,49.19,5208.0,19.755463615511545,-155.45051687549133,5.866515139000568,2.6
2024.0,7.0,11.0,14.0,57.0,16.84,5209.0,19.3771566692286,-155.6077691902681,7.095568898317065,2.5
2024.0,7.0,19.0,14.0,44.0,57.46,5210.0,19.579118233509966,-155.45384436115785,34.36487744985823,2.5
2024.0,7.0,20.0,4.0,15.0,2.61,5211.0,19.4895922063126,-155.58932984128313,34.46081838346042,2.7
2024.0,7.0,21.0,21.0,48.0,51.78,5212.0,19.407437301515213,-155.55490224907192,38.39129005813683,2.8
2024.0,7.0,25.0,10.0,31.0,49.76,5213.0,19.62658428645128,-155.45927884141994,31.6557915635522,2.7
2024.0,8.0,4.0,12.0,35.0,28.4,5215.0,19.33110252260092,-155.21675240000948,26.01326520106733,2.7
2024.0,8.0,6.0,14.0,23.0,48.75,5216.0,19.90038264182472,-155.5572106116313,3.5997285752016746,3.7
2024.0,8.0,9.0,19.0,29.0,6.97,5217.0,19.65732323556989,-155.10539319609563,10.791207046122707,2.6
2024.0,8.0,12.0,5.0,27.0,55.39,5218.0,19.75720078158338,-155.1067140252641,16.5958216404073,3.1
2024.0,8.0,18.0,9.0,22.0,51.92,5219.0,19.471913210205727,-155.36573516772313,1.3617336039813583,2.6
2024.0,8.0,23.0,16.0,33.0,55.36,5220.0,19.686523771802843,-155.70046956000718,15.822525694624652,2.6
2024.0,8.0,26.0,10.0,46.0,23.27,5221.0,19.06232679835495,-155.62497598259472,16.503530462108827,2.6
2024.0,8.0,27.0,10.0,14.0,19.75,5222.0,19.50256691214213,-155.2808860737782,19.34056055699798,3.3
2024.0,8.0,31.0,0.0,30.0,0.71,5223.0,19.323192695954543,-155.09539465983195,38.70231732393745,2.6
2024.0,9.0,3.0,7.0,30.0,17.32,5225.0,19.778178938989907,-155.65390983661655,32.88937355904731,2.7
2024.0,9.0,6.0,17.0,33.0,21.05,5226.0,19.548299517887777,-155.75639946058874,42.1522340861898,2.7
2024.0,9.0,7.0,12.0,41.0,49.07,5227.0,19.617204328970104,-155.42123008444094,31.1394997255447,3.8
2024.0,9.0,10.0,3.0,2.0,57.79,5228.0,19.91633953412902,-155.6369744544751,31.88753805215731,2.6
2024.0,9.0,16.0,14.0,28.0,19.57,5230.0,19.06729452850741,-155.5527304424508,23.572614726180817,2.6
2024.0,9.0,17.0,4.0,57.0,34.89,5231.0,19.857991783639285,-155.16346705761816,7.548643416579955,2.6
2024.0,10.0,3.0,23.0,8.0,57.26,5232.0,20.228442936179714,-155.79995360799157,37.87413384961931,2.7
2024.0,10.0,8.0,9.0,46.0,15.59,5233.0,19.935964532324064,-155.80182127100238,30.21114597208539,3.1
2024.0,10.0,11.0,17.0,13.0,40.6,5234.0,19.749083989653546,-155.7462666731416,5.002027093667749,3.3
2024.0,10.0,11.0,21.0,23.0,36.66,5235.0,19.8358883805746,-155.43108434477102,3.1957642171520506,2.7
2024.0,10.0,12.0,13.0,5.0,29.05,5236.0,19.98977767732107,-155.287064718473,21.18697924232271,2.5
2024.0,10.0,26.0,13.0,32.0,54.39,5238.0,19.340875454426943,-155.74133269643093,17.830448784344437,2.7
2024.0,10.0,26.0,18.0,21.0,8.87,5239.0,19.71417688056966,-155.59126026113506,21.42703792034318,2.5
2024.0,10.0,27.0,3.0,24.0,41.1,5240.0,19.032440741954755,-155.85978562233066,22.48810457380632,2.7
2024.0,11.0,8.0,6.0,16.0,46.62,5241.0,19.515640324768,-155.8343411972785,2.8857797453350913,2.9
2024.0,11.0,10.0,4.0,24.0,59.22,5242.0,19.60375888117586,-155.41182619950465,10.727596548245252,3.4
2024.0,11.0,21.0,14.0,1.0,10.8,5243.0,20.0083991811442,-155.3948847676398,6.403149850422638,2.7
2024.0,12.0,3.0,4.0,54.0,10.35,5244.0,19.65721554818893,-155.85677487986766,37.61514284235401,2.7
2024.0,12.0,19.0,0.0,29.0,58.35,5245.0,20.008397291723814,-155.35000359850704,32.81221003164853,3.6
2024.0,12.0,27.0,17.0,30.0,24.04,5246.0,19.905130241529456,-155.76257893291415,28.927011830052695,2.9
1959.0,5.0,17.0,15.0,26.0,0.82,5249.0,18.97917913675443,-155.7390472578058,42.956114139206555,2.7
1959.0,1.0,9.0,6.0,25.0,25.62,5251.0,19.025966122193115,-155.76661960701213,4.819570461333763,2.7
1959.0,2.0,10.0,4.0,30.0,37.56,5253.0,19.001312359681293,-155.67025277886276,10.568818260569483,2.9
1959.0,7.0,25.0,11.0,12.0,46.94,5256.0,19.48642856259359,-154.9921135263514,29.68406572797538,2.9
1959.0,3.0,29.0,15.0,7.0,20.58,5258.0,19.62979240354241,-155.90382080519296,27.936902453562062,3.1
1959.0,5.0,16.0,11.0,17.0,11.02,5261.0,19.662247365506293,-155.2509200845452,5.408878706345049,3.1
1960.0,1.0,1.0,10.0,36.0,36.3,5264.0,19.69779454529487,-155.94057060521882,19.192750939737756,2.5
1959.0,5.0,10.0,8.0,16.0,31.85,5265.0,19.935852956237667,-155.30642624229213,5.6341611071270545,2.8
1959.0,7.0,26.0,0.0,39.0,43.58,5267.0,19.406377742534342,-155.78313970055996,24.74568554338702,3.4
1959.0,10.0,13.0,16.0,21.0,13.66,5270.0,19.472798670222165,-155.815150985578,10.362940781803236,2.5
1959.0,8.0,5.0,23.0,20.0,2.48,5274.0,19.268733886863625,-155.59754452195145,7.308232393697607,2.9
1959.0,8.0,24.0,4.0,15.0,49.46,5275.0,20.09669280173324,-155.71506882278263,7.7506562514869515,3.1
1960.0,11.0,30.0,15.0,47.0,56.26,5276.0,19.068745749382074,-155.71209781866978,25.74214050449836,3.4
1959.0,9.0,6.0,20.0,23.0,14.5,5278.0,19.860252286147936,-155.77562400734564,32.21495948323772,3.3
1959.0,9.0,7.0,8.0,35.0,17.96,5279.0,19.83976193595255,-155.8016474983577,37.39701731236403,2.9
1959.0,11.0,21.0,1.0,46.0,53.33,5281.0,19.481109640318724,-155.68850511586206,28.559724097176762,2.5
1959.0,11.0,30.0,19.0,5.0,25.24,5282.0,19.639382940541243,-155.8538607897193,11.611051236556317,3.3
1959.0,12.0,31.0,18.0,45.0,50.86,5287.0,19.49200083933817,-155.0519443469914,35.41246658471623,2.5
1959.0,12.0,20.0,10.0,28.0,24.62,5291.0,19.78877900383825,-155.29904348414098,23.550818720644592,2.5
1960.0,1.0,3.0,7.0,2.0,49.37,5295.0,19.550659492651327,-155.3746166510354,7.092612637335074,3.2
1960.0,2.0,9.0,11.0,4.0,40.02,5296.0,19.64996502239817,-155.78471857502774,27.300276450676975,2.5
1960.0,3.0,7.0,21.0,54.0,3.82,5308.0,19.412847791156462,-155.31997356830706,41.303037625683864,3.2
1960.0,8.0,6.0,11.0,18.0,14.04,5320.0,19.444413541943963,-155.13845099902497,30.798655053809163,3.0
1960.0,3.0,18.0,1.0,41.0,48.13,5322.0,19.474538153505502,-155.19687490681144,29.13546847485857,2.5
1960.0,4.0,29.0,12.0,7.0,34.71,5326.0,19.472267663945896,-155.06933324393404,32.92542872012515,2.9
1968.0,1.0,10.0,7.0,24.0,2.45,5327.0,19.413904220213208,-155.16418363150268,4.1111703209092845,3.6
1960.0,3.0,6.0,7.0,36.0,47.81,5328.0,19.44744741171676,-155.443188131044,17.918898682365626,2.7
1960.0,4.0,9.0,2.0,49.0,33.72,5338.0,19.511313047707027,-155.2204254025254,1.500348407821003,4.2
1960.0,4.0,24.0,6.0,56.0,54.63,5340.0,20.006858126010748,-155.56145513399645,3.2221390537622376,3.6
1960.0,4.0,26.0,4.0,1.0,44.19,5341.0,19.48155588822307,-155.10329798834474,4.345694356380646,3.2
1961.0,4.0,27.0,5.0,27.0,21.71,5349.0,19.55693947084778,-155.17703043583222,8.365151377126708,2.7
1960.0,10.0,29.0,19.0,51.0,19.32,5350.0,19.044832582514207,-155.72023332498853,13.481747523793965,2.5
1960.0,8.0,15.0,7.0,45.0,24.83,5352.0,20.092905569187977,-155.70214195444458,33.20408675211505,2.9
1960.0,9.0,13.0,3.0,52.0,15.47,5356.0,19.390343113971905,-155.44501305618638,19.79353752904056,3.5
1961.0,10.0,28.0,23.0,4.0,36.35,5359.0,19.38720696627016,-155.42939647077893,1.50341771778352,2.7
1960.0,9.0,6.0,9.0,42.0,28.72,5360.0,19.30307467004513,-155.16611773297777,35.54289325705488,3.3
1960.0,11.0,1.0,0.0,38.0,31.49,5363.0,19.716780751484748,-155.52379114507627,2.2247263416694176,4.9
1960.0,11.0,22.0,22.0,47.0,24.25,5369.0,19.79750592096741,-155.94408613246543,18.72292950029869,2.6
1961.0,4.0,19.0,2.0,10.0,20.71,5372.0,20.018255472935056,-155.59269754959175,44.988880856129214,2.6
1960.0,12.0,19.0,13.0,44.0,14.42,5373.0,19.80778645361336,-155.6033715481008,16.1302664929251,2.9
1961.0,2.0,10.0,8.0,49.0,40.1,5374.0,19.676471535061687,-155.81346547980525,30.514362883158803,3.1
1961.0,2.0,15.0,15.0,30.0,13.51,5375.0,19.577488361042924,-155.63003412017363,7.465921458483353,3.2
1961.0,3.0,13.0,15.0,16.0,55.93,5377.0,20.185523617886144,-155.8172567092253,8.790274665771184,3.5
1961.0,4.0,14.0,17.0,27.0,54.9,5379.0,19.26575397281592,-155.67099651833138,42.35410496652058,2.6
1961.0,5.0,21.0,18.0,21.0,34.05,5381.0,19.26677253713878,-155.65852002665235,20.118152667739523,2.6
1961.0,6.0,15.0,10.0,10.0,43.25,5382.0,19.35848714791078,-155.43886805078185,14.530810109857486,3.8
1961.0,4.0,2.0,4.0,47.0,37.41,5385.0,19.303168375988704,-155.7151275353543,1.792349307565043,2.6
1964.0,4.0,21.0,23.0,9.0,12.72,5388.0,19.219269301375927,-155.36584940192873,31.04446947859193,2.6
1961.0,7.0,17.0,23.0,35.0,0.37,5392.0,19.689466862373447,-155.6975015158961,1.8008010588234988,2.8
1961.0,7.0,22.0,11.0,53.0,47.7,5393.0,19.693219039687424,-155.65731779635658,15.328249045104531,2.5
1961.0,8.0,11.0,5.0,15.0,58.35,5395.0,19.94617495072362,-155.6227843536474,33.88533120642951,2.7
1962.0,7.0,24.0,10.0,2.0,13.48,5396.0,19.661186336383995,-155.74609417146556,25.998015658631267,3.2
1961.0,9.0,25.0,15.0,4.0,7.61,5397.0,19.6601443993781,-155.7434708692692,19.554658290899674,2.5
1961.0,10.0,17.0,6.0,14.0,36.61,5403.0,19.91730062951409,-155.36401903777477,5.797524077001299,2.5
1962.0,5.0,20.0,9.0,51.0,8.73,5408.0,19.86271549902212,-155.30236684068248,38.669894804862565,2.5
1961.0,11.0,26.0,13.0,45.0,37.16,5410.0,19.596738832992763,-155.48992910020556,22.545340740120956,3.3
1962.0,1.0,7.0,18.0,48.0,14.07,5413.0,19.92662067505996,-155.46925993697656,30.899725792835735,2.8
1961.0,12.0,25.0,18.0,8.0,42.42,5414.0,19.794971234391262,-155.3210065702332,26.554422245922126,2.8
1962.0,1.0,27.0,11.0,56.0,27.93,5416.0,20.109907029865752,-155.6596986850526,17.886486903972898,2.5
1962.0,3.0,19.0,22.0,34.0,26.11,5418.0,19.75744471305521,-155.65235118190134,15.750137135114258,2.8
1962.0,3.0,26.0,14.0,2.0,5.88,5419.0,19.48780402200774,-155.1865091751039,10.683597685399846,3.1
1963.0,2.0,15.0,21.0,40.0,24.36,5420.0,19.616469851642755,-155.33795451639335,33.746343278186366,2.5
1962.0,4.0,18.0,18.0,27.0,18.87,5421.0,19.38930202611675,-155.33966526042428,14.916504317193219,4.2
1962.0,4.0,18.0,7.0,4.0,6.99,5424.0,19.51584820976327,-155.42290047905996,9.879026836048737,3.5
1962.0,5.0,14.0,1.0,39.0,59.77,5425.0,19.70859132236931,-155.07654569646851,20.417212636600283,2.7
1962.0,5.0,26.0,7.0,53.0,13.26,5426.0,18.98974764584881,-155.61835636899275,17.016273260953014,2.6
1962.0,5.0,27.0,0.0,56.0,45.09,5428.0,19.38336027406292,-155.43487409153002,12.40870670643967,3.2
1962.0,6.0,11.0,12.0,8.0,58.99,5429.0,19.99400335271133,-155.61657323108776,27.246177613242367,3.3
1962.0,7.0,6.0,8.0,24.0,15.53,5431.0,19.350988869410408,-155.4567101624398,17.844734959141885,2.6
1962.0,7.0,7.0,5.0,45.0,23.79,5434.0,19.484107161795134,-154.92761352404767,44.09781777370697,2.5
1962.0,7.0,16.0,16.0,38.0,15.87,5435.0,19.508247415990063,-155.18739822628973,4.846857021739375,4.5
1962.0,7.0,23.0,8.0,29.0,56.3,5436.0,19.308001894711744,-155.7205917409844,31.936752944003647,3.1
1962.0,9.0,6.0,1.0,44.0,26.94,5437.0,19.85351815887924,-155.14145420262244,38.97009180866554,3.0
1962.0,9.0,25.0,6.0,49.0,36.74,5438.0,19.23135441159617,-155.8129616260917,43.00738904204524,3.2
1962.0,9.0,24.0,2.0,26.0,58.02,5439.0,19.73575012886502,-155.67555737533073,30.274192077197664,4.7
1962.0,10.0,7.0,0.0,15.0,43.11,5440.0,19.44096384790563,-155.81082737929617,13.685560321175691,2.9
1962.0,10.0,23.0,18.0,13.0,50.77,5441.0,19.669627440718195,-155.18862070923154,4.956020169935871,3.9
1962.0,10.0,26.0,12.0,9.0,30.5,5443.0,20.11867633334009,-155.67890655651152,43.30360355812722,3.3
1963.0,1.0,5.0,15.0,32.0,5.62,5444.0,19.798956783847768,-155.98755046194876,4.428232706882055,3.5
1963.0,5.0,24.0,15.0,41.0,0.62,5446.0,19.860601065211075,-155.24340281028685,36.208992607282774,2.7
1963.0,2.0,28.0,22.0,58.0,39.76,5447.0,19.863416323079257,-155.23047375474363,4.504723028050112,3.4
1962.0,12.0,10.0,12.0,52.0,47.73,5448.0,19.47422322654941,-155.5603346517616,6.251690529601169,3.7
1962.0,12.0,17.0,0.0,33.0,20.45,5449.0,19.49005986762057,-155.5876171199384,26.323430159949766,3.0
1962.0,12.0,30.0,13.0,31.0,41.67,5454.0,19.852144243065965,-155.25595266506895,8.757153913618733,3.3
1963.0,3.0,20.0,9.0,0.0,27.8,5456.0,19.456496432081845,-155.20139717708423,34.63048555123251,2.5
1963.0,4.0,2.0,2.0,23.0,40.72,5457.0,19.637156212017626,-155.1604567833906,17.174230908553298,2.8
1963.0,1.0,15.0,8.0,42.0,30.55,5458.0,19.29258423215033,-155.88100046351107,9.157909794648496,2.6
1963.0,1.0,20.0,23.0,10.0,54.55,5459.0,19.55962485963529,-155.39037063474402,42.786215041675504,2.5
1963.0,1.0,16.0,17.0,8.0,54.07,5460.0,19.569775945779813,-155.33608034062084,43.59974733936593,3.2
1963.0,1.0,22.0,15.0,47.0,56.67,5462.0,19.92743670294472,-155.61583057698593,38.1795559301047,2.8
1963.0,1.0,27.0,6.0,33.0,4.38,5463.0,20.17976395480836,-155.88346213094127,40.708388734118046,2.6
1964.0,5.0,11.0,16.0,26.0,34.4,5464.0,19.36502940144493,-155.1495407060012,8.162725369538963,3.1
1963.0,4.0,27.0,16.0,17.0,7.27,5465.0,19.560892351731635,-154.8735520403868,15.631339302904244,2.5
1964.0,12.0,28.0,17.0,40.0,5.62,5466.0,19.45579108890892,-155.00058820843918,24.751797510652516,2.5
1963.0,5.0,9.0,23.0,30.0,19.68,5468.0,19.450889403427777,-155.45544163718694,1.163472408696825,3.4
1964.0,10.0,24.0,23.0,36.0,24.17,5469.0,19.396844605647622,-155.18211166669576,40.071626174318546,2.5
1965.0,10.0,2.0,10.0,5.0,59.93,5472.0,19.296648892846623,-155.2823017879731,16.251305040725924,2.9
1963.0,7.0,4.0,14.0,31.0,54.65,5474.0,19.69467938085416,-155.33026684685984,35.272906023619385,3.3
1963.0,7.0,5.0,5.0,14.0,12.74,5475.0,19.64180855795201,-155.68401765401836,34.986022525355175,3.9
1963.0,7.0,22.0,5.0,40.0,24.69,5476.0,19.48976937141588,-155.62409310557186,26.990682425113725,2.5
1963.0,7.0,17.0,16.0,16.0,6.99,5480.0,19.554804283593683,-155.52563012575837,28.412874939750566,2.6
1969.0,10.0,24.0,15.0,15.0,36.02,5483.0,19.589844076429085,-155.62000892382264,21.760138012824413,2.9
1963.0,7.0,25.0,4.0,9.0,38.66,5485.0,19.63564725001358,-155.8743346456099,23.4070045227946,3.2
1963.0,8.0,22.0,15.0,4.0,26.74,5487.0,19.35799508607352,-155.18730052101856,27.69414899078643,2.5
1963.0,8.0,8.0,12.0,28.0,47.18,5492.0,19.738837450605214,-155.81017782768342,15.281645091185663,2.6
1964.0,10.0,20.0,7.0,27.0,13.06,5496.0,19.527096445693537,-155.8186161287702,39.27409341116652,3.9
1963.0,10.0,14.0,4.0,45.0,32.82,5497.0,19.4920494288086,-154.89110829593957,6.599331755605109,2.9
1963.0,9.0,14.0,10.0,31.0,50.31,5498.0,19.893175271675524,-155.382681344733,18.702360208615488,3.9
1963.0,9.0,29.0,11.0,42.0,38.84,5500.0,19.306200936729955,-155.21857885490667,41.4679688205211,3.0
1963.0,9.0,26.0,6.0,10.0,35.04,5501.0,20.018876604763665,-155.29333768996676,18.835085951636394,2.8
1963.0,10.0,7.0,17.0,48.0,55.89,5504.0,19.364303635210707,-155.20231623738903,31.207854293764747,3.0
1963.0,10.0,2.0,18.0,41.0,56.96,5511.0,19.413153983400303,-155.89178864661773,37.27281802059147,3.8
1964.0,3.0,3.0,23.0,50.0,44.09,5515.0,19.386781779845503,-155.6417549025359,21.259357071059284,2.5
1971.0,1.0,17.0,4.0,30.0,1.26,5521.0,19.373491631466063,-155.5659427529841,6.301328941239953,2.8
1964.0,2.0,3.0,12.0,18.0,17.35,5528.0,19.26568939002573,-155.59316409582985,41.39201431572315,2.7
1964.0,2.0,4.0,14.0,6.0,26.19,5531.0,19.361678351860085,-155.58660965727486,37.91647496726425,2.6
1964.0,4.0,4.0,21.0,21.0,26.96,5538.0,19.378080690818297,-155.43114279177897,12.502455869968676,2.5
1963.0,10.0,25.0,11.0,49.0,36.43,5549.0,19.84224392786964,-155.7798792126524,9.195599533366822,3.0
1963.0,10.0,30.0,11.0,35.0,50.98,5554.0,19.880312560404985,-155.60869194091617,19.7937644053995,3.1
1963.0,11.0,4.0,8.0,57.0,30.97,5555.0,19.682773476321884,-155.47019468035575,4.993459583118637,3.1
1963.0,12.0,9.0,18.0,37.0,35.54,5557.0,19.92180433051018,-155.8366469259239,39.2713742060579,2.5
1963.0,11.0,16.0,10.0,4.0,51.52,5559.0,19.816433264960907,-155.89889403464903,35.69704963174694,3.4
1963.0,11.0,20.0,3.0,46.0,23.14,5560.0,20.16524041776036,-155.69558376051148,41.6149073301011,3.8
1964.0,8.0,5.0,12.0,17.0,52.33,5561.0,19.483270437103524,-155.10262863754878,32.612623809420725,2.5
1963.0,12.0,7.0,23.0,53.0,21.13,5563.0,19.64259301997267,-155.84575742379607,38.638272418206455,2.8
1963.0,12.0,13.0,16.0,38.0,32.7,5566.0,20.024187363175688,-155.49637346405285,13.239666297008537,3.0
1963.0,12.0,23.0,0.0,36.0,17.33,5569.0,19.314660195208248,-155.61871844433895,27.401132410052558,2.7
1964.0,1.0,23.0,0.0,25.0,46.96,5570.0,19.814312226369783,-155.35986194308336,8.841048845522042,3.0
1964.0,2.0,12.0,10.0,12.0,20.14,5572.0,19.0129797655371,-155.81544040045466,36.460788526640144,2.9
1964.0,2.0,24.0,7.0,58.0,53.66,5574.0,19.931987657294066,-155.55380069368246,18.47876556259175,3.3
1964.0,3.0,4.0,23.0,21.0,39.02,5576.0,19.67072701934821,-155.2571913787758,27.632737956349562,3.9
1964.0,3.0,24.0,5.0,58.0,15.84,5578.0,19.673213238557658,-155.4243210604469,13.661481625970222,3.7
1964.0,9.0,8.0,11.0,3.0,2.41,5582.0,19.672368341133748,-155.38393934260722,40.86734159332503,2.8
1964.0,7.0,27.0,1.0,59.0,57.89,5584.0,19.13167785103084,-155.73551575098747,25.837760703000537,3.4
1964.0,5.0,15.0,10.0,4.0,55.12,5587.0,20.1466168920638,-155.6927405709751,16.03781670873416,2.8
1964.0,5.0,30.0,2.0,27.0,15.46,5589.0,19.430936474001047,-155.395075861818,16.576876105068997,4.0
1964.0,7.0,16.0,3.0,41.0,59.71,5590.0,19.35891496260506,-155.41475408298146,44.913799414082916,2.9
1964.0,6.0,19.0,8.0,32.0,55.4,5592.0,19.02921828143197,-155.6297499839641,40.87581250710985,2.9
1964.0,9.0,6.0,10.0,57.0,40.42,5594.0,19.37756441916313,-155.36329766643146,28.880881244782252,3.0
1965.0,4.0,10.0,20.0,55.0,13.35,5604.0,19.90709967502684,-155.61243313852995,32.62958164947166,2.9
1964.0,12.0,5.0,6.0,24.0,29.63,5609.0,19.55439074965382,-155.4553263821624,32.344997869259934,2.9
1964.0,11.0,15.0,22.0,1.0,29.82,5610.0,19.73876075662133,-155.68254263065262,7.731532881229148,2.7
1965.0,9.0,14.0,18.0,1.0,45.9,5611.0,19.66462204810988,-155.15254203372243,21.943403889526966,3.1
1964.0,12.0,15.0,11.0,29.0,14.41,5612.0,19.779424903219105,-155.10104228955353,36.49521245021415,3.2
1964.0,12.0,15.0,4.0,57.0,34.42,5613.0,19.475192314719813,-155.60292380215736,6.452961896951129,3.0
1964.0,12.0,16.0,19.0,17.0,10.61,5614.0,19.485908879013778,-155.69978859182777,7.6608841352656025,2.6
1966.0,1.0,30.0,19.0,26.0,49.64,5616.0,19.61873357790516,-155.0395370500444,12.975132508906876,2.5
1965.0,5.0,31.0,15.0,0.0,54.65,5618.0,19.971200537943133,-155.5786529283103,35.131792450427156,2.6
1965.0,5.0,20.0,11.0,57.0,51.24,5621.0,19.634576279975267,-155.38563949640985,18.983734813597756,3.3
1965.0,3.0,12.0,14.0,18.0,55.66,5626.0,19.66884560503641,-155.67956947134158,13.586072904592454,3.0
1965.0,3.0,30.0,15.0,50.0,38.92,5631.0,19.56589294425784,-155.14398119967072,4.320327191618386,2.6
1965.0,3.0,21.0,21.0,42.0,38.85,5636.0,19.7434673474708,-155.95771122633403,10.926231320994503,2.8
1969.0,8.0,8.0,11.0,26.0,6.63,5637.0,19.02879215169313,-155.79329068948903,8.747719277704597,2.8
1965.0,7.0,13.0,10.0,49.0,6.04,5638.0,19.928560617932217,-155.2539679207708,31.490272248756092,4.1
1965.0,12.0,24.0,18.0,21.0,49.82,5642.0,19.76408073888888,-155.31704515223197,38.17894830652788,2.5
1965.0,10.0,23.0,17.0,50.0,20.02,5644.0,19.954937224983567,-155.28747225031717,37.78184663433096,3.1
1965.0,11.0,7.0,8.0,30.0,19.32,5645.0,19.42343432752999,-155.74840449899716,41.08342087439866,2.9
1965.0,12.0,11.0,23.0,11.0,51.27,5646.0,20.049677517677715,-155.44854757154894,26.1361578707052,4.6
1966.0,1.0,7.0,8.0,44.0,13.05,5649.0,19.743214053089627,-155.39298622806055,39.493503670740196,2.9
1966.0,1.0,29.0,10.0,28.0,18.33,5650.0,19.50410445662553,-155.94613471578307,38.534438429042,2.5
1966.0,1.0,21.0,5.0,39.0,9.33,5651.0,19.63266478695464,-155.8974005465036,6.344964391458963,2.8
1966.0,2.0,22.0,16.0,30.0,46.93,5652.0,19.341812901079656,-155.7218356973092,18.736778462480114,2.6
1967.0,8.0,9.0,0.0,40.0,3.31,5653.0,19.293045487814386,-155.3143298773993,21.832512816799024,3.9
1966.0,2.0,24.0,21.0,12.0,50.12,5655.0,19.35161353874922,-155.36454701403798,15.045409959691762,3.1
1966.0,3.0,12.0,0.0,49.0,44.25,5660.0,19.64003195630644,-155.45028068124498,8.002012946070291,3.3
1966.0,3.0,28.0,6.0,17.0,58.35,5661.0,19.609391235115314,-154.95973446270182,36.05973058076086,5.0
1966.0,5.0,1.0,13.0,37.0,45.33,5663.0,19.72582374295748,-155.08592758495544,26.118557670858685,3.1
1966.0,5.0,16.0,21.0,56.0,13.12,5669.0,19.768672176951195,-156.02418764840627,36.25010486909426,3.4
1966.0,8.0,1.0,5.0,27.0,46.68,5671.0,20.11357344686897,-155.55146270592087,40.9497045369473,3.0
1966.0,7.0,24.0,19.0,49.0,41.82,5672.0,19.561109256398627,-155.92690966410208,43.341063944941695,4.3
1966.0,8.0,12.0,5.0,5.0,14.77,5673.0,19.44945911557989,-155.37115412172872,9.414414190890149,3.1
1966.0,8.0,23.0,10.0,21.0,38.6,5674.0,19.443244827736745,-155.3715412709577,24.222596471281225,2.9
1967.0,8.0,18.0,19.0,24.0,54.14,5675.0,19.40958785401308,-155.49263477233166,9.372754202553203,3.0
1966.0,9.0,9.0,16.0,39.0,58.39,5676.0,19.6153063513304,-155.91885363951178,6.808161774490225,2.5
1966.0,10.0,7.0,19.0,11.0,0.51,5683.0,19.055229635996703,-155.63729075433514,6.105826206813843,3.2
1977.0,9.0,11.0,6.0,17.0,37.7,5686.0,19.586712198407632,-155.00363935706758,40.45225118545076,4.0
1966.0,12.0,19.0,17.0,0.0,20.19,5687.0,19.60059335326,-154.99546121274685,41.32181006410351,2.9
1967.0,1.0,4.0,13.0,52.0,10.69,5689.0,19.26322355116417,-155.53204758422007,41.28649879089133,3.8
1967.0,1.0,8.0,8.0,9.0,26.59,5690.0,19.778523187611764,-155.2101211264201,39.83117113915372,3.0
1967.0,1.0,11.0,18.0,43.0,30.56,5691.0,19.9332127788114,-155.40244751568886,41.1904700429946,2.5
1967.0,1.0,24.0,21.0,18.0,23.11,5692.0,18.994826846538693,-155.6994801069294,25.682681329757404,2.8
1967.0,1.0,21.0,20.0,15.0,45.52,5696.0,19.582678673893533,-155.5188496313889,21.089907328399537,2.9
1967.0,2.0,7.0,18.0,36.0,37.28,5697.0,19.81268919078615,-155.43476783924638,32.131026452283876,2.8
1967.0,2.0,19.0,15.0,25.0,27.96,5701.0,18.947335859284696,-155.69332433464314,12.154546974422141,2.5
1969.0,1.0,15.0,2.0,22.0,54.73,5702.0,18.961172335766385,-155.65770083618787,31.102444440437207,2.5
1967.0,3.0,11.0,20.0,19.0,4.53,5704.0,19.99325458916919,-155.7526960155381,39.763164620002726,3.0
1967.0,3.0,6.0,1.0,53.0,0.72,5713.0,19.47629615022847,-155.5718605835265,6.611023886480757,2.8
1967.0,3.0,9.0,0.0,3.0,56.92,5714.0,19.40152616768653,-155.37686443005907,39.351643767651694,2.6
1967.0,7.0,2.0,22.0,0.0,8.32,5715.0,19.888635000382603,-155.5542736903991,38.229023332310355,2.6
1967.0,4.0,18.0,6.0,55.0,47.21,5716.0,19.7534616739764,-155.5818769286315,29.89294494777982,2.9
1967.0,6.0,23.0,4.0,37.0,9.98,5717.0,19.446554090560603,-155.1394112627396,8.063184258440716,3.0
1967.0,7.0,15.0,18.0,27.0,35.37,5718.0,19.64756998668239,-155.23075268749818,33.02245754118456,3.5
1967.0,9.0,16.0,19.0,19.0,36.15,5724.0,19.02260586173968,-155.72542615058236,34.212262200869986,2.5
1967.0,10.0,29.0,2.0,16.0,53.8,5729.0,19.61042101532202,-155.68557069900388,20.73003632849376,3.9
1967.0,10.0,15.0,15.0,39.0,36.76,5730.0,19.75501483657428,-155.87308815477436,40.47213137832101,3.0
1967.0,10.0,11.0,15.0,33.0,40.7,5731.0,20.03201689662876,-155.46505460837582,31.091249902968578,3.0
1967.0,10.0,16.0,10.0,42.0,0.16,5732.0,19.688194832267484,-155.21263476371163,5.655741627580502,2.9
1967.0,10.0,31.0,6.0,8.0,14.02,5735.0,19.567180272934937,-155.0916003080015,1.0788129126001524,2.7
1967.0,11.0,15.0,18.0,9.0,28.84,5740.0,19.61583692229049,-155.15074547996363,44.27462523381078,2.8
1967.0,10.0,16.0,7.0,41.0,47.63,5744.0,19.60093680614438,-155.03361568304746,30.981913874777295,3.3
1969.0,10.0,17.0,7.0,29.0,38.88,5745.0,19.665208776927656,-155.1437487114337,44.94544750028406,3.3
1967.0,11.0,28.0,10.0,7.0,13.26,5751.0,19.846337177343184,-155.50730681431742,23.146102063188735,3.4
1967.0,11.0,7.0,12.0,6.0,0.77,5754.0,19.735640070747024,-155.35794973273445,42.22532155947839,2.8
1967.0,11.0,29.0,10.0,15.0,42.9,5759.0,19.741466780549924,-155.89155360946788,33.79534288587423,2.9
1968.0,3.0,13.0,17.0,2.0,41.23,5767.0,19.12152835145713,-155.67413901936135,15.853516671637983,2.9
1968.0,1.0,1.0,4.0,53.0,14.6,5771.0,19.829208043731047,-155.3725063247929,44.521857586546844,2.5
1968.0,1.0,31.0,2.0,7.0,19.06,5774.0,19.379252678742507,-155.27916955467677,36.70923277200895,2.6
1968.0,2.0,25.0,16.0,2.0,50.84,5775.0,19.816364087073858,-155.90430055183276,42.8265542293379,3.6
1968.0,2.0,29.0,2.0,1.0,14.88,5776.0,19.48400302079408,-155.31699011459054,7.394917925717465,3.5
1969.0,12.0,11.0,14.0,43.0,59.65,5777.0,19.821835304155588,-155.45393927321877,43.5328659591496,3.1
1968.0,5.0,12.0,11.0,14.0,29.14,5779.0,19.887919075809386,-155.30966942581728,26.60726857196155,3.6
1970.0,12.0,11.0,9.0,25.0,51.92,5781.0,19.12950561622758,-155.5874636081422,5.8332323186965676,2.5
1968.0,5.0,29.0,14.0,58.0,20.01,5782.0,19.48294206483809,-155.63686267656416,16.13854406541516,2.6
1968.0,7.0,9.0,17.0,54.0,45.54,5786.0,19.46905224622496,-155.65824940341335,13.592806528978384,2.7
1968.0,7.0,12.0,23.0,5.0,49.3,5787.0,19.729660019371863,-155.4812617527853,17.3132240291271,3.3
1968.0,8.0,2.0,0.0,29.0,49.0,5788.0,20.108630536586105,-155.6856602874656,1.7556943066325594,2.8
1968.0,9.0,10.0,13.0,41.0,41.95,5789.0,19.73030491272556,-155.8495583725245,41.122775297902805,2.5
1968.0,8.0,26.0,6.0,2.0,47.91,5790.0,18.979612810578693,-155.60757819510852,3.877721758299183,4.0
1970.0,1.0,31.0,18.0,58.0,41.85,5791.0,19.38280720644548,-155.5901364846892,20.27448828097328,2.6
1968.0,8.0,25.0,19.0,33.0,39.83,5792.0,19.83648233112488,-155.1937958263295,20.439268243094805,2.5
1978.0,7.0,11.0,12.0,0.0,26.96,5793.0,19.81497636654199,-155.19804884454751,3.232869952919395,3.8
1969.0,8.0,17.0,5.0,23.0,27.29,5795.0,19.84128726818227,-155.21046955015828,19.573006232312828,2.5
1968.0,10.0,16.0,19.0,28.0,47.61,5798.0,19.697916907234823,-155.5683489887887,40.25922103961117,2.5
1968.0,10.0,18.0,12.0,5.0,33.74,5799.0,19.433027536319944,-155.63626554781254,25.42578818988768,3.4
1969.0,11.0,14.0,11.0,10.0,20.09,5803.0,19.6272813334948,-155.59959932325563,11.264895621894958,2.7
1977.0,3.0,10.0,17.0,9.0,16.54,5805.0,19.51251586285478,-155.52439357730051,11.62783019480511,2.6
1968.0,11.0,5.0,8.0,28.0,8.89,5807.0,19.598272787753988,-155.62229307139103,35.91086433003171,3.5
1968.0,11.0,7.0,20.0,27.0,26.91,5813.0,19.86606853081608,-155.63371272524563,42.30692049901581,2.8
1971.0,7.0,20.0,3.0,7.0,29.14,5814.0,19.840432675046845,-155.66887884449085,8.900059759811555,3.0
1968.0,11.0,13.0,20.0,45.0,37.5,5815.0,19.84961977594845,-155.6652620302733,15.22567562615848,2.6
1968.0,11.0,25.0,17.0,28.0,58.39,5816.0,19.360496193447617,-155.75260000193896,33.051632831478514,2.6
1970.0,4.0,18.0,22.0,1.0,52.06,5819.0,19.349468260282823,-155.65226693134255,7.225361407955416,2.6
1969.0,3.0,8.0,18.0,14.0,19.13,5821.0,19.294459634290245,-155.79972447409665,20.39394709997637,3.6
1969.0,2.0,16.0,14.0,40.0,50.12,5822.0,19.29873044111304,-155.50138431625567,39.199335913611854,2.5
1969.0,2.0,17.0,15.0,51.0,28.37,5823.0,19.28209247323336,-155.48541513424027,30.306775416478363,3.6
1969.0,2.0,19.0,5.0,0.0,51.86,5824.0,19.72581449050117,-155.40458465649036,4.174175912655295,2.6
1969.0,6.0,6.0,8.0,2.0,10.39,5826.0,19.879119831239056,-155.2992147834819,18.421844776105715,2.7
1969.0,3.0,8.0,8.0,1.0,32.36,5827.0,19.878157149087155,-155.29609824732262,14.203837996078724,2.9
1969.0,3.0,3.0,5.0,42.0,29.14,5830.0,19.885649927126664,-155.3026693970299,31.939611742238746,2.9
1969.0,3.0,1.0,0.0,34.0,47.88,5840.0,19.667520003419963,-155.18488475891,32.53586118343079,2.9
1969.0,5.0,7.0,21.0,10.0,46.0,5841.0,19.16952538334378,-155.70351731542422,3.525473144194768,2.6
1969.0,3.0,1.0,15.0,12.0,7.82,5844.0,19.17097217436865,-155.7153259869037,18.66510473915366,4.3
1969.0,3.0,22.0,5.0,32.0,46.63,5848.0,19.430456660259505,-155.2745198305726,34.7953648625748,3.2
1969.0,4.0,6.0,3.0,19.0,25.71,5849.0,19.488472606036,-155.8056983716645,26.445654354156467,2.7
1969.0,4.0,3.0,0.0,5.0,26.72,5851.0,19.86333235780524,-155.33189706481258,26.47364900806492,3.2
1969.0,6.0,15.0,9.0,22.0,34.56,5859.0,19.503582878696747,-155.19433080574404,43.460264508926514,2.5
1969.0,6.0,18.0,20.0,18.0,54.14,5860.0,19.475263559488376,-155.19662116236228,23.800782020729006,2.8
1969.0,7.0,10.0,1.0,53.0,37.28,5861.0,19.90721869710008,-155.6220763507228,30.765791411372145,2.7
1969.0,7.0,20.0,22.0,17.0,58.35,5862.0,19.901797134556848,-155.27061647731395,37.710472248192566,2.8
1969.0,10.0,6.0,9.0,18.0,9.17,5863.0,19.458299085163773,-155.48307742874562,29.153372858493434,2.5
1969.0,7.0,26.0,14.0,43.0,58.46,5864.0,19.65865929886196,-155.49354475294277,28.738637850237396,3.7
1969.0,8.0,3.0,19.0,41.0,17.82,5865.0,19.119089720965576,-155.84443906235506,35.15745800448595,2.6
1979.0,11.0,11.0,23.0,8.0,20.01,5866.0,19.6464709785793,-155.94270059308823,39.41943620629478,2.9
1969.0,9.0,10.0,10.0,35.0,47.8,5873.0,19.806970211875523,-155.67093893761475,35.11653044551491,2.7
1969.0,9.0,13.0,20.0,18.0,26.44,5874.0,19.7557571478304,-155.2164180758937,36.37849097691348,3.3
1969.0,9.0,30.0,10.0,21.0,19.52,5877.0,19.49624945827599,-155.25459940313735,6.421021810056965,2.5
1969.0,10.0,13.0,3.0,20.0,45.34,5880.0,19.93326899117992,-155.55581330161513,39.056953079357015,2.6
1969.0,10.0,25.0,8.0,29.0,2.63,5882.0,20.00531979125059,-155.58217606731927,32.566085946719504,4.8
1971.0,3.0,12.0,7.0,23.0,16.57,5885.0,19.81834202821073,-155.17158652725118,16.64741586269679,4.0
1969.0,11.0,15.0,11.0,49.0,19.35,5889.0,20.10600511894413,-155.60086515805062,40.35685280587993,2.7
1970.0,1.0,1.0,7.0,9.0,28.47,5897.0,19.80922060108104,-155.15368284661722,8.472182092456189,3.8
1969.0,11.0,29.0,18.0,44.0,55.64,5898.0,19.21946821807317,-155.7105163145277,7.817648319470523,4.0
1970.0,4.0,11.0,4.0,32.0,29.28,5899.0,19.68236334974798,-155.9577452541362,44.63685240995538,2.8
1970.0,4.0,19.0,13.0,37.0,3.76,5906.0,19.887958945504025,-155.2939764701235,29.83205097115609,2.9
1970.0,2.0,28.0,7.0,28.0,31.02,5907.0,19.890313981675533,-155.86680509870712,24.985770479892256,2.5
1970.0,3.0,25.0,2.0,50.0,31.57,5908.0,19.749041210977644,-155.92551631757513,19.02005406611947,3.0
1970.0,7.0,29.0,21.0,17.0,31.49,5914.0,19.495556434221967,-155.30606097718467,35.95463169234947,2.8
1970.0,9.0,18.0,15.0,2.0,49.81,5915.0,19.49082255617041,-155.23396637125603,32.11839239133714,2.5
1970.0,7.0,25.0,7.0,26.0,32.74,5917.0,19.35253609274953,-155.2661273261865,15.716673144898033,3.4
1970.0,10.0,20.0,10.0,46.0,30.87,5918.0,19.400371792492564,-155.28847928897494,7.028809752464472,2.7
1970.0,12.0,9.0,20.0,33.0,14.76,5919.0,19.36941377580441,-155.33093706396727,12.952104024604328,2.5
1970.0,9.0,25.0,0.0,3.0,58.31,5922.0,19.075939990649417,-155.74892014108443,41.09418474069843,4.3
1970.0,12.0,27.0,14.0,13.0,59.44,5924.0,19.879092561088296,-155.32676051486246,42.15496469975959,2.6
1970.0,10.0,24.0,21.0,53.0,55.11,5925.0,19.76029252733423,-155.74757110435274,19.327060611895767,2.8
1970.0,12.0,4.0,11.0,3.0,34.25,5928.0,19.534236492321213,-154.97593553860918,42.21848865696941,2.6
1970.0,12.0,12.0,10.0,37.0,51.7,5929.0,19.42007912387394,-154.96911199142667,17.824093145217045,3.8
1971.0,1.0,13.0,2.0,37.0,43.33,5932.0,19.857800182538234,-155.1279679335364,32.867695348919455,2.9
1971.0,1.0,16.0,17.0,34.0,42.31,5933.0,19.815985165968897,-155.4593141101,32.26195822952044,2.8
1978.0,1.0,3.0,6.0,58.0,30.71,5934.0,19.82696099688945,-155.4558156377773,10.324756514460814,3.0
1973.0,10.0,14.0,21.0,27.0,28.63,5936.0,19.83275222580123,-155.46793169974518,1.3028759556090534,2.8
1971.0,3.0,25.0,21.0,51.0,27.26,5939.0,19.653865326478098,-155.7326935318339,20.340184919862217,2.6
1974.0,7.0,21.0,12.0,57.0,16.56,5940.0,19.817842873593875,-155.49129012367308,12.010396086679453,3.2
1971.0,4.0,25.0,23.0,9.0,33.66,5941.0,19.6451059163275,-155.16690240132084,29.28995246135741,3.0
1971.0,9.0,24.0,20.0,44.0,22.63,5944.0,19.07113296459164,-155.57450890781055,13.379878124928872,3.6
1971.0,6.0,16.0,10.0,17.0,42.99,5945.0,19.101213923781984,-155.52623485931673,27.845807263054954,3.0
1971.0,6.0,2.0,10.0,28.0,22.93,5946.0,19.03356829707038,-155.55727071779552,38.024683650099036,2.8
1971.0,9.0,30.0,7.0,23.0,12.93,5947.0,19.403200365827228,-155.49122533220793,28.688573467497047,2.8
1971.0,12.0,1.0,5.0,45.0,8.05,5963.0,19.774772328837457,-155.94504053096205,27.47774767691285,3.2
1972.0,8.0,1.0,9.0,2.0,5.12,5964.0,19.990611192122905,-155.2634603763893,30.919605303291135,3.8
1972.0,7.0,15.0,18.0,20.0,44.35,5975.0,19.47164284085712,-155.26178084450734,30.100462060443473,2.8
1971.0,11.0,30.0,21.0,3.0,6.23,5977.0,19.59492029545671,-155.208845773449,41.675714378746626,2.7
1971.0,11.0,29.0,9.0,40.0,11.34,5979.0,19.43536244016835,-155.34371318017065,32.87520761823946,3.5
1971.0,12.0,10.0,17.0,22.0,17.78,5981.0,19.49547209188894,-155.3294845105562,25.655537668857473,2.7
1972.0,1.0,9.0,16.0,37.0,53.19,5983.0,19.62088072386723,-155.34978361502746,34.348136261607216,2.7
1971.0,11.0,28.0,1.0,8.0,5.95,5985.0,19.403252804243305,-155.5013618126122,30.659485531643718,2.9
1971.0,12.0,28.0,8.0,7.0,9.85,5992.0,19.457027756828385,-155.3588984711823,21.2804562321625,2.9
1972.0,1.0,6.0,14.0,26.0,11.27,5993.0,19.80131691664973,-155.46141801905475,15.843244763877008,3.5
1972.0,1.0,8.0,5.0,3.0,48.96,5994.0,19.56881522880673,-155.04475739801074,20.9473266673881,2.8
1972.0,1.0,9.0,15.0,50.0,47.34,5995.0,19.556855788700403,-155.88570207735592,15.04019673036749,2.6
1972.0,1.0,10.0,17.0,52.0,10.87,5996.0,19.92610300409426,-155.54257791192643,16.75891366465038,4.0
1972.0,2.0,19.0,0.0,54.0,47.89,5997.0,20.10305379631396,-155.79895783575776,16.610845625796372,2.7
1972.0,2.0,28.0,21.0,10.0,42.6,5998.0,19.656532932660845,-155.87474979853965,34.59214049540346,2.8
1972.0,4.0,22.0,16.0,34.0,14.45,5999.0,19.846361390980565,-155.3753609250244,1.392928913122499,2.5
1972.0,4.0,7.0,17.0,39.0,10.98,6000.0,19.841258357365945,-155.39464994732012,27.988596066484224,2.5
1973.0,3.0,14.0,21.0,9.0,44.95,6004.0,20.119611619790515,-155.77904108380446,37.080983026936714,2.7
1972.0,7.0,4.0,6.0,26.0,57.29,6006.0,19.886719646263835,-155.1871963259639,12.209299473944359,2.6
1972.0,6.0,14.0,5.0,34.0,0.38,6014.0,19.328843393821494,-155.0510536661689,34.448460165042746,2.8
1972.0,6.0,29.0,19.0,33.0,56.13,6016.0,19.59519458579453,-155.38614828714103,3.2319794101766903,2.6
1972.0,8.0,8.0,8.0,56.0,14.35,6020.0,19.666204228853907,-155.76956352011814,7.634703665080686,3.1
1973.0,8.0,19.0,7.0,49.0,41.06,6021.0,19.816951182791684,-155.65949216702478,30.41877406542026,2.6
1972.0,11.0,2.0,7.0,28.0,18.28,6025.0,19.30860826264655,-155.74566158114916,2.438836771039327,2.6
1973.0,1.0,1.0,14.0,52.0,12.19,6029.0,19.95233065697605,-155.4834786593693,19.40827183143633,2.5
1972.0,11.0,22.0,11.0,20.0,7.97,6031.0,19.97469913826416,-155.4263442939665,21.034440164562113,2.6
1980.0,5.0,27.0,23.0,59.0,58.16,6033.0,19.983633662009563,-155.44348316680163,15.316161206346461,2.6
1973.0,5.0,15.0,3.0,32.0,4.36,6037.0,19.854763282136418,-155.33826772616007,27.691847403854972,2.8
1973.0,2.0,15.0,1.0,9.0,11.44,6038.0,19.89030327967944,-155.33572674276297,11.92845546095495,3.0
1973.0,5.0,7.0,1.0,59.0,58.21,6040.0,19.37270998297737,-155.473676106751,42.60429343637501,3.3
1973.0,3.0,17.0,5.0,5.0,14.48,6046.0,19.617893640678943,-155.52304627750854,13.21793733228904,4.0
1973.0,3.0,21.0,4.0,8.0,34.67,6049.0,19.31250189980183,-155.4311028592953,29.373535000515087,3.1
1973.0,3.0,28.0,4.0,56.0,55.35,6050.0,19.58966531695452,-154.99633139209226,35.439789949152754,2.9
1975.0,9.0,2.0,16.0,55.0,10.18,6052.0,19.53481750825945,-155.60921716322378,23.748291012716273,3.3
1973.0,7.0,2.0,5.0,16.0,59.58,6059.0,19.19968432474705,-155.6933449630684,31.763201835241595,2.8
1973.0,7.0,4.0,8.0,50.0,50.43,6060.0,20.0937048552579,-155.63657214151002,28.320776833993367,4.3
1973.0,8.0,4.0,4.0,42.0,15.69,6062.0,19.851016564309464,-155.10700289674512,43.59862099833684,3.3
1973.0,11.0,11.0,8.0,23.0,56.74,6063.0,19.337118276964304,-155.83979471151153,32.09650973974853,2.6
1973.0,8.0,27.0,9.0,29.0,29.77,6064.0,19.67517939586492,-155.4610559287777,3.5856985432550377,2.6
1974.0,6.0,17.0,21.0,48.0,18.5,6067.0,19.56759990060427,-155.29750863373013,5.601044005277106,2.5
1983.0,9.0,11.0,21.0,55.0,7.37,6074.0,20.11874562615184,-155.54184304315254,37.392949698511096,2.6
1975.0,9.0,25.0,15.0,14.0,55.99,6084.0,20.03331994799673,-155.56576207046984,41.91554007700184,3.5
1973.0,11.0,24.0,19.0,39.0,11.16,6095.0,19.982092245276984,-155.458875465508,39.60392088461951,3.2
1973.0,12.0,11.0,4.0,18.0,5.9,6100.0,19.800506989459127,-155.65705066318404,11.793973045977042,3.9
1973.0,11.0,6.0,17.0,29.0,41.4,6113.0,19.910413103283982,-155.45037389528176,32.62434526136373,4.3
1974.0,5.0,13.0,4.0,37.0,26.66,6130.0,20.073219191314656,-155.57238102593385,23.820280755087005,3.2
1981.0,6.0,23.0,4.0,13.0,35.66,6138.0,20.12862009296808,-155.55170929638956,36.43099824746081,3.0
1973.0,10.0,15.0,19.0,20.0,58.2,6146.0,19.52102835678533,-155.3821934418629,16.47012098658138,2.8
1984.0,11.0,9.0,22.0,14.0,36.64,6148.0,20.020507105661416,-155.5223234966598,3.464892989429091,2.9
1975.0,7.0,9.0,16.0,46.0,28.66,6152.0,19.838752065862792,-155.730285289453,16.283755484194504,3.2
1975.0,5.0,31.0,0.0,3.0,20.42,6153.0,20.01859166503825,-155.51285536821177,44.063623032606685,2.6
1974.0,9.0,26.0,17.0,18.0,41.18,6158.0,20.001489584767626,-155.3719810652777,36.97195570201304,2.9
1974.0,2.0,10.0,21.0,43.0,17.27,6168.0,19.9478696590136,-155.1891250267607,28.68628928554748,2.9
1977.0,11.0,13.0,13.0,37.0,1.98,6171.0,20.09692529975016,-155.62624944453214,13.400140103508027,3.1
1983.0,2.0,22.0,3.0,55.0,15.2,6196.0,19.35749226683549,-155.77794498964613,7.591785814409874,2.6
1973.0,9.0,25.0,2.0,54.0,16.18,6197.0,19.530017750551835,-155.3315504491835,29.63540461891091,2.6
1973.0,9.0,15.0,0.0,56.0,44.22,6200.0,19.53540395661401,-155.64696390103973,42.919548714945,2.6
1973.0,10.0,23.0,1.0,6.0,32.46,6219.0,19.70695347725028,-155.67327291076643,23.154447934913136,3.2
1983.0,8.0,1.0,20.0,57.0,33.28,6222.0,20.12319908000141,-155.6255308071262,21.483958136050912,3.3
1974.0,1.0,28.0,12.0,16.0,4.83,6236.0,20.0534099397085,-155.7373633387529,22.27269986444364,3.0
1974.0,6.0,25.0,4.0,56.0,39.33,6239.0,20.035994142025302,-155.4228745857657,6.436372909399788,2.7
1974.0,4.0,28.0,9.0,45.0,7.03,6244.0,19.818011725614284,-155.88676206475543,24.079400835577633,3.4
1974.0,9.0,1.0,14.0,17.0,10.67,6260.0,20.0659279199856,-155.419161700831,28.796453247225543,2.8
1974.0,1.0,1.0,7.0,29.0,29.17,6291.0,19.7592316031886,-155.44338793321768,4.932597081346183,2.9
1974.0,1.0,2.0,6.0,0.0,57.11,6316.0,20.030135284594337,-155.44094522061164,42.99095685029819,3.1
1981.0,8.0,25.0,3.0,17.0,19.79,6332.0,20.13800556684713,-155.67151992884814,33.451788886046344,2.6
1977.0,12.0,9.0,7.0,13.0,57.15,6337.0,19.78525886529618,-155.64222936355907,27.070437104285826,2.8
1974.0,12.0,30.0,8.0,49.0,10.89,6354.0,19.959068399639296,-155.521791249614,5.136928340991256,3.2
1973.0,11.0,13.0,7.0,15.0,48.22,6384.0,19.5937881942779,-155.96264474943462,42.699315886707325,2.7
1973.0,11.0,8.0,19.0,33.0,18.41,6413.0,19.88922877643592,-155.2922115610528,24.29428687657365,2.7
1974.0,4.0,22.0,11.0,31.0,56.3,6437.0,20.107690261990435,-155.72926079744886,7.3122714893470775,2.6
1974.0,6.0,17.0,1.0,6.0,27.79,6439.0,19.94608592409877,-155.75778722934288,19.804942798792833,2.6
1983.0,4.0,17.0,14.0,49.0,50.62,6451.0,20.13426789247292,-155.63213994448432,2.3185098978955256,2.6
1983.0,9.0,8.0,4.0,13.0,1.77,6470.0,20.0617647445812,-155.60555331173293,17.40243130148632,2.6
1973.0,10.0,6.0,9.0,36.0,48.85,6478.0,19.638455044162445,-155.82647451244102,42.309763065649506,2.8
1973.0,11.0,26.0,3.0,37.0,30.8,6499.0,19.014929173923736,-155.5943028918885,31.27263927680681,2.7
1973.0,9.0,30.0,1.0,25.0,30.96,6504.0,19.171276485214086,-155.49401902848183,20.569076656302247,3.4
1973.0,10.0,27.0,11.0,34.0,18.5,6505.0,19.50748286712526,-155.31867067138558,34.34693253912118,3.2
1974.0,7.0,5.0,6.0,40.0,17.37,6506.0,19.49308600170356,-155.30998765561418,3.0732784245154097,2.7
1973.0,11.0,22.0,5.0,47.0,55.56,6507.0,19.546852697674883,-155.46907742721774,29.637772178863614,2.6
1973.0,11.0,18.0,18.0,46.0,49.22,6508.0,19.819245504830207,-155.59744298659808,7.34244611505499,3.0
1973.0,11.0,14.0,4.0,40.0,3.84,6512.0,19.87126459040746,-155.84801219054802,38.65628313431032,3.7
1974.0,3.0,3.0,2.0,25.0,35.5,6520.0,19.473471079189224,-155.69415205515227,27.544726051509553,3.4
1974.0,2.0,6.0,5.0,20.0,6.83,6521.0,19.35564750234636,-155.40404719540902,4.888437561665024,2.5
1974.0,5.0,23.0,15.0,57.0,58.41,6529.0,19.64502438146164,-155.77533400939325,20.695554350061123,3.1
1975.0,9.0,2.0,14.0,5.0,26.68,6532.0,19.429541924248973,-155.1930616970014,24.203956577896722,2.8
1974.0,9.0,1.0,5.0,31.0,6.65,6542.0,19.87585520846328,-155.22785206042877,3.856374079142695,2.5
1974.0,7.0,27.0,8.0,51.0,16.35,6547.0,19.42169130270753,-155.51237208887875,26.785007499273558,3.1
1974.0,9.0,13.0,23.0,7.0,44.77,6548.0,19.99080161170777,-155.22940544213222,38.24517040746343,2.5
1974.0,10.0,1.0,2.0,45.0,6.34,6550.0,19.966814058808865,-155.4046295169666,24.69135721876141,3.5
1974.0,10.0,16.0,16.0,1.0,43.48,6554.0,19.845995039735826,-155.6106428954021,23.27139764731241,2.7
1974.0,10.0,4.0,1.0,6.0,51.2,6556.0,19.71568205858641,-155.61510204577405,13.584589547071749,3.7
1974.0,10.0,20.0,10.0,31.0,38.74,6558.0,19.18277946918146,-155.7558425492546,11.43270447008846,2.7
1974.0,10.0,23.0,19.0,48.0,6.68,6559.0,19.181469209272468,-155.7591535571836,41.809402037506906,2.6
1974.0,12.0,12.0,21.0,25.0,47.77,6560.0,19.39434455739992,-155.01401976369155,42.324883338237306,3.0
1976.0,6.0,15.0,2.0,42.0,7.2,6561.0,19.090126090036627,-155.77268657240026,28.56850253252731,2.8
1975.0,2.0,3.0,0.0,45.0,13.71,6562.0,19.104821709241342,-155.5530134349574,11.195084819886496,3.3
1976.0,3.0,4.0,1.0,25.0,52.23,6566.0,19.40523929756064,-155.51975306349297,34.62629956892251,2.9
1975.0,4.0,22.0,1.0,36.0,0.14,6567.0,19.452154296561424,-155.4898534169341,39.61148656183217,2.7
1975.0,2.0,28.0,3.0,17.0,20.27,6569.0,19.605946068639188,-155.31502509202258,6.748842698379439,3.1
1975.0,9.0,19.0,17.0,11.0,25.89,6572.0,19.73288457945978,-155.00324194993237,44.97250451050116,2.6
1975.0,3.0,14.0,6.0,9.0,28.05,6575.0,19.889333520693203,-155.84655554751532,20.71770864619845,4.7
1975.0,5.0,6.0,19.0,22.0,7.09,6576.0,19.9124627154345,-155.84716717225257,42.100429424938675,2.5
1975.0,3.0,24.0,12.0,21.0,14.16,6577.0,19.085538973598208,-155.71536454322285,27.570971623404006,2.5
1975.0,4.0,5.0,20.0,46.0,39.93,6578.0,19.56415672156544,-155.25072490779718,43.22621129439047,3.2
1976.0,7.0,20.0,20.0,3.0,36.96,6579.0,19.551506008147523,-155.2306480360925,29.336119862153453,2.6
1975.0,4.0,28.0,10.0,52.0,40.74,6581.0,19.779672840719044,-155.7366443894191,1.9219943855338615,4.0
1975.0,5.0,11.0,8.0,54.0,7.64,6582.0,19.62073473033302,-155.46905349788526,21.90224201220532,3.0
1975.0,5.0,26.0,9.0,7.0,58.61,6584.0,19.59180980953744,-154.96675054196572,8.956997455133557,3.1
1975.0,7.0,15.0,12.0,12.0,13.9,6585.0,19.66924972995401,-155.323394350568,7.737412206847754,3.8
1983.0,1.0,24.0,19.0,23.0,43.0,6586.0,19.39371576754817,-155.6070620205102,16.386759035095846,3.1
1975.0,9.0,15.0,2.0,48.0,57.08,6589.0,19.515192091999907,-155.25010360952615,37.743392999041525,2.5
1975.0,9.0,30.0,12.0,52.0,41.61,6590.0,19.90544243572785,-155.7260850413953,33.2090188400008,3.6
1977.0,5.0,18.0,19.0,30.0,56.86,6596.0,19.91345289006993,-155.21377842580046,4.901127746748091,2.9
1976.0,3.0,11.0,18.0,35.0,37.31,6598.0,19.44457173224703,-155.0602659344464,37.49851711400337,2.5
1976.0,2.0,19.0,18.0,56.0,32.68,6599.0,19.595624740583148,-155.54314356455208,43.00912746518869,3.0
1976.0,3.0,9.0,17.0,25.0,41.8,6600.0,19.43863215407353,-155.8904524622126,20.637078821108783,4.1
1981.0,3.0,7.0,5.0,37.0,54.41,6612.0,19.626971760144844,-155.24739256357245,30.39326403064734,3.9
1976.0,4.0,8.0,10.0,44.0,37.8,6614.0,19.742721608142112,-155.16357200812254,44.268962541363415,2.6
1976.0,6.0,17.0,2.0,26.0,47.9,6617.0,19.719235465792583,-155.23261034448237,25.23641230919044,3.2
1985.0,11.0,26.0,1.0,35.0,10.72,6624.0,19.65976477337938,-155.06990246156954,29.90592920037808,2.5
1976.0,6.0,8.0,22.0,32.0,36.08,6625.0,19.646776650435,-155.678960302928,27.960051135059295,3.1
1977.0,12.0,9.0,6.0,35.0,53.6,6628.0,19.61094654869177,-155.54028910625317,23.901770560173883,2.8
1976.0,8.0,21.0,9.0,39.0,27.7,6631.0,19.621913943133983,-155.59881857646556,20.502163056756583,3.1
1976.0,7.0,19.0,21.0,24.0,26.69,6632.0,19.68094234875098,-155.77857248467404,22.256480434094108,2.7
1976.0,8.0,20.0,13.0,20.0,22.15,6636.0,19.827992970865548,-155.4478195290102,18.434803916550806,2.6
1976.0,9.0,3.0,22.0,36.0,49.87,6643.0,19.88056411940736,-155.4517092969421,31.898987498738926,2.7
1976.0,8.0,26.0,18.0,31.0,4.49,6645.0,19.688256629776664,-155.05928521526678,31.202418959701685,2.7
1981.0,3.0,15.0,9.0,7.0,13.42,6646.0,19.55171181550953,-154.91412892068578,26.794980892689495,3.0
1976.0,9.0,21.0,6.0,16.0,29.22,6647.0,19.561021180254144,-154.8873722905531,2.809909890401211,2.7
1976.0,10.0,7.0,12.0,6.0,1.03,6654.0,19.55823991398449,-155.8700043234848,22.545647109855537,2.8
1976.0,10.0,21.0,18.0,46.0,49.23,6658.0,19.74643527334123,-156.01981531415737,15.006875008236246,2.6
1976.0,12.0,13.0,7.0,46.0,12.55,6660.0,19.977024676929165,-155.8231537615873,14.835863671141245,2.8
1977.0,1.0,15.0,1.0,5.0,42.5,6662.0,20.018363369375503,-155.48905582473265,8.6651036628409,2.8
1977.0,2.0,17.0,3.0,8.0,49.26,6665.0,19.719889469422554,-155.64537174268355,38.52725790684575,2.8
1977.0,2.0,3.0,12.0,31.0,30.42,6666.0,19.17777909967213,-155.69343418388934,17.45727731685716,2.8
1977.0,2.0,7.0,6.0,53.0,50.21,6667.0,19.458478006886622,-155.2894205200322,16.43409332495891,2.8
1977.0,2.0,23.0,15.0,44.0,19.63,6669.0,19.475555581392346,-155.66665031190828,26.038770956577537,4.1
1977.0,2.0,24.0,1.0,36.0,50.08,6670.0,19.56387339216684,-155.18068405822183,22.168672434293516,6.0
1978.0,4.0,20.0,7.0,20.0,18.55,6673.0,19.411278540089,-155.75952326475823,28.006486869852786,2.6
1977.0,4.0,11.0,3.0,49.0,53.35,6674.0,19.408090519092223,-155.75030862860234,4.429675379682227,3.1
1977.0,4.0,22.0,22.0,21.0,51.74,6678.0,19.482177499930927,-155.25350674034456,33.74242473239003,2.8
1977.0,11.0,24.0,22.0,4.0,41.41,6679.0,19.89071439150272,-155.24786999350138,13.694173657395268,3.0
1977.0,8.0,20.0,5.0,23.0,5.6,6680.0,19.44778688087097,-155.0692685101758,21.58328845802622,3.1
1977.0,6.0,20.0,15.0,7.0,42.09,6683.0,19.45084196350808,-155.49798697650002,28.807810929478322,2.9
1977.0,7.0,6.0,22.0,5.0,1.58,6687.0,19.49981269443017,-155.30722172994518,44.83006712479566,3.0
1977.0,9.0,7.0,10.0,38.0,19.62,6688.0,19.53555663841246,-155.30305085765002,31.093498821638345,2.8
1977.0,8.0,23.0,16.0,13.0,12.62,6691.0,19.21605295204778,-155.53294353775277,44.4901061508072,2.5
1977.0,9.0,2.0,20.0,34.0,6.96,6694.0,19.516883685990663,-155.62609612024212,15.226528156525632,2.8
1977.0,9.0,17.0,16.0,46.0,30.49,6695.0,19.7882888636575,-155.64887084664895,30.33918486008804,3.5
1977.0,9.0,18.0,12.0,37.0,48.92,6696.0,19.538882532385948,-155.46115045785314,43.31881294049564,2.8
1978.0,1.0,17.0,14.0,50.0,40.56,6699.0,20.13107161655306,-155.7789344744902,20.811743909657253,2.8
1980.0,6.0,23.0,18.0,59.0,25.18,6702.0,19.37005725148536,-155.05731997762473,27.486442230543645,2.9
1977.0,10.0,29.0,4.0,22.0,17.94,6704.0,19.373868121841085,-155.06047974173077,16.610251390717732,3.6
1977.0,11.0,8.0,20.0,32.0,43.01,6705.0,19.75896845506551,-155.1728899256104,29.176620663271038,3.4
1978.0,2.0,20.0,10.0,7.0,15.25,6712.0,19.45517887725003,-155.66640246537412,41.20128656622925,3.1
1978.0,3.0,2.0,6.0,25.0,11.78,6713.0,19.4804387566594,-155.52098113118905,18.14852565182743,3.4
1978.0,3.0,3.0,4.0,59.0,48.03,6714.0,19.46643749078949,-155.49700621122182,25.39261502697018,3.4
1978.0,3.0,7.0,15.0,42.0,1.71,6715.0,19.464752551624585,-155.50196145043262,38.526077028493255,3.0
1978.0,4.0,1.0,22.0,36.0,56.48,6716.0,19.46338174378622,-155.51280472631063,2.9856012100711746,2.9
1978.0,5.0,21.0,8.0,5.0,24.04,6719.0,19.228697521264507,-155.55504780111974,16.084270843799686,3.0
1978.0,4.0,13.0,2.0,3.0,15.66,6720.0,19.577363175968017,-155.1547114611581,40.2208356256476,2.6
1978.0,3.0,25.0,8.0,11.0,37.99,6722.0,19.830151847884306,-155.79993538515498,27.790406809270145,3.8
1979.0,6.0,15.0,19.0,57.0,9.9,6723.0,19.82895977153345,-155.55038860055816,19.727995118777258,2.9
1978.0,3.0,27.0,23.0,2.0,4.33,6724.0,19.87137460442445,-155.8735482126498,9.612680666133269,2.6
1978.0,5.0,16.0,20.0,55.0,20.86,6725.0,19.45777671041923,-154.99031820432947,21.80548169858116,3.4
1978.0,5.0,15.0,21.0,28.0,1.51,6726.0,19.66999703952465,-155.69055454763046,9.26965003628639,2.9
1978.0,7.0,6.0,15.0,25.0,22.44,6727.0,19.68342478702528,-155.6838921549261,15.572694619740844,2.6
1978.0,6.0,21.0,14.0,11.0,46.67,6728.0,19.24570191526396,-155.59972226095672,38.75729559927334,3.2
1978.0,8.0,30.0,5.0,57.0,43.51,6729.0,19.49972534645548,-155.08399757009926,25.290143734813288,2.6
1978.0,9.0,27.0,18.0,28.0,31.04,6730.0,19.87007220064438,-155.16412676792297,5.354075344111188,2.8
1978.0,8.0,26.0,23.0,18.0,20.14,6734.0,19.666447622796102,-155.24160245734797,29.856955709407607,3.5
1978.0,11.0,9.0,1.0,28.0,55.04,6737.0,19.47616136746766,-154.90493287197606,36.62047595465037,2.5
1978.0,10.0,7.0,12.0,40.0,18.57,6740.0,19.81312970894697,-155.26587507849547,25.32452176177937,4.6
1978.0,10.0,11.0,10.0,53.0,4.66,6741.0,19.17094468598924,-155.52206576105633,35.32754177146418,2.5
1978.0,11.0,7.0,23.0,51.0,21.82,6742.0,19.63666462199805,-155.8509030973585,38.45441708173933,3.3
1980.0,9.0,1.0,23.0,18.0,37.38,6743.0,19.423314955930994,-155.50757051241956,24.226460776842867,2.8
1978.0,11.0,8.0,23.0,15.0,17.47,6744.0,19.376135758569983,-155.46051877477254,17.604164948042232,3.3
1978.0,12.0,5.0,11.0,30.0,30.23,6746.0,19.816849745495297,-155.1356739147025,3.118896147480818,2.9
1979.0,1.0,10.0,11.0,15.0,18.81,6748.0,19.45671433808032,-154.99602670516992,44.85684805858083,2.5
1979.0,2.0,23.0,13.0,17.0,2.69,6750.0,20.15994023775888,-155.7721021726189,25.168470853138054,2.6
1979.0,4.0,5.0,4.0,4.0,3.77,6751.0,19.57067201296257,-155.76881766814083,7.267510761143951,2.6
1979.0,4.0,13.0,6.0,34.0,58.28,6753.0,19.705983461939283,-155.33895832456537,2.4629183172645717,2.5
1979.0,3.0,28.0,3.0,22.0,16.87,6759.0,19.73064080403657,-155.89188022019678,35.6072929871347,2.5
1979.0,3.0,26.0,11.0,19.0,35.43,6760.0,20.024488010959573,-155.5660122205231,39.52593961137258,3.4
1980.0,3.0,13.0,8.0,14.0,24.9,6761.0,20.009503486542744,-155.81518602478667,5.9445876010616345,2.8
1982.0,3.0,22.0,1.0,15.0,37.06,6762.0,19.883076247823343,-155.9191405045975,5.596752381474778,2.6
1979.0,6.0,1.0,6.0,23.0,10.32,6763.0,19.41919790753639,-155.40501654840068,38.07503614508467,2.7
1979.0,7.0,24.0,6.0,43.0,47.24,6765.0,19.429253577924232,-155.71832278700597,27.004628272024682,3.0
1979.0,9.0,26.0,23.0,28.0,56.75,6769.0,19.81489294181649,-155.66651939331246,28.922643563758978,3.1
1979.0,9.0,14.0,21.0,28.0,6.06,6773.0,20.096941207193414,-155.76626901306187,41.25225533790009,4.0
1979.0,10.0,20.0,10.0,35.0,8.71,6777.0,19.67810225054037,-155.4069249915306,4.249863842451473,2.7
1980.0,5.0,9.0,9.0,43.0,41.52,6781.0,19.901757027177084,-155.77219882041726,9.389909287179158,2.6
1979.0,11.0,1.0,3.0,53.0,59.58,6782.0,19.322101671813936,-155.5589005441242,8.534022525020763,3.0
1979.0,12.0,17.0,17.0,16.0,24.1,6784.0,19.75201342324261,-155.08461683429962,12.652475321992975,2.8
1979.0,11.0,15.0,5.0,24.0,44.39,6785.0,19.756272164023496,-155.0789404610281,10.565064288920265,4.1
1979.0,11.0,21.0,7.0,12.0,37.08,6786.0,19.128335883224548,-155.7121516376855,16.260319541496315,2.7
1979.0,12.0,23.0,5.0,18.0,30.23,6790.0,19.94815294193361,-155.1844525192516,9.126904280378382,2.7
1980.0,6.0,7.0,12.0,18.0,8.78,6791.0,19.64804643432173,-155.57062697663014,43.43691568519675,2.6
1980.0,2.0,29.0,21.0,20.0,31.18,6793.0,19.87176077800951,-155.2002866426609,22.261748576510684,3.0
1980.0,2.0,27.0,3.0,33.0,42.94,6794.0,19.884814554437288,-155.21735560252702,25.010839551188244,3.4
1980.0,3.0,11.0,12.0,26.0,32.71,6796.0,19.76101591736194,-155.48096873910654,39.065102462681104,2.7
1980.0,3.0,12.0,22.0,30.0,27.11,6797.0,19.85895695823264,-155.62401945379403,12.643444928075803,3.0
1986.0,7.0,25.0,18.0,52.0,20.56,6800.0,19.16766111473801,-155.44728011111997,42.84877141338209,2.8
1980.0,5.0,18.0,14.0,46.0,55.97,6801.0,19.798211657749608,-155.6231638827098,6.689988522337096,2.5
1980.0,5.0,19.0,17.0,15.0,34.7,6807.0,19.83804413618273,-155.8135470756849,35.25074602279959,2.8
1980.0,7.0,6.0,6.0,39.0,17.68,6809.0,19.850317144822345,-155.65250883022549,7.20229579967746,2.8
1980.0,5.0,19.0,21.0,6.0,1.47,6812.0,19.47651386562191,-155.09396063080382,10.210487955383712,3.5
1980.0,5.0,31.0,17.0,7.0,36.64,6814.0,19.18240703619595,-155.6894759447619,44.68680556556923,2.8
1980.0,6.0,7.0,4.0,55.0,51.13,6815.0,19.31280177970179,-155.2400793487186,3.428638376549452,2.6
1981.0,6.0,3.0,17.0,10.0,50.5,6818.0,19.46749765242121,-154.93639369012905,1.4716935589249989,3.7
1980.0,9.0,17.0,21.0,6.0,15.58,6819.0,19.435282126721187,-154.96901393400069,24.60939162405699,2.7
1980.0,8.0,2.0,5.0,25.0,32.72,6820.0,19.46845236227638,-154.92554755319148,17.437199480340222,2.7
1980.0,6.0,17.0,22.0,26.0,18.68,6822.0,19.631649457004045,-155.79396133683514,5.685385931891621,3.3
1980.0,6.0,24.0,8.0,21.0,58.01,6825.0,18.99834163427808,-155.60823357747833,44.31761777909531,2.8
1980.0,12.0,5.0,4.0,37.0,32.79,6826.0,19.861445398956786,-155.38328704726553,37.97680012331557,3.1
1980.0,6.0,30.0,5.0,7.0,0.1,6827.0,19.924349497311955,-155.38247081380146,30.50526893711995,4.3
1980.0,8.0,7.0,21.0,56.0,26.03,6828.0,19.16426770726252,-155.72915834690392,7.3494746545918215,4.5
1980.0,8.0,26.0,4.0,0.0,47.57,6830.0,19.322917924147667,-155.06147783056682,21.53835887307025,2.9
1980.0,9.0,24.0,20.0,59.0,20.59,6831.0,20.234594177366034,-155.86361770942705,38.13113574421127,2.6
1980.0,9.0,27.0,2.0,0.0,33.74,6833.0,19.49730882463069,-155.72964752967394,7.5316529354583155,2.7
1980.0,9.0,17.0,2.0,3.0,16.38,6835.0,19.4540257892674,-155.75835213785697,39.9288897497846,3.5
1980.0,11.0,2.0,4.0,44.0,5.68,6838.0,19.35704019881604,-155.41980570036827,30.578946650482454,2.8
1980.0,11.0,8.0,5.0,40.0,6.01,6839.0,19.52263890500827,-154.97558583751925,36.38772891161683,3.2
1980.0,11.0,9.0,11.0,6.0,53.96,6840.0,19.517790774732795,-154.96881926577888,22.952360297277878,2.7
1980.0,12.0,11.0,16.0,29.0,41.0,6843.0,19.824800172524625,-155.69570258636736,36.27121561922626,2.7
1981.0,1.0,10.0,22.0,31.0,46.12,6844.0,19.873680529949763,-155.62043315782373,20.980396180073406,4.5
1981.0,1.0,18.0,7.0,31.0,51.62,6846.0,19.51361030932585,-155.22359675770306,7.4641132679586395,2.6
1981.0,2.0,23.0,22.0,54.0,55.42,6847.0,19.618236978626392,-154.9740045492838,26.876276530317494,2.5
1993.0,10.0,17.0,23.0,58.0,16.08,6848.0,19.629088675838503,-154.9800274670187,13.281933628320823,2.5
1981.0,1.0,28.0,2.0,51.0,46.33,6852.0,19.18686392561261,-155.63924449369378,29.003334724640414,2.8
1981.0,3.0,24.0,4.0,48.0,15.34,6855.0,19.28178100924524,-155.75030838113096,16.61429311583117,3.1
1981.0,4.0,15.0,6.0,33.0,28.48,6856.0,19.63193626186761,-155.42415154428946,5.913777729999673,2.6
1981.0,3.0,28.0,2.0,31.0,56.56,6857.0,19.65852283787847,-155.43079335786237,31.800617296096764,3.7
1981.0,4.0,21.0,4.0,35.0,31.45,6859.0,19.75125460064056,-155.2411578228762,12.96709410921532,2.7
1982.0,4.0,20.0,2.0,10.0,1.99,6860.0,20.114083077617416,-155.75056046273878,5.2773442644011865,2.8
1981.0,5.0,14.0,19.0,19.0,48.5,6862.0,19.64456505154412,-155.559090870676,26.99171282265587,3.3
1982.0,2.0,15.0,8.0,45.0,6.23,6873.0,19.607102938037443,-155.8263961534387,10.045895514739838,2.9
1981.0,7.0,1.0,8.0,24.0,14.44,6874.0,19.62358864634889,-155.75374706623194,37.02377680168212,2.7
1981.0,7.0,4.0,6.0,14.0,25.48,6875.0,19.806596137419568,-155.75965648749684,3.8384276218211473,3.4
1981.0,9.0,2.0,12.0,22.0,45.79,6879.0,19.21145723403191,-155.58836136083406,37.93715400702853,2.6
1981.0,9.0,3.0,4.0,30.0,23.22,6880.0,19.43832547889739,-155.87463174276056,3.3732502952313768,3.0
1981.0,12.0,29.0,0.0,37.0,47.43,6881.0,19.46489077721489,-155.0316075782179,18.05387798939376,3.3
1981.0,10.0,4.0,18.0,40.0,3.45,6883.0,19.25499060006049,-155.43773738437898,23.432020901345886,2.5
1982.0,4.0,30.0,10.0,49.0,20.05,6885.0,19.450298796866605,-155.47381951413308,29.043078933026205,3.4
1981.0,12.0,1.0,10.0,44.0,39.61,6887.0,19.316756945008898,-155.80146089451748,12.331357974706599,3.0
1982.0,1.0,12.0,17.0,47.0,43.84,6888.0,19.849535633784985,-155.77053489431273,22.22661607967701,4.1
1983.0,1.0,17.0,8.0,16.0,28.28,6890.0,19.0749822255126,-155.72250104097657,15.276106419408515,2.7
1982.0,3.0,23.0,3.0,36.0,0.48,6893.0,19.054007036096408,-155.77019455844493,42.80488682805272,2.6
1982.0,1.0,15.0,21.0,52.0,18.85,6895.0,19.39011636575319,-155.75961697121076,28.131773103106855,3.4
1982.0,3.0,19.0,8.0,20.0,7.56,6898.0,19.62909918849685,-155.21961976974697,43.94661440290319,3.5
1982.0,2.0,26.0,11.0,44.0,50.16,6900.0,19.573413227301323,-155.2164709024403,39.77215777989253,2.5
1989.0,10.0,3.0,2.0,25.0,21.23,6903.0,19.655072792179787,-155.24599021134395,33.8308305786891,2.5
1982.0,3.0,6.0,14.0,43.0,15.86,6907.0,19.35798935718377,-155.0622696850279,12.96356587377523,3.0
1982.0,3.0,6.0,18.0,57.0,11.12,6908.0,19.422888040913023,-154.95907148508556,32.03656467500726,4.0
1982.0,10.0,10.0,13.0,50.0,14.49,6911.0,19.94396105925593,-155.7280960650522,22.260263099040138,2.5
1982.0,5.0,8.0,11.0,27.0,50.67,6912.0,19.64944190681003,-155.64219903282662,33.361811900965236,2.9
1982.0,8.0,26.0,16.0,36.0,58.24,6913.0,19.2429873148888,-155.4326744563852,30.731959803113252,2.7
1982.0,5.0,23.0,2.0,54.0,31.55,6914.0,19.243597376016083,-155.4300949613388,32.34449770679409,3.3
1982.0,6.0,14.0,8.0,13.0,21.19,6916.0,19.68003884208201,-155.1764749053858,13.911070502694429,3.8
1982.0,7.0,12.0,13.0,11.0,25.35,6917.0,19.555711876731863,-155.78057945251786,32.792967525207466,3.6
1982.0,7.0,24.0,14.0,6.0,11.0,6918.0,19.59047264991063,-155.7919325172685,22.243403430867097,2.6
1982.0,8.0,5.0,19.0,30.0,29.84,6920.0,19.59105165299976,-155.43348797976685,14.801750945289175,3.2
1982.0,11.0,20.0,7.0,7.0,0.39,6924.0,19.36620197769684,-155.7846262735316,26.54436865307384,2.6
1982.0,9.0,24.0,14.0,9.0,51.28,6925.0,20.0181733008142,-155.80749979373596,20.93726283546856,3.5
1983.0,2.0,5.0,8.0,42.0,54.19,6933.0,19.01236444149523,-155.63030317266754,31.79760726896518,2.5
1982.0,12.0,5.0,16.0,48.0,53.1,6934.0,19.326521932122365,-155.71913421742806,43.9434059802753,3.2
1982.0,12.0,6.0,13.0,13.0,43.55,6936.0,19.649490893825217,-155.54941923651668,44.09053837387248,3.7
1982.0,12.0,19.0,1.0,23.0,50.56,6939.0,19.3839115840426,-155.68376699348116,21.540836091204778,2.8
1983.0,9.0,14.0,23.0,19.0,57.14,6941.0,19.424330922995004,-155.58056153869074,8.663390791994432,2.6
1982.0,12.0,20.0,22.0,2.0,39.07,6942.0,19.87947953331532,-155.9053053732191,15.21666432788972,2.8
1983.0,1.0,16.0,1.0,41.0,9.03,6943.0,19.75779124862124,-155.1969319592164,35.05321779223569,3.3
1986.0,11.0,30.0,20.0,0.0,15.23,6944.0,19.4154578354916,-155.6968058057706,1.234121488333312,3.0
1983.0,7.0,3.0,14.0,18.0,12.76,6947.0,19.405278901596944,-155.70932692281946,43.80850047995352,3.5
1983.0,2.0,7.0,10.0,5.0,19.73,6949.0,19.4142199580602,-155.71823903217395,9.853988324628592,2.5
1983.0,2.0,2.0,1.0,48.0,45.24,6950.0,19.42491965084293,-155.68661660917476,41.777623526287066,2.6
1984.0,5.0,5.0,23.0,34.0,57.69,6951.0,19.830671399143696,-155.72414546785689,21.685396352828604,2.5
1983.0,2.0,22.0,12.0,14.0,33.2,6954.0,19.81346927339408,-155.82166560405147,43.40826258970875,3.4
1983.0,3.0,6.0,8.0,4.0,44.48,6955.0,19.838960108194144,-155.2702705047636,19.940116058063523,3.5
1986.0,7.0,3.0,19.0,40.0,57.95,6958.0,19.82758425556172,-155.25008698583278,41.44737253052351,4.3
1983.0,3.0,18.0,20.0,32.0,32.02,6960.0,19.32603582877605,-155.80372490529473,6.402120456314952,3.0
1983.0,3.0,23.0,8.0,35.0,40.3,6962.0,19.278052894131832,-155.5596498930359,42.25523342123521,3.7
1983.0,7.0,15.0,11.0,12.0,42.02,6963.0,19.55806389205542,-154.9689574023635,11.906259291791779,2.7
1983.0,4.0,13.0,9.0,1.0,51.53,6964.0,19.507171179499338,-154.96676510078566,30.840840329131186,3.1
1983.0,4.0,14.0,22.0,11.0,8.8,6966.0,19.924841416517843,-155.29879026234312,15.186223324066539,4.6
1983.0,5.0,11.0,14.0,15.0,39.29,6970.0,19.47291260202866,-155.58759396123796,7.971254460242218,4.5
1983.0,6.0,8.0,17.0,1.0,20.6,6976.0,19.998196972926426,-155.51666271723957,24.417891742027198,2.5
1983.0,6.0,13.0,10.0,45.0,3.41,6977.0,19.17834219354924,-155.6842515000188,12.388463011405456,2.8
1983.0,6.0,24.0,6.0,41.0,21.23,6980.0,19.46491280354648,-155.13268790218223,19.48339185435602,2.8
1984.0,1.0,27.0,22.0,46.0,52.04,6982.0,19.402199799069475,-155.01974930739166,32.0091684643879,3.7
1983.0,6.0,30.0,22.0,20.0,51.23,6990.0,19.42876610346066,-155.01912716802457,29.175129551055484,3.4
1983.0,6.0,22.0,20.0,23.0,17.38,6992.0,19.540159710301594,-154.80772344970535,28.9921413561879,2.5
1983.0,8.0,4.0,18.0,52.0,35.91,6999.0,20.06412298905504,-155.7141172386854,34.676278676594926,3.4
1984.0,6.0,7.0,1.0,41.0,36.26,7006.0,19.52341175432353,-155.68909636154785,12.187595663920481,2.5
1984.0,2.0,8.0,21.0,9.0,15.71,7008.0,19.926325301821457,-155.370264923102,5.390180422016407,2.6
1983.0,11.0,28.0,15.0,47.0,31.72,7016.0,19.74093285570649,-155.33225550416577,8.458594639301587,2.5
1984.0,1.0,8.0,0.0,56.0,33.01,7019.0,19.750425996689906,-155.64869824577852,13.076115291841674,3.5
1984.0,2.0,21.0,4.0,37.0,43.51,7022.0,19.213645365013623,-155.626237667853,38.78493760826482,3.2
1984.0,2.0,28.0,5.0,4.0,18.53,7024.0,19.39966188628748,-155.669697275244,11.606244149112086,2.8
1984.0,4.0,23.0,22.0,26.0,32.76,7035.0,19.97389069570637,-155.42996005164247,41.17636258271085,2.5
1985.0,6.0,17.0,22.0,10.0,58.8,7036.0,19.48437224255771,-155.64236613131942,35.173932648146746,3.0
1984.0,7.0,10.0,3.0,29.0,45.44,7037.0,19.82501606166962,-155.84632302379296,36.76235810650951,2.7
1984.0,9.0,19.0,23.0,9.0,26.61,7042.0,19.420408974362424,-155.7107692984023,21.031083809816213,3.8
1984.0,9.0,21.0,23.0,42.0,24.67,7044.0,19.85134959721621,-155.85656472605348,41.2140878261881,3.3
1987.0,5.0,25.0,12.0,57.0,56.39,7046.0,19.524340693857624,-155.29454707339423,35.951700261692515,2.5
1984.0,11.0,24.0,3.0,21.0,3.21,7048.0,19.631884116438908,-155.4257066548292,42.063692887775304,2.6
1986.0,10.0,13.0,14.0,7.0,21.95,7050.0,19.6327956847344,-155.43973252903356,39.201223448736144,3.0
1984.0,11.0,20.0,18.0,27.0,41.98,7054.0,19.11887249317317,-155.70881863480906,37.73107106544896,2.6
1985.0,2.0,10.0,16.0,48.0,40.75,7058.0,19.305762374406207,-155.82718540815353,1.0037043928394644,2.7
1990.0,6.0,13.0,12.0,7.0,44.78,7062.0,19.195379791541207,-155.85910033094652,35.077283795129134,2.5
1985.0,3.0,12.0,21.0,14.0,18.08,7063.0,19.189919820909967,-155.72832430324488,8.569928371450978,2.7
1985.0,5.0,11.0,3.0,27.0,5.06,7065.0,19.17445467436978,-155.84673425638255,35.60769146281337,2.5
1985.0,3.0,24.0,17.0,14.0,43.54,7067.0,19.17356165718971,-155.82662771583395,4.70688195536022,2.6
1985.0,10.0,10.0,5.0,4.0,54.8,7068.0,19.911686278954623,-155.19741523591605,42.444965486070984,3.6
1985.0,5.0,17.0,20.0,24.0,36.42,7070.0,19.36919458401663,-155.12441985604545,22.767834048564993,2.6
1985.0,7.0,1.0,8.0,49.0,47.34,7071.0,19.285069933359303,-155.4259267348598,35.29360009007121,2.7
1985.0,7.0,8.0,13.0,45.0,4.55,7072.0,19.82911574978929,-155.3546349585392,11.422675960731606,2.8
1985.0,7.0,26.0,12.0,44.0,43.81,7074.0,19.97050830488212,-155.31089295363304,9.244339244188184,3.2
1985.0,9.0,10.0,7.0,52.0,10.77,7076.0,19.36156335795488,-155.34544822776854,21.17246612838438,4.0
1985.0,10.0,2.0,4.0,40.0,4.23,7077.0,19.673214201739142,-155.34626918901023,15.071808574175673,2.8
1985.0,10.0,1.0,12.0,3.0,17.14,7081.0,19.36706829689537,-155.64623892177153,28.008354060237952,3.4
1985.0,10.0,28.0,14.0,18.0,27.33,7082.0,20.07792841371631,-155.5000812303662,22.476088362023447,2.5
1985.0,12.0,1.0,6.0,8.0,39.42,7083.0,20.13853620651052,-155.6161007087236,39.54827750737986,2.5
1987.0,2.0,20.0,1.0,4.0,47.71,7084.0,19.716172325111195,-155.01680288003942,21.08619185890416,2.7
1985.0,11.0,29.0,20.0,53.0,44.42,7085.0,19.788453070745152,-155.2254980594611,38.82078327620395,3.5
1993.0,6.0,18.0,3.0,59.0,48.45,7086.0,19.69818441113927,-155.8755535778415,41.66909174295066,3.2
1985.0,12.0,12.0,7.0,36.0,20.21,7087.0,19.78848362336023,-155.8654829650419,16.355695463351747,2.7
1986.0,1.0,24.0,23.0,47.0,2.12,7090.0,19.0296608051476,-155.8444860920266,20.812768517704313,5.8
1986.0,2.0,14.0,10.0,36.0,5.49,7091.0,20.11886845646473,-155.68650716096968,7.558221066362435,3.7
1986.0,4.0,3.0,10.0,47.0,19.52,7092.0,19.731043404867087,-155.17847851691377,1.620149474661225,2.8
1986.0,2.0,24.0,18.0,39.0,1.11,7093.0,20.04646575145643,-155.59850382619595,9.839444186668336,2.7
1986.0,11.0,27.0,14.0,31.0,45.69,7099.0,19.683720785513067,-155.1155288790724,36.21471883595868,3.5
1986.0,3.0,15.0,21.0,54.0,30.42,7100.0,19.13028264079598,-155.53842813959548,6.313194167043996,3.4
1986.0,6.0,7.0,20.0,54.0,44.88,7104.0,19.72828468769026,-155.4134590299039,2.222551587921881,2.5
1986.0,7.0,1.0,7.0,24.0,27.19,7106.0,19.798294125715408,-155.4446475541345,13.014669791690102,2.6
1986.0,8.0,25.0,17.0,1.0,38.31,7109.0,19.45596093685413,-155.58301509721792,16.48882428763318,2.7
1986.0,7.0,7.0,9.0,17.0,7.54,7110.0,19.472190718137043,-155.572223895772,17.593590639270552,3.9
1986.0,7.0,20.0,16.0,4.0,54.28,7112.0,19.59736390183442,-155.55658385236546,44.279094304699306,3.2
1986.0,9.0,16.0,20.0,31.0,37.41,7114.0,19.571201287306184,-155.14798307733346,10.361658150294817,3.5
1986.0,9.0,29.0,23.0,44.0,40.99,7115.0,20.028281397452645,-155.31380726390714,38.857909600180086,3.5
1986.0,10.0,18.0,3.0,47.0,35.29,7116.0,19.647514964365936,-155.3656683950031,30.557584024325983,2.7
1986.0,10.0,15.0,22.0,36.0,35.23,7117.0,19.6085504727497,-155.3394204586623,28.385953736108068,2.6
1986.0,11.0,11.0,22.0,12.0,58.34,7129.0,19.937386661984338,-155.4871442897393,12.896936720767794,2.5
1986.0,12.0,17.0,3.0,34.0,56.57,7133.0,19.218097492415826,-155.36904252302358,14.549875296042352,3.7
1986.0,12.0,27.0,0.0,31.0,48.79,7135.0,19.60320655601548,-155.24111906727958,37.99381416716491,2.8
1987.0,1.0,24.0,14.0,37.0,49.04,7136.0,19.601392151366,-155.2673959477954,8.431380732992716,3.4
1987.0,1.0,15.0,19.0,32.0,34.71,7137.0,20.104481664820074,-155.51286806080486,40.42569193565053,2.7
1987.0,5.0,3.0,16.0,55.0,38.94,7138.0,19.99541469656654,-155.46111975029416,10.767518590191699,2.6
1987.0,1.0,30.0,4.0,18.0,38.5,7142.0,19.7166267017682,-155.10288210388867,41.5595933789309,3.0
1987.0,7.0,17.0,11.0,27.0,43.93,7147.0,19.4785163669737,-155.59447680509757,11.028119018456948,2.8
1987.0,2.0,5.0,5.0,31.0,17.08,7150.0,20.01535805009359,-155.36102886459372,30.30045055082483,2.6
1987.0,3.0,11.0,11.0,33.0,10.2,7152.0,19.98206054980017,-155.4432822954276,18.29764144009045,2.5
1991.0,6.0,15.0,21.0,41.0,29.37,7153.0,20.00675944535656,-155.39876312852834,26.456296839130292,2.6
1987.0,2.0,11.0,14.0,19.0,0.67,7155.0,19.88291367489434,-155.42667715454158,9.158401860340007,2.9
1987.0,2.0,18.0,8.0,0.0,36.63,7156.0,19.82386675392824,-155.74453091741256,18.313807325437757,2.7
1987.0,2.0,12.0,7.0,32.0,15.59,7162.0,20.057488096786308,-155.4642124331555,18.974116973051025,2.8
1987.0,2.0,18.0,0.0,13.0,59.13,7163.0,19.40926409274968,-155.7408003268691,8.39921641451436,2.5
1987.0,2.0,17.0,23.0,16.0,49.59,7164.0,19.344158340374246,-155.78436709636583,28.039420887855265,2.9
1987.0,3.0,23.0,9.0,27.0,52.48,7167.0,19.466791522771967,-155.17705627526362,23.713401235973574,3.1
1987.0,3.0,23.0,12.0,4.0,11.44,7168.0,19.61890319076161,-155.65007715610614,18.229909519717072,4.7
1987.0,3.0,24.0,21.0,10.0,13.82,7170.0,19.286730359640806,-155.4337076534207,12.418413264045821,3.3
1987.0,3.0,30.0,11.0,38.0,50.14,7172.0,19.640494721747626,-155.52522478778985,3.1321901684821998,2.8
1987.0,6.0,13.0,6.0,33.0,40.5,7175.0,20.10271830956605,-155.73614734296171,29.291875098304956,3.8
1987.0,5.0,24.0,18.0,53.0,45.93,7179.0,19.54581895426461,-155.23661317826145,39.45751904437683,3.2
1987.0,5.0,16.0,18.0,16.0,13.47,7181.0,19.16552699351117,-155.74579054519023,23.949267822257816,3.0
1991.0,4.0,26.0,17.0,40.0,58.76,7182.0,19.81565653846381,-155.3319787284916,23.727744567653566,2.5
1987.0,5.0,21.0,16.0,3.0,22.69,7184.0,19.86099852335899,-155.197359816982,20.39007994117917,3.5
1987.0,8.0,6.0,0.0,13.0,10.08,7186.0,19.06474933627427,-155.53636704735288,9.447819739910505,2.5
1987.0,8.0,11.0,0.0,2.0,0.51,7187.0,20.16372020583184,-155.71682225023972,27.119160479869876,3.9
1987.0,7.0,17.0,10.0,53.0,53.46,7188.0,20.15032610345984,-155.7337791769117,41.46567202011004,2.6
1987.0,7.0,24.0,19.0,45.0,40.05,7190.0,19.67241529628497,-155.7628302221995,14.728643581440313,3.0
1987.0,7.0,21.0,15.0,54.0,16.56,7191.0,19.66786473341687,-155.74948104495235,17.520854364147656,2.5
1988.0,11.0,2.0,19.0,14.0,58.34,7195.0,19.66371105128093,-155.059331929783,28.07344728935091,3.4
1990.0,3.0,20.0,14.0,29.0,20.81,7196.0,20.03712768208342,-155.77501498671572,43.6737060204917,2.6
1993.0,5.0,14.0,20.0,10.0,48.83,7198.0,20.00134908497132,-155.42397568458136,3.1709364921472742,3.0
1987.0,11.0,12.0,21.0,56.0,16.68,7200.0,19.65560705516829,-155.70827006494451,29.27163280977531,2.8
1987.0,11.0,14.0,21.0,14.0,11.41,7201.0,19.3963764658691,-155.41260804608677,29.615463543437887,3.2
1987.0,11.0,18.0,5.0,57.0,13.06,7203.0,19.345533009465235,-155.70429436842315,15.454919270448526,2.8
1987.0,11.0,30.0,13.0,56.0,33.7,7205.0,19.45288398261497,-155.4843679188905,25.14391484071317,2.9
1988.0,4.0,22.0,8.0,9.0,24.47,7208.0,19.176760559509177,-155.4824359724475,22.854694832339526,3.0
1988.0,11.0,3.0,3.0,5.0,8.84,7212.0,19.74120420920754,-155.30853111078056,33.10525505080828,3.1
1988.0,2.0,23.0,17.0,48.0,14.92,7222.0,19.548226484510444,-155.08912544668698,26.83775403032847,3.3
1988.0,6.0,7.0,0.0,20.0,1.3,7223.0,19.40278486482093,-155.40309384709337,30.963431805326387,2.5
1988.0,3.0,31.0,15.0,51.0,8.88,7224.0,19.323332250119115,-155.33704186492463,41.86750964560304,2.6
1990.0,4.0,24.0,8.0,22.0,17.37,7231.0,19.356410306626888,-155.3885895133997,33.89909856765206,2.8
1988.0,1.0,31.0,3.0,12.0,16.76,7233.0,19.347364885967423,-155.39029866478973,23.29670118583731,4.4
1988.0,1.0,2.0,10.0,53.0,37.62,7239.0,19.376708033039414,-155.72024779287804,38.61709090038036,3.3
1988.0,1.0,3.0,8.0,10.0,47.93,7241.0,19.39012769205788,-155.72096954642748,31.34351100942716,2.7
1989.0,7.0,29.0,3.0,48.0,36.99,7243.0,19.65293684926837,-155.50685415399545,37.383478401879245,2.5
1988.0,4.0,24.0,15.0,39.0,30.98,7246.0,19.053599607552545,-155.81813367388688,36.860928384958264,2.8
1988.0,12.0,12.0,15.0,0.0,33.59,7248.0,19.88990485259604,-155.53687468617878,29.936621584042786,2.8
1990.0,1.0,29.0,1.0,43.0,38.35,7250.0,20.02328294471377,-155.68725773990107,4.743901781183668,3.0
1988.0,5.0,8.0,3.0,7.0,2.23,7251.0,19.06770646490672,-155.6215213598742,12.33037799712335,3.8
1988.0,5.0,10.0,9.0,28.0,52.43,7252.0,19.177805320223445,-155.89031295917667,14.940245198876703,3.0
1989.0,1.0,16.0,21.0,37.0,28.99,7253.0,19.70813328673879,-155.13855051573773,41.013190263495694,2.5
1988.0,10.0,5.0,2.0,45.0,30.17,7257.0,19.90479153076944,-155.42027030576372,42.81275026725159,3.2
1988.0,11.0,14.0,20.0,18.0,30.79,7258.0,19.53036930325348,-155.4036731249888,37.0659661806222,3.3
1988.0,12.0,26.0,9.0,48.0,22.55,7264.0,19.144950781589657,-155.57132299343684,31.452518069814012,2.5
1988.0,12.0,27.0,18.0,28.0,29.05,7266.0,19.79294046780415,-155.21613253804793,41.44046724088127,2.8
1989.0,1.0,10.0,11.0,11.0,50.56,7269.0,19.76176580020012,-155.38693318363613,24.604690861667862,2.8
1989.0,1.0,12.0,13.0,59.0,3.55,7273.0,19.849001434692028,-155.3557302520571,37.29291690761109,3.0
1989.0,1.0,15.0,9.0,30.0,21.5,7275.0,19.57383251794604,-155.21151997931432,32.412486116948266,4.2
1989.0,1.0,26.0,22.0,29.0,57.32,7279.0,19.41294835221139,-155.62345293307212,26.56670284902722,2.5
1989.0,5.0,30.0,6.0,26.0,37.23,7281.0,20.000978695278675,-155.38683392999354,41.20111048983368,3.1
1989.0,3.0,26.0,6.0,39.0,56.8,7291.0,19.62852968766649,-155.14246149100512,25.242820673402814,2.6
1989.0,3.0,17.0,23.0,11.0,7.19,7292.0,19.549841749392755,-155.90758913413052,35.162563895052244,2.8
1989.0,3.0,24.0,3.0,50.0,33.14,7293.0,19.32208368111468,-155.25716022940654,6.840225503769677,4.3
1989.0,4.0,22.0,9.0,23.0,13.48,7294.0,19.56579928074644,-155.0591331126535,14.542704603854935,2.8
1989.0,9.0,4.0,13.0,4.0,16.29,7297.0,19.79962865471993,-155.55522446749345,10.536864587116353,2.8
1990.0,1.0,4.0,13.0,39.0,16.01,7304.0,19.59515695512108,-155.61327760680376,23.30930859911005,3.7
1989.0,5.0,26.0,5.0,12.0,22.76,7313.0,19.2905277893885,-155.58269370055453,18.437224480663936,4.4
1989.0,7.0,28.0,17.0,6.0,24.28,7314.0,19.252536498051537,-155.51157430827848,15.927746449314629,3.3
1989.0,8.0,9.0,15.0,41.0,18.75,7325.0,19.029837834289395,-155.64620276596122,4.946394581746368,2.5
1989.0,10.0,7.0,20.0,33.0,31.21,7331.0,19.567132974749583,-155.57126029862852,21.494752090237192,3.7
1989.0,11.0,10.0,19.0,59.0,34.28,7336.0,19.46780985430844,-155.2209747071124,10.388248215654215,2.6
1989.0,12.0,22.0,0.0,4.0,27.53,7337.0,19.469671054949924,-155.19001729190992,10.353813243111906,2.6
1990.0,1.0,23.0,10.0,57.0,50.74,7342.0,19.81520034114733,-155.47692050744038,19.33628639243891,2.7
1990.0,1.0,17.0,20.0,57.0,11.4,7343.0,19.17550717892732,-155.74238181452662,40.58904583373665,3.2
1990.0,1.0,23.0,22.0,13.0,14.57,7344.0,20.16958897383096,-155.67182938164257,25.685365200962256,2.6
1990.0,2.0,5.0,22.0,18.0,18.39,7346.0,19.902919222423414,-155.4761171858183,13.176740946115348,3.8
1990.0,2.0,5.0,13.0,10.0,29.04,7347.0,19.9498209597294,-155.48423433972818,17.763606015772403,2.9
1990.0,2.0,28.0,14.0,18.0,41.33,7348.0,19.929719836972343,-155.37639021997185,27.602240905348776,3.3
1994.0,2.0,14.0,12.0,37.0,8.96,7352.0,19.52084597667393,-155.02100108073287,33.86244631935146,2.6
1990.0,5.0,6.0,17.0,21.0,53.06,7353.0,19.51700576502136,-155.40830200305908,32.16212898652454,4.3
1990.0,5.0,5.0,9.0,14.0,49.09,7354.0,19.524497425927027,-155.39343861098783,20.769883439246193,3.0
1994.0,1.0,18.0,14.0,3.0,13.91,7357.0,19.823493884246048,-155.87168567272792,10.20977333790121,2.7
2002.0,3.0,18.0,18.0,28.0,20.96,7358.0,20.061238468971386,-155.62612410239663,9.548830362268028,2.7
1990.0,8.0,1.0,9.0,11.0,34.69,7362.0,19.841262979951853,-155.5136405306292,2.271193769392263,3.1
1990.0,7.0,23.0,0.0,42.0,47.5,7363.0,19.77678024546476,-155.2019283847829,5.487496992653909,2.8
1990.0,7.0,28.0,5.0,3.0,44.26,7364.0,19.833787232771765,-155.17591527529498,44.26601335098129,2.9
1990.0,7.0,28.0,11.0,15.0,31.17,7365.0,19.92535738095804,-155.34572793186223,9.323320746747864,2.5
1990.0,8.0,24.0,22.0,2.0,13.21,7366.0,20.025225957043244,-155.49752528990518,32.73203512252313,3.7
1990.0,9.0,17.0,10.0,42.0,18.82,7368.0,19.272444782351258,-155.7438909323755,44.992381365552156,2.6
1991.0,1.0,2.0,18.0,44.0,6.52,7371.0,19.312178165052867,-155.42156027477583,28.97243026724814,2.8
1991.0,12.0,1.0,18.0,48.0,0.85,7378.0,19.31482770073708,-155.4215004416238,18.2732736546333,2.7
1990.0,12.0,16.0,8.0,41.0,37.78,7385.0,19.60303801322626,-155.08264920980452,1.621825172408629,2.6
1990.0,9.0,28.0,0.0,0.0,37.77,7388.0,19.6713135883192,-155.04525961576488,38.41580810123752,3.5
1990.0,10.0,11.0,3.0,57.0,14.12,7390.0,19.83675834260518,-155.62093204617915,29.202664390110225,3.5
1990.0,12.0,4.0,22.0,55.0,14.81,7394.0,19.34143674221423,-155.85470033697763,15.702594520144434,2.6
1990.0,12.0,21.0,0.0,28.0,23.75,7395.0,19.95755967420072,-155.593501469817,29.22396131280191,2.7
1990.0,12.0,28.0,16.0,49.0,52.47,7397.0,20.06897969025652,-155.6730856254879,7.181871801304787,2.5
1991.0,1.0,1.0,14.0,6.0,19.37,7403.0,19.328438324138684,-155.36756619822177,33.60418920485572,2.9
1991.0,6.0,18.0,21.0,49.0,31.26,7408.0,19.48101479571106,-155.3546685324039,25.730713291274323,2.7
1991.0,1.0,9.0,23.0,51.0,5.6,7414.0,19.447179557434644,-155.3339766834068,24.90180832450544,2.5
1991.0,1.0,5.0,2.0,48.0,42.86,7416.0,19.356992572096104,-155.420695853093,30.62838763754571,3.0
1997.0,10.0,26.0,21.0,42.0,9.44,7417.0,19.49171278133251,-155.3643777638889,21.08680651873815,3.0
1991.0,1.0,31.0,13.0,15.0,50.42,7422.0,19.31034015814741,-155.58104834188987,36.74313683850089,2.6
1991.0,2.0,12.0,15.0,44.0,53.63,7424.0,19.71331158764616,-155.57835224994264,38.90870687505218,3.1
1991.0,3.0,27.0,2.0,36.0,16.87,7428.0,19.451439238940427,-155.89234585554914,27.454463564741,3.2
1991.0,4.0,3.0,5.0,39.0,18.32,7429.0,19.183265508420664,-155.85196361488784,20.15818482012983,2.9
1991.0,4.0,4.0,5.0,9.0,21.47,7430.0,19.145225553394443,-155.560407207236,38.88433351398326,3.0
1991.0,4.0,4.0,10.0,41.0,11.31,7432.0,19.306721017600367,-155.41226977619468,3.4575922589266126,2.6
1991.0,4.0,6.0,10.0,40.0,24.73,7434.0,19.52363554104781,-155.919361133258,22.440645417625092,2.6
1991.0,4.0,9.0,23.0,31.0,26.45,7436.0,19.624867028059768,-155.96803198487964,13.78776845981844,2.8
1991.0,4.0,10.0,13.0,7.0,11.52,7438.0,19.88771151072689,-155.47141418778304,30.920808187260647,2.8
1991.0,4.0,13.0,16.0,52.0,42.99,7440.0,19.11482221030189,-155.89376698745988,43.36460382758777,2.6
1991.0,4.0,20.0,21.0,46.0,6.94,7443.0,19.394994013062387,-155.8814443441935,27.64103398513713,2.6
1991.0,11.0,12.0,11.0,31.0,55.38,7445.0,19.504589851799235,-155.52933826065944,7.054113677513178,2.6
1991.0,12.0,2.0,23.0,44.0,41.83,7455.0,19.43836095844265,-155.77429911298557,32.60520961252969,3.5
1992.0,2.0,8.0,11.0,27.0,44.3,7457.0,19.393734722420227,-155.57842150765362,34.3013536477074,2.7
1992.0,2.0,16.0,21.0,3.0,45.01,7459.0,19.55185074470036,-155.93157589272394,23.41988503162001,2.9
1992.0,3.0,8.0,7.0,0.0,30.76,7461.0,19.86596614315924,-155.86512637377152,4.671014571158198,3.9
1992.0,4.0,20.0,15.0,54.0,54.04,7462.0,19.47297804469305,-155.82978265596432,32.325984676249675,3.4
1992.0,7.0,2.0,17.0,55.0,5.6,7468.0,19.09938875181772,-155.7124378421868,28.536671931413334,4.3
1992.0,10.0,23.0,23.0,48.0,12.67,7469.0,19.20390986138037,-155.83702719028275,43.949383533210714,2.6
1992.0,7.0,24.0,7.0,49.0,14.25,7470.0,19.639159148794374,-155.82802912011132,14.148314244022643,3.1
1993.0,4.0,4.0,8.0,7.0,21.31,7473.0,19.15045361564981,-155.76574303338327,10.59765737097984,3.1
1992.0,9.0,21.0,10.0,54.0,26.44,7477.0,19.59794188620573,-155.03037875990313,33.12425585864339,2.8
1992.0,11.0,12.0,13.0,29.0,53.34,7482.0,20.03317179467286,-155.3284156132283,40.34325846966817,2.8
1992.0,12.0,11.0,20.0,19.0,53.61,7483.0,19.59725752575249,-155.25612501156127,15.66144503022634,2.7
1992.0,12.0,22.0,13.0,23.0,51.23,7485.0,19.352609150633924,-155.61733618998585,36.34320626082186,3.0
1993.0,1.0,7.0,18.0,3.0,37.71,7488.0,20.07020642458223,-155.4728260774835,23.271702290338617,2.5
1993.0,3.0,9.0,12.0,14.0,30.39,7491.0,19.58664345710669,-155.50487909771886,13.042962858417777,3.4
1993.0,3.0,25.0,21.0,40.0,21.3,7492.0,19.43455406377788,-155.64950520353673,40.03798604574609,2.9
1993.0,4.0,10.0,22.0,56.0,53.33,7494.0,19.63329440022748,-155.31825059134064,5.132911947780763,2.9
1993.0,6.0,4.0,14.0,47.0,57.27,7497.0,19.492087045123725,-155.90104241636467,31.090881988557797,3.0
1993.0,8.0,12.0,2.0,22.0,17.59,7498.0,19.86151486473857,-155.7857707962427,14.39465344481572,2.8
1993.0,6.0,21.0,21.0,25.0,12.95,7499.0,19.34491835226972,-155.77903087004623,7.8834896397779755,3.1
1993.0,12.0,16.0,20.0,7.0,3.7,7501.0,18.99973024666562,-155.7270809363154,43.27998533498815,2.6
1995.0,5.0,11.0,17.0,1.0,54.44,7505.0,19.579591457738086,-155.08757916939683,34.98781332657029,2.8
1993.0,7.0,5.0,10.0,44.0,41.88,7506.0,19.583729764175,-155.10319697356098,43.028073431096026,3.4
1993.0,8.0,3.0,2.0,46.0,49.66,7508.0,19.8524055338942,-155.7489881613457,33.517010748441024,2.6
1993.0,9.0,17.0,22.0,38.0,1.12,7510.0,19.980045052481245,-155.50950638832663,10.603512897230296,2.9
1994.0,3.0,18.0,18.0,4.0,50.79,7517.0,20.060285012879724,-155.4111045767764,35.62958245228281,2.6
1993.0,11.0,17.0,1.0,49.0,33.34,7524.0,19.84749049515417,-155.34404337831972,1.3614461302777832,3.0
1993.0,11.0,29.0,11.0,53.0,54.81,7528.0,19.95253237225235,-155.70979318529493,40.06146109891627,2.9
1993.0,12.0,14.0,12.0,22.0,43.18,7529.0,20.030526721900703,-155.70986127780455,19.37834730655129,2.6
1993.0,12.0,21.0,12.0,38.0,27.62,7531.0,19.904123038729608,-155.882516470913,21.2546888360016,2.7
1993.0,12.0,28.0,9.0,57.0,17.65,7532.0,19.660582019465323,-155.75452465322505,13.211443652379547,2.5
1994.0,3.0,12.0,8.0,52.0,22.49,7533.0,19.5892263642844,-155.70109178796193,21.719109971431582,3.1
1994.0,6.0,12.0,19.0,35.0,34.36,7537.0,19.626709351761683,-155.64585244686157,34.00037910870187,2.6
1994.0,1.0,1.0,14.0,47.0,9.53,7540.0,19.580513442339367,-155.73492603207472,36.88736762916767,2.8
1994.0,3.0,9.0,9.0,43.0,22.99,7544.0,19.724365765049136,-155.69107737970788,27.82610692918489,2.5
1994.0,3.0,23.0,16.0,17.0,37.14,7545.0,19.82583606780735,-155.28062652815453,17.65383938323974,3.8
1994.0,2.0,7.0,8.0,34.0,56.1,7548.0,19.56862415567837,-155.8572847211839,22.281417071476174,2.6
1994.0,1.0,22.0,17.0,15.0,29.54,7549.0,19.436118387042345,-155.324794699821,41.91326618768771,3.1
1994.0,2.0,12.0,20.0,10.0,24.26,7550.0,19.22887842704373,-155.36680687823537,24.15227332934019,2.6
1994.0,4.0,3.0,21.0,33.0,14.78,7551.0,19.7876147910718,-155.4055882834633,3.5781947696890954,2.9
1994.0,4.0,6.0,6.0,35.0,56.5,7552.0,19.819288577772067,-155.40396369065715,2.678744280565957,2.6
1994.0,5.0,2.0,10.0,54.0,19.85,7559.0,19.579230346880493,-154.99248161171468,39.42009898245846,2.6
1994.0,5.0,4.0,23.0,41.0,14.77,7560.0,19.576929018344725,-155.01884870257223,28.313030498349047,2.6
1997.0,1.0,31.0,5.0,41.0,51.45,7563.0,19.52911044750232,-155.0026616895568,23.774625107382356,2.5
1994.0,4.0,29.0,11.0,24.0,7.96,7564.0,19.887179014489384,-155.64913900250195,39.094109060018475,2.8
1994.0,4.0,30.0,18.0,5.0,2.73,7565.0,19.8928149409852,-155.6478565716289,40.111167358762216,2.6
1994.0,7.0,3.0,11.0,37.0,20.15,7566.0,19.6036394763978,-155.75986649534693,18.569988862735414,3.0
1994.0,5.0,26.0,0.0,59.0,1.32,7567.0,19.283930658808124,-155.3403024636979,35.613811220259706,3.8
1994.0,10.0,27.0,15.0,8.0,47.64,7576.0,20.04348256096171,-155.37047744288014,9.56532374733499,2.7
1994.0,7.0,29.0,3.0,55.0,37.94,7581.0,19.93080905854281,-155.23218867203923,24.06601037157115,2.6
1994.0,7.0,17.0,21.0,21.0,52.77,7586.0,19.2903895782697,-155.854947574238,32.54380463203435,2.8
2000.0,10.0,27.0,1.0,26.0,10.11,7592.0,19.82942526351076,-155.6998764555883,9.624646773827251,3.3
1994.0,10.0,19.0,0.0,40.0,50.89,7593.0,19.82327343724313,-155.68978234834518,16.518163053772597,2.6
1996.0,6.0,28.0,3.0,54.0,35.11,7594.0,19.375076677394155,-155.03986359713645,34.1457495294144,4.6
1994.0,10.0,17.0,0.0,44.0,27.43,7595.0,19.333587714392355,-155.03480180372804,21.220341709548894,2.5
1994.0,9.0,27.0,17.0,28.0,47.62,7596.0,19.336218294106768,-155.11979229130426,21.71191949100494,2.6
1994.0,9.0,25.0,16.0,39.0,53.8,7599.0,19.555242495446024,-155.67120794375546,23.578411972819083,2.5
1994.0,12.0,9.0,18.0,56.0,58.7,7601.0,19.73971643262457,-155.7292888592791,24.111048236934344,3.0
1995.0,2.0,8.0,0.0,25.0,12.26,7605.0,20.018627778539024,-155.2755975297344,14.442489124034092,3.0
1995.0,8.0,1.0,20.0,14.0,8.42,7606.0,19.9256840298166,-155.43880977134944,13.936969571117292,3.3
1995.0,4.0,8.0,22.0,25.0,43.69,7609.0,19.360662126909787,-155.69384049666948,14.766072616535034,2.7
1995.0,4.0,10.0,13.0,16.0,34.17,7612.0,19.301667288847792,-155.58595150089616,27.639351924997417,3.2
1995.0,4.0,20.0,6.0,41.0,49.93,7614.0,19.514813796223617,-155.04977839330184,27.140983625007166,3.0
1995.0,4.0,26.0,4.0,1.0,30.08,7615.0,19.02201803486744,-155.62501899575005,11.233507053666555,3.4
1996.0,9.0,13.0,12.0,59.0,26.08,7619.0,19.282678131719862,-155.71279024927807,16.97202271383813,2.5
1995.0,7.0,11.0,3.0,27.0,59.87,7623.0,19.28793486499976,-155.69492989016828,43.44900839776135,2.7
1995.0,6.0,7.0,20.0,48.0,4.9,7626.0,19.622254421862337,-155.46156715237967,38.99964371590269,2.8
1995.0,6.0,29.0,18.0,25.0,24.64,7627.0,19.861422643181182,-155.11205817793262,13.081411561024185,2.5
1995.0,10.0,15.0,3.0,51.0,11.59,7628.0,19.84461721896156,-155.0959849778654,35.458790896556636,3.1
1995.0,6.0,29.0,9.0,29.0,10.53,7629.0,19.400927985583262,-155.39535560225315,42.86053380008647,2.7
1995.0,7.0,2.0,3.0,53.0,30.92,7631.0,19.55418674401936,-155.2785041896319,42.05081722945622,3.1
1995.0,8.0,20.0,7.0,8.0,13.21,7632.0,19.568176103071725,-155.32215316841862,42.997235572028615,2.7
1995.0,12.0,15.0,19.0,22.0,55.77,7635.0,19.32012213246498,-155.20617047443704,9.5836539692171,2.6
1995.0,9.0,22.0,19.0,31.0,38.63,7637.0,19.01642119643382,-155.7810834053809,2.5848085555244045,3.4
1995.0,10.0,16.0,22.0,45.0,33.37,7642.0,19.538110704164456,-155.08586864273684,35.35588182274228,2.6
1995.0,11.0,5.0,17.0,53.0,52.32,7643.0,19.937737017440146,-155.1529111936145,8.15889777123878,2.5
1995.0,11.0,14.0,7.0,32.0,31.94,7646.0,19.82168975406336,-155.2798155782256,22.489865656801417,2.6
1995.0,11.0,28.0,23.0,12.0,11.18,7650.0,19.09499844370951,-155.71496824382666,21.710664900046517,3.4
1995.0,12.0,4.0,13.0,33.0,14.32,7651.0,19.368412527647283,-155.14370648227035,9.235669277562263,2.7
1995.0,12.0,1.0,14.0,52.0,16.88,7652.0,19.949999016582264,-155.61963624918812,33.77840720853017,3.2
1995.0,12.0,1.0,23.0,46.0,21.31,7653.0,19.5678672796617,-154.93068628708346,30.30081247880774,2.9
1996.0,2.0,7.0,5.0,46.0,13.08,7656.0,19.179897551033108,-155.44785576518663,26.126951125647587,2.9
1996.0,2.0,9.0,10.0,0.0,11.46,7657.0,19.91244464087276,-155.70652414777086,41.71389715798982,3.0
1996.0,4.0,3.0,7.0,17.0,15.03,7659.0,19.428199724147177,-155.54536500473853,28.249845119433036,2.7
1996.0,3.0,23.0,3.0,45.0,14.99,7661.0,20.117317578367054,-155.5971053440933,34.509676779903465,3.5
1996.0,9.0,9.0,13.0,24.0,9.8,7663.0,19.059649439693267,-155.86966601118922,18.8787317255032,2.5
1996.0,8.0,2.0,14.0,17.0,8.55,7669.0,19.33345249471577,-155.1202361598312,36.637248502106814,3.9
1996.0,12.0,2.0,16.0,30.0,3.07,7673.0,19.915461054150967,-155.19550363897477,20.126954446558493,2.6
1996.0,9.0,30.0,20.0,24.0,35.9,7676.0,19.568080912070656,-155.8600026001326,6.591804799938599,2.7
1996.0,11.0,25.0,13.0,32.0,58.91,7678.0,19.553636673232187,-155.84577784919293,29.024089986645443,2.5
1996.0,12.0,19.0,10.0,46.0,38.18,7679.0,19.56749613401693,-155.78984053933954,33.06019786809334,2.8
1996.0,10.0,15.0,0.0,13.0,7.87,7680.0,19.539730122590868,-155.23577193352966,25.254329458488694,2.6
1996.0,10.0,31.0,3.0,1.0,50.33,7683.0,19.948991376649104,-155.7295002023549,13.289916749394516,2.6
1996.0,11.0,5.0,5.0,13.0,53.26,7687.0,19.60095774849173,-155.3093258999987,44.517859791044145,3.5
1999.0,12.0,26.0,9.0,12.0,26.76,7690.0,19.555657210081574,-155.65658222976285,21.304086796472536,2.5
1996.0,12.0,20.0,7.0,19.0,4.18,7691.0,19.546193258351057,-155.66677314595395,11.318015690699626,2.5
1996.0,12.0,31.0,0.0,22.0,44.82,7703.0,20.065963735545377,-155.72165873391856,7.303349683610483,2.9
1999.0,11.0,13.0,1.0,59.0,56.78,7704.0,19.82865802280964,-155.22839974862015,37.83678103788832,2.6
1997.0,2.0,17.0,7.0,36.0,45.34,7705.0,19.47842334604394,-155.240295460495,32.493573161387744,2.8
1997.0,2.0,22.0,21.0,37.0,33.67,7706.0,19.82771561086653,-155.57270697255404,4.510574986383686,2.7
1997.0,6.0,1.0,7.0,27.0,20.68,7707.0,19.50382303494521,-155.0619984248317,25.411160100685855,2.7
1997.0,5.0,19.0,9.0,3.0,29.78,7712.0,19.147119115725783,-155.4998042596426,9.194769695878698,2.8
1997.0,4.0,4.0,0.0,54.0,55.62,7715.0,19.40994347540401,-155.31813559564148,33.80720475577692,2.5
2006.0,9.0,16.0,4.0,13.0,46.3,7716.0,19.41484743159304,-155.28304516211497,21.66388926570151,2.6
1997.0,4.0,11.0,15.0,51.0,7.53,7718.0,19.629119301357463,-155.27554204545558,12.97647074969187,2.9
1997.0,11.0,22.0,7.0,13.0,35.82,7720.0,19.66900624406029,-155.19756952475413,11.267230564619918,3.1
2017.0,12.0,26.0,22.0,16.0,52.61,7723.0,19.094869963848826,-155.83001727362202,36.410931317309156,3.7
1997.0,4.0,23.0,5.0,59.0,48.12,7724.0,19.08871701380936,-155.83243391712804,26.669432715388457,2.6
1997.0,6.0,1.0,2.0,10.0,49.51,7728.0,19.54134908735714,-154.80698316119503,25.690932147954076,3.1
1997.0,6.0,13.0,17.0,57.0,21.08,7729.0,19.481982369601003,-155.82786777404337,2.190104483368668,2.8
1998.0,4.0,3.0,17.0,38.0,15.58,7733.0,19.527090682689742,-155.00917469630727,43.73771633906588,2.5
1997.0,8.0,10.0,3.0,24.0,41.41,7734.0,19.568382560199588,-154.9863272353694,18.091948018377714,3.1
1997.0,8.0,15.0,10.0,2.0,40.82,7737.0,19.290152420768123,-155.42044093335124,22.989447248502838,4.2
1997.0,7.0,25.0,5.0,11.0,20.83,7738.0,20.10523157815162,-155.52358474750608,3.2477518633958344,3.7
1997.0,9.0,8.0,20.0,11.0,47.34,7739.0,19.52606531761364,-155.81726549139054,33.7308198669887,4.2
2001.0,2.0,13.0,8.0,58.0,55.36,7743.0,19.569600794223547,-154.94098207260265,23.179237204317708,3.4
1997.0,11.0,8.0,17.0,58.0,2.71,7744.0,19.88619062829305,-155.22111765327148,41.309711794575996,3.0
1997.0,11.0,26.0,12.0,0.0,9.09,7745.0,19.70492208304396,-155.7886155354994,2.6677140332615674,2.9
1997.0,11.0,26.0,21.0,39.0,27.25,7748.0,19.337586998463955,-155.6463490219497,3.631945399461814,3.6
1998.0,1.0,27.0,16.0,34.0,54.98,7749.0,19.50039967533297,-155.91257641129724,3.584845931375154,2.6
1997.0,11.0,29.0,13.0,5.0,20.84,7750.0,19.57327287920072,-155.8683127394812,26.14462306525034,3.4
1997.0,12.0,11.0,0.0,50.0,53.63,7751.0,19.618150812882604,-155.18360767900063,29.530501112049304,2.6
1998.0,1.0,5.0,16.0,27.0,22.86,7757.0,19.575227432935453,-155.40234998454306,14.670519807811981,2.7
1998.0,1.0,20.0,6.0,23.0,14.43,7759.0,20.01941082671033,-155.47928033334765,43.49322091567022,3.2
1998.0,2.0,18.0,16.0,21.0,6.07,7765.0,19.35282065534312,-155.43127763642818,11.571234254156318,2.6
1998.0,4.0,24.0,19.0,13.0,47.64,7772.0,19.186220151420915,-155.636740042321,38.436720744447015,3.1
1998.0,1.0,24.0,2.0,33.0,17.3,7779.0,19.25572270530505,-155.8165598969553,16.997289378559945,2.6
1998.0,1.0,30.0,21.0,16.0,45.66,7782.0,19.889152303821817,-155.6767488465295,8.257381655252207,3.5
1998.0,2.0,6.0,19.0,8.0,0.66,7783.0,19.974333911011605,-155.4890997284665,3.7836557663409978,3.3
2000.0,3.0,19.0,7.0,40.0,13.35,7786.0,19.42406252181454,-155.65615553540047,13.7359726540691,4.6
1998.0,4.0,13.0,0.0,35.0,32.13,7787.0,19.41337011564443,-155.62856330249934,1.3852477253239512,2.6
1998.0,4.0,18.0,5.0,47.0,19.86,7790.0,19.720950837292243,-155.7607707253968,29.491113771557437,2.8
1998.0,7.0,4.0,14.0,7.0,0.67,7797.0,19.357242325541662,-155.63099939711643,18.38805816256705,2.8
1998.0,7.0,24.0,7.0,54.0,45.15,7798.0,19.509051529500294,-154.88539852484357,40.221618206543575,4.6
1998.0,7.0,18.0,22.0,55.0,56.67,7799.0,19.284233090394803,-155.5967021409848,36.51073876654809,2.6
1999.0,3.0,6.0,6.0,47.0,35.23,7800.0,19.937800530077595,-155.1546678749635,26.662300312075065,2.5
1998.0,7.0,19.0,4.0,20.0,25.78,7801.0,19.52275593107756,-154.98685419307407,34.58294660843523,3.4
1998.0,8.0,11.0,12.0,4.0,28.65,7803.0,19.16605908575495,-155.46674406256545,42.52062415543896,3.2
1998.0,8.0,19.0,18.0,0.0,14.58,7805.0,19.67661069042623,-154.9788066690979,27.57755896704238,4.0
1998.0,8.0,31.0,14.0,6.0,24.76,7806.0,19.530460311733226,-155.488881927165,8.209216616157715,3.3
2000.0,7.0,18.0,5.0,45.0,51.81,7807.0,19.653368482616404,-155.33366855719964,16.472381514965363,3.3
1998.0,9.0,27.0,18.0,14.0,8.65,7808.0,19.93554506787019,-155.52154711149166,18.47514119303156,2.7
1998.0,12.0,4.0,21.0,26.0,42.15,7814.0,20.15052172610766,-155.76297387953522,8.123134357939874,2.8
2000.0,7.0,31.0,4.0,43.0,49.89,7817.0,20.16719662317736,-155.7157244113255,7.188794561087214,2.6
1998.0,12.0,8.0,9.0,1.0,7.98,7822.0,20.193891249254417,-155.7536650389091,3.989569343425275,2.5
1998.0,11.0,11.0,20.0,8.0,42.46,7829.0,19.62474245456085,-155.00164565310448,11.41389973109225,2.7
1998.0,12.0,13.0,23.0,3.0,36.63,7833.0,19.29398917531059,-155.7426034806375,27.001965453054975,3.1
1999.0,2.0,10.0,10.0,54.0,52.42,7836.0,19.49881859293436,-155.1513460597243,34.5287547829481,2.7
2000.0,6.0,13.0,1.0,21.0,30.51,7838.0,19.730752640874968,-155.62626605361706,3.588778446584448,2.6
2003.0,2.0,12.0,6.0,52.0,31.01,7840.0,19.347413750301858,-155.58625261124925,10.668564692266267,3.0
1999.0,4.0,17.0,6.0,29.0,11.39,7842.0,20.193617000697728,-155.7686915847325,31.73400233423994,4.4
2000.0,8.0,30.0,8.0,1.0,26.27,7844.0,20.05540200296521,-155.74467791101057,3.0724738263801945,3.6
1999.0,4.0,19.0,21.0,38.0,1.86,7850.0,19.67697816059856,-155.35386520057128,11.628958175070599,2.7
1999.0,5.0,1.0,7.0,45.0,3.4,7852.0,19.74688981733428,-155.7579673664886,42.20461945340762,2.9
2001.0,8.0,18.0,7.0,26.0,8.27,7854.0,19.648077558136283,-155.8365877844899,43.356912924725435,2.9
1999.0,8.0,15.0,13.0,5.0,49.01,7856.0,19.66153103657463,-155.33578115392547,19.92043240440444,2.5
2008.0,2.0,16.0,3.0,34.0,25.37,7858.0,19.487399595099628,-155.53684104010625,26.093227643940537,2.6
2000.0,4.0,14.0,8.0,16.0,13.99,7859.0,19.0971217517072,-155.68750467447416,27.189461044760378,3.4
1999.0,9.0,12.0,17.0,27.0,54.21,7860.0,19.823081981924656,-155.44097836428162,31.98576299777907,2.9
2002.0,10.0,24.0,22.0,53.0,33.78,7861.0,19.61768559971564,-155.91868036116117,23.70978595391749,2.6
1999.0,10.0,25.0,4.0,26.0,10.76,7863.0,19.703417716307783,-155.15595514591234,30.209174024461227,2.6
1999.0,11.0,15.0,10.0,34.0,37.14,7866.0,19.053846699827098,-155.64725943720563,5.94592864495566,3.1
1999.0,11.0,23.0,18.0,18.0,13.09,7867.0,19.83455366039277,-155.59678412216084,30.126457425208205,2.5
1999.0,12.0,25.0,15.0,3.0,25.18,7869.0,20.108970462151767,-155.6525956642055,41.84170122555226,3.1
1999.0,12.0,8.0,22.0,40.0,45.62,7871.0,20.05740223892536,-155.59461841644304,12.946429261190971,5.6
1999.0,12.0,26.0,5.0,26.0,23.84,7877.0,20.06129979021816,-155.7013852195862,21.781867261138427,2.9
2000.0,1.0,5.0,17.0,53.0,9.03,7878.0,19.169462653114948,-155.50849940678034,20.615395042340815,2.7
2000.0,1.0,7.0,17.0,6.0,41.32,7879.0,19.41344585183841,-155.6918497259729,34.55352110690601,2.7
2000.0,1.0,9.0,14.0,32.0,17.16,7880.0,19.6310579967718,-155.3391229156603,40.32859430174999,2.7
2000.0,3.0,18.0,3.0,4.0,39.69,7886.0,19.630165012768146,-155.17215645943156,31.13503978926481,3.1
2000.0,2.0,16.0,17.0,24.0,53.19,7887.0,19.248165620565867,-155.67223602733208,3.931044966330571,2.5
2000.0,4.0,11.0,0.0,45.0,13.95,7888.0,19.31124321670516,-155.16480289519663,1.265169706542122,4.0
2000.0,4.0,27.0,0.0,23.0,11.87,7889.0,20.088186703183013,-155.690716795573,10.794781135545653,3.6
2003.0,2.0,24.0,14.0,27.0,33.52,7891.0,19.78903380127186,-155.8943338521627,1.207022303201629,2.7
2000.0,5.0,9.0,9.0,25.0,24.39,7892.0,19.74772604470048,-155.79385197662685,19.798901413319555,2.6
2000.0,5.0,27.0,8.0,46.0,40.04,7894.0,19.26738479259038,-155.84665174126917,24.994875625565115,3.5
2000.0,7.0,1.0,7.0,14.0,43.48,7896.0,19.50527036746744,-155.89644422132668,10.771532688531657,3.1
2000.0,7.0,26.0,18.0,0.0,5.52,7898.0,19.9319980423052,-155.8193519726802,24.03025424748145,3.2
2000.0,8.0,7.0,4.0,34.0,17.77,7900.0,19.73607291459153,-155.94516027802854,10.154612552210814,3.1
2000.0,8.0,13.0,21.0,41.0,38.73,7901.0,19.78929531030364,-155.5067644504228,22.758493447766018,2.7
2000.0,9.0,11.0,15.0,29.0,15.26,7902.0,19.883747199222046,-155.5645214095181,19.67566123263784,2.7
2005.0,12.0,13.0,13.0,5.0,27.7,7904.0,19.54321257062392,-155.1646244780138,34.64737023842504,2.6
2000.0,10.0,2.0,12.0,39.0,15.74,7906.0,19.59995190839829,-155.9602066010066,17.91597695519225,2.9
2000.0,10.0,11.0,4.0,32.0,0.64,7907.0,20.015464293294407,-155.76901983452325,23.380766402347387,2.6
2000.0,10.0,11.0,18.0,52.0,12.68,7908.0,19.662119242838987,-155.4329597431411,3.8375258135442176,3.0
2000.0,11.0,10.0,7.0,7.0,43.7,7910.0,19.682673375473296,-155.60479518893268,43.84519909780646,2.5
2001.0,2.0,11.0,20.0,30.0,1.42,7914.0,19.2503592407749,-155.3484399013621,27.50110784081643,2.5
2003.0,2.0,26.0,14.0,21.0,53.63,7915.0,19.26414474252632,-155.3936538187934,41.15558678398503,2.5
2000.0,12.0,22.0,22.0,12.0,30.37,7917.0,19.28405014070082,-155.35987345454654,1.783566854036919,2.7
2005.0,7.0,19.0,7.0,32.0,12.97,7921.0,19.06902656684302,-155.65193347421285,24.18322355768124,2.5
2001.0,1.0,3.0,11.0,52.0,38.26,7924.0,19.83791822238429,-155.21963285896734,27.851569033794306,3.9
2001.0,12.0,3.0,13.0,21.0,14.33,7929.0,19.531789552888508,-155.1452928715302,11.75902794196866,3.3
2001.0,2.0,22.0,8.0,45.0,30.61,7932.0,19.96200400279924,-155.4068826236202,43.67292122041081,3.0
2001.0,2.0,28.0,10.0,28.0,11.57,7933.0,19.79055489618563,-156.01669034134693,3.6934266277623102,2.5
2001.0,3.0,21.0,8.0,11.0,9.09,7934.0,19.84700201752341,-155.69235830262585,12.179528468045769,3.0
2001.0,5.0,16.0,20.0,38.0,24.37,7939.0,19.60582909054425,-155.09003421296902,23.829589496060226,2.7
2002.0,9.0,12.0,16.0,15.0,13.59,7940.0,19.642865855122487,-155.32431493905233,42.4704555526517,2.5
2001.0,6.0,30.0,20.0,20.0,55.27,7941.0,19.674871616675635,-155.16265141356715,43.73731667494024,3.4
2002.0,12.0,25.0,19.0,7.0,41.04,7943.0,19.927876730664263,-155.45579175074386,40.13001824305033,2.6
2001.0,7.0,14.0,13.0,43.0,39.86,7945.0,19.77300522998919,-155.15026436234206,42.38110126211503,3.3
2001.0,8.0,11.0,23.0,35.0,20.42,7946.0,19.20429135840166,-155.65180151891587,6.373777660007798,3.0
2001.0,9.0,25.0,3.0,40.0,36.29,7949.0,19.30834018584208,-155.67298847592588,19.654897865880375,3.3
2001.0,11.0,22.0,22.0,6.0,8.07,7959.0,19.095935629198603,-155.7446701534451,9.574484367721134,3.6
2005.0,9.0,1.0,9.0,46.0,51.32,7962.0,19.07054018723658,-155.75724766374336,42.91023465435181,4.4
2002.0,2.0,17.0,16.0,44.0,57.68,7963.0,19.14260214311415,-155.72466239143696,2.215468310377205,3.9
2002.0,4.0,27.0,18.0,54.0,37.66,7971.0,19.51484437797121,-155.64264868779193,24.594386960854546,2.7
2002.0,6.0,3.0,22.0,26.0,51.21,7974.0,19.57628835447481,-155.6127744348704,18.870687237127953,2.5
2004.0,7.0,17.0,23.0,35.0,28.42,7975.0,19.86110811959945,-155.2972882727022,26.90502187602191,2.6
2002.0,12.0,18.0,18.0,56.0,56.53,7976.0,19.807180668176,-155.992420010071,23.286850091333566,3.5
2002.0,6.0,22.0,9.0,40.0,8.98,7980.0,20.08133741048385,-155.4728445909598,7.345533439748762,4.1
2002.0,12.0,27.0,19.0,53.0,21.78,7996.0,19.289764660924103,-155.82774893139657,21.655141158371322,2.5
2002.0,10.0,12.0,3.0,37.0,41.95,7998.0,19.725054979839328,-155.9634047729096,34.99607324135749,3.0
2006.0,4.0,23.0,19.0,30.0,40.13,7999.0,19.563421219430683,-155.84113732097225,22.539530282026302,3.3
2002.0,10.0,17.0,18.0,19.0,54.88,8004.0,19.80357859032897,-155.771005013608,39.36787565015367,2.6
2003.0,6.0,13.0,16.0,27.0,30.03,8008.0,19.76343936308326,-155.12839146391536,39.7742493536691,2.7
2003.0,1.0,3.0,3.0,4.0,45.39,8010.0,19.376501422936084,-155.14245414208318,22.900032175684522,2.5
2003.0,1.0,2.0,14.0,42.0,36.13,8011.0,19.93561675390876,-155.22115523881607,11.347964340115226,2.5
2003.0,1.0,13.0,3.0,42.0,46.2,8012.0,19.79183186077261,-155.47184766358353,22.91720498959515,2.9
2003.0,1.0,17.0,8.0,27.0,35.41,8013.0,19.703758347729817,-155.3954457090223,34.9860418453802,3.4
2003.0,1.0,10.0,18.0,49.0,2.51,8017.0,19.52320467232781,-155.53164970977969,19.103762696629193,3.0
2003.0,10.0,17.0,18.0,24.0,55.83,8018.0,19.414532005946672,-155.00662669966226,37.169222747781156,2.9
2003.0,2.0,15.0,9.0,58.0,41.18,8021.0,19.86056810749112,-155.37958538168928,6.095677616108858,2.5
2003.0,2.0,22.0,4.0,37.0,19.02,8022.0,19.869957508163672,-155.32182046639525,26.649763244054334,2.8
2004.0,9.0,23.0,17.0,19.0,43.86,8024.0,19.392785027349984,-155.72387152040142,11.884110752747057,2.6
2003.0,3.0,10.0,14.0,19.0,0.55,8028.0,19.26529417941409,-155.61878167333157,19.82800055441136,2.9
2003.0,4.0,1.0,1.0,7.0,45.85,8029.0,19.46201612380205,-154.9827835905658,39.078204636368504,2.9
2006.0,4.0,16.0,4.0,57.0,23.51,8032.0,19.781524925315008,-155.63565289154968,4.633492876532489,3.5
2006.0,10.0,11.0,19.0,8.0,1.27,8034.0,19.868675012356785,-155.72522234318907,11.537311746141388,2.7
2003.0,5.0,13.0,20.0,54.0,30.1,8036.0,19.34883510294729,-155.28263434126987,37.08579666897788,2.7
2003.0,5.0,22.0,6.0,53.0,49.31,8043.0,19.441192319039093,-155.0128301886951,4.251117839923554,2.5
2003.0,5.0,25.0,21.0,8.0,42.16,8044.0,19.92784158153756,-155.22944490595077,3.883548672478702,3.3
2004.0,1.0,5.0,22.0,40.0,16.35,8045.0,19.18817837547555,-155.51341406971005,22.12995425869937,2.6
2003.0,8.0,2.0,15.0,15.0,36.13,8048.0,19.77586223617505,-155.5089412918204,21.476703340449294,2.5
2003.0,10.0,19.0,0.0,4.0,49.47,8050.0,19.46782028987334,-155.03842617418564,4.741213729631274,2.9
2003.0,11.0,16.0,2.0,50.0,12.45,8051.0,19.493906569842377,-155.6326955113054,31.59631738319069,3.1
2004.0,1.0,21.0,1.0,30.0,0.66,8052.0,19.48442798025992,-155.6504536051104,20.80950520200488,2.7
2003.0,9.0,8.0,19.0,2.0,0.01,8053.0,19.36065400839767,-155.27644243253002,26.135419239629705,2.5
2003.0,10.0,23.0,20.0,11.0,46.11,8054.0,19.82260455355097,-155.63805511718817,16.01136123502051,2.7
2003.0,11.0,13.0,8.0,36.0,49.84,8056.0,20.02883897275912,-155.43400142595516,2.7893243504456935,2.7
2004.0,5.0,5.0,5.0,40.0,44.01,8057.0,19.45215373206717,-154.88516575458536,20.881731489204558,2.8
2003.0,11.0,20.0,16.0,25.0,45.79,8059.0,19.98013024880898,-155.2699410000866,31.391537708833507,3.1
2003.0,11.0,30.0,12.0,13.0,26.57,8062.0,19.62217095909596,-155.53716502161646,18.65897006325547,3.1
2003.0,12.0,25.0,13.0,43.0,35.22,8067.0,19.40148244274788,-155.465549784479,15.06132183727332,2.8
2003.0,12.0,31.0,14.0,5.0,12.27,8068.0,19.464444601847102,-155.30200324301688,26.24299691670328,2.6
2004.0,1.0,11.0,19.0,34.0,54.69,8069.0,19.75602205090781,-155.1006812150613,3.9127778050954385,2.7
2004.0,1.0,12.0,18.0,5.0,2.95,8070.0,19.783980442351563,-155.94402379385542,22.861668410311683,3.4
2004.0,2.0,1.0,20.0,4.0,53.33,8071.0,20.213323727619432,-155.8223262428555,16.54799526255741,3.4
2004.0,4.0,16.0,8.0,19.0,43.09,8073.0,19.28539958629666,-155.82231612361372,42.585587385728395,4.0
2004.0,3.0,23.0,18.0,33.0,15.64,8077.0,19.49205176573068,-155.05766374303798,2.354810228542958,3.3
2004.0,4.0,16.0,20.0,9.0,34.27,8079.0,19.8462670424535,-155.79217366778553,41.85065643033472,2.8
2004.0,12.0,18.0,9.0,39.0,48.46,8080.0,19.850520980178008,-155.83965949998333,44.70029565044837,3.4
2004.0,3.0,24.0,14.0,57.0,10.06,8081.0,19.85429888833862,-155.8521527889626,25.501809267002024,4.3
2004.0,4.0,3.0,21.0,42.0,6.99,8082.0,19.62002538145577,-155.2411719584642,44.01350936632933,3.1
2004.0,4.0,22.0,0.0,22.0,20.99,8085.0,19.32219472453788,-155.7908958251746,8.058241964724388,4.1
2004.0,5.0,20.0,9.0,44.0,44.69,8087.0,19.80251705852052,-155.87308025086392,40.918342130469625,3.2
2004.0,6.0,10.0,23.0,53.0,53.08,8093.0,19.01977753671377,-155.61051880316322,4.671537223084892,3.9
2006.0,4.0,1.0,21.0,45.0,1.37,8096.0,19.28248096757313,-155.37164789631296,13.302639786554657,2.9
2004.0,8.0,7.0,4.0,8.0,7.8,8101.0,19.31668596285004,-155.4302733624158,35.838943688701626,2.6
2008.0,12.0,12.0,22.0,25.0,41.88,8102.0,19.32794935731164,-155.55274288804682,17.364695844652772,2.7
2010.0,5.0,31.0,17.0,41.0,30.09,8105.0,19.113486625467264,-155.61446450659147,1.333083393472298,2.8
2004.0,8.0,5.0,9.0,22.0,22.98,8107.0,19.39643130523336,-155.2608419829055,39.648368224077956,3.1
2004.0,8.0,8.0,23.0,18.0,43.25,8110.0,19.33270213071259,-155.38141557411956,27.461493135634203,2.5
2004.0,8.0,5.0,19.0,2.0,48.07,8112.0,19.80288480991786,-155.57640910969573,18.423457334645214,3.3
2004.0,10.0,6.0,20.0,8.0,39.15,8114.0,19.540456324834032,-155.51071790997867,11.694443657231892,2.7
2004.0,10.0,28.0,18.0,18.0,17.05,8117.0,19.49091346406575,-155.08939567007408,24.233175173884515,3.6
2004.0,12.0,28.0,14.0,35.0,36.0,8119.0,19.03351808044948,-155.79232195792912,23.106127479074786,2.5
2004.0,12.0,21.0,10.0,52.0,46.8,8125.0,19.736574512928687,-155.76225516985372,8.914734052455518,2.5
2004.0,12.0,9.0,12.0,59.0,54.59,8127.0,19.762610195838096,-155.61410822613502,27.98115800310216,2.8
2009.0,5.0,6.0,22.0,3.0,34.36,8129.0,19.927346615709173,-155.61599281819431,2.2121610962098806,2.6
2005.0,1.0,18.0,23.0,35.0,32.21,8130.0,19.910321097006623,-155.6416114909689,35.517662276886846,2.6
2005.0,2.0,22.0,21.0,46.0,18.7,8133.0,19.90829040636629,-155.6002947218248,4.73202087377657,2.5
2004.0,12.0,28.0,1.0,59.0,0.61,8134.0,19.91028021134079,-155.59604237736528,32.184034037960956,2.5
2005.0,2.0,18.0,2.0,38.0,55.5,8142.0,19.998287092899336,-155.59627965406645,19.40510488665484,2.7
2005.0,2.0,22.0,11.0,5.0,49.72,8145.0,19.52956816525996,-155.32846543696738,5.081133116429337,4.2
2005.0,3.0,20.0,18.0,14.0,59.13,8151.0,19.915146139803703,-155.8776175109739,31.191204166549348,2.6
2005.0,3.0,23.0,22.0,11.0,23.75,8153.0,19.900366606082866,-155.86505934562558,24.39609637217286,3.0
2007.0,10.0,1.0,15.0,53.0,28.1,8155.0,19.447121072482062,-155.1544433795828,26.359184528152447,2.6
2005.0,6.0,29.0,1.0,33.0,52.37,8160.0,19.26014381770433,-155.39988747003184,1.6415719004838487,2.5
2005.0,5.0,8.0,0.0,0.0,49.67,8161.0,19.67631682657343,-154.98568869375742,25.535358259910304,3.0
2005.0,6.0,5.0,8.0,0.0,33.38,8162.0,19.88087309694708,-155.42886190691468,6.702452243503045,3.4
2005.0,6.0,6.0,10.0,52.0,31.83,8164.0,19.8623530081742,-155.12696034405414,16.321326061531757,2.7
2005.0,7.0,1.0,11.0,17.0,34.41,8165.0,19.07744120020096,-155.5413448589276,16.72524508915142,3.8
2005.0,7.0,22.0,13.0,55.0,6.76,8167.0,19.64434919632672,-155.17979535355613,22.95449251240452,2.7
2005.0,8.0,5.0,3.0,7.0,9.14,8169.0,19.44096282723196,-155.16994635771263,41.35047891657541,3.1
2005.0,8.0,15.0,15.0,50.0,46.34,8170.0,19.292185684682867,-155.64417478864644,15.347262258024283,3.3
2005.0,10.0,30.0,6.0,2.0,22.43,8178.0,19.53072974871044,-155.70362638543588,40.13806336707448,2.8
2005.0,9.0,16.0,11.0,4.0,25.82,8179.0,19.516021342091072,-155.4633827494538,34.38016040591318,2.7
2005.0,8.0,9.0,16.0,11.0,22.3,8180.0,19.7196303188878,-155.8048931309729,23.87583687777644,3.9
2005.0,11.0,19.0,20.0,49.0,5.14,8181.0,19.478306080039065,-155.51740675494324,20.5085229118911,2.5
2005.0,8.0,30.0,19.0,49.0,15.62,8193.0,19.7813523388214,-155.9916576203028,20.07628585405376,3.5
2005.0,10.0,6.0,8.0,30.0,43.16,8194.0,19.67759220465188,-155.76040021463783,22.390060535720803,3.2
2005.0,10.0,14.0,8.0,16.0,19.79,8196.0,19.580268299992785,-155.35621224689413,35.4894032069122,2.9
2006.0,1.0,31.0,21.0,58.0,22.64,8197.0,19.253996822627222,-155.4661799396207,10.287358392168038,2.9
2006.0,2.0,14.0,16.0,43.0,35.52,8198.0,20.190407891759417,-155.6997878210775,33.218434300585635,2.6
2005.0,11.0,24.0,12.0,57.0,39.9,8201.0,20.102846044383,-155.54898553117224,5.85470488446512,3.1
2005.0,12.0,4.0,17.0,16.0,5.65,8202.0,19.581169327434115,-155.04477833503884,20.264412340493745,2.6
2006.0,2.0,23.0,7.0,8.0,58.18,8204.0,19.757958979894696,-155.9646272699831,21.04277586144579,3.1
2006.0,2.0,6.0,5.0,36.0,55.56,8205.0,19.329561491752862,-155.49439878265423,7.054948032658118,2.9
2006.0,2.0,27.0,10.0,59.0,6.9,8206.0,19.388854062735497,-155.7898724776917,20.632275267983495,2.7
2006.0,3.0,29.0,10.0,44.0,7.13,8209.0,19.98205456176188,-155.2728492665201,27.461375074002905,2.8
2006.0,3.0,29.0,11.0,0.0,11.12,8210.0,19.808361218937684,-155.13642835230306,4.343230715127897,3.4
2009.0,12.0,22.0,7.0,11.0,46.9,8211.0,19.429108342295923,-155.39568438592923,12.433248546344043,2.5
2006.0,4.0,5.0,22.0,49.0,27.69,8212.0,19.13584222591745,-155.6076157490542,32.11654728379165,4.4
2006.0,4.0,30.0,15.0,4.0,14.86,8213.0,19.28688781397289,-155.73214436072232,12.715430725680257,2.5
2007.0,1.0,5.0,9.0,46.0,49.54,8216.0,20.02269639286807,-155.52609699758716,8.692600750508582,4.0
2006.0,6.0,12.0,21.0,40.0,15.63,8217.0,19.63788260201519,-155.28581934681418,19.06974562335129,3.4
2006.0,7.0,25.0,10.0,45.0,57.37,8218.0,19.628888299926626,-155.0944121164717,20.42679144552488,2.9
2006.0,8.0,3.0,23.0,14.0,59.05,8220.0,19.32571496249817,-155.1990759002449,35.38035278421907,2.6
2006.0,10.0,9.0,17.0,38.0,28.88,8222.0,19.26499845404756,-155.40083106088954,42.220175047261925,2.7
2006.0,8.0,31.0,1.0,45.0,34.2,8224.0,19.97770086049013,-155.52227971040583,36.56028184711399,2.5
2006.0,11.0,13.0,20.0,57.0,42.2,8227.0,20.14703794223075,-155.71263711160145,44.198866095433836,2.5
2007.0,3.0,14.0,11.0,18.0,26.29,8231.0,19.562263727555152,-155.24851493096162,42.097807979409545,3.3
2007.0,1.0,17.0,16.0,36.0,10.93,8232.0,19.57788487443195,-155.25257985464577,9.510534996058851,3.9
2007.0,3.0,30.0,18.0,10.0,12.4,8235.0,19.455597122896453,-155.1563391970215,12.44819818423979,3.3
2007.0,5.0,15.0,2.0,59.0,13.19,8236.0,19.56750873466543,-155.94361676401454,3.2306882034299638,2.7
2007.0,12.0,14.0,0.0,27.0,37.16,8237.0,19.504754974389588,-155.90810816546156,5.902590777467284,3.1
2007.0,5.0,25.0,12.0,37.0,42.95,8238.0,19.67188977867081,-154.9803230503804,30.567148458949603,2.5
2008.0,11.0,3.0,11.0,17.0,30.82,8239.0,19.69278894447396,-155.86449955662732,16.721805057214,2.9
2007.0,5.0,30.0,8.0,0.0,55.14,8240.0,19.70811964548955,-155.87227741081009,26.309039231994845,3.5
2007.0,6.0,12.0,16.0,54.0,13.17,8245.0,19.668560892328216,-155.9078651378085,2.4644448849337786,2.6
2007.0,6.0,28.0,6.0,46.0,6.77,8248.0,19.33966851600597,-155.4117750800718,11.699903947776258,4.4
2007.0,7.0,5.0,6.0,35.0,22.7,8249.0,19.927540465624737,-155.54809037638833,2.069000377472125,2.9
2007.0,8.0,10.0,12.0,33.0,15.32,8251.0,19.27063607184155,-155.72517252168862,40.83233094631214,3.2
2007.0,8.0,16.0,1.0,27.0,0.8,8255.0,19.52783355963826,-155.62970447295965,26.053076141814422,4.0
2015.0,7.0,28.0,6.0,31.0,18.28,8256.0,19.762356931167087,-155.09509968004042,19.676069407700346,2.8
2007.0,10.0,13.0,9.0,53.0,30.26,8260.0,19.4579751753018,-155.6356498616954,43.79092770564185,2.8
2007.0,10.0,17.0,0.0,42.0,51.27,8261.0,19.930864668108875,-155.64998249353437,17.157641434673856,3.4
2009.0,6.0,8.0,22.0,34.0,21.52,8262.0,19.828322167641065,-155.72514751117058,21.892322209820293,2.5
2007.0,11.0,20.0,4.0,50.0,46.56,8273.0,19.745976276366047,-155.6023932170031,22.577340068126052,3.7
2008.0,1.0,12.0,13.0,44.0,10.37,8277.0,19.54001747323364,-155.62967427597138,16.252018122015187,2.5
2007.0,12.0,29.0,12.0,46.0,35.59,8278.0,19.568742078356124,-155.65178809169566,42.58323364173545,3.0
2010.0,2.0,4.0,13.0,13.0,51.34,8279.0,19.52887487977616,-155.6369000833051,39.471595054144785,2.5
2009.0,11.0,6.0,12.0,29.0,13.47,8289.0,19.19876713720297,-155.76441146227228,2.996866351830608,2.8
2008.0,2.0,9.0,9.0,24.0,12.92,8291.0,19.61387243401977,-155.656114473288,5.940982502964389,3.0
2008.0,3.0,21.0,15.0,25.0,16.59,8292.0,19.340540699331164,-155.0386255100146,38.88306766805332,2.9
2008.0,3.0,3.0,5.0,17.0,42.37,8294.0,19.714492052196047,-155.7635315219623,38.86511931309488,3.0
2008.0,3.0,23.0,12.0,27.0,13.55,8296.0,19.56853387463758,-154.91657898586018,27.854776330877158,3.0
2008.0,5.0,14.0,16.0,45.0,1.44,8300.0,19.272784726208283,-155.6166040575804,8.276581090934272,2.9
2008.0,7.0,27.0,18.0,28.0,29.53,8303.0,19.412838592635747,-155.5022100458543,4.772734944659744,4.4
2008.0,7.0,21.0,3.0,35.0,54.21,8304.0,19.40829955157161,-155.49756309370855,43.41063693910587,2.5
2008.0,8.0,2.0,3.0,0.0,37.45,8305.0,19.583327198466712,-155.08279667305035,20.061318787675656,3.3
2009.0,5.0,28.0,3.0,48.0,43.33,8308.0,19.198697243959177,-155.42603214701,31.0721067924506,2.7
2008.0,12.0,21.0,16.0,11.0,5.34,8310.0,19.339005964070825,-155.3974738546454,32.14756424152142,3.0
2008.0,8.0,24.0,10.0,25.0,55.31,8312.0,19.242975165144934,-155.40714950063244,9.43042453891013,2.6
2009.0,2.0,10.0,0.0,10.0,40.64,8324.0,19.77977186341681,-155.4200834278081,21.971297710480602,3.0
2008.0,12.0,2.0,17.0,20.0,18.86,8328.0,19.25366819905169,-155.54347373756676,14.933057130606516,3.0
2009.0,3.0,10.0,3.0,59.0,57.0,8330.0,19.887303600541426,-155.89339227672917,11.666157720076896,4.2
2008.0,12.0,30.0,2.0,56.0,59.84,8331.0,19.72224018112158,-155.65796350697588,36.86341439049382,2.9
2009.0,1.0,12.0,15.0,22.0,22.3,8332.0,19.890777031645225,-155.90301390656774,41.90851166147532,2.9
2008.0,12.0,31.0,10.0,50.0,28.5,8333.0,19.95951483662332,-155.4909975475864,27.504699896919316,3.2
2009.0,2.0,6.0,7.0,51.0,52.5,8337.0,19.61272001457044,-155.38388185324123,19.045881527240397,3.8
2009.0,2.0,9.0,12.0,4.0,50.6,8338.0,19.72164127203769,-155.9564028648702,25.576258297047183,3.0
2010.0,1.0,9.0,7.0,35.0,0.3,8345.0,18.98891721090272,-155.6525244336767,28.916850709459986,2.9
2009.0,3.0,12.0,14.0,59.0,55.71,8348.0,19.21816543748819,-155.67978622246946,4.738314720840398,3.1
2009.0,3.0,13.0,1.0,17.0,54.9,8350.0,19.07909822262447,-155.54195884837907,16.170661268986358,3.9
2009.0,4.0,1.0,2.0,35.0,29.75,8351.0,19.310665895616264,-155.45641290101307,2.385583437164553,2.6
2009.0,4.0,7.0,3.0,44.0,5.01,8352.0,19.6282796362382,-155.61805130713316,31.56198008122171,2.8
2009.0,6.0,1.0,11.0,11.0,47.31,8353.0,19.99317247903865,-155.73069605338873,18.963097097870225,2.9
2009.0,6.0,24.0,15.0,13.0,59.29,8356.0,19.56413299959315,-155.59230047116193,8.48637140486637,2.8
2009.0,5.0,24.0,19.0,51.0,1.15,8357.0,19.34592017622905,-155.4690593675417,17.25105390441611,2.5
2009.0,7.0,23.0,16.0,7.0,20.43,8364.0,19.449598036381538,-155.19554537829495,10.187644506727683,3.2
2009.0,7.0,1.0,15.0,47.0,22.43,8366.0,19.485421737835672,-155.21390588824184,9.510776859184135,4.0
2013.0,8.0,17.0,13.0,58.0,29.6,8368.0,19.63258445011144,-155.00523059643015,8.368956886466338,2.5
2009.0,10.0,26.0,10.0,18.0,29.0,8369.0,19.47241566746104,-155.50078637761862,23.213518155891002,2.8
2010.0,11.0,4.0,0.0,46.0,55.23,8371.0,19.14172259432415,-155.7873224580342,5.956230351774176,2.9
2009.0,12.0,18.0,12.0,45.0,2.13,8373.0,19.59607238111085,-155.44938009408,38.835520897362414,3.0
2010.0,2.0,23.0,22.0,15.0,5.13,8375.0,19.552022692410347,-154.8418852843735,13.929282402544839,2.7
2010.0,5.0,6.0,18.0,48.0,48.6,8376.0,19.402344088071448,-155.1783905962693,14.896045688910228,2.5
2010.0,1.0,23.0,18.0,3.0,5.02,8377.0,19.65423159889701,-155.67822656389268,21.050625850998163,3.1
2021.0,11.0,20.0,19.0,56.0,20.68,8378.0,19.63284994754873,-155.04411912902756,33.568595081353486,2.6
2010.0,8.0,6.0,17.0,39.0,45.36,8382.0,19.678858406176165,-155.20908285006234,7.969384555622291,2.5
2010.0,1.0,29.0,8.0,28.0,21.2,8388.0,19.6382109577717,-155.24600837389136,43.202046801326404,3.9
2010.0,1.0,31.0,0.0,48.0,0.68,8389.0,20.00041113479044,-155.2722343301824,17.78416539093996,3.5
2010.0,4.0,4.0,22.0,59.0,48.28,8391.0,19.443305588160577,-155.43997242525802,16.984740133800724,2.9
2010.0,6.0,3.0,17.0,44.0,28.45,8399.0,19.39246801913997,-155.40199646857965,14.173802677094685,3.0
2010.0,6.0,26.0,16.0,36.0,44.51,8403.0,19.52832393029604,-155.77288766858098,7.201158708468272,2.5
2010.0,9.0,17.0,16.0,21.0,38.21,8404.0,19.40961470932352,-155.78404649959066,32.97471991501308,2.9
2010.0,8.0,2.0,21.0,35.0,17.88,8406.0,19.60725759749032,-154.96470160167178,10.49112480326693,2.6
2010.0,6.0,17.0,13.0,47.0,7.14,8409.0,19.533874291531443,-155.21723663880076,21.46737316518823,3.5
2011.0,6.0,28.0,8.0,5.0,38.49,8413.0,19.558965822103783,-154.88415866918555,37.865352519443206,2.8
2010.0,8.0,26.0,22.0,58.0,11.99,8414.0,19.50070109098177,-154.89992055807187,39.66647071664066,3.6
2011.0,4.0,22.0,13.0,19.0,57.7,8415.0,19.480840613756047,-154.86621369901314,17.99846119512332,3.1
2010.0,9.0,11.0,12.0,6.0,12.02,8418.0,19.33194651614561,-155.39375038820188,12.768861299054384,2.7
2010.0,10.0,24.0,9.0,44.0,56.87,8422.0,19.376419868998777,-155.42390946878484,5.355129241432639,4.0
2010.0,12.0,7.0,12.0,37.0,7.27,8423.0,19.36518965043556,-155.4169780984658,12.341993089936315,3.2
2010.0,11.0,3.0,6.0,31.0,35.44,8425.0,19.98629332977195,-155.51334715977202,9.545920851611783,2.5
2011.0,1.0,2.0,5.0,29.0,14.45,8426.0,19.161423634283093,-155.80837283746175,40.71488441435584,2.5
2011.0,5.0,1.0,13.0,23.0,46.76,8428.0,20.044799323625696,-155.72698023530512,20.4468969479654,3.3
2010.0,12.0,6.0,23.0,5.0,15.28,8431.0,19.907246909243696,-155.7802725439753,35.97264465679308,2.8
2010.0,12.0,6.0,11.0,31.0,1.81,8432.0,20.02079375711385,-155.80378355106802,3.3318103943846964,2.5
2014.0,11.0,22.0,2.0,23.0,33.44,8434.0,19.92201867911698,-155.87625665392756,9.328662785797038,2.9
2012.0,6.0,28.0,21.0,10.0,30.18,8441.0,19.91898758713685,-155.87928946278484,44.899284178054145,2.5
2011.0,2.0,3.0,12.0,32.0,28.56,8452.0,19.901686200583462,-155.53062587715235,12.23570445785657,3.2
2011.0,2.0,11.0,6.0,35.0,46.19,8455.0,19.793198691887746,-155.34592631838967,28.295945319937577,2.9
2011.0,4.0,11.0,23.0,37.0,32.09,8456.0,19.789237573927664,-155.88382522529096,7.170598414732648,2.7
2011.0,3.0,3.0,9.0,5.0,19.63,8457.0,19.427566852871127,-155.0123943968646,28.888140133252918,2.6
2011.0,4.0,8.0,10.0,12.0,40.41,8460.0,19.1869795062606,-155.57859045865692,3.5219363663693835,3.1
2011.0,3.0,31.0,3.0,8.0,3.64,8462.0,19.39274358414854,-155.8245385652038,29.62636024390287,3.3
2011.0,3.0,21.0,11.0,15.0,36.58,8472.0,19.497005282633825,-155.39878163799918,9.072215072577066,2.6
2011.0,4.0,5.0,13.0,8.0,28.14,8482.0,19.206469381445828,-155.53034189337183,3.986724180351803,2.5
2011.0,3.0,17.0,23.0,56.0,45.99,8485.0,19.007519071235784,-155.6729610517014,9.505489855510618,3.9
2011.0,5.0,22.0,9.0,58.0,35.32,8486.0,18.92978852397482,-155.66634697518512,32.2337996997879,2.8
2011.0,6.0,13.0,3.0,56.0,48.98,8490.0,19.36006344512032,-155.76661496972864,11.357165187989766,2.8
2011.0,11.0,6.0,17.0,24.0,26.55,8492.0,19.894454954076405,-155.66365572677088,11.50240014024584,3.1
2014.0,3.0,2.0,20.0,23.0,52.51,8493.0,19.135700681990897,-155.89656548416008,25.141377814081828,2.7
2011.0,6.0,24.0,8.0,55.0,29.32,8496.0,19.22361863244829,-155.4978392244765,3.46963078272619,2.9
2011.0,7.0,14.0,8.0,15.0,10.93,8500.0,19.62344174532092,-155.39855543802713,13.626269545226371,3.2
2011.0,8.0,11.0,10.0,3.0,26.54,8504.0,19.361945070195308,-155.45091826191148,22.306770250909715,3.3
2011.0,10.0,26.0,9.0,59.0,50.68,8514.0,19.49538873502032,-155.63045102482417,26.253508891646486,2.9
2011.0,12.0,4.0,5.0,37.0,48.3,8519.0,19.702776676506687,-155.71691505239184,17.345744765402326,2.5
2012.0,4.0,23.0,1.0,40.0,41.03,8520.0,19.77645466095408,-155.9122631164609,31.8025324984577,3.0
2012.0,1.0,7.0,20.0,31.0,26.88,8522.0,19.79230114876329,-155.35061268965808,42.084877938764144,2.9
2012.0,1.0,20.0,0.0,27.0,30.74,8523.0,20.1478105074737,-155.81395348582095,7.6113495775521605,3.6
2012.0,2.0,13.0,5.0,40.0,13.63,8524.0,19.55541014644531,-155.83470737427268,35.078885544457314,4.2
2012.0,3.0,8.0,5.0,27.0,56.3,8525.0,19.61513383553984,-155.66920615422754,21.121383461372762,2.8
2012.0,4.0,22.0,8.0,7.0,42.23,8531.0,19.209928652916915,-155.6329764354288,28.32653821724041,2.6
2012.0,3.0,24.0,22.0,24.0,47.48,8533.0,19.459969527349944,-155.0716969816394,30.772519921169405,2.9
2012.0,4.0,1.0,3.0,25.0,43.43,8534.0,19.849544540027125,-155.21531065159425,40.68279899861404,4.2
2012.0,4.0,3.0,8.0,58.0,22.1,8538.0,20.10030842609533,-155.6302902919365,10.591878368445784,3.1
2012.0,7.0,8.0,11.0,45.0,46.15,8539.0,19.842585750502213,-155.78434087334062,3.8189173837698274,2.5
2012.0,6.0,24.0,20.0,1.0,15.28,8541.0,19.508163812507423,-155.40668177553553,30.943794987573348,4.5
2012.0,7.0,20.0,10.0,57.0,10.66,8547.0,19.58465780091045,-155.93483363590929,24.319795495679166,2.5
2017.0,7.0,4.0,16.0,41.0,37.53,8548.0,19.765687047208257,-155.88546064162296,3.256691008957124,2.9
2012.0,10.0,31.0,0.0,31.0,48.24,8550.0,19.046786168972897,-155.73693564420964,38.463916123208435,2.7
2013.0,7.0,9.0,17.0,5.0,37.37,8553.0,20.16876704504382,-155.66619792957022,1.7574723518143616,2.5
2012.0,9.0,12.0,12.0,7.0,20.68,8555.0,19.36451370226945,-155.61664240652016,13.14401865312114,3.1
2012.0,9.0,19.0,17.0,14.0,14.1,8556.0,19.20082103401751,-155.47138891138366,38.1678644740479,2.9
2012.0,10.0,16.0,16.0,20.0,15.76,8557.0,19.157681936377816,-155.62950619780858,43.25649322091477,2.7
2012.0,10.0,9.0,3.0,28.0,57.2,8565.0,19.274399028656497,-155.58496440664905,2.047391429369437,2.7
2015.0,3.0,11.0,23.0,2.0,43.0,8567.0,19.858654298102845,-155.91999025751932,7.070100157269481,2.5
2012.0,11.0,28.0,17.0,2.0,0.84,8570.0,19.863462921400604,-155.92925743478455,19.911035129960023,2.5
2013.0,1.0,21.0,14.0,44.0,45.5,8571.0,19.86192407222844,-155.880549645311,18.484363660956564,2.9
2013.0,2.0,4.0,10.0,37.0,54.97,8581.0,19.153361392467776,-155.53033173462302,16.498025069688055,2.5
2012.0,12.0,29.0,10.0,32.0,47.74,8584.0,19.17734528361084,-155.62415385462324,14.964872414024267,2.7
2012.0,12.0,25.0,22.0,38.0,44.09,8585.0,20.163058249589724,-155.8114508053542,19.56099276455817,4.4
2014.0,3.0,26.0,2.0,16.0,29.19,8587.0,19.299949720658656,-155.13150646808938,3.7213107348833745,2.8
2013.0,2.0,22.0,0.0,29.0,26.22,8589.0,19.34038989947671,-155.0991034211821,15.514471659762828,3.8
2013.0,3.0,14.0,4.0,56.0,28.82,8591.0,19.63472796045105,-155.39451460304497,39.91250008483225,2.6
2013.0,5.0,6.0,19.0,22.0,41.26,8595.0,19.113039304427467,-155.72750548549033,10.73382615058776,2.7
2013.0,4.0,19.0,11.0,5.0,58.45,8596.0,19.43633510590249,-154.90461167033462,42.492445395672235,5.4
2013.0,4.0,24.0,21.0,38.0,37.87,8597.0,20.192958520279408,-155.77938561874302,1.2160860007289567,2.8
2013.0,4.0,29.0,20.0,56.0,12.41,8598.0,19.58400202904533,-155.72722893839955,14.250015430831247,3.3
2013.0,10.0,17.0,18.0,4.0,26.14,8600.0,19.89189866471016,-155.18254995470036,4.061576253929449,3.2
2013.0,8.0,23.0,14.0,23.0,20.31,8603.0,19.86092306901962,-155.16003093087235,42.43223223572544,3.1
2014.0,8.0,17.0,6.0,4.0,22.85,8604.0,19.28188765170461,-155.77774255965298,9.523891289206125,3.2
2013.0,9.0,9.0,11.0,32.0,50.77,8605.0,19.60182492279661,-155.48969899261897,11.996275322057215,3.2
2014.0,5.0,25.0,13.0,3.0,18.48,8606.0,19.53840947834788,-155.48324574181075,19.70347194676988,2.7
2013.0,11.0,11.0,19.0,48.0,15.32,8607.0,19.78578312707156,-155.4282563859644,4.882225082352565,2.8
2013.0,10.0,1.0,21.0,5.0,21.26,8609.0,19.34365730964852,-155.04630781172926,42.875829780141544,3.1
2013.0,9.0,26.0,16.0,35.0,32.89,8616.0,19.47566442678185,-155.42820935528508,27.223628508819075,2.6
2013.0,10.0,29.0,2.0,31.0,37.04,8618.0,19.637499877214115,-155.05511462280134,18.32807007861865,2.7
2013.0,11.0,23.0,8.0,33.0,47.16,8619.0,19.42257453456112,-155.1158082761265,33.49901518998842,2.6
2013.0,11.0,13.0,14.0,0.0,51.68,8620.0,19.5360766611949,-155.8920132147715,33.001732779860156,3.1
2013.0,11.0,11.0,3.0,56.0,46.29,8621.0,19.60272163771003,-155.85056952876275,33.19281043101343,2.8
2013.0,11.0,23.0,16.0,53.0,6.58,8622.0,19.862899217180747,-155.42220145860324,5.407774388339665,2.5
2014.0,1.0,9.0,16.0,13.0,9.4,8623.0,19.898861447063933,-155.39944786928686,19.46848645930664,2.7
2013.0,11.0,21.0,14.0,1.0,0.19,8625.0,19.96232152672812,-155.71220878597677,32.60431860954602,2.6
2013.0,11.0,21.0,21.0,38.0,0.45,8626.0,19.51278813384396,-154.85165460498808,41.444273364654876,3.1
2014.0,2.0,3.0,18.0,25.0,43.55,8628.0,19.694913448034622,-155.84063690941295,24.710100222745716,2.6
2014.0,3.0,22.0,14.0,45.0,39.91,8629.0,19.13592592372208,-155.55693782772337,32.409476905027745,2.6
2014.0,3.0,17.0,15.0,21.0,47.15,8630.0,19.38132695499352,-155.69549684314035,35.933032400567186,2.8
2015.0,11.0,16.0,20.0,41.0,4.18,8631.0,19.53595936547009,-155.87721739597598,28.259415312896742,2.9
2014.0,4.0,28.0,23.0,6.0,56.24,8634.0,20.0743869180237,-155.45733569945486,28.879179140296177,2.8
2014.0,4.0,16.0,2.0,44.0,52.86,8645.0,20.03516846658601,-155.37087782639787,29.925357145692672,2.6
2016.0,9.0,3.0,2.0,29.0,11.33,8646.0,20.05456604089173,-155.41675408953049,8.455600327581255,2.9
2014.0,4.0,5.0,23.0,29.0,21.49,8647.0,19.65819490036003,-155.7655920780731,14.162845764430262,4.0
2014.0,8.0,2.0,17.0,12.0,34.5,8649.0,20.004633720279447,-155.44917984100513,33.82930549720539,2.7
2019.0,8.0,19.0,16.0,29.0,55.69,8655.0,20.038125737060483,-155.41242532360138,14.44411256429256,3.0
2014.0,8.0,21.0,6.0,10.0,6.86,8661.0,19.292794783412056,-155.2644697175023,21.05165110962597,2.7
2014.0,6.0,5.0,16.0,34.0,12.32,8663.0,19.563941522762605,-155.9416539341725,15.478399464152806,3.8
2014.0,6.0,6.0,2.0,12.0,46.0,8664.0,19.52066061768417,-155.1626237702977,40.240275571794584,2.7
2014.0,6.0,11.0,11.0,11.0,29.53,8666.0,19.54058133312753,-154.8829790918862,4.759108157850611,2.7
2014.0,8.0,14.0,22.0,24.0,16.7,8669.0,19.49609713145148,-155.27219978065793,38.31262520938326,4.1
2014.0,7.0,20.0,16.0,12.0,15.45,8671.0,19.488432919438697,-155.25311901635115,26.264542302666634,2.5
2015.0,9.0,1.0,18.0,19.0,37.46,8676.0,19.47458999063668,-155.30711077123317,11.60758986423458,3.2
2019.0,4.0,21.0,3.0,13.0,59.9,8678.0,19.465801884541648,-155.26056101928586,32.281312415306516,3.4
2014.0,7.0,19.0,20.0,47.0,18.81,8683.0,19.35795304473272,-155.51527422170432,15.098335849326318,4.0
2014.0,9.0,11.0,20.0,57.0,45.51,8684.0,19.569916239899083,-155.04320558334013,37.95472513442537,2.9
2014.0,7.0,26.0,12.0,11.0,23.05,8686.0,19.5726612493328,-155.0357533633316,37.962273419163864,3.9
2014.0,8.0,11.0,9.0,53.0,30.07,8687.0,19.911357779310407,-155.65691752423135,26.679153500839725,2.9
2016.0,12.0,18.0,14.0,50.0,8.97,8688.0,19.48312305074494,-155.65667825708752,16.73090138326713,2.5
2016.0,9.0,12.0,18.0,33.0,10.05,8689.0,19.48985842373424,-155.6607190744857,14.539088100627128,2.8
2014.0,9.0,8.0,13.0,57.0,43.08,8690.0,19.50246996031415,-155.63141123645022,33.593251310258694,2.7
2014.0,9.0,30.0,0.0,5.0,25.0,8691.0,19.90068841984914,-155.37407193436204,43.35950130742385,2.5
2014.0,10.0,1.0,12.0,43.0,42.34,8692.0,19.88577101900914,-155.44635369104878,13.45723182650983,2.9
2014.0,10.0,1.0,5.0,29.0,39.85,8693.0,19.52079677120103,-155.28681245966405,5.972219586902612,2.5
2014.0,10.0,4.0,16.0,30.0,30.44,8694.0,19.4402940656531,-155.37637558618115,31.253403197477446,3.4
2015.0,3.0,17.0,23.0,50.0,37.26,8696.0,19.6408062011117,-155.61459397831186,23.123603184378997,2.8
2014.0,10.0,30.0,7.0,38.0,15.73,8697.0,19.493317487573773,-155.9063607413925,30.1097224024078,3.5
2014.0,11.0,12.0,9.0,58.0,12.64,8699.0,20.024408082049955,-155.42706259451987,42.065612272589455,3.0
2014.0,11.0,16.0,14.0,2.0,30.87,8700.0,19.855865324607915,-155.61466908774818,31.891559862695125,3.2
2014.0,11.0,21.0,11.0,24.0,21.99,8701.0,20.0489905428044,-155.41012624370669,36.14287316795375,3.2
2014.0,12.0,20.0,5.0,18.0,50.7,8703.0,19.88327181173617,-155.15888021475664,34.413738906978146,3.2
2015.0,1.0,10.0,11.0,38.0,33.61,8707.0,20.03262805851265,-155.3995321684864,17.77594888077574,2.7
2019.0,4.0,5.0,6.0,28.0,5.72,8708.0,19.35952480081257,-155.20811813230364,6.887822730516318,3.3
2015.0,2.0,22.0,4.0,42.0,43.86,8710.0,19.978305212204088,-155.41635054047322,11.444882294099772,4.6
2015.0,2.0,23.0,12.0,30.0,5.22,8711.0,19.4233097990422,-155.73984542739493,24.876645115928127,3.3
2015.0,2.0,23.0,8.0,4.0,34.36,8712.0,19.39827184428543,-155.75165271117578,25.140992493422388,2.7
2015.0,4.0,1.0,16.0,50.0,48.76,8714.0,19.712214558432187,-155.67708790057927,29.51960837707975,2.5
2015.0,5.0,2.0,4.0,8.0,0.79,8716.0,19.46945149056584,-155.21313363805257,21.423532737001903,2.7
2019.0,3.0,25.0,10.0,20.0,9.46,8718.0,19.62361191804717,-155.4084421901472,14.807565216432053,2.6
2016.0,7.0,22.0,6.0,2.0,51.58,8722.0,19.57271462892124,-155.4332064226512,24.860230297556665,4.2
2016.0,3.0,16.0,17.0,35.0,42.23,8725.0,19.569926656723105,-155.41902118250394,19.108856749640676,2.5
2015.0,10.0,29.0,11.0,42.0,20.28,8728.0,19.593455558490763,-155.44460699896973,9.385767283162,3.3
2015.0,9.0,13.0,17.0,51.0,45.36,8729.0,19.584681974808355,-155.39306630935997,41.14477636961367,3.8
2015.0,5.0,6.0,4.0,13.0,37.24,8734.0,19.95606353517894,-155.48387815475488,1.5020333025252222,2.5
2015.0,6.0,3.0,9.0,4.0,55.59,8737.0,19.505002620846827,-155.3227898652088,29.280475148617043,2.5
2015.0,10.0,15.0,15.0,51.0,6.87,8738.0,19.472492824518906,-155.3653641631163,5.362012309875926,2.9
2020.0,1.0,25.0,13.0,6.0,39.96,8739.0,19.531641834587848,-155.27960376665092,43.509389312691034,2.6
2015.0,7.0,28.0,23.0,33.0,41.77,8740.0,19.49099959591529,-155.35658498600466,30.140272345417504,2.7
2015.0,6.0,4.0,1.0,41.0,13.54,8742.0,19.457269336086224,-155.8849052318128,36.46715543231799,3.1
2015.0,5.0,23.0,23.0,14.0,16.43,8745.0,19.578979166085368,-155.26208864279832,10.833441874098826,2.9
2015.0,5.0,25.0,21.0,13.0,38.84,8747.0,19.981056204923835,-155.5514360503658,12.632937368639734,2.8
2015.0,9.0,30.0,19.0,36.0,23.11,8754.0,19.59508473237941,-155.19470900828594,42.66697705076424,2.6
2015.0,8.0,13.0,14.0,16.0,32.87,8755.0,19.62492732635665,-154.97953287316872,5.389185509942312,2.7
2015.0,9.0,8.0,0.0,32.0,57.48,8757.0,19.814921218809257,-155.59162043567173,20.898447998967644,2.5
2015.0,9.0,17.0,6.0,22.0,41.93,8762.0,19.702888240736204,-155.26293879124833,33.4123255053066,2.6
2015.0,9.0,26.0,13.0,7.0,28.59,8764.0,19.62078868896724,-155.83739402165332,22.136541175246936,2.7
2016.0,12.0,14.0,2.0,31.0,49.98,8765.0,19.79903035130855,-155.68444299089975,28.096618026554122,2.5
2015.0,10.0,28.0,10.0,2.0,39.74,8766.0,19.54672498130079,-155.16182211664662,4.933567989692086,2.6
2015.0,12.0,11.0,20.0,43.0,15.56,8769.0,19.422696113667207,-155.76179105041453,3.4398852720123556,3.1
2016.0,3.0,5.0,18.0,38.0,41.74,8773.0,19.518935664438747,-155.43991489268203,39.748136460588746,3.9
2016.0,3.0,1.0,8.0,27.0,53.97,8775.0,19.94071269960856,-155.69630788166864,32.15207614487508,2.8
2016.0,5.0,15.0,3.0,30.0,49.75,8776.0,19.01405932971163,-155.62698322257884,36.47743026388151,3.9
2016.0,3.0,5.0,14.0,52.0,36.41,8777.0,19.006756823309427,-155.64004711016875,5.799760280421118,3.5
2016.0,3.0,9.0,14.0,32.0,39.6,8779.0,19.644608797586624,-155.58800049478992,30.75315206349643,2.9
2019.0,3.0,22.0,21.0,33.0,24.4,8780.0,19.50728601391925,-155.32799731759408,17.979892417725942,3.4
2016.0,5.0,11.0,13.0,53.0,31.04,8803.0,19.6201769792188,-155.38536706456804,13.074087301851016,2.5
2024.0,7.0,31.0,3.0,56.0,11.61,8805.0,19.812756595487954,-155.10808254135236,18.63799449761042,2.8
2016.0,5.0,13.0,9.0,35.0,43.86,8806.0,19.571208096208952,-154.94617051132755,26.877491196069684,2.8
2016.0,9.0,3.0,14.0,36.0,43.29,8810.0,19.75252772121194,-155.68528126938753,35.432061826538146,3.4
2019.0,5.0,7.0,5.0,34.0,57.37,8812.0,19.746350102272345,-155.58303656079377,28.17107381310011,4.1
2016.0,11.0,5.0,21.0,12.0,33.58,8815.0,19.38668381702784,-155.75642397789966,2.490345121373943,2.6
2016.0,10.0,31.0,3.0,25.0,11.25,8816.0,19.549163456563807,-155.15568674960258,34.761053075279996,2.9
2021.0,3.0,20.0,2.0,4.0,10.71,8817.0,19.562318005902213,-155.12913314484243,17.843650240987248,2.7
2017.0,1.0,13.0,4.0,13.0,54.99,8818.0,19.638502395910848,-155.59251272911402,14.83529310471745,3.5
2016.0,11.0,12.0,10.0,13.0,49.26,8819.0,19.54209603171039,-155.78479823562546,7.656516322260519,3.4
2017.0,2.0,10.0,4.0,36.0,3.11,8830.0,19.17924653608248,-155.7444184363167,2.7945820514284327,2.6
2017.0,2.0,28.0,16.0,21.0,24.75,8831.0,20.06280985260901,-155.4371017005792,21.388640190511964,3.0
2017.0,3.0,10.0,13.0,22.0,32.75,8832.0,19.45981630210881,-155.5192365330648,44.24472049735458,3.5
2017.0,3.0,11.0,5.0,33.0,31.38,8838.0,19.638587336123123,-155.35991686603168,39.130652440147735,3.6
2017.0,3.0,16.0,22.0,46.0,27.29,8839.0,19.3259351003969,-155.68448840200216,2.9345945032356364,4.0
2017.0,3.0,26.0,11.0,44.0,8.8,8842.0,19.4027677416362,-155.52510184088663,31.953141248090965,2.6
2017.0,3.0,24.0,13.0,14.0,29.41,8843.0,19.232099644337413,-155.87440526658094,25.488853160883302,2.7
2017.0,4.0,3.0,18.0,49.0,0.88,8845.0,19.57296027817825,-155.04889616196505,14.741406273402326,3.2
2017.0,9.0,1.0,9.0,17.0,23.26,8849.0,19.27329157609256,-155.87727155255917,3.144365837540223,2.5
2017.0,12.0,21.0,14.0,57.0,12.61,8852.0,19.320228798638343,-155.43036372055002,10.368258503159364,2.6
2017.0,7.0,12.0,15.0,54.0,49.58,8855.0,19.304454299270684,-155.41282400288642,30.523731675444374,2.8
2021.0,2.0,15.0,13.0,52.0,22.64,8856.0,19.30879036796537,-155.45476269324288,28.33238216350984,2.6
2017.0,7.0,30.0,17.0,33.0,56.98,8857.0,19.884097668219496,-155.44809481931694,8.721331818116294,2.5
2020.0,3.0,4.0,7.0,24.0,34.99,8858.0,19.86245533971741,-155.44600173186942,33.11701165876213,2.7
2017.0,7.0,26.0,11.0,58.0,56.04,8859.0,19.629023632139724,-155.86666426460545,20.47841918735447,2.8
2017.0,8.0,10.0,10.0,56.0,37.44,8867.0,19.65605800664183,-155.10215665459606,10.680787132653485,4.3
2017.0,9.0,6.0,1.0,30.0,42.45,8871.0,19.539927474244102,-155.29656098555404,30.045571585930045,3.7
2017.0,10.0,20.0,7.0,29.0,0.06,8872.0,19.773943787913453,-155.72933603209896,9.63649402199394,2.7
2017.0,10.0,4.0,6.0,38.0,54.84,8876.0,19.72771628168817,-155.67854697989378,30.484903535480598,2.6
2018.0,4.0,8.0,11.0,3.0,2.7,8879.0,19.7580285257319,-155.66069959949954,24.27501260925405,3.1
2017.0,10.0,22.0,10.0,13.0,39.25,8880.0,19.68804783854952,-155.0829400919107,28.46672098231099,2.8
2017.0,10.0,24.0,9.0,57.0,0.7,8881.0,19.99262551815676,-155.4645285234309,29.4934057912193,2.7
2017.0,10.0,24.0,8.0,13.0,57.78,8882.0,19.902216784190603,-155.658932973381,27.002282242077868,2.6
2017.0,10.0,24.0,14.0,8.0,10.8,8883.0,19.48914483542465,-155.63603587004368,2.3001426856346927,3.6
2020.0,7.0,3.0,0.0,59.0,8.51,8884.0,19.8035932010395,-155.47093271541107,8.600929000130423,2.5
2018.0,5.0,14.0,10.0,13.0,32.31,8886.0,19.61663617261378,-155.91040895294074,1.1641469593454068,2.8
2017.0,12.0,15.0,20.0,39.0,2.23,8887.0,19.713135554335388,-155.5165958598468,16.507664078150324,2.7
2018.0,1.0,5.0,4.0,13.0,34.16,8888.0,19.35395416538872,-155.60804554992012,21.619146289788432,2.8
2018.0,1.0,30.0,22.0,35.0,41.86,8889.0,19.99222232880636,-155.65549689292206,5.344666805649023,3.1
2018.0,3.0,21.0,14.0,5.0,0.28,8906.0,19.726321870662623,-155.50457843622624,24.04885296338764,3.2
2018.0,7.0,5.0,9.0,2.0,56.05,8909.0,19.868844412570954,-155.8807283693175,3.262331113692361,2.5
2018.0,4.0,5.0,14.0,51.0,31.47,8911.0,19.23084288702253,-155.8647008687898,14.324203009081259,3.3
2018.0,10.0,12.0,10.0,2.0,14.84,8912.0,19.504323936992776,-155.91080214342952,26.246815766221076,2.9
2018.0,7.0,21.0,15.0,16.0,28.22,8919.0,19.442728145463743,-155.18111925965337,8.383074295626567,4.0
2018.0,8.0,9.0,5.0,43.0,4.35,8920.0,19.48619256293063,-155.1970879468237,27.332304683525614,2.6
2018.0,8.0,18.0,20.0,21.0,44.66,8927.0,19.89111728490064,-155.66066185824232,37.65569661202765,2.5
2021.0,10.0,26.0,1.0,30.0,54.37,8931.0,19.97730555386596,-155.18818189418684,32.81611862766782,2.5
2018.0,10.0,9.0,7.0,55.0,5.06,8932.0,19.358537942823503,-155.43240663285218,30.58954700566051,2.5
2018.0,9.0,29.0,3.0,5.0,31.85,8935.0,19.325082445196223,-155.5170518618206,12.56953171253275,2.5
2018.0,10.0,19.0,13.0,0.0,18.66,8937.0,19.8409546417148,-155.6426461037992,22.11014574855016,2.7
2018.0,11.0,7.0,4.0,9.0,52.19,8939.0,19.956293015845954,-155.59776075501853,11.112479154635668,2.8
2018.0,11.0,2.0,7.0,22.0,37.06,8942.0,19.62990019483106,-155.9565332484425,30.83593040039126,3.5
2021.0,10.0,20.0,22.0,29.0,58.12,8945.0,19.48844026270305,-155.6098046917671,17.998812964415926,2.6
2018.0,11.0,30.0,8.0,22.0,51.5,8947.0,19.30558521053885,-155.14070819527174,2.277358772091476,3.3
2019.0,5.0,10.0,0.0,3.0,3.84,8949.0,19.991793095959856,-155.61479796295475,4.50884095290695,2.5
2022.0,10.0,18.0,10.0,21.0,51.74,8950.0,20.012993324675094,-155.5971699649159,26.501320014649053,2.8
2024.0,12.0,18.0,4.0,51.0,52.96,8956.0,19.296843727770817,-155.14615943135297,41.81167433316215,2.7
2019.0,1.0,25.0,22.0,19.0,1.47,8957.0,19.515282347877296,-155.59306292105978,7.958352097283392,2.8
2019.0,2.0,5.0,6.0,39.0,12.26,8958.0,19.595158656940967,-155.54149810536515,20.882990345366373,3.2
2019.0,3.0,13.0,20.0,0.0,12.66,8959.0,19.47943546378497,-155.521131570247,39.24077750590942,2.5
2019.0,5.0,27.0,7.0,47.0,24.35,8963.0,19.2303735136823,-155.69154078825983,14.043720491039892,2.5
2021.0,7.0,24.0,17.0,12.0,49.88,8964.0,19.174088495194347,-155.67825416276008,7.730768714085771,3.3
2019.0,5.0,19.0,20.0,15.0,58.16,8966.0,19.468621285185705,-155.66775697670536,38.53833902563917,2.9
2019.0,5.0,27.0,5.0,4.0,48.45,8967.0,19.335839766450366,-155.19234632642323,11.792612887389275,2.9
2019.0,7.0,9.0,3.0,11.0,5.0,8970.0,19.63688889556698,-155.3756125759401,33.07152333329837,3.3
2019.0,6.0,25.0,22.0,4.0,37.09,8972.0,19.7651464102514,-155.5003372769323,4.921248007990554,2.6
2019.0,8.0,10.0,0.0,9.0,28.94,8974.0,19.48905137681999,-154.98872283873908,16.675768177438997,2.6
2019.0,8.0,11.0,5.0,44.0,14.52,8975.0,19.961852595302567,-155.63022088026432,30.21917195558663,2.7
2019.0,8.0,12.0,22.0,6.0,9.26,8977.0,19.09952249464885,-155.55768030168147,11.615895237389601,4.2
2019.0,8.0,14.0,15.0,29.0,26.24,8978.0,19.59866036324931,-155.85522700904306,18.863026607249278,3.1
2019.0,8.0,27.0,23.0,4.0,28.75,8979.0,19.29657015503576,-155.33423939336254,22.890802238032816,2.8
2020.0,5.0,15.0,3.0,12.0,9.56,8981.0,19.18772149056588,-155.76480325137015,16.532384554736737,2.5
2019.0,10.0,31.0,1.0,0.0,55.82,8984.0,19.540518011017884,-155.38984652254797,42.892261500512944,3.8
2019.0,12.0,6.0,5.0,12.0,54.9,8986.0,19.640628455023386,-155.39053909331997,9.327670450492358,3.0
2020.0,8.0,20.0,14.0,28.0,39.92,8989.0,19.442919088477844,-155.12672108448385,12.702482676041862,3.0
2020.0,1.0,15.0,9.0,1.0,37.75,8991.0,19.650926902268168,-155.1169373018233,3.498466442055576,3.2
2020.0,1.0,13.0,23.0,56.0,14.19,8992.0,19.17851423072584,-155.79830738269163,42.70026919597926,3.4
2020.0,2.0,16.0,23.0,20.0,47.58,8994.0,19.71527816346094,-155.9486781565585,6.787337088422445,4.8
2020.0,2.0,20.0,8.0,41.0,25.8,8995.0,19.784028097516327,-155.5307115306044,38.80656731641664,2.5
2020.0,2.0,20.0,15.0,31.0,26.04,8996.0,19.78249448975312,-155.44063474987846,37.681843665744395,2.5
2022.0,2.0,25.0,1.0,6.0,37.31,8998.0,19.45727759759665,-155.7116841726453,41.94857026513562,4.8
2020.0,8.0,21.0,4.0,2.0,36.27,8999.0,19.49249271117007,-155.74400683331544,27.284436433138723,2.6
2020.0,2.0,20.0,3.0,39.0,55.56,9000.0,19.465542691741486,-154.86347494592974,36.97128882142371,2.9
2020.0,5.0,29.0,6.0,8.0,11.17,9001.0,19.416959255623897,-155.38495182513674,31.343216642845945,3.0
2020.0,3.0,3.0,12.0,47.0,24.4,9002.0,19.450519345174342,-155.4723730494538,9.288922844813438,4.0
2020.0,4.0,15.0,13.0,9.0,55.24,9004.0,19.527241373890902,-155.41571200358044,1.9632264247049722,3.6
2020.0,5.0,14.0,6.0,53.0,25.6,9010.0,19.39255325583904,-155.0291444515358,5.246327065647831,2.7
2020.0,7.0,30.0,16.0,27.0,54.33,9016.0,19.72641132296116,-155.2730977130859,10.862089066057965,3.0
2020.0,6.0,18.0,11.0,23.0,10.83,9017.0,19.55833538889776,-154.9517362909346,27.35885370309805,3.0
2020.0,7.0,12.0,2.0,26.0,0.4,9021.0,19.738991560933304,-155.10104873473568,43.826208099194126,2.7
2020.0,8.0,18.0,3.0,4.0,36.14,9023.0,19.536881189674,-154.91182034423537,37.994024587828534,2.7
2020.0,8.0,16.0,16.0,24.0,25.55,9024.0,19.509098481221955,-154.8547570395708,30.955559298669233,3.5
2021.0,6.0,15.0,4.0,30.0,31.72,9027.0,20.02527451386413,-155.72103628319988,10.154332219805124,2.6
2020.0,9.0,6.0,15.0,20.0,48.69,9028.0,19.991998796494663,-155.73874591065578,39.66306356952491,3.4
2022.0,5.0,8.0,9.0,17.0,48.88,9029.0,20.01946592495382,-155.73212695573946,41.85893222060333,2.6
2020.0,10.0,15.0,1.0,15.0,37.99,9033.0,19.58496354458972,-154.8993576725682,21.913414881082474,2.6
2020.0,11.0,11.0,10.0,20.0,20.63,9037.0,19.453955830201945,-155.21416537808642,31.261321715079678,2.7
2021.0,2.0,15.0,6.0,48.0,17.92,9040.0,19.617700567202487,-155.00068625910674,11.31625506014055,3.6
2021.0,3.0,4.0,3.0,12.0,32.62,9041.0,19.7527708165493,-155.40535665154798,43.06159682584865,2.8
2020.0,12.0,2.0,16.0,16.0,26.49,9042.0,19.22641903037537,-155.7895266045792,16.017238866851827,3.3
2021.0,2.0,26.0,6.0,43.0,51.75,9043.0,19.363139509934346,-155.59858514503165,11.082728189463875,2.5
2020.0,12.0,11.0,18.0,4.0,5.36,9044.0,19.8583621674373,-155.62973050283168,18.498739652872924,2.6
2021.0,1.0,8.0,4.0,28.0,36.38,9049.0,19.76270496986602,-156.0008114606846,35.322337850302894,3.7
2022.0,5.0,12.0,19.0,19.0,21.85,9051.0,19.21227185470989,-155.84611645703072,24.195624379746246,2.6
2021.0,4.0,23.0,21.0,9.0,4.74,9061.0,19.84611707670474,-155.38195106276305,10.86094646890395,2.6
2021.0,5.0,22.0,0.0,51.0,3.86,9063.0,19.498962374819914,-155.40798510437077,38.268276846204344,4.6
2021.0,7.0,11.0,6.0,3.0,41.81,9076.0,19.347878173690493,-155.37354753382525,28.026561677510088,2.6
2021.0,6.0,13.0,14.0,22.0,7.6,9078.0,19.738035133414424,-155.74100338586356,18.01246993575853,2.7
2021.0,6.0,17.0,8.0,3.0,30.0,9082.0,19.134233648622693,-155.7177329279358,37.10366408181703,2.7
2021.0,6.0,17.0,6.0,5.0,33.14,9084.0,19.198551717846048,-155.7537331351899,40.64089686564786,2.8
2021.0,6.0,30.0,5.0,42.0,54.44,9085.0,19.68587445497609,-155.86398643344538,41.073681390777445,3.2
2021.0,8.0,6.0,5.0,2.0,20.16,9087.0,19.62785651510655,-155.3424813368581,42.59829572183864,2.8
2021.0,8.0,8.0,17.0,49.0,31.81,9088.0,19.14118285175089,-155.5233667222315,42.53371558564536,2.9
2021.0,8.0,11.0,16.0,42.0,18.07,9089.0,19.936515003753893,-155.64169835485856,34.75616350876379,2.7
2021.0,12.0,7.0,5.0,50.0,26.0,9090.0,19.985057751068872,-155.65146053574105,44.059602548102326,2.5
2021.0,8.0,16.0,9.0,17.0,28.31,9091.0,20.07302221884748,-155.62985362930843,40.280991464095344,2.6
2021.0,8.0,30.0,4.0,39.0,38.7,9092.0,19.136010251855577,-155.87554464596366,17.57448289269126,2.7
2021.0,10.0,17.0,17.0,42.0,7.73,9100.0,19.37083532355693,-155.70189352734292,33.48958060943936,2.6
2021.0,10.0,30.0,23.0,38.0,15.71,9102.0,19.26630599525658,-155.60373023872117,23.101281544531965,2.6
2021.0,12.0,8.0,22.0,2.0,45.29,9105.0,19.233731881485763,-155.81391002731803,26.47711913929082,3.0
2022.0,2.0,14.0,9.0,45.0,41.05,9106.0,19.23738233629374,-155.7419275927021,36.228737353347874,2.6
2022.0,1.0,10.0,0.0,42.0,44.28,9107.0,19.515015933375288,-155.86006270838712,44.328618640196105,2.8
2023.0,2.0,19.0,3.0,30.0,33.58,9108.0,19.59849591000893,-155.13492351429457,26.197688022893733,2.5
2021.0,12.0,29.0,0.0,38.0,10.16,9109.0,19.647822687718733,-155.8164933522626,7.926549351328051,3.6
2022.0,1.0,1.0,23.0,1.0,55.8,9112.0,20.092273378957024,-155.6479979595866,2.6383370280237215,3.1
2022.0,1.0,12.0,19.0,41.0,13.65,9115.0,19.86916317122221,-155.13369702660654,25.245525775495747,3.1
2022.0,5.0,9.0,21.0,23.0,42.52,9118.0,19.780972988397814,-155.89851105647847,7.982340179911743,2.7
2022.0,4.0,12.0,13.0,36.0,31.45,9123.0,19.420449699633416,-155.87953321732687,21.614620176986215,2.9
2022.0,2.0,21.0,1.0,55.0,33.15,9126.0,19.52431499683333,-155.81544960213148,39.1553827698197,2.5
2022.0,3.0,25.0,15.0,19.0,53.93,9129.0,19.459046873237146,-154.90426325768647,19.235183748117038,3.5
2022.0,3.0,26.0,9.0,15.0,5.73,9130.0,19.483325959771964,-155.45830596951478,17.762049808574492,2.8
2022.0,4.0,15.0,20.0,12.0,49.67,9133.0,19.253623763655057,-155.34228098338994,33.97929615978181,3.0
2022.0,4.0,24.0,3.0,45.0,51.83,9134.0,19.51110703660061,-155.76607437267148,12.88600746940688,3.3
2022.0,7.0,19.0,12.0,6.0,34.69,9135.0,19.074119023126293,-155.5858164968844,36.04239384197555,2.7
2023.0,1.0,23.0,21.0,2.0,1.42,9139.0,20.2120670725986,-155.8731022734325,13.00974750243818,2.6
2022.0,8.0,23.0,5.0,40.0,2.83,9140.0,19.52997968150824,-155.91087697012378,19.837360289684455,3.6
2022.0,9.0,22.0,9.0,25.0,17.82,9141.0,19.572898758250403,-155.91038713810372,34.160147414581175,3.7
2023.0,10.0,2.0,8.0,22.0,7.35,9142.0,19.73936573660211,-155.88346829326076,43.57737505396479,2.9
2022.0,10.0,14.0,15.0,47.0,26.69,9143.0,19.96288377859494,-155.74593632347674,24.45105365592245,2.6
2022.0,11.0,30.0,20.0,20.0,7.29,9146.0,20.0715271232322,-155.73272362914565,21.44928626072766,3.4
2022.0,11.0,26.0,4.0,12.0,0.33,9148.0,19.910209868970124,-155.71169563087483,13.017299921093786,2.5
2023.0,2.0,3.0,23.0,23.0,16.01,9155.0,19.685113133273603,-155.0627648300155,8.639220888263,2.8
2023.0,3.0,6.0,22.0,32.0,14.91,9156.0,19.75968048680612,-155.48813132445454,4.475227438268069,2.5
2023.0,7.0,25.0,11.0,11.0,29.76,9157.0,19.24046111208651,-155.80733130263562,2.5636609749864254,2.9
2023.0,3.0,9.0,5.0,55.0,53.85,9158.0,19.17669288052916,-155.66473094880033,26.64258048499501,2.7
2023.0,3.0,4.0,16.0,6.0,13.93,9159.0,19.27139591140543,-155.63618507880832,20.734497897273418,2.6
2024.0,7.0,22.0,13.0,39.0,54.72,9160.0,19.223042635765577,-155.80018040649298,17.68940049257269,3.5
2023.0,3.0,4.0,20.0,14.0,52.59,9161.0,19.300350268372508,-155.7488562222169,38.87045276639194,2.6
2023.0,3.0,13.0,19.0,9.0,15.05,9165.0,19.154580743092662,-155.68005693891357,42.53425071773251,2.9
2023.0,5.0,21.0,18.0,52.0,13.35,9169.0,19.729611202406904,-155.71138754218163,27.221065019961884,2.7
2023.0,4.0,17.0,14.0,10.0,27.47,9171.0,19.47694258362461,-155.69671176250142,30.589426723305884,2.6
2023.0,4.0,15.0,12.0,54.0,1.42,9176.0,19.83441926524655,-155.81613571561155,24.686802650093554,3.7
2023.0,8.0,6.0,21.0,46.0,34.52,9177.0,19.834484199142768,-155.81380081419104,20.247876588419384,3.0
2023.0,7.0,26.0,19.0,53.0,2.05,9179.0,19.83653902143389,-155.4674843099604,29.46131067185533,3.4
2024.0,5.0,29.0,20.0,19.0,13.8,9183.0,19.86687980317842,-155.20139795049698,41.1034707911836,3.1
2024.0,6.0,10.0,13.0,16.0,45.5,9184.0,19.527641831400462,-155.20628934526687,42.791912761902665,2.6
2023.0,7.0,21.0,20.0,52.0,44.59,9187.0,19.17500212550858,-155.43968737328416,4.226232449265834,2.8
2024.0,2.0,22.0,7.0,27.0,15.39,9190.0,19.4636065691914,-155.12019572652565,19.381274422757826,2.8
2023.0,9.0,13.0,16.0,53.0,42.43,9191.0,19.37502016144533,-155.26517636803158,3.9951998120092767,2.7
2023.0,8.0,23.0,5.0,58.0,17.21,9192.0,19.04920203851355,-155.65095030348613,39.29735311671986,3.6
2023.0,9.0,2.0,22.0,51.0,5.01,9196.0,19.701703370469986,-155.63332641018377,6.138660351546173,2.8
2023.0,9.0,8.0,5.0,50.0,14.71,9197.0,19.437003286266368,-155.24013717309117,42.240559925389086,2.6
2023.0,10.0,16.0,17.0,34.0,31.9,9199.0,19.85931746663604,-155.27366428341725,12.734372717055026,2.7
2023.0,11.0,7.0,21.0,39.0,8.88,9201.0,19.288779805373363,-155.31668327485417,3.1599530275315812,3.6
2023.0,11.0,8.0,9.0,13.0,27.15,9202.0,20.109942040032795,-155.5602255808883,40.13306350628814,2.5
2024.0,1.0,20.0,10.0,21.0,52.57,9208.0,19.5814534148088,-154.89344427820964,21.45059166500309,2.7
2024.0,1.0,23.0,17.0,5.0,47.84,9209.0,19.53308458173702,-155.66418520477768,22.282265348644838,2.5
2024.0,1.0,22.0,14.0,54.0,0.51,9210.0,19.53172192593608,-155.64857830287235,19.3650298659961,2.9
2024.0,2.0,3.0,11.0,34.0,46.66,9211.0,19.53944211411798,-154.91939769831487,34.81703860792011,3.3
2024.0,2.0,12.0,15.0,31.0,11.16,9213.0,19.58587528130575,-155.27097900197742,21.32984579226372,3.1
2024.0,7.0,31.0,21.0,29.0,6.22,9232.0,19.402683099376123,-155.5497203876042,38.48936928249597,2.6
2024.0,7.0,27.0,23.0,44.0,44.1,9234.0,19.530243246928467,-155.42356333316494,42.10864236836424,3.2
2024.0,11.0,5.0,1.0,45.0,58.56,9236.0,19.747173742565707,-155.11110792000767,3.4499954558778607,2.6
2024.0,8.0,14.0,23.0,9.0,58.27,9237.0,19.738031863451816,-155.11393251484367,25.925313792352025,2.5
2024.0,9.0,2.0,6.0,48.0,37.55,9238.0,19.97825844640144,-155.66730137604335,26.16523500586711,3.4
2024.0,10.0,22.0,3.0,41.0,18.79,9244.0,20.11453062969847,-155.85462875140587,38.30671825290335,3.2
2024.0,11.0,23.0,12.0,59.0,14.71,9246.0,20.00609850611824,-155.39270265374287,42.18539514922658,3.2
2024.0,12.0,19.0,21.0,2.0,6.58,9247.0,19.99802934330933,-155.31131346291772,18.97913777149176,2.7
1959.0,10.0,7.0,20.0,54.0,12.37,9248.0,18.971998144143747,-155.7276228937322,15.505826548785254,2.7
1959.0,1.0,25.0,10.0,39.0,14.63,9253.0,19.553667746465823,-155.03466646734486,23.428728061068693,2.5
1959.0,4.0,5.0,0.0,10.0,13.44,9254.0,19.605995695549986,-155.84512604755736,12.998735538393074,3.4
1959.0,4.0,26.0,20.0,49.0,34.37,9258.0,19.74115198933252,-155.6954064805803,18.566045266005627,2.8
1959.0,6.0,23.0,8.0,4.0,27.43,9259.0,19.83452251777276,-155.40852454214087,28.187825515058435,3.9
1960.0,1.0,8.0,0.0,31.0,32.22,9260.0,19.401104541705426,-155.79119933518592,12.030895020569577,3.1
1959.0,9.0,24.0,11.0,50.0,54.36,9262.0,19.53839413893812,-155.9419279946397,24.94042005901236,3.5
1959.0,8.0,26.0,19.0,58.0,12.03,9267.0,20.092885095505167,-155.708988367994,24.775848180936972,3.1
1960.0,12.0,1.0,19.0,1.0,28.36,9268.0,19.06790219600006,-155.6934663577703,22.54408649989501,2.6
1960.0,4.0,3.0,16.0,9.0,53.03,9269.0,19.471269349819824,-155.29933988600098,12.666258472609119,3.4
1960.0,1.0,1.0,19.0,40.0,9.53,9270.0,19.486876946409097,-155.35216434562335,25.066175037596576,2.5
1959.0,12.0,7.0,10.0,54.0,51.09,9273.0,19.501678957399843,-155.05558185002872,7.204688815537981,4.2
1962.0,12.0,9.0,7.0,8.0,17.53,9275.0,19.78564977144724,-155.32009832654583,20.422036236706678,2.5
1959.0,12.0,20.0,10.0,51.0,56.41,9276.0,19.90910317549117,-155.23997084048983,31.803867713154215,3.1
1960.0,8.0,13.0,19.0,56.0,37.02,9277.0,19.123752794781986,-155.5252013968881,29.844558123083047,2.8
1960.0,1.0,2.0,11.0,48.0,27.08,9278.0,19.26323933865011,-155.65057575551234,18.26833765401178,3.0
1960.0,8.0,4.0,22.0,46.0,32.48,9285.0,19.50601380452315,-155.09648118497336,31.79312301106005,2.8
1960.0,11.0,29.0,3.0,26.0,42.66,9287.0,19.43906947761851,-155.15638363702294,14.501858097872866,3.1
1960.0,5.0,31.0,4.0,21.0,27.08,9288.0,19.445064919297486,-155.10693154836264,19.938049326667645,2.7
1960.0,6.0,5.0,9.0,55.0,46.33,9289.0,19.45333424671673,-155.12049449779389,9.250231507887808,2.9
1960.0,3.0,13.0,12.0,51.0,33.32,9294.0,19.54712183169952,-155.01663887256473,8.888394507613073,2.8
1961.0,1.0,10.0,2.0,27.0,40.65,9299.0,19.49216168256272,-155.202996807353,34.2045823004255,3.6
1963.0,8.0,2.0,13.0,44.0,55.35,9300.0,19.44014303065038,-155.2297297477418,23.569968835701076,2.8
1960.0,7.0,13.0,18.0,34.0,59.89,9303.0,19.456288894658496,-155.36652246574047,11.206570713801884,2.7
1960.0,3.0,10.0,7.0,15.0,36.55,9306.0,19.31307585339137,-155.09543268097966,30.528248149573287,2.6
1963.0,6.0,22.0,8.0,47.0,7.72,9310.0,19.49653764556463,-155.22543467504374,28.438323723290548,2.7
1960.0,5.0,21.0,5.0,45.0,41.89,9311.0,19.527357051576683,-155.20779202163703,35.50095631909755,2.5
1960.0,5.0,13.0,6.0,25.0,58.84,9313.0,19.529561084988323,-155.26643351336674,8.009718819964956,2.7
1960.0,4.0,29.0,22.0,24.0,41.64,9318.0,19.4858428053696,-155.10491736219595,44.52365484705069,4.2
1960.0,4.0,28.0,23.0,2.0,14.37,9319.0,19.469077674391183,-155.03688671061263,31.552304523833186,2.7
1960.0,6.0,1.0,9.0,51.0,13.55,9320.0,19.65480119235504,-155.82309013926854,43.28113789145502,2.8
1960.0,6.0,5.0,8.0,31.0,21.77,9322.0,20.016414638911137,-155.72727228714805,28.308580990373883,2.9
1960.0,8.0,31.0,0.0,34.0,8.06,9326.0,19.23736625376946,-155.45472865839946,16.63342836316035,2.5
1961.0,2.0,5.0,7.0,31.0,57.99,9327.0,19.31377358609774,-155.15519990791904,5.224239106355059,3.8
1967.0,8.0,16.0,6.0,40.0,39.95,9330.0,19.682857883486346,-155.52973035957143,1.3057743615569546,2.5
1961.0,1.0,16.0,15.0,46.0,1.26,9334.0,19.706076386888203,-155.535796852415,39.73788553613413,2.5
1960.0,11.0,22.0,16.0,14.0,52.95,9336.0,19.701057350026225,-155.51459848617503,5.895245012857005,2.5
1960.0,11.0,13.0,9.0,3.0,27.54,9343.0,19.65324187886687,-155.50163788170434,4.413467778077289,2.6
1963.0,1.0,7.0,6.0,33.0,8.33,9348.0,19.500130303968525,-155.31683640102256,39.532444830094875,2.8
1961.0,3.0,6.0,3.0,52.0,19.08,9354.0,19.67230894881049,-155.8206017480109,9.989101177005454,2.5
1963.0,9.0,16.0,8.0,5.0,26.88,9355.0,20.18657126670308,-155.8862080807855,27.405797412908413,3.0
1961.0,6.0,18.0,18.0,51.0,25.74,9356.0,19.350877330351725,-155.45802521988597,4.693698899155979,3.2
1961.0,6.0,25.0,6.0,31.0,33.97,9357.0,19.34420377699088,-155.45725566848125,21.239545501163626,2.7
1961.0,7.0,21.0,8.0,17.0,26.28,9363.0,19.52092707199377,-155.05982001732684,19.126805542858495,3.1
1962.0,7.0,27.0,21.0,5.0,35.07,9364.0,19.658677619627195,-155.74939185016942,33.269036145240506,3.4
1961.0,8.0,23.0,18.0,8.0,59.77,9365.0,19.607953309740605,-155.80930603504837,36.58409924104985,2.5
1967.0,3.0,10.0,3.0,3.0,35.07,9370.0,19.87546739625244,-155.41018032078526,39.321023819755446,2.5
1962.0,3.0,26.0,16.0,53.0,1.44,9375.0,19.520046425050754,-155.1267802411589,5.997438477628778,2.6
1963.0,2.0,16.0,6.0,15.0,24.0,9376.0,19.603959508823383,-155.3472075152821,15.635761257368426,3.0
1962.0,4.0,25.0,1.0,49.0,41.21,9381.0,19.414447027653555,-155.33074973461115,6.728385606419421,2.7
1962.0,6.0,28.0,20.0,20.0,26.68,9389.0,19.831743968113017,-155.81157035792887,6.991656268601611,3.2
1963.0,10.0,9.0,18.0,0.0,8.95,9391.0,19.502919496951417,-154.8598756101733,1.00104055977073,3.9
1962.0,8.0,9.0,16.0,34.0,15.04,9397.0,19.64479000571519,-155.72422713365285,15.822959201984936,2.5
1963.0,3.0,12.0,19.0,44.0,47.38,9403.0,19.743376707813976,-155.6780730864419,12.27169831523082,3.1
1962.0,10.0,7.0,18.0,8.0,54.86,9407.0,19.70225164829572,-155.6826285988002,9.111589701364618,2.8
1963.0,1.0,22.0,4.0,36.0,41.97,9409.0,19.74672202760792,-155.72196091503977,21.56806711705184,2.5
1962.0,12.0,24.0,16.0,48.0,27.73,9417.0,19.511783106265764,-155.07912590210688,1.7858496401976747,2.5
1962.0,11.0,30.0,22.0,35.0,3.5,9418.0,19.6265302244668,-155.18528287920677,28.318292885522713,3.3
1963.0,1.0,12.0,7.0,29.0,53.92,9419.0,19.79902202443176,-156.00122487420512,31.3362538144007,2.5
1962.0,12.0,22.0,21.0,30.0,31.28,9424.0,19.81206688226081,-155.89191277337017,19.102287369874265,3.9
1963.0,1.0,31.0,2.0,47.0,1.08,9432.0,19.308574623068925,-155.41883886252398,23.731396551375393,2.6
1963.0,1.0,23.0,0.0,6.0,1.28,9433.0,19.869151511753543,-155.62458498545234,15.869732429889277,2.7
1963.0,8.0,12.0,10.0,48.0,44.62,9436.0,19.635577838593683,-155.66891680548966,23.376258446836054,3.0
1963.0,7.0,14.0,2.0,26.0,43.51,9437.0,19.625309652928703,-155.69450547542058,27.531001152616195,2.5
1964.0,7.0,23.0,2.0,27.0,14.59,9442.0,19.31573585341233,-155.28582266935746,16.138806427774647,4.0
1965.0,8.0,31.0,1.0,15.0,32.33,9444.0,19.33803094710642,-155.28653780952197,1.0849243500460708,2.7
1963.0,7.0,30.0,22.0,30.0,35.14,9446.0,19.88049072947436,-155.4925117836694,9.776345152939243,2.7
1963.0,9.0,1.0,12.0,50.0,36.55,9448.0,19.10530251751368,-155.7884239930163,32.730417884375285,3.0
1963.0,11.0,2.0,1.0,32.0,10.35,9465.0,19.564010023516104,-155.58810680611418,25.237057995548444,3.9
1965.0,7.0,23.0,10.0,40.0,9.47,9471.0,19.34048500517174,-155.62764983435497,30.920266617052793,2.6
1964.0,2.0,6.0,10.0,58.0,34.58,9473.0,19.33288835659325,-155.5770074071772,33.4749427554387,3.0
1964.0,1.0,26.0,2.0,18.0,3.26,9478.0,19.504399610110084,-155.38906681639708,43.375577331973986,2.5
1964.0,4.0,1.0,14.0,58.0,55.61,9488.0,19.37615668500857,-155.45231031813486,27.03014847004826,3.5
1963.0,10.0,6.0,11.0,24.0,33.05,9492.0,19.384182530477293,-155.4997047900981,34.24140815566003,2.5
1963.0,10.0,30.0,23.0,47.0,27.28,9495.0,19.8944848673122,-155.6114090352726,41.952511504113396,2.5
1963.0,10.0,30.0,16.0,21.0,17.53,9496.0,19.87118587193344,-155.64704692885914,39.70953434896429,2.7
1964.0,2.0,9.0,1.0,5.0,17.93,9501.0,19.92285389678998,-155.22295808461362,10.441863251166867,2.6
1964.0,3.0,8.0,20.0,35.0,30.03,9506.0,19.07788366279116,-155.70339887644778,4.259192794258216,2.7
1964.0,3.0,26.0,3.0,16.0,34.36,9508.0,19.66600938143773,-155.41208823510598,25.63864914982439,2.6
1964.0,7.0,5.0,8.0,27.0,28.23,9509.0,19.59531545826174,-155.07974551023037,4.195488370112544,2.7
1964.0,5.0,17.0,8.0,9.0,17.38,9511.0,19.447254395766404,-155.88252495342547,25.003946855963118,3.5
1964.0,6.0,4.0,14.0,16.0,52.6,9514.0,19.41761456917662,-155.3742900152259,31.60117336082609,2.5
1964.0,10.0,6.0,9.0,15.0,29.46,9516.0,19.378294782548227,-155.36526336327526,32.75624067874743,2.5
1964.0,10.0,22.0,6.0,11.0,6.35,9517.0,19.42793919100927,-155.4579508152301,43.538029335717965,2.6
1964.0,9.0,22.0,20.0,35.0,38.7,9518.0,19.376595925976027,-155.37627548346964,5.8337331923391655,2.7
1964.0,8.0,27.0,8.0,13.0,5.49,9520.0,19.92559583417193,-155.43789829052466,26.470411402391882,3.1
1964.0,9.0,14.0,6.0,5.0,36.36,9521.0,19.10807637687176,-155.7512769117803,42.77685515982753,3.5
1968.0,1.0,13.0,13.0,35.0,32.8,9524.0,19.774533421436733,-155.08756302396074,38.025541656813076,2.5
1965.0,1.0,23.0,21.0,54.0,18.71,9525.0,19.47631103523646,-155.59751021484482,36.44206137870939,3.4
1965.0,2.0,9.0,18.0,29.0,7.4,9529.0,19.36387587688829,-155.05380701644845,13.217715426723377,3.8
1965.0,2.0,22.0,8.0,3.0,59.7,9530.0,19.357123699069003,-155.0219266610064,14.219594043968169,3.9
1967.0,2.0,22.0,2.0,0.0,7.05,9531.0,19.605279088229672,-155.2161384703199,26.76974069135568,2.6
1965.0,7.0,19.0,23.0,29.0,0.34,9536.0,19.526772800329365,-155.1247609743928,1.9466038475700493,3.0
1965.0,7.0,23.0,17.0,13.0,27.21,9537.0,19.514850755355667,-155.1174602252452,1.841771125384419,2.8
1966.0,4.0,11.0,18.0,39.0,22.91,9538.0,19.764607890691902,-155.31998925787957,1.712327836574672,3.8
1966.0,8.0,20.0,8.0,54.0,37.56,9543.0,20.048771620729543,-155.45223166334225,3.740388710414781,2.6
1965.0,12.0,21.0,22.0,26.0,18.29,9545.0,20.005490859626462,-155.31051494548632,41.21782050348385,3.4
1966.0,3.0,11.0,16.0,49.0,33.97,9552.0,20.154895829708643,-155.71155907614798,18.65805239965447,2.5
1966.0,4.0,7.0,15.0,44.0,27.33,9556.0,19.616647664168305,-154.93311613953247,10.042094908191608,2.9
1966.0,5.0,9.0,15.0,18.0,7.3,9564.0,19.331484587089665,-155.38046801196705,38.11430385609844,2.5
1966.0,8.0,13.0,19.0,58.0,10.65,9570.0,19.510242446297376,-155.89912723220164,32.88863833477048,2.5
1967.0,6.0,26.0,5.0,9.0,43.55,9572.0,19.548263179647154,-155.8977186791317,37.65396008410338,3.9
1966.0,10.0,10.0,6.0,9.0,49.78,9575.0,19.059536801053284,-155.63104840938533,29.765036839674643,3.1
1967.0,3.0,7.0,1.0,42.0,43.35,9576.0,19.5668536011084,-154.93206852568315,2.857032866309985,2.9
1977.0,11.0,2.0,21.0,56.0,58.45,9578.0,19.581715934206898,-155.01163424988792,9.127155474083082,2.7
1966.0,12.0,28.0,16.0,44.0,27.22,9581.0,20.12699449105341,-155.78390480020116,8.22831075370673,3.9
1967.0,4.0,16.0,22.0,47.0,39.15,9582.0,20.0751468679759,-155.79487219764445,31.85111320980504,2.5
1967.0,1.0,9.0,12.0,59.0,40.71,9583.0,20.091051364983787,-155.80134840580916,29.61612055985537,2.7
1967.0,1.0,15.0,14.0,56.0,13.6,9584.0,19.58878360620016,-155.6421393170057,11.462842479143186,2.5
1967.0,3.0,2.0,18.0,36.0,14.14,9585.0,19.287396040846136,-155.5267084012957,18.786201796572982,3.0
1967.0,4.0,3.0,1.0,26.0,13.05,9588.0,19.780301073054407,-155.2135923865235,20.110484630951927,2.8
1967.0,4.0,6.0,2.0,24.0,38.34,9589.0,18.97093165518315,-155.70497072143596,30.317664344696357,3.0
1967.0,6.0,22.0,10.0,14.0,36.88,9591.0,19.754596596531403,-155.37525526665567,16.878200499107493,2.6
1969.0,2.0,5.0,0.0,34.0,4.62,9592.0,18.96022854149686,-155.66717629401742,37.69917861417808,3.0
1967.0,3.0,19.0,2.0,7.0,15.15,9593.0,19.98679674227873,-155.66356023333398,44.011301127624,3.1
1967.0,3.0,15.0,5.0,42.0,50.34,9594.0,19.48482764782685,-155.58548604693937,30.770304512850707,3.1
1967.0,6.0,26.0,10.0,23.0,43.22,9595.0,19.421062180751548,-155.13923430375348,38.90457969182182,2.8
1968.0,5.0,19.0,17.0,41.0,22.76,9610.0,19.50493287941576,-155.05472654150344,38.14234526658892,2.8
1969.0,3.0,31.0,3.0,54.0,39.12,9616.0,19.561538893696465,-155.10748423079713,8.543355150830184,2.7
1967.0,10.0,14.0,13.0,1.0,6.23,9621.0,19.96884070095518,-155.7569837795195,27.393118793572537,3.1
1968.0,1.0,6.0,7.0,59.0,11.23,9624.0,19.991861655920992,-155.5941631990866,40.71073802183298,3.4
1970.0,9.0,29.0,15.0,5.0,44.57,9627.0,19.950742257724063,-155.5698274856001,15.181897544543943,2.6
1967.0,11.0,9.0,4.0,25.0,6.98,9628.0,20.00421284882829,-155.62064465252269,41.59433040811118,2.6
1967.0,10.0,20.0,14.0,8.0,14.35,9629.0,19.61549882725748,-155.0401786623193,2.7003770831081004,3.1
1967.0,12.0,2.0,16.0,11.0,10.75,9634.0,19.836472245995083,-155.50876810684105,20.462177979295014,3.4
1967.0,11.0,6.0,13.0,19.0,20.14,9637.0,19.70907710109595,-155.3558615013612,5.024966517680109,3.6
1969.0,1.0,30.0,23.0,16.0,5.54,9638.0,19.76836464425057,-155.88050514935594,32.25834984915161,3.5
1967.0,12.0,22.0,10.0,46.0,10.93,9640.0,19.76860652067102,-155.4262748412474,44.15570207284769,4.1
1968.0,4.0,13.0,5.0,7.0,19.03,9645.0,20.022412211984086,-155.53207374877792,29.902244331208262,2.8
1968.0,7.0,18.0,21.0,24.0,19.27,9647.0,19.705009097813672,-155.10872175910367,7.8382537722164365,2.6
1968.0,6.0,21.0,15.0,58.0,35.42,9649.0,19.695254937054024,-155.08114979240813,10.601061077170824,2.9
1978.0,7.0,16.0,5.0,16.0,52.42,9657.0,19.79847381451709,-155.10393783299185,18.193027344308565,2.7
1968.0,11.0,13.0,22.0,15.0,54.16,9669.0,19.86822150178304,-155.6344137438203,21.85920995162376,3.0
1969.0,3.0,1.0,7.0,57.0,40.61,9670.0,19.719277951121946,-155.396987482321,19.942591531976756,2.5
1969.0,6.0,6.0,16.0,30.0,39.97,9671.0,19.89513424070084,-155.30675320166708,13.059571456391671,2.6
1969.0,7.0,23.0,1.0,3.0,44.13,9676.0,19.67469771208635,-155.18853564768114,8.840625007356618,2.9
1972.0,1.0,9.0,19.0,42.0,53.34,9685.0,19.822518948880777,-155.4383906013924,43.9821306954757,2.9
1969.0,10.0,4.0,2.0,42.0,21.88,9690.0,19.71808751679308,-155.30876098134038,8.213013505647409,3.1
1969.0,11.0,5.0,0.0,3.0,57.91,9693.0,19.549886312654937,-155.29034371431092,35.900005938430155,3.7
1969.0,11.0,21.0,1.0,53.0,40.28,9694.0,19.9718520648114,-155.58804994001198,26.129521238979354,2.6
1970.0,2.0,9.0,2.0,7.0,3.74,9708.0,19.96040675164839,-155.83030524208152,42.83575550489267,3.0
1969.0,12.0,18.0,12.0,56.0,51.5,9711.0,20.11542463728428,-155.61911409089305,5.060887712050871,2.5
1971.0,10.0,30.0,19.0,42.0,34.38,9716.0,19.839165669944432,-155.157886317054,28.26276031443018,2.8
1971.0,9.0,29.0,22.0,11.0,5.68,9717.0,19.25727219522013,-155.65278478180787,29.334920300932133,3.3
1970.0,4.0,21.0,14.0,4.0,3.43,9719.0,19.210022695485826,-155.73193750407526,9.227958638988706,3.2
1970.0,3.0,12.0,6.0,45.0,58.43,9720.0,19.21680525964525,-155.6863751042265,37.40739489334578,3.5
1970.0,1.0,20.0,0.0,30.0,49.54,9721.0,19.644191713479334,-155.33228703643272,21.861491067663376,2.6
1970.0,3.0,2.0,14.0,32.0,11.08,9722.0,19.505851863100265,-155.75626670228164,19.285581635272898,2.8
1970.0,3.0,25.0,11.0,29.0,55.08,9723.0,19.642122652151937,-155.9533218468851,18.535835583493046,2.5
1970.0,10.0,15.0,1.0,22.0,46.96,9724.0,19.49341914027788,-155.62869148879582,36.74033711062701,3.4
1970.0,7.0,15.0,2.0,21.0,40.13,9726.0,19.47505237423136,-155.6459155045529,17.84153680153956,3.4
1970.0,7.0,28.0,11.0,40.0,35.53,9728.0,19.41137583118769,-155.18683933868988,24.563510366384428,3.0
1970.0,10.0,27.0,1.0,8.0,47.04,9735.0,19.94416364426246,-155.5457009940883,42.182020728475095,2.5
1970.0,12.0,20.0,10.0,29.0,2.84,9738.0,19.409097406022426,-154.97363381711554,29.991808341848635,3.5
1970.0,12.0,18.0,8.0,24.0,16.04,9739.0,19.412848253230592,-154.9655943689071,2.6649155290718554,2.5
1971.0,1.0,21.0,3.0,49.0,14.94,9741.0,19.80100624867268,-155.46314392647358,9.820402018451363,2.5
1971.0,1.0,16.0,19.0,11.0,28.62,9742.0,19.76413988093133,-155.40914710832516,7.121085704127799,2.6
1972.0,10.0,2.0,17.0,3.0,39.31,9745.0,19.91652848781746,-155.31699313090374,44.42801564276467,3.0
1971.0,5.0,31.0,10.0,39.0,17.41,9747.0,19.975202602608903,-155.66694964464116,22.04717803866505,3.3
1972.0,4.0,20.0,20.0,44.0,12.5,9748.0,19.14340147827041,-155.69215800128268,39.19129057737328,3.2
1971.0,6.0,21.0,4.0,7.0,42.98,9751.0,19.033629311344427,-155.56406392260965,9.444919190726662,3.1
1971.0,6.0,23.0,21.0,12.0,58.8,9752.0,19.470291373280475,-154.90443490106375,33.924157790431906,3.0
1971.0,7.0,3.0,15.0,33.0,22.31,9754.0,19.34749472388446,-155.71822015659544,31.246227657197068,2.7
1971.0,8.0,29.0,14.0,7.0,17.29,9760.0,19.65357970390429,-155.75526495529306,41.69543827670329,2.6
1971.0,9.0,3.0,18.0,5.0,26.67,9761.0,19.217125072022704,-155.38770778909662,32.02118690450075,3.4
1972.0,8.0,3.0,23.0,30.0,9.54,9763.0,20.004098512096213,-155.22237325102515,21.7365677413587,2.8
1972.0,8.0,31.0,3.0,10.0,3.87,9764.0,19.97897264573244,-155.27123162785182,7.62370576648434,3.2
1977.0,6.0,27.0,5.0,39.0,12.37,9774.0,19.397807610773803,-155.4602075830301,16.179211998143906,2.9
1972.0,1.0,15.0,1.0,49.0,17.71,9779.0,19.90940598329401,-155.53851012090135,6.797259203941897,2.5
1972.0,6.0,8.0,12.0,36.0,31.23,9783.0,20.023411779559176,-155.50729351986092,25.49134010962132,3.0
1972.0,6.0,26.0,4.0,3.0,0.12,9784.0,19.944072340807413,-155.19289850013868,43.46812348698543,2.5
1972.0,6.0,8.0,19.0,57.0,56.29,9785.0,19.951095531711022,-155.18323125017233,10.099110928958535,4.3
1972.0,8.0,16.0,14.0,59.0,14.01,9787.0,19.9287050456228,-155.1973755383977,1.8992311375250783,2.8
1973.0,1.0,24.0,7.0,11.0,33.46,9792.0,20.106513585940395,-155.6475326186991,1.0562705868872433,2.6
1972.0,6.0,19.0,8.0,31.0,6.63,9794.0,19.477198700848994,-155.32753931795273,34.4412431635924,2.7
1972.0,10.0,13.0,17.0,45.0,11.34,9801.0,19.534362966238305,-155.80258731540252,34.55611288744292,2.7
1972.0,10.0,12.0,17.0,31.0,52.06,9803.0,19.57129202247101,-155.8221849351276,16.565809878960124,3.7
1972.0,11.0,22.0,19.0,40.0,6.63,9804.0,19.318512581861185,-155.73126066354322,4.505081079792593,3.0
1972.0,11.0,30.0,7.0,40.0,57.04,9807.0,20.024714466586698,-155.43425503641697,15.319718943500389,2.7
1972.0,11.0,28.0,6.0,13.0,51.17,9809.0,19.869704962496293,-155.63847783089977,26.640440379236395,3.1
1972.0,12.0,23.0,21.0,15.0,29.3,9810.0,19.8685719828718,-155.62773276650208,25.58128661321173,3.2
1973.0,3.0,12.0,10.0,14.0,13.96,9812.0,19.89788003178229,-155.35285605903286,38.09154980731565,2.5
1973.0,2.0,25.0,23.0,59.0,6.53,9813.0,19.05231626120891,-155.64342733479893,3.6037076494167035,2.8
1973.0,3.0,2.0,17.0,21.0,17.11,9814.0,19.77661971144435,-155.61135246745627,1.9594823174746052,2.5
1973.0,5.0,4.0,5.0,5.0,32.15,9820.0,19.44200708329892,-155.9083804374914,35.450069567350496,2.5
1973.0,4.0,15.0,5.0,51.0,5.35,9821.0,20.093343408849304,-155.65389330619772,2.7586103795978656,2.7
1973.0,4.0,26.0,21.0,16.0,8.23,9823.0,19.181748398381707,-155.5433605707546,18.98308451502546,2.6
1974.0,5.0,8.0,7.0,50.0,53.07,9824.0,19.881792405965985,-155.76075558262994,20.96423897290365,2.8
1974.0,7.0,16.0,2.0,24.0,48.21,9827.0,20.07410479629021,-155.5822935268377,20.961708338987663,2.8
1973.0,10.0,12.0,17.0,37.0,45.66,9829.0,19.735119856936137,-155.3145332543838,15.109841962590801,3.4
1974.0,1.0,1.0,10.0,2.0,17.11,9845.0,19.99216688594553,-155.53256744105562,7.959050674841205,2.8
1975.0,5.0,27.0,15.0,49.0,11.74,9850.0,19.744211750110672,-155.38573652405867,19.299364420535817,2.9
1973.0,12.0,11.0,5.0,56.0,52.84,9853.0,19.608812524076388,-155.90691142653677,18.093528950604387,2.5
1974.0,1.0,12.0,14.0,16.0,54.5,9864.0,19.93794308824783,-155.47510796775126,43.7322751265443,3.6
1973.0,12.0,7.0,15.0,42.0,0.13,9865.0,19.8733210892664,-155.37836216845173,15.905256034849204,2.6
1979.0,11.0,22.0,19.0,52.0,55.73,9870.0,19.960709130757035,-155.42303813439753,12.746087280868469,2.5
1974.0,9.0,23.0,8.0,33.0,55.66,9871.0,20.023050794334885,-155.4589031125579,13.68985354095156,2.8
1975.0,7.0,10.0,6.0,26.0,8.73,9897.0,19.828531975253927,-155.7162863151468,32.002213024815745,2.5
1974.0,2.0,21.0,1.0,58.0,54.61,9903.0,20.083781150761112,-155.49854340188287,18.92708155485715,3.0
1978.0,3.0,27.0,21.0,28.0,7.71,9916.0,19.769129256242174,-155.8573541079227,22.67985984840535,3.1
1973.0,11.0,6.0,6.0,45.0,28.07,9924.0,20.039590519473897,-155.37527596969795,11.196934145848939,2.9
1975.0,1.0,13.0,8.0,3.0,0.73,9946.0,20.12030486801506,-155.60957373075112,5.813443871336827,3.0
1974.0,7.0,17.0,16.0,2.0,46.59,9959.0,20.051359927291056,-155.53912845021333,25.073851606693545,2.5
1973.0,12.0,21.0,17.0,21.0,11.82,9964.0,20.09391271129209,-155.68867061120926,29.60470424945753,3.0
1977.0,9.0,25.0,8.0,10.0,41.97,9965.0,20.038178882245,-155.4651961837045,28.258359650942356,2.5
1974.0,1.0,29.0,17.0,1.0,58.52,9968.0,20.06823528323613,-155.7378665025219,1.380333948038277,3.7
1973.0,10.0,12.0,2.0,58.0,31.49,9984.0,19.63747773307702,-155.2885856577442,2.0035895569963964,3.0
1975.0,1.0,25.0,5.0,49.0,35.37,9988.0,20.194282384617235,-155.7823154742124,16.017201322343084,2.5
1975.0,8.0,7.0,1.0,12.0,27.6,9993.0,19.64920112773097,-155.42116971468076,16.688462586378215,2.8
1973.0,11.0,10.0,14.0,49.0,19.68,9994.0,19.70341521498115,-155.40958657748507,37.75022372336953,2.6
1975.0,4.0,26.0,3.0,42.0,4.32,9998.0,20.04477214853064,-155.59650677345851,25.688958195676697,3.1
1978.0,11.0,12.0,19.0,55.0,14.9,10001.0,20.133172458245262,-155.57270262224878,22.57797344755832,2.6
1973.0,10.0,28.0,20.0,58.0,54.95,10014.0,19.81422200761332,-155.659345767112,27.926139352051653,2.7
1974.0,8.0,30.0,4.0,58.0,8.95,10030.0,20.099036992805733,-155.65925898303223,12.247194338197286,2.8
1974.0,10.0,8.0,21.0,44.0,6.78,10033.0,20.02543207948976,-155.6454622110513,42.82775807915903,3.2
1974.0,2.0,14.0,8.0,58.0,6.43,10039.0,19.941821284672184,-155.40644051237413,32.20611958407361,3.0
1973.0,12.0,28.0,17.0,8.0,33.3,10043.0,19.718853599366785,-155.21916403780168,33.40623468492501,2.9
1973.0,12.0,24.0,14.0,54.0,31.59,10047.0,19.9908644435116,-155.70151411022152,39.616148745508795,3.7
1977.0,12.0,21.0,19.0,42.0,55.82,10051.0,19.7957753236214,-155.63421060742263,33.74072722357183,2.8
1977.0,12.0,9.0,7.0,35.0,33.57,10053.0,20.026061054812825,-155.74089036968618,2.250077654179973,3.3
1975.0,1.0,22.0,9.0,59.0,19.72,10073.0,20.10823965876739,-155.60786059668038,43.51810106087448,2.5
1977.0,8.0,1.0,10.0,41.0,8.72,10076.0,20.048629974270423,-155.58061494358287,33.97877669010252,2.5
1974.0,1.0,19.0,18.0,40.0,33.14,10089.0,19.95689666885068,-155.5441658953708,21.45101864657797,3.0
1980.0,10.0,7.0,0.0,28.0,38.52,10110.0,20.14412841310604,-155.64778085327623,4.771156957113211,3.4
1975.0,2.0,12.0,1.0,55.0,22.92,10112.0,20.13543824232657,-155.6046680505401,34.07192454853703,2.7
1974.0,6.0,11.0,7.0,3.0,13.62,10113.0,20.06884382037207,-155.66808629725048,21.536830247484026,2.6
1974.0,6.0,17.0,17.0,7.0,49.12,10118.0,20.11798232054669,-155.64889206501616,16.431790216594607,3.2
1974.0,3.0,27.0,20.0,6.0,40.34,10119.0,20.18147674833376,-155.69258813060668,26.98708562250121,2.5
1983.0,7.0,11.0,17.0,39.0,3.53,10120.0,20.1504138993983,-155.6358655579836,41.39772024699718,2.5
1974.0,7.0,5.0,9.0,11.0,25.27,10131.0,19.98732045508308,-155.49936597977862,26.969231384357983,2.5
1974.0,1.0,1.0,2.0,33.0,46.13,10152.0,20.093853582672608,-155.68378151119668,5.582556885160496,4.1
1974.0,4.0,22.0,23.0,7.0,23.71,10153.0,20.08597558120968,-155.74788679965474,42.442891675244674,2.6
1974.0,9.0,3.0,13.0,20.0,7.45,10164.0,20.078170064875028,-155.46617274777265,14.07490070318497,2.5
1974.0,4.0,7.0,10.0,33.0,11.31,10169.0,20.13839513641108,-155.76505678522068,36.43859008080415,2.6
1978.0,6.0,30.0,17.0,19.0,38.03,10171.0,20.02043090861533,-155.37903816108687,11.031962161373773,2.8
1974.0,5.0,21.0,3.0,33.0,32.57,10173.0,20.044745066214723,-155.33423486849713,38.91521562484865,3.1
1973.0,11.0,13.0,20.0,31.0,19.89,10195.0,19.79826874459616,-155.54716235072533,4.69238146750998,2.9
1973.0,11.0,17.0,15.0,58.0,50.34,10196.0,19.871657032318904,-155.83637767449633,43.052434281015664,2.6
1974.0,3.0,9.0,21.0,37.0,54.21,10207.0,19.463162906284403,-155.04303903808577,9.020568962499416,2.7
1974.0,5.0,23.0,21.0,46.0,8.77,10209.0,19.64083699415148,-155.8158231774277,11.928288328770043,2.6
1974.0,5.0,25.0,4.0,12.0,9.24,10210.0,19.62331795632583,-155.77079344487726,17.10173810664934,2.7
1974.0,5.0,11.0,0.0,43.0,12.04,10211.0,19.738977771513674,-155.19886175597242,37.87692046739493,3.7
1974.0,9.0,24.0,10.0,50.0,54.22,10214.0,19.441256523218502,-155.16395293928497,8.274880796145881,2.5
1974.0,10.0,25.0,23.0,45.0,0.26,10221.0,19.805627313776537,-155.5919584208011,5.383413012921216,3.5
1975.0,2.0,11.0,0.0,2.0,21.0,10225.0,19.418194001077616,-155.04006167209772,37.92533252114568,2.7
1975.0,3.0,8.0,6.0,24.0,32.21,10227.0,19.11128654646006,-155.5412622429736,19.08672149195465,2.9
1975.0,3.0,29.0,18.0,41.0,1.85,10228.0,19.519971623428948,-155.301256804289,35.44715333687661,3.4
1975.0,5.0,19.0,3.0,38.0,26.52,10234.0,19.88578087855369,-155.80993700806386,27.282364637716864,2.6
1975.0,3.0,25.0,4.0,42.0,2.88,10244.0,19.096933149829017,-155.7347566028008,34.739980352422165,2.8
1975.0,3.0,24.0,13.0,9.0,52.65,10245.0,19.219218021189945,-155.71385417158098,6.070870121642024,4.4
1975.0,5.0,27.0,7.0,26.0,7.04,10247.0,19.693898225841576,-155.73928950392454,7.042246974869681,2.8
1975.0,5.0,28.0,2.0,37.0,59.17,10249.0,19.76668053194477,-155.72353376833357,44.00793276789846,3.1
1983.0,1.0,27.0,7.0,2.0,25.8,10254.0,19.40416506331894,-155.6060150275189,30.11766018807018,2.6
1975.0,8.0,9.0,14.0,52.0,4.16,10256.0,19.798532169630885,-155.2626202408963,20.250762332514633,3.6
1976.0,5.0,30.0,12.0,12.0,3.79,10263.0,19.66656632007948,-155.40519439469307,35.84188216990733,2.5
1976.0,4.0,11.0,1.0,32.0,2.85,10266.0,19.81920826313837,-155.15056700436944,12.066485536012191,3.3
1976.0,9.0,26.0,4.0,58.0,1.35,10274.0,19.660502681151044,-155.67236560612403,37.66248728174554,2.7
1977.0,4.0,4.0,9.0,54.0,3.3,10275.0,19.578129621416267,-155.50751451367745,8.682905493169333,2.8
1976.0,8.0,13.0,10.0,47.0,33.08,10276.0,19.56036585544117,-155.33279122059696,27.229750473029434,3.5
1981.0,3.0,25.0,3.0,25.0,19.69,10281.0,19.56690032038116,-154.90141691428636,36.53832832399897,3.0
1976.0,9.0,21.0,19.0,54.0,47.87,10282.0,19.53962308618158,-154.87640508335616,21.533830854411498,2.7
1976.0,9.0,25.0,14.0,36.0,48.62,10283.0,19.382685995172107,-155.00117236628208,31.97166792098472,2.5
1977.0,1.0,10.0,9.0,4.0,47.0,10284.0,19.40068353014715,-155.02672433715856,2.5189591103455102,2.6
1976.0,10.0,18.0,19.0,41.0,38.7,10287.0,19.7364124778654,-155.67370549201658,15.26308254555973,2.5
1977.0,1.0,15.0,14.0,20.0,28.22,10290.0,20.02349694950832,-155.49612980146836,25.08019315656371,2.7
1977.0,5.0,4.0,7.0,37.0,55.21,10292.0,19.716593255037555,-155.64989118016106,37.06380818909121,2.5
1977.0,3.0,4.0,14.0,13.0,37.66,10293.0,19.45651096592353,-155.66267889508603,13.956953420568542,3.0
1977.0,6.0,2.0,13.0,10.0,56.74,10295.0,19.428722236744267,-154.95785784372035,41.35138397436442,2.5
1977.0,12.0,7.0,9.0,16.0,20.41,10296.0,19.344267831948564,-155.08037186865567,13.599312791070979,3.1
1978.0,1.0,11.0,9.0,41.0,25.03,10299.0,19.584112758065466,-155.147218220675,19.817837760675992,5.0
1977.0,8.0,26.0,2.0,26.0,11.49,10300.0,19.49701440041196,-155.12605255797945,20.49616217624313,2.7
1977.0,9.0,10.0,3.0,54.0,23.55,10311.0,19.592076124377414,-155.20323275098772,20.777040025152917,2.9
1977.0,9.0,24.0,22.0,32.0,42.78,10334.0,19.601424545668685,-155.05745580104025,22.163713738196773,4.2
1977.0,5.0,24.0,22.0,9.0,47.7,10358.0,19.54747530987899,-155.4671433655591,1.3518954196146824,2.8
1982.0,1.0,22.0,8.0,13.0,11.45,10365.0,19.57302892645077,-155.14590098142358,6.42586912036695,3.4
1977.0,3.0,31.0,2.0,40.0,28.78,10368.0,19.492518826739563,-155.527218610857,2.7549051899010375,2.6
1996.0,2.0,10.0,1.0,52.0,27.34,10375.0,19.58016458147041,-155.1660806284053,34.93548344272859,2.6
1977.0,9.0,18.0,15.0,10.0,52.53,10380.0,20.002661400694706,-155.3932334306694,20.94970741470203,3.1
1977.0,3.0,17.0,5.0,51.0,27.75,10386.0,19.473471651125827,-155.22108787554026,9.760690223169183,2.6
1977.0,7.0,27.0,16.0,51.0,54.19,10388.0,19.52276398032936,-155.2535903376986,4.416541920519544,2.9
1977.0,3.0,4.0,17.0,17.0,23.93,10389.0,19.57770695692512,-155.3511974433451,27.419754284588567,2.5
1978.0,7.0,29.0,13.0,53.0,10.81,10407.0,19.59454434111547,-155.18494049584442,6.013127453830434,2.6
1977.0,3.0,14.0,18.0,21.0,12.24,10412.0,19.586471876891927,-155.0795439578024,7.93727703321308,2.7
1977.0,6.0,30.0,1.0,2.0,39.44,10414.0,19.39799942253545,-155.4000947739535,22.584202704817436,2.7
1977.0,3.0,9.0,22.0,44.0,30.84,10415.0,19.512972365851432,-155.45930873347982,43.87354663173206,3.2
1977.0,4.0,24.0,13.0,44.0,15.37,10418.0,19.457584597492417,-155.2452884572628,2.69168829635565,3.2
1977.0,6.0,21.0,12.0,0.0,3.0,10419.0,19.453130225651456,-155.47994464343327,11.60153578940628,2.8
1978.0,7.0,31.0,17.0,7.0,28.65,10421.0,19.773225096655583,-155.19604341655275,35.31856791489247,2.5
1977.0,7.0,8.0,12.0,33.0,21.35,10422.0,19.504491012835054,-155.31831934824476,23.636562115766957,2.7
1978.0,4.0,24.0,21.0,18.0,39.0,10425.0,19.49199423807661,-155.01147245084917,3.2162440088481725,3.2
1978.0,1.0,26.0,0.0,40.0,40.93,10431.0,19.52203518588327,-155.16873806818833,13.088385184364299,3.5
1978.0,3.0,27.0,17.0,59.0,9.15,10435.0,19.48231468472025,-155.52236803047813,31.77911452518414,2.6
1978.0,5.0,17.0,1.0,50.0,34.73,10437.0,19.137982469412005,-155.49780490482323,27.059353533804703,2.8
1978.0,12.0,13.0,19.0,17.0,58.43,10438.0,19.83222337989324,-155.76882354317308,42.97692868873548,2.7
1978.0,3.0,25.0,14.0,31.0,4.15,10439.0,19.7693649495723,-155.88991066072427,31.245213569705893,2.6
1979.0,7.0,16.0,8.0,29.0,18.71,10442.0,19.453151371694457,-154.99425434921451,44.30560276910586,2.9
1978.0,8.0,4.0,18.0,52.0,19.62,10443.0,19.45086795522341,-155.00406441102777,42.87656498993947,2.5
1980.0,10.0,25.0,18.0,43.0,10.95,10444.0,19.47142669067613,-155.00070750221803,19.65379552345721,2.8
1978.0,8.0,25.0,0.0,29.0,31.98,10447.0,19.195307710276666,-155.414425222839,27.782264892236384,3.1
1978.0,9.0,26.0,20.0,4.0,13.41,10448.0,19.210639480117663,-155.37730992677706,44.273488062906075,2.8
1978.0,12.0,13.0,12.0,1.0,58.63,10449.0,19.22942953160184,-155.34617042037488,24.291204046549375,3.8
1978.0,8.0,27.0,0.0,47.0,20.45,10452.0,19.32003231713968,-155.38005851785084,16.49127492759421,3.3
1978.0,12.0,9.0,10.0,45.0,57.4,10456.0,19.200010703306383,-155.44060279404349,32.21772008627935,3.0
1981.0,1.0,25.0,22.0,53.0,43.27,10459.0,19.248718169176342,-155.4408300630406,5.0463742622449566,3.2
1981.0,7.0,16.0,18.0,16.0,48.44,10472.0,19.50454688565216,-154.84517611993283,10.850181135300174,2.5
1978.0,10.0,11.0,16.0,20.0,51.99,10482.0,19.17531284636833,-155.53151034577638,3.1046462624128277,2.6
1979.0,5.0,15.0,5.0,18.0,2.33,10483.0,19.63600660270801,-155.84639521989718,29.297104574700562,2.6
1980.0,9.0,2.0,10.0,0.0,38.48,10484.0,19.4321677941026,-155.49480040047214,11.066535352469202,2.5
1978.0,12.0,18.0,1.0,17.0,41.18,10485.0,19.3798235729205,-155.6279893431195,6.990814937467496,2.6
1979.0,10.0,18.0,19.0,19.0,46.01,10486.0,19.846642754695885,-155.13998680976903,7.983199828553589,2.5
1979.0,4.0,28.0,2.0,7.0,42.62,10488.0,19.22655133564097,-155.8146659364606,9.539755407065053,2.7
1979.0,6.0,12.0,4.0,56.0,38.42,10490.0,20.001389344071686,-155.55284463899702,24.589237469895586,2.6
1979.0,9.0,10.0,3.0,33.0,55.28,10491.0,20.0159924438856,-155.55527911655238,15.787818033558253,2.9
1979.0,7.0,22.0,19.0,21.0,22.88,10492.0,19.488026888371564,-155.4139947792246,14.14152294144925,3.6
1979.0,10.0,27.0,20.0,11.0,12.16,10494.0,19.8134547854182,-155.67141433287625,25.107808521363822,2.7
1979.0,10.0,5.0,7.0,47.0,41.08,10496.0,19.389151555606,-155.0464612172706,41.44739223668941,2.6
1980.0,5.0,15.0,11.0,25.0,47.51,10498.0,19.87449267753476,-155.79555765197466,9.902822094283914,2.5
1979.0,11.0,19.0,10.0,28.0,45.88,10499.0,19.69837645284788,-155.748431575005,12.90328005904075,2.6
1980.0,1.0,6.0,19.0,19.0,59.1,10500.0,19.753233259257176,-155.0846037086443,17.236220976832065,2.5
1986.0,11.0,21.0,19.0,7.0,30.71,10508.0,19.166443762039243,-155.45348578493125,17.15756024393017,3.4
1981.0,3.0,30.0,2.0,14.0,12.2,10510.0,19.86017979574209,-155.64515901014738,31.243278200678883,2.7
1980.0,6.0,7.0,10.0,56.0,11.97,10511.0,19.351322791337584,-155.25210801210943,33.03818906439896,2.6
1981.0,6.0,5.0,2.0,55.0,36.91,10512.0,19.48674422251488,-154.93662510978027,44.06253872417062,2.8
1980.0,6.0,25.0,14.0,1.0,16.81,10515.0,19.028013088670857,-155.6166521152346,24.662660699281112,2.5
1980.0,7.0,22.0,6.0,47.0,34.32,10520.0,19.92679390866669,-155.37667179079344,43.15450641462406,2.5
1980.0,9.0,16.0,8.0,32.0,26.91,10523.0,19.161685351649297,-155.72487112390817,18.226038980942374,3.0
1980.0,8.0,14.0,2.0,39.0,56.44,10524.0,19.45247198736932,-155.8246521502792,10.01444188326466,2.6
1980.0,9.0,21.0,13.0,20.0,25.07,10526.0,19.52017985557691,-154.86017581543567,18.848946690089036,2.7
1982.0,6.0,24.0,9.0,35.0,57.6,10527.0,19.52093144891615,-154.96512936138873,32.22025416086929,2.6
1981.0,11.0,28.0,8.0,54.0,28.12,10532.0,19.83981883518236,-155.6850365987767,42.97955445343562,2.8
1981.0,6.0,13.0,6.0,23.0,8.98,10534.0,19.180381836945102,-155.6363683186646,23.218205331685905,3.0
1981.0,3.0,26.0,23.0,25.0,16.67,10536.0,19.279474725309505,-155.74472355740218,10.916581095339932,3.0
1984.0,3.0,25.0,6.0,39.0,39.25,10537.0,19.281130897418585,-155.7493543476685,36.97962694709076,2.5
1983.0,12.0,22.0,23.0,7.0,44.32,10544.0,19.56305498810577,-155.77739893105698,26.090466447996356,2.5
1982.0,3.0,9.0,1.0,55.0,54.83,10545.0,19.593810850923862,-155.77105141938804,31.573102582291586,3.4
1981.0,7.0,22.0,18.0,19.0,13.09,10549.0,18.98869774498645,-155.60441681499222,34.49118691767082,2.6
1981.0,11.0,5.0,17.0,17.0,13.16,10553.0,19.822086329757127,-155.41328926477811,22.64164068721974,2.9
1981.0,12.0,1.0,12.0,18.0,17.76,10554.0,19.217120600662057,-155.80975317534904,32.6668444823181,2.5
1985.0,6.0,1.0,13.0,43.0,35.85,10560.0,19.08657661500446,-155.79145395195687,1.1247078307426537,2.9
1983.0,3.0,28.0,20.0,4.0,58.17,10563.0,19.630632334183428,-155.23338657002998,1.9951729944900962,3.3
1982.0,2.0,23.0,10.0,27.0,42.33,10565.0,19.559199581399287,-154.83371384459997,3.1863788171068745,2.6
1982.0,9.0,20.0,9.0,1.0,14.51,10569.0,19.25345929503728,-155.42516733749753,38.84753290239692,3.8
1983.0,10.0,29.0,15.0,23.0,3.34,10570.0,19.15680079635233,-155.51467068339386,24.062717374482936,2.5
2001.0,9.0,20.0,6.0,23.0,17.04,10572.0,19.676365222782287,-155.17119244494097,35.161185628600336,2.5
1982.0,8.0,1.0,12.0,35.0,9.9,10574.0,19.53587380700716,-155.80885997844635,42.42861053581963,4.4
1982.0,8.0,24.0,8.0,27.0,51.82,10575.0,19.559923893219928,-155.74473391662875,42.84733651948408,2.5
1982.0,8.0,21.0,23.0,22.0,38.63,10576.0,19.547858294990966,-155.79724763989313,39.00463227054629,3.5
1982.0,7.0,25.0,10.0,14.0,17.86,10577.0,19.62629904352729,-155.8067070448133,36.5744015741706,3.1
1996.0,12.0,25.0,6.0,59.0,37.17,10579.0,19.577440567424983,-155.41738879357175,5.140297524661504,3.0
1982.0,11.0,18.0,10.0,1.0,33.81,10581.0,19.023376289787205,-155.57765805497905,43.608596497506134,2.9
1982.0,10.0,31.0,6.0,24.0,12.94,10582.0,19.153770830576264,-155.52474907909888,9.91136570943607,2.9
1983.0,7.0,13.0,15.0,45.0,34.72,10583.0,19.23477117298664,-155.80129718646737,26.653264322848432,4.6
1983.0,2.0,16.0,23.0,58.0,3.54,10590.0,19.431156352049964,-155.68559489029107,2.4857019875106885,3.7
1983.0,10.0,24.0,9.0,48.0,37.54,10592.0,19.406207278153463,-155.70588749158685,42.22551373128699,2.6
1983.0,2.0,1.0,12.0,7.0,7.63,10593.0,19.434957672906616,-155.68773001264253,43.28802142520834,2.6
1983.0,2.0,3.0,18.0,1.0,42.1,10595.0,19.531503601389808,-155.7568158811627,26.4007307748138,3.2
1984.0,10.0,12.0,16.0,17.0,45.83,10596.0,19.729669912861866,-155.83920967875267,18.025328890681312,2.7
1983.0,3.0,6.0,15.0,41.0,52.22,10600.0,19.87663536168204,-155.26725755410106,36.15218136242669,3.2
1983.0,3.0,7.0,12.0,34.0,19.77,10602.0,19.838704638163204,-155.209317734532,28.75695479307681,2.5
1986.0,7.0,12.0,2.0,6.0,41.86,10604.0,19.820516187434784,-155.22545875837167,5.018697472402226,2.5
1986.0,7.0,10.0,4.0,23.0,1.05,10605.0,19.81956434005414,-155.2648753372496,9.168682234622311,2.6
1983.0,4.0,15.0,3.0,49.0,13.05,10610.0,19.49911599145674,-154.96276639944608,2.137900238114861,4.0
1983.0,7.0,28.0,16.0,40.0,45.63,10612.0,19.922848057970967,-155.30200963867287,34.37456597773794,3.0
1983.0,6.0,8.0,21.0,3.0,37.0,10613.0,20.007723547541104,-155.27865915900605,17.149424214915783,2.5
1984.0,1.0,21.0,23.0,16.0,41.44,10616.0,19.906987346519102,-155.29285221225467,24.843497600256768,3.0
1983.0,4.0,16.0,11.0,56.0,39.27,10618.0,19.8546756018202,-155.29367494432097,12.512901935085067,2.8
1983.0,6.0,4.0,5.0,2.0,11.38,10621.0,19.480505117389804,-155.5847635760439,29.375773560309092,4.2
1983.0,9.0,14.0,10.0,29.0,51.82,10632.0,19.969238117682096,-155.47881840979008,13.548771637929882,3.2
1984.0,3.0,10.0,16.0,22.0,0.74,10636.0,19.40348007155388,-155.0224175807569,9.485756056722721,2.5
1983.0,8.0,10.0,22.0,1.0,2.63,10641.0,19.543501640686408,-154.8131139473011,42.18713714503187,2.5
1983.0,10.0,11.0,1.0,57.0,40.11,10645.0,19.638135186275136,-155.68009225279246,10.345898257282922,3.2
1983.0,10.0,16.0,23.0,29.0,14.93,10646.0,19.502369591792085,-155.7241153141928,37.32655845272013,2.9
1983.0,10.0,6.0,17.0,57.0,59.42,10651.0,19.5092535378457,-155.68458618399202,44.42768187947332,2.7
1983.0,11.0,29.0,9.0,28.0,32.21,10653.0,19.88945085760585,-155.16086804138268,11.854324793843793,3.3
1984.0,2.0,29.0,1.0,49.0,52.66,10658.0,19.5260030601248,-155.22524038776083,28.705921977826787,3.5
1984.0,3.0,14.0,13.0,52.0,46.72,10659.0,19.5306240133699,-155.21110330478703,20.24776558365072,2.6
1984.0,11.0,4.0,1.0,22.0,58.52,10667.0,19.56223928219872,-155.2395806344163,17.13462256051716,2.6
1984.0,6.0,24.0,2.0,44.0,50.35,10668.0,19.51268644056797,-155.2525764350573,23.540932250066966,2.9
1984.0,8.0,20.0,15.0,24.0,7.5,10669.0,19.74813308582826,-155.37615209170468,14.72621644666903,3.7
1984.0,8.0,27.0,3.0,38.0,23.89,10670.0,19.57904104689845,-155.68931395402788,3.175726145028348,2.6
1993.0,8.0,2.0,11.0,35.0,35.12,10671.0,19.148246932187856,-155.83027285484698,35.487035774188556,2.6
1986.0,12.0,15.0,10.0,41.0,43.58,10672.0,19.165661647249845,-155.83195867359322,26.52060814363525,3.6
1984.0,10.0,14.0,11.0,44.0,14.16,10676.0,19.703973103295432,-155.99847680215606,26.789030429221196,2.7
1984.0,10.0,12.0,22.0,13.0,4.61,10677.0,19.70506015960983,-155.98426913454566,13.549986839961438,2.5
1984.0,10.0,13.0,2.0,1.0,13.09,10678.0,19.630085207654464,-155.95197866146663,24.588689123252905,2.5
1984.0,10.0,21.0,14.0,18.0,22.56,10679.0,20.0053390149209,-155.71314899790042,5.639840436670475,2.9
1984.0,12.0,3.0,17.0,1.0,2.8,10684.0,19.223036435645515,-155.87223591267545,38.95915537217894,2.5
1992.0,7.0,12.0,15.0,26.0,34.59,10706.0,19.051259469044982,-155.87007007604203,37.303876795652904,2.5
1986.0,10.0,20.0,3.0,32.0,15.29,10708.0,19.238993575124827,-155.7274972598672,14.123516968396183,2.7
1986.0,3.0,4.0,2.0,39.0,48.58,10710.0,19.11243513021931,-155.74368649362236,19.23702659047701,2.9
1986.0,4.0,19.0,18.0,42.0,29.46,10722.0,19.06392583069742,-155.87517443052317,21.75174658596021,2.6
1986.0,2.0,1.0,10.0,55.0,30.93,10726.0,19.2537868156115,-155.8587834725366,34.81784233320408,2.6
1986.0,2.0,7.0,9.0,51.0,12.81,10732.0,19.290712858008405,-155.6925863356511,36.62419511349453,3.0
1986.0,2.0,5.0,12.0,31.0,29.31,10733.0,19.135151336842767,-155.83836250968218,4.930769467512336,3.2
1986.0,3.0,17.0,3.0,10.0,7.5,10735.0,19.31135532480595,-155.5196711784736,2.7199128164895185,2.8
1986.0,2.0,19.0,11.0,13.0,44.25,10740.0,20.09623766822132,-155.7154779435975,34.71964024086631,3.7
1986.0,2.0,28.0,8.0,10.0,47.45,10741.0,19.72288660831468,-155.29599102472562,37.39066785578428,2.9
1986.0,8.0,4.0,3.0,52.0,3.89,10744.0,19.70511782442679,-155.4845650568187,21.115914154423532,3.1
1986.0,10.0,1.0,5.0,11.0,51.39,10753.0,19.697686789388843,-155.10929547639293,22.554012014148906,3.6
1987.0,1.0,24.0,14.0,55.0,7.76,10759.0,19.617437729419496,-155.71404367198025,25.62516103424048,3.5
1993.0,2.0,16.0,19.0,29.0,51.23,10767.0,20.002618698222005,-155.5175361814122,5.138922988290975,3.1
1987.0,7.0,22.0,4.0,4.0,16.02,10768.0,19.817069482098297,-155.74621800397844,14.087142805262223,3.1
1987.0,4.0,29.0,19.0,42.0,44.78,10769.0,19.98980957166108,-155.46811681385836,25.660131853268197,3.3
1997.0,7.0,23.0,17.0,1.0,24.03,10776.0,19.61607296631757,-155.64836553296752,11.219820898456295,2.7
1987.0,3.0,31.0,7.0,29.0,56.74,10783.0,19.415515515706563,-155.7742976725079,14.345643217506176,3.4
1987.0,4.0,14.0,7.0,51.0,19.0,10785.0,19.63035203327992,-155.7077476585332,13.690199677440708,2.8
1987.0,4.0,3.0,5.0,48.0,41.7,10787.0,19.903184207306875,-155.16474633369458,6.414372932414285,2.7
1987.0,7.0,10.0,13.0,53.0,46.48,10791.0,20.084531580873747,-155.74148937018202,36.76815827401741,2.8
1990.0,5.0,28.0,6.0,37.0,53.83,10793.0,20.12877198984799,-155.74192042570647,19.24097325276132,2.6
1987.0,8.0,16.0,9.0,17.0,22.21,10794.0,19.105767887656462,-155.63094201108123,32.07442209482923,2.5
1987.0,5.0,28.0,21.0,29.0,41.31,10795.0,19.52258417626527,-155.22504406742004,21.57062114869049,2.7
1987.0,5.0,6.0,11.0,28.0,2.25,10796.0,19.374591052162952,-155.21601405501195,33.116670957710184,2.7
1987.0,5.0,31.0,23.0,34.0,49.48,10798.0,19.555277010114537,-155.63805419713347,23.059152685686907,3.8
1988.0,1.0,2.0,5.0,53.0,45.7,10799.0,19.55178303403181,-155.63023018068623,28.741701906152034,3.3
1987.0,9.0,19.0,2.0,55.0,59.58,10801.0,20.158497758186435,-155.7556655473427,27.494942858403782,3.0
1987.0,8.0,24.0,11.0,14.0,35.87,10802.0,20.165882994951,-155.72012656080932,21.962579280967688,2.8
1987.0,8.0,17.0,4.0,24.0,42.23,10805.0,20.165779107908804,-155.72495681718024,8.515827881456932,3.2
1988.0,11.0,3.0,23.0,53.0,33.08,10808.0,19.6105489911172,-155.04974480566224,24.41740365011669,3.5
1987.0,12.0,26.0,22.0,49.0,41.27,10809.0,20.01393721501821,-155.43522786515766,7.998642875438922,3.6
1989.0,8.0,4.0,19.0,7.0,22.68,10812.0,19.02309216720757,-155.83575689333668,23.257276951145016,3.7
1987.0,11.0,19.0,11.0,57.0,57.78,10814.0,19.34422679843211,-155.68903858559528,3.886746286298339,3.5
1987.0,12.0,22.0,9.0,5.0,7.75,10815.0,19.4624991207224,-155.48482395109596,40.88254729521507,2.6
1987.0,12.0,17.0,17.0,25.0,18.02,10819.0,19.1902647909351,-155.43637795166336,30.138755615073144,4.3
1987.0,12.0,27.0,21.0,48.0,39.42,10820.0,19.19641071018301,-155.51081305931388,42.255888495524275,2.9
1990.0,1.0,28.0,21.0,54.0,11.27,10823.0,19.38796326703011,-155.3972544766374,26.294692042180415,4.0
1988.0,4.0,24.0,20.0,35.0,20.68,10824.0,19.38563919936073,-155.37141709249514,29.292349505594146,2.8
1988.0,1.0,11.0,3.0,59.0,55.94,10825.0,19.44964220434055,-155.50249054161452,19.916907020478643,2.9
1988.0,1.0,17.0,5.0,16.0,21.99,10827.0,19.40775628998428,-155.36310566882793,36.02248183447712,2.9
1988.0,3.0,5.0,6.0,38.0,8.3,10828.0,19.39144483191978,-155.4015984049359,15.614231928648502,2.8
1988.0,10.0,13.0,23.0,8.0,30.53,10834.0,19.351003880832657,-155.3916566951263,15.408139664460398,2.5
1988.0,3.0,29.0,9.0,28.0,8.27,10838.0,19.35707814563913,-155.4486094918067,27.2149480932798,3.3
1988.0,5.0,22.0,3.0,29.0,12.06,10839.0,19.35805954961855,-155.45492218712496,17.829672742551697,2.6
1998.0,4.0,1.0,7.0,41.0,22.01,10846.0,19.077927115028448,-155.60197232429144,42.187632356754904,2.7
1988.0,5.0,17.0,21.0,29.0,32.31,10847.0,19.173892009268013,-155.543469294058,38.321819450633235,2.5
1989.0,1.0,9.0,3.0,40.0,55.91,10854.0,20.10044567864229,-155.8497066428224,17.844177418316967,2.9
1989.0,1.0,15.0,19.0,34.0,44.66,10857.0,19.5381933186192,-155.35632049003706,31.64393375417696,2.5
1989.0,1.0,22.0,12.0,24.0,9.99,10860.0,19.621387365245617,-155.20915952357535,38.173786601798675,4.2
1989.0,2.0,5.0,4.0,10.0,8.16,10865.0,19.39042078825537,-155.30036389180898,4.7316903577390415,2.6
1989.0,3.0,6.0,12.0,56.0,20.92,10870.0,20.13734494537324,-155.7135058367664,35.92117563125417,2.5
1989.0,4.0,30.0,3.0,10.0,50.29,10877.0,19.31205871084209,-155.2633175832378,20.07352310698164,2.7
1989.0,4.0,19.0,23.0,58.0,58.61,10881.0,19.28908298749861,-155.26026439832216,27.828154965216836,3.1
1995.0,2.0,23.0,22.0,52.0,24.16,10885.0,19.62813566067709,-155.60713854991303,28.084785064286876,2.5
1997.0,1.0,18.0,0.0,28.0,43.7,10889.0,19.648349012212897,-155.61198274310834,22.999819303172018,2.6
1990.0,1.0,8.0,23.0,11.0,44.54,10890.0,19.619113741298893,-155.6221931750419,17.42206740737065,4.0
1990.0,1.0,17.0,8.0,49.0,44.58,10891.0,19.625166414311728,-155.6163042901038,17.371032493401977,2.9
1989.0,5.0,29.0,11.0,39.0,47.24,10895.0,19.318460278172683,-155.5915340044643,10.822219661950466,3.0
1989.0,11.0,11.0,15.0,22.0,57.48,10898.0,19.634107309946053,-155.20036023967097,25.18570728825235,3.5
1989.0,7.0,16.0,10.0,40.0,57.91,10899.0,20.09800988428112,-155.6326259654498,26.49983454840119,5.1
1989.0,7.0,14.0,8.0,49.0,52.12,10900.0,20.149957032393,-155.6405733066151,10.254901846768156,3.4
1989.0,7.0,23.0,17.0,6.0,54.21,10901.0,19.47852804294234,-155.90163537971011,22.007068032730174,3.1
1989.0,9.0,30.0,5.0,59.0,24.88,10902.0,19.815964913989664,-155.9128973335813,42.731764575517076,2.5
1989.0,8.0,5.0,13.0,46.0,21.95,10903.0,19.50946612951725,-155.69218438416527,15.897015363041003,2.6
1989.0,9.0,10.0,10.0,31.0,2.18,10907.0,19.991088449630222,-155.60314506036073,44.209955755709906,3.2
1989.0,12.0,3.0,20.0,31.0,46.94,10913.0,19.274912037650047,-155.6680172827805,19.00200259802451,2.8
1990.0,1.0,11.0,21.0,36.0,58.31,10914.0,19.479591135109583,-155.620492132066,17.051030018806465,3.4
1990.0,6.0,13.0,1.0,20.0,43.54,10915.0,19.169714239567423,-155.7342232681581,39.08144551943323,3.1
1990.0,5.0,7.0,9.0,30.0,33.49,10920.0,19.18802638263652,-155.42402404133574,20.364516992926077,2.5
1990.0,5.0,5.0,14.0,47.0,30.69,10924.0,19.53835085729097,-155.36000566316784,19.850758210830904,3.3
1991.0,8.0,3.0,5.0,6.0,57.15,10925.0,19.871898582899814,-155.88760497510228,9.593829790820623,3.7
2002.0,3.0,29.0,18.0,52.0,22.18,10926.0,20.05628742879568,-155.60866437041204,19.74597989860492,2.9
1990.0,7.0,27.0,21.0,7.0,38.01,10927.0,20.084284029218257,-155.7180269040437,9.573661937554771,3.3
1990.0,7.0,1.0,9.0,10.0,32.93,10928.0,20.08044541616802,-155.7182959301062,29.1839288046429,3.4
1990.0,7.0,29.0,8.0,51.0,13.47,10933.0,19.837292583912514,-155.17135186461564,28.574274377183848,3.3
1990.0,10.0,1.0,16.0,56.0,23.93,10934.0,20.01839640667397,-155.49041355793938,26.56027344214042,2.7
1990.0,10.0,4.0,18.0,13.0,36.23,10938.0,19.334047836277183,-155.3961215644937,30.61397588901254,3.0
1990.0,11.0,8.0,15.0,45.0,41.19,10939.0,19.38149505482331,-155.42349856463858,42.140133647159054,2.5
1990.0,9.0,23.0,5.0,33.0,36.72,10944.0,19.364302551728898,-155.26582413642265,28.37883733475606,2.6
1990.0,9.0,19.0,16.0,50.0,0.82,10945.0,19.669098713990945,-155.2685724420911,21.580809219055112,3.2
1990.0,11.0,17.0,6.0,53.0,2.96,10949.0,19.81057302535373,-155.42633799063069,12.361451091633166,3.5
1991.0,5.0,16.0,6.0,22.0,32.1,10958.0,19.42784107432472,-155.38300337127873,29.95463709659473,2.5
1992.0,6.0,4.0,10.0,38.0,48.78,10963.0,19.65369532787567,-154.98844420906573,39.6693175404112,3.4
1991.0,4.0,15.0,4.0,49.0,7.98,10969.0,19.13185293856176,-155.88437387014548,26.81413527425365,3.0
1994.0,4.0,26.0,16.0,14.0,1.96,10970.0,19.124736178047023,-155.8931550977066,23.823098449510283,2.7
1992.0,8.0,6.0,10.0,50.0,41.66,10981.0,19.89328165151989,-155.3437233645168,12.303914397325602,4.0
1992.0,5.0,22.0,0.0,33.0,26.01,10982.0,19.8938190350308,-155.3455140825902,35.58790713093453,3.3
1993.0,3.0,5.0,2.0,9.0,52.34,10986.0,19.107571694387023,-155.70247633164587,43.39470669716704,3.4
1992.0,10.0,2.0,4.0,14.0,26.15,10991.0,19.60527288102482,-155.7581020846419,25.974555102359627,3.1
1992.0,12.0,2.0,1.0,10.0,20.96,10992.0,19.1587421235061,-155.76077130190586,5.481996628656007,3.1
1992.0,12.0,22.0,15.0,15.0,23.8,10996.0,19.45597582787269,-155.4355883265397,13.233578782827411,2.7
1992.0,12.0,25.0,6.0,47.0,27.45,10998.0,20.100641651017728,-155.51857934637076,6.836825157752767,3.6
1992.0,12.0,31.0,4.0,49.0,2.04,10999.0,20.04598028970388,-155.49640704128092,44.787430545537774,2.8
1993.0,1.0,18.0,9.0,34.0,43.49,11000.0,20.07804739167405,-155.46961612174422,14.734904751048369,2.6
1992.0,12.0,30.0,6.0,43.0,17.46,11001.0,19.59847965578381,-155.56176067826638,4.697746681822344,3.0
1993.0,4.0,13.0,11.0,7.0,50.72,11003.0,19.588726715665143,-155.51229241735967,27.818585561927083,2.6
1993.0,6.0,22.0,12.0,48.0,12.17,11007.0,19.01829505310836,-155.72037260473542,34.87893659045635,3.8
1993.0,9.0,6.0,4.0,49.0,46.41,11009.0,19.0482991541556,-155.7354589683639,34.901783067297636,2.6
1995.0,5.0,13.0,4.0,38.0,15.81,11010.0,19.584065752840576,-155.08581853961476,11.178583227015453,3.0
1993.0,7.0,19.0,19.0,31.0,13.33,11012.0,19.95653662746006,-155.6237798145538,33.95625697970308,2.6
1993.0,9.0,19.0,8.0,45.0,38.52,11013.0,19.98321142774746,-155.5151997183992,1.372187516630849,2.7
1993.0,11.0,30.0,8.0,50.0,48.37,11014.0,20.02227680429584,-155.3378059417409,7.43205829093845,3.0
1993.0,11.0,8.0,3.0,56.0,31.28,11015.0,19.51146944048526,-155.64561755722133,29.516373972948916,3.1
1993.0,12.0,28.0,12.0,55.0,10.97,11017.0,19.55206240887209,-155.7200399665426,22.888482682082707,2.7
1994.0,1.0,2.0,20.0,38.0,57.16,11019.0,19.608222726148743,-155.74170883572583,6.0498789367798675,2.5
1994.0,1.0,19.0,3.0,53.0,12.55,11020.0,19.614246078757866,-155.7726390715349,19.13993235724172,3.4
1994.0,1.0,3.0,6.0,50.0,24.51,11022.0,19.585833952408656,-155.73168032163193,41.233618096290435,3.4
1994.0,3.0,26.0,9.0,31.0,37.45,11025.0,19.55327298613252,-155.7753143919224,38.87130573090575,3.5
1997.0,10.0,12.0,9.0,56.0,24.97,11034.0,19.52044624540162,-154.9926466399537,40.5045528163083,2.6
1994.0,7.0,21.0,23.0,25.0,8.77,11040.0,19.99768393195777,-155.36617776315364,10.448934209235492,3.0
2003.0,11.0,1.0,1.0,41.0,35.6,11044.0,19.160611126943927,-155.89650495534465,13.4108372406096,2.5
1994.0,9.0,19.0,12.0,54.0,2.92,11050.0,19.346877747117546,-155.08766970936756,23.721006315440803,3.1
1996.0,2.0,17.0,19.0,0.0,56.17,11054.0,19.50016423886253,-155.18759662240294,4.522139192777194,2.5
1995.0,9.0,11.0,13.0,25.0,18.02,11057.0,19.29427635387246,-155.69530582188983,29.031261114651418,3.2
1995.0,6.0,11.0,23.0,31.0,9.73,11058.0,19.3266952405841,-155.72644097838216,19.181280968218278,2.7
1995.0,6.0,24.0,22.0,55.0,53.43,11060.0,19.78772749806058,-155.2702978907178,29.383415272469044,2.6
1995.0,10.0,9.0,23.0,24.0,52.56,11061.0,19.52915040335432,-155.1308543390943,4.956635596581373,2.6
1995.0,11.0,7.0,23.0,6.0,2.76,11063.0,19.799937881732784,-155.21894368816336,29.09194609628875,3.3
1995.0,12.0,9.0,21.0,9.0,59.15,11067.0,19.92650002383145,-155.5195864009052,17.504630939650138,4.2
1996.0,2.0,28.0,13.0,19.0,0.75,11069.0,19.78090962645897,-155.35041913341215,14.27209435246106,3.2
1996.0,4.0,9.0,16.0,50.0,1.92,11072.0,20.106233078521267,-155.5849517677361,32.99359087659778,2.7
1996.0,5.0,7.0,18.0,47.0,48.49,11073.0,20.120887615782465,-155.59482922584118,43.471458112113964,2.6
2000.0,2.0,29.0,1.0,51.0,33.04,11074.0,19.33818648872556,-155.11044767114572,42.547194307539755,3.2
1996.0,10.0,10.0,2.0,14.0,38.83,11076.0,19.6605098097764,-155.73517541705513,6.149756221615248,3.2
1996.0,12.0,23.0,20.0,41.0,9.63,11081.0,19.531143556595467,-155.67317453012146,29.25274911509308,3.0
1996.0,11.0,27.0,7.0,19.0,1.67,11083.0,19.6643393251844,-155.74899474147372,32.1021070471151,4.1
1996.0,12.0,10.0,22.0,50.0,35.68,11084.0,19.78386348500865,-155.28699067959408,16.053941127945006,2.9
1996.0,12.0,15.0,20.0,30.0,39.73,11085.0,19.78374530397001,-155.28420083179347,7.612605842070963,2.7
1997.0,10.0,7.0,22.0,28.0,14.29,11089.0,19.413171297378334,-155.32155809338525,44.34339012101841,2.5
1997.0,4.0,2.0,7.0,6.0,50.07,11092.0,19.631722269178148,-155.1904023278308,41.051868197759795,4.6
2018.0,1.0,13.0,13.0,28.0,38.95,11095.0,19.0906356079372,-155.8414919143335,25.054892776972164,2.8
1997.0,4.0,27.0,12.0,12.0,46.78,11098.0,19.28268700642004,-155.8589051461409,27.502972392717233,3.7
2000.0,3.0,5.0,5.0,34.0,38.28,11100.0,19.479377244101705,-155.8310007772495,18.864177118124896,3.2
1999.0,7.0,14.0,8.0,10.0,58.61,11104.0,19.58275114084859,-154.98625163301074,43.81727329578134,4.0
1997.0,11.0,7.0,14.0,43.0,44.54,11105.0,19.50427536940049,-154.97210262602584,38.7395013047418,2.9
1998.0,8.0,3.0,3.0,32.0,14.02,11109.0,19.536879637735893,-154.9726696640513,5.465518944555534,2.5
1997.0,8.0,16.0,22.0,29.0,40.67,11112.0,19.34116492363184,-155.37160374361898,44.414483649957354,3.1
1998.0,4.0,25.0,8.0,15.0,45.6,11115.0,20.09605435576591,-155.51431362060734,40.26986174871782,3.0
1998.0,5.0,3.0,10.0,30.0,18.52,11116.0,20.086486749442383,-155.4994222605381,28.630670836353804,3.1
1997.0,12.0,8.0,0.0,19.0,31.96,11118.0,19.51381999177168,-155.85019662974466,21.628374062798205,3.1
2000.0,2.0,14.0,0.0,24.0,41.06,11119.0,19.599630213045693,-155.86667378977307,2.3244403244888123,2.5
2002.0,12.0,15.0,22.0,10.0,33.25,11127.0,19.6044976902139,-155.4807808619025,19.388070001754368,3.1
1998.0,1.0,7.0,17.0,33.0,9.97,11128.0,19.52972583969239,-155.469124819831,34.3156565949248,2.9
1998.0,1.0,31.0,2.0,13.0,38.61,11132.0,19.18536198624003,-155.61082304341238,9.157195842434628,2.6
1998.0,1.0,24.0,12.0,34.0,58.24,11136.0,19.172436197808203,-155.81857747753492,40.547485528890604,2.7
1998.0,3.0,1.0,15.0,7.0,47.06,11144.0,19.22216991143005,-155.69691062368375,23.057046060952775,2.9
2000.0,4.0,5.0,7.0,49.0,37.4,11146.0,19.43976865886221,-155.64869435187836,41.62737620396193,3.1
1998.0,4.0,20.0,5.0,50.0,38.79,11152.0,19.32948721982996,-155.426916341565,14.220332457845139,3.5
1998.0,6.0,2.0,21.0,56.0,22.64,11157.0,19.89125405761327,-155.5621740770834,43.98597753599996,3.1
2001.0,11.0,2.0,18.0,15.0,50.19,11158.0,19.714672245249872,-155.45094233979356,16.447757356194145,2.7
1998.0,9.0,3.0,21.0,8.0,56.3,11168.0,19.25614967488724,-155.38093426632952,27.96935111591106,2.6
1999.0,8.0,27.0,12.0,39.0,33.51,11170.0,19.183558783994528,-155.4516770783736,4.075386144140531,2.5
1998.0,11.0,1.0,19.0,17.0,26.46,11172.0,19.658133969759493,-154.98314580357774,6.010745924437622,2.8
2003.0,5.0,5.0,11.0,41.0,38.62,11174.0,19.58144414784141,-155.5152542841881,14.242542330069817,2.5
1999.0,9.0,18.0,0.0,3.0,2.18,11178.0,20.178376129806075,-155.76401874738096,38.0672726660172,2.5
1998.0,11.0,28.0,19.0,37.0,31.35,11181.0,20.198884107624,-155.80007469078876,11.956147122771501,3.1
1998.0,12.0,25.0,13.0,29.0,28.93,11183.0,19.375785820934173,-155.13672817354615,40.4116060656308,3.1
1998.0,12.0,10.0,2.0,59.0,0.72,11184.0,19.2560900602608,-155.6321840934409,40.73224958379373,3.6
1998.0,12.0,14.0,0.0,38.0,58.25,11185.0,19.31222981376913,-155.60347091291013,19.73697897501435,2.6
1999.0,4.0,25.0,23.0,42.0,47.29,11188.0,20.18817877178221,-155.75453227136308,41.174931680260144,2.9
2000.0,8.0,30.0,11.0,57.0,30.28,11196.0,20.18417158441365,-155.73394101596074,38.97563088174979,3.6
1999.0,5.0,3.0,11.0,50.0,41.04,11198.0,20.05988411965946,-155.80507508404057,35.043631348127114,2.8
1999.0,4.0,22.0,3.0,10.0,19.44,11200.0,20.10863307844708,-155.8236239019828,34.77583910744978,2.9
1999.0,5.0,15.0,7.0,50.0,53.59,11201.0,19.743012141845988,-155.75620301105124,12.394428511158793,2.9
1999.0,8.0,16.0,23.0,9.0,20.07,11202.0,19.521566178012552,-154.98414707448083,30.296165379880357,2.5
2008.0,4.0,15.0,4.0,54.0,3.15,11203.0,19.4845676751058,-155.53814318335276,19.264068591154302,2.5
2008.0,2.0,21.0,14.0,31.0,56.72,11204.0,19.48422915403512,-155.54083637482714,1.9212653378179558,2.8
2000.0,4.0,14.0,10.0,10.0,40.42,11205.0,19.06582032395656,-155.56446360375614,5.225516731115037,2.5
2001.0,4.0,3.0,15.0,48.0,46.76,11208.0,19.156375646223943,-155.81666502473033,2.0680974043989098,3.2
1999.0,12.0,28.0,18.0,44.0,11.42,11210.0,20.148903720986464,-155.7045435290243,1.763747099143591,2.6
2000.0,10.0,24.0,9.0,29.0,25.97,11212.0,20.034500732622377,-155.60241727102542,10.760199981722923,2.7
2000.0,1.0,6.0,21.0,55.0,1.66,11215.0,20.03944189242097,-155.6375901551863,9.044192166818434,2.6
2001.0,6.0,1.0,13.0,46.0,13.99,11219.0,20.067702088123507,-155.5530444097866,41.462146801215916,2.6
2000.0,2.0,24.0,22.0,20.0,59.34,11222.0,20.01022706024403,-155.66325239666557,41.324704849672734,2.5
2000.0,2.0,13.0,7.0,45.0,40.17,11225.0,20.09771516535696,-155.5822595390549,16.61666154648907,2.5
2000.0,11.0,22.0,21.0,2.0,17.36,11230.0,19.95900006292619,-155.62530322972057,23.35711196353154,2.7
2012.0,1.0,3.0,22.0,34.0,21.56,11235.0,20.008625725050663,-155.59807725515265,6.976794691813705,2.5
2000.0,9.0,18.0,2.0,25.0,59.72,11238.0,20.0674670787181,-155.57789959018845,29.456362163844368,3.0
2000.0,9.0,4.0,11.0,9.0,29.97,11244.0,20.05864426048285,-155.58509356713228,15.814255862630576,2.8
2001.0,2.0,13.0,17.0,36.0,9.25,11246.0,20.11143870582448,-155.58882753616118,38.62947254408418,2.8
2000.0,1.0,27.0,3.0,17.0,32.52,11247.0,19.88728276065738,-155.14896420211377,12.542008562676099,3.2
2000.0,1.0,26.0,4.0,35.0,25.07,11258.0,19.726021746999475,-155.27602717277406,11.51177095410024,2.7
2000.0,4.0,12.0,15.0,53.0,40.67,11260.0,19.620144112301023,-155.180581312536,4.251837182811542,2.9
2000.0,11.0,13.0,10.0,36.0,29.87,11261.0,19.324067851817805,-155.1751551706537,36.9749462868833,2.6
2000.0,8.0,28.0,4.0,53.0,36.24,11266.0,19.271463496917136,-155.87386527146018,20.19111262563412,2.9
2000.0,10.0,2.0,5.0,18.0,37.06,11267.0,19.5297495718835,-155.18986820682397,28.238098256988618,2.7
2001.0,2.0,12.0,22.0,43.0,45.92,11269.0,19.246547385032144,-155.34625823372758,5.317263883471762,2.8
2000.0,12.0,29.0,6.0,5.0,32.56,11270.0,19.253740018765544,-155.39652250802163,6.406653557626322,2.9
2001.0,1.0,11.0,9.0,18.0,4.3,11271.0,20.04444868516316,-155.33500253114065,28.698785349925387,2.7
2001.0,1.0,2.0,19.0,17.0,11.36,11273.0,19.83399245178544,-155.29901891113883,6.790010768142434,4.1
2001.0,1.0,3.0,13.0,5.0,0.48,11276.0,19.476912154960576,-155.58855700645725,40.687722652612194,3.4
2001.0,1.0,9.0,2.0,38.0,49.99,11278.0,19.38206512318276,-155.32975183330782,7.9336526213256,2.9
2001.0,4.0,21.0,11.0,53.0,10.89,11280.0,19.963839203321392,-155.41158285014856,42.961466386547855,2.6
2001.0,5.0,13.0,10.0,44.0,43.86,11284.0,19.220831719410462,-155.59859436056945,32.7074905709226,2.7
2001.0,8.0,25.0,11.0,11.0,5.64,11286.0,19.69824408584193,-155.15479851888074,15.793276546831198,3.0
2002.0,7.0,10.0,1.0,34.0,32.82,11288.0,19.455507478173587,-155.81839470707413,36.234230582734426,3.1
2001.0,11.0,17.0,20.0,50.0,51.03,11290.0,19.37043771442887,-155.52578845266447,12.119652300448864,3.6
2005.0,5.0,16.0,0.0,39.0,45.22,11292.0,19.100723810903705,-155.60238371075218,31.199902244986966,2.6
2001.0,11.0,23.0,17.0,43.0,47.47,11294.0,19.09456308525981,-155.72099453631824,44.414164616826554,2.5
2008.0,6.0,15.0,21.0,12.0,56.34,11296.0,19.058000434314284,-155.70910029987652,27.995253420851473,2.7
2010.0,6.0,6.0,21.0,45.0,17.62,11300.0,19.07354233053765,-155.72899308595342,35.05036478323286,3.4
2005.0,9.0,3.0,20.0,21.0,22.8,11301.0,19.09518947046317,-155.64202900047667,4.408708634134382,2.7
2005.0,9.0,15.0,22.0,2.0,9.63,11304.0,19.047636301903207,-155.79212713761817,19.01474832562877,2.6
2002.0,5.0,27.0,17.0,6.0,7.86,11307.0,19.161622476476925,-155.67705729146016,34.24016973083694,3.1
2002.0,8.0,31.0,19.0,29.0,50.46,11309.0,19.14436081610584,-155.71547501349812,31.584217951473565,2.6
2002.0,2.0,20.0,18.0,59.0,7.98,11310.0,19.120981568841863,-155.75207549178356,29.26690842133059,2.6
2001.0,12.0,24.0,18.0,53.0,0.07,11312.0,19.19295562502851,-155.68747376906558,41.79802034347677,3.0
2002.0,5.0,20.0,20.0,42.0,16.43,11314.0,19.793316410015244,-155.98044238716776,31.137099361734798,3.6
2002.0,8.0,8.0,21.0,20.0,41.2,11315.0,19.67052677636757,-155.53528451624356,9.587779899495384,3.4
2003.0,4.0,22.0,11.0,6.0,43.16,11316.0,19.672408487947127,-155.5697546334629,40.98234352048516,2.8
2006.0,1.0,1.0,17.0,21.0,22.59,11317.0,19.12065121745656,-155.70755434591288,9.32861365732867,3.2
2003.0,1.0,24.0,15.0,29.0,51.63,11319.0,19.24976107194138,-155.82131221592078,41.8733454056296,3.1
2002.0,10.0,22.0,7.0,26.0,47.06,11322.0,20.019293562738856,-155.55970217074568,30.63412385117102,3.1
2005.0,9.0,21.0,7.0,44.0,51.06,11323.0,19.997760688087187,-155.58236941708242,11.86184124578017,2.7
2002.0,11.0,27.0,8.0,24.0,37.61,11324.0,20.24522428427131,-155.86407563963903,33.59212607435437,3.0
2003.0,1.0,15.0,22.0,14.0,31.29,11325.0,19.87934871068793,-155.1066384255181,7.045564491598524,2.6
2004.0,5.0,8.0,0.0,24.0,39.39,11327.0,19.21337889751001,-155.70838674237842,19.128601554588307,2.8
2004.0,10.0,5.0,22.0,28.0,40.7,11328.0,19.394788562878528,-155.71346560369724,40.078442991655834,2.6
2003.0,3.0,8.0,12.0,36.0,2.02,11329.0,19.516462791959896,-155.55572295121252,26.581285609927736,3.0
2003.0,3.0,8.0,16.0,35.0,59.08,11331.0,19.373331507279666,-155.59661065780787,18.531708576743082,4.2
2006.0,6.0,28.0,11.0,49.0,36.26,11332.0,19.782631845761788,-155.6419900050467,31.25024523395472,3.2
2003.0,5.0,13.0,21.0,53.0,46.4,11334.0,19.37648478261925,-155.22586728569985,7.660451693611373,4.2
2004.0,1.0,4.0,13.0,36.0,50.68,11337.0,19.145003602119512,-155.5948294981077,36.613813373938584,3.5
2003.0,8.0,2.0,22.0,56.0,29.6,11338.0,19.75237207664225,-155.4743412475223,24.179615318122945,3.7
2004.0,6.0,20.0,18.0,39.0,26.7,11341.0,19.6191636805729,-155.47609053997402,31.943132754053106,2.5
2004.0,7.0,7.0,11.0,45.0,40.77,11351.0,19.72817930715912,-155.30674913363967,21.436512916119813,3.2
2005.0,2.0,9.0,10.0,47.0,1.2,11353.0,19.74172192716224,-155.28740334847222,18.886728775893108,2.7
2012.0,3.0,21.0,13.0,38.0,55.21,11357.0,19.65965380833256,-155.34564450774556,21.947562953228136,2.5
2004.0,3.0,6.0,9.0,3.0,58.64,11359.0,19.695850125670844,-155.30804742196872,30.304511107359897,5.6
2004.0,2.0,29.0,4.0,52.0,38.97,11366.0,20.06490846820968,-155.64188261152492,35.33937441127192,4.5
2004.0,3.0,16.0,3.0,12.0,25.76,11371.0,19.772157455209555,-155.33462815033766,22.123142736103254,3.5
2009.0,4.0,21.0,22.0,18.0,43.7,11380.0,19.64209972082646,-155.2057292602601,36.79813940915517,2.7
2004.0,3.0,11.0,13.0,50.0,55.04,11382.0,19.791707541928258,-155.2616770006213,26.3767982933705,3.6
2004.0,3.0,19.0,17.0,47.0,45.56,11384.0,19.50080002482353,-155.44096730772426,6.654410358875534,2.9
2004.0,7.0,12.0,0.0,54.0,11.58,11388.0,19.69195024965905,-155.35392627255052,41.22745115650002,3.5
2004.0,3.0,31.0,18.0,35.0,13.7,11389.0,19.68745087719894,-155.34488012283256,18.366409462017216,3.3
2004.0,4.0,30.0,10.0,48.0,20.75,11398.0,19.902946569418496,-155.7093677640607,7.023967342251925,2.5
2004.0,3.0,25.0,23.0,7.0,16.43,11405.0,19.977493049564995,-155.8297142925638,18.59745909690119,2.6
2004.0,5.0,16.0,21.0,24.0,44.1,11406.0,19.89715478409733,-155.79180343355966,7.534637686803395,2.6
2004.0,7.0,12.0,9.0,22.0,47.58,11410.0,19.62282788118245,-155.24601895369392,42.96057676686509,2.5
2004.0,6.0,15.0,9.0,17.0,52.37,11414.0,19.30542392761368,-155.83231481133654,41.00063064332831,2.5
2004.0,11.0,17.0,23.0,38.0,49.71,11415.0,19.320295674606832,-155.77153079814602,31.17012793655587,2.6
2006.0,3.0,9.0,8.0,51.0,33.92,11417.0,19.823644718510725,-155.86966122549387,44.36209892558552,3.0
2004.0,5.0,26.0,15.0,59.0,6.63,11419.0,19.62322624415472,-155.08102275503737,31.016066710700652,2.8
2004.0,7.0,27.0,0.0,52.0,6.68,11421.0,19.31281651855218,-155.39085377757752,22.88457750627912,3.2
2006.0,10.0,6.0,23.0,45.0,13.07,11426.0,19.50082668494608,-155.09604505807891,23.32591610210643,2.5
2004.0,12.0,16.0,6.0,38.0,0.55,11427.0,19.807711922168977,-155.50480345093283,19.831764934649115,3.3
2006.0,8.0,17.0,9.0,16.0,21.37,11430.0,19.62891109079294,-155.61526622244966,36.74180524565333,3.0
2007.0,1.0,29.0,7.0,32.0,5.08,11436.0,19.729891443366817,-155.74879510311882,13.891741700323841,2.6
2006.0,6.0,10.0,12.0,43.0,18.08,11437.0,19.727623149586908,-155.73453054044896,34.39770909247132,2.7
2005.0,2.0,14.0,11.0,35.0,7.8,11441.0,19.525822549494663,-155.8825409290466,5.537654041205485,3.0
2005.0,2.0,1.0,17.0,44.0,7.96,11442.0,19.710952525522035,-155.80001103760736,39.831478110542804,2.9
2005.0,6.0,14.0,7.0,50.0,24.11,11446.0,20.11757842578369,-155.7496311691637,25.25993096461905,2.5
2005.0,3.0,28.0,0.0,53.0,23.26,11447.0,19.534547440779804,-155.35029315980276,22.03741083571847,3.0
2012.0,10.0,3.0,17.0,53.0,21.46,11448.0,19.52580900282333,-155.3228650059452,42.45384838747995,3.5
2005.0,5.0,3.0,6.0,9.0,31.37,11456.0,19.757860468069183,-155.79958551335451,9.992449489642244,3.2
2005.0,4.0,19.0,15.0,48.0,58.12,11457.0,19.609328445768146,-155.89115317127653,26.384378821437057,3.5
2008.0,5.0,15.0,9.0,30.0,53.32,11458.0,19.77611290053172,-155.76598738055358,15.15330179746486,4.5
2005.0,6.0,25.0,4.0,49.0,49.32,11460.0,19.860007890983184,-155.1201376643139,5.339350345658749,2.9
2010.0,7.0,22.0,20.0,44.0,15.98,11462.0,19.071806474794432,-155.56512750978078,33.46979293616186,2.8
2018.0,3.0,21.0,18.0,15.0,40.01,11465.0,19.322053103603064,-155.5418542865772,14.882962206858767,4.4
2005.0,7.0,13.0,19.0,34.0,44.32,11466.0,19.07580251325281,-155.5553016741925,5.152338100786345,2.7
2005.0,11.0,14.0,8.0,5.0,25.54,11467.0,19.48343438506532,-155.54455008076314,32.431302083226356,2.7
2006.0,9.0,7.0,23.0,48.0,44.82,11468.0,19.466281845974127,-155.5496148368662,34.52731647781577,2.8
2005.0,12.0,19.0,15.0,16.0,30.75,11469.0,19.446784670332057,-155.55626220464495,32.99080002807179,3.3
2005.0,8.0,22.0,16.0,15.0,30.62,11471.0,19.299452416971217,-155.68850498592215,4.929543214259317,3.6
2005.0,9.0,9.0,3.0,23.0,37.75,11473.0,19.47165609606401,-155.5515344346894,42.72574085111748,2.5
2009.0,6.0,4.0,20.0,45.0,10.31,11476.0,19.38870146091877,-155.64441763554504,16.260234976881023,2.7
2007.0,11.0,28.0,7.0,14.0,56.49,11478.0,19.68364546656404,-155.74531605163523,29.248185603913743,2.7
2005.0,8.0,22.0,6.0,41.0,48.16,11479.0,19.68205410467917,-155.76557454813565,22.35646784710794,3.3
2005.0,8.0,12.0,1.0,53.0,16.05,11483.0,19.715491520518075,-155.59922168454275,1.2532236960269025,2.6
2006.0,5.0,16.0,3.0,13.0,56.57,11484.0,19.782376705509822,-155.9787651051123,2.8804062657964766,3.2
2005.0,11.0,22.0,14.0,4.0,17.88,11486.0,19.664810140443866,-155.5277843806866,23.16715514478822,3.2
2006.0,1.0,25.0,8.0,52.0,42.61,11488.0,19.02489289865125,-155.6768620582769,34.92872832076489,2.8
2006.0,4.0,19.0,8.0,42.0,11.97,11491.0,19.127367245924223,-155.62073911194466,10.47792203472961,3.5
2006.0,7.0,28.0,14.0,37.0,23.76,11494.0,19.13291753278392,-155.61272928524116,7.167019929856768,2.5
2006.0,7.0,2.0,19.0,43.0,7.2,11499.0,19.266817645456623,-155.21635034598148,8.68217637186785,2.7
2007.0,2.0,5.0,15.0,58.0,51.05,11500.0,19.32385037522904,-155.19734499740233,26.909490664396355,2.5
2006.0,10.0,10.0,13.0,4.0,25.34,11501.0,19.26408712295625,-155.40766421736538,4.078542745567566,2.5
2015.0,3.0,21.0,7.0,29.0,23.25,11503.0,19.70057131861532,-155.8444495324366,6.8584274245627626,2.7
2007.0,1.0,18.0,18.0,30.0,27.61,11506.0,19.502229522545647,-155.30099656039442,29.751560046905936,2.9
2007.0,2.0,23.0,5.0,33.0,41.77,11508.0,19.995683966526645,-155.72506921667264,6.384101728993345,2.9
2012.0,2.0,12.0,22.0,1.0,38.19,11510.0,19.326632890458608,-155.21785401840714,22.253905445755972,2.7
2007.0,8.0,20.0,18.0,17.0,4.26,11519.0,19.53246140084638,-155.65408701379982,17.086978565464243,3.4
2007.0,8.0,28.0,11.0,39.0,59.49,11521.0,19.52149155516056,-155.6181505554502,5.716764900473775,3.3
2007.0,8.0,28.0,0.0,56.0,27.28,11523.0,19.76552811194827,-155.09880805556656,23.25500543509234,4.2
2007.0,9.0,20.0,5.0,56.0,47.53,11525.0,19.85739305370453,-155.43701920796497,26.64560163123123,3.7
2007.0,10.0,21.0,9.0,50.0,18.07,11526.0,19.457171616568274,-155.64213236148103,37.34891007848501,2.5
2007.0,10.0,25.0,1.0,42.0,31.03,11527.0,19.927834545695,-155.65523832175606,13.660280998456585,2.5
2007.0,12.0,14.0,18.0,17.0,29.91,11531.0,19.563202373873995,-155.59932880031872,13.071485759456756,3.7
2008.0,12.0,21.0,17.0,3.0,58.09,11533.0,19.688360528965664,-155.60909881236117,32.10941379725924,3.2
2007.0,12.0,27.0,15.0,59.0,46.07,11535.0,19.326661396948044,-155.55975365565138,38.77752765442905,4.9
2009.0,10.0,12.0,5.0,0.0,8.59,11537.0,19.376915486392004,-155.50594787502905,4.198142642407351,2.9
2010.0,5.0,3.0,9.0,50.0,10.84,11539.0,19.283821921537346,-155.41214159063517,6.3986217322496035,3.1
2009.0,12.0,8.0,4.0,20.0,6.23,11542.0,19.297924083568056,-155.5179599743715,16.836510328014626,2.5
2008.0,9.0,29.0,11.0,59.0,24.98,11547.0,19.284224362339383,-155.48399979231445,32.26175641063259,2.6
2011.0,5.0,29.0,22.0,40.0,56.51,11549.0,19.38427439675485,-155.56822853970155,13.407567176817373,2.7
2007.0,12.0,14.0,1.0,19.0,41.46,11552.0,19.38714115007636,-155.21539458503736,44.30873000850693,2.7
2008.0,2.0,5.0,7.0,21.0,47.37,11555.0,19.278217007187205,-155.52670936322738,7.521762508143873,2.7
2007.0,12.0,24.0,7.0,18.0,34.33,11556.0,19.31459227228749,-155.59707469901537,13.605621124182385,4.2
2015.0,2.0,19.0,11.0,1.0,9.27,11557.0,19.405948554694262,-155.366861679827,30.186730409442767,3.4
2009.0,1.0,9.0,16.0,43.0,33.11,11559.0,19.34485497629425,-155.4987970337066,12.400753672143884,2.6
2007.0,12.0,13.0,3.0,35.0,20.1,11560.0,19.307192121830884,-155.51791163378627,42.86265416269917,5.4
2007.0,12.0,23.0,19.0,49.0,24.45,11563.0,19.84012045504918,-155.61416651526807,15.998584414078614,4.8
2007.0,12.0,23.0,16.0,7.0,13.12,11564.0,19.621792381725605,-155.81861146291683,20.455424790128642,3.5
2008.0,8.0,3.0,0.0,54.0,27.76,11565.0,19.57596425330832,-155.0159316968212,21.54799057681483,3.6
2008.0,6.0,4.0,15.0,4.0,45.48,11566.0,19.63032595495595,-155.65000721681912,10.807275826150645,3.8
2008.0,2.0,9.0,10.0,56.0,57.78,11567.0,19.57037083598544,-155.71264814880402,1.5460818617946437,2.9
2008.0,2.0,28.0,20.0,12.0,53.68,11568.0,19.442238887582093,-155.8683771333101,35.04245539382395,3.0
2008.0,3.0,28.0,14.0,7.0,25.85,11569.0,19.584714882415422,-154.92369017478006,17.277177662237964,3.7
2008.0,5.0,14.0,21.0,8.0,46.07,11570.0,19.35014627196521,-155.1722968094839,38.983767268403966,2.6
2008.0,6.0,28.0,13.0,11.0,57.89,11572.0,20.05092135890709,-155.72141785618751,43.70576813856524,3.9
2008.0,8.0,24.0,20.0,13.0,58.76,11580.0,18.9812428958045,-155.61332191050278,26.943778179979265,2.7
2008.0,12.0,23.0,0.0,45.0,42.39,11583.0,19.24229446302937,-155.5665857160806,21.72241918129356,2.9
2009.0,5.0,18.0,19.0,59.0,15.17,11584.0,19.244004827651523,-155.5396567351372,35.046074091489636,5.1
2009.0,3.0,21.0,13.0,52.0,35.09,11586.0,19.216102435782403,-155.4262905086133,33.937532844404224,2.5
2010.0,5.0,12.0,6.0,14.0,28.84,11592.0,19.27910326334065,-155.42576979302763,25.724865331175565,3.0
2008.0,8.0,12.0,22.0,14.0,28.52,11594.0,19.545184234148124,-155.70821067351508,28.570050383922474,3.3
2009.0,6.0,7.0,6.0,46.0,9.56,11595.0,20.125699600039503,-155.74830700379732,40.765833882281335,2.9
2009.0,4.0,27.0,9.0,31.0,34.35,11596.0,19.779748080614524,-155.4144325781148,2.8435028991786835,2.9
2008.0,11.0,4.0,21.0,19.0,55.97,11598.0,19.06499198504179,-155.82196535891637,39.067398281012885,3.3
2009.0,6.0,12.0,15.0,1.0,10.8,11599.0,19.66180617196488,-155.52447924686408,38.971097192495634,2.7
2009.0,5.0,2.0,15.0,5.0,22.68,11600.0,19.899723067310298,-155.89397119069966,32.244879113037825,2.6
2009.0,3.0,13.0,15.0,38.0,10.31,11601.0,19.89173506884397,-155.91363230709132,5.727434919581118,3.2
2010.0,4.0,23.0,23.0,29.0,52.82,11605.0,19.8686786398139,-155.49039351780556,28.952911761114247,4.2
2009.0,5.0,2.0,12.0,12.0,51.44,11607.0,19.452248926580715,-155.25252283219004,17.13211384640987,2.7
2009.0,4.0,28.0,17.0,18.0,47.9,11608.0,19.639113525784484,-155.40872340653596,6.802989015307356,2.9
2009.0,3.0,19.0,10.0,56.0,41.22,11609.0,19.095180024449792,-155.55167130182843,22.52838122952888,3.2
2009.0,4.0,21.0,17.0,4.0,54.45,11610.0,20.00524609411771,-155.75655457138615,34.60292808090508,2.5
2009.0,6.0,25.0,2.0,49.0,12.6,11611.0,19.583662590175376,-155.60553828924023,11.644144804699676,4.3
2009.0,11.0,23.0,9.0,30.0,49.85,11612.0,19.307329799715827,-155.48386984049617,42.60159689066862,3.0
2009.0,5.0,24.0,5.0,21.0,10.8,11614.0,19.364048656249988,-155.52781655228608,36.055920786417104,2.6
2009.0,5.0,29.0,8.0,35.0,28.82,11615.0,19.35419331948131,-155.53801151815966,34.29072707637093,2.9
2009.0,7.0,30.0,6.0,23.0,27.4,11621.0,19.417737365519585,-155.19291916805878,12.114010491994845,2.5
2009.0,12.0,27.0,7.0,55.0,59.61,11624.0,19.599231232158505,-155.4524104588696,22.3014448961326,2.5
2021.0,11.0,20.0,21.0,51.0,36.57,11625.0,19.586062054443865,-155.0662615183053,21.270799435992174,2.6
2010.0,5.0,10.0,9.0,40.0,22.14,11631.0,19.35432305996006,-155.2927537857377,31.284365022169638,3.0
2010.0,2.0,17.0,19.0,38.0,49.08,11632.0,19.39734116659104,-155.3563856822049,1.8240250015987347,2.8
2010.0,6.0,25.0,2.0,37.0,0.52,11637.0,19.269680943698503,-155.41701504528808,38.6487298717685,3.0
2011.0,4.0,22.0,17.0,59.0,23.58,11638.0,19.49882096428048,-155.1657181318018,27.011333776607827,2.7
2010.0,8.0,27.0,0.0,40.0,31.53,11639.0,19.4362108929656,-155.05824781900154,41.40263160001606,3.2
2010.0,11.0,6.0,0.0,7.0,8.24,11643.0,19.38161094022932,-155.4379376461541,34.868546648586076,2.9
2011.0,1.0,8.0,14.0,14.0,55.07,11645.0,19.36726961973793,-155.42906590781016,34.887453396000836,2.5
2011.0,3.0,22.0,16.0,47.0,36.75,11646.0,19.3692538722334,-155.4181440265731,19.611534086119335,2.9
2011.0,2.0,3.0,6.0,56.0,9.28,11649.0,19.85425218247292,-155.80475848942285,17.208967996286795,2.8
2011.0,7.0,28.0,22.0,30.0,37.83,11655.0,19.88576061752647,-155.873257122734,16.205890432240032,2.7
2011.0,1.0,19.0,11.0,6.0,37.1,11664.0,19.825546953752767,-155.0900227850523,2.0344727717494497,3.3
2011.0,6.0,15.0,8.0,36.0,3.79,11669.0,19.190069226366347,-155.58493421351977,22.04229688505399,3.0
2011.0,4.0,2.0,6.0,18.0,5.19,11670.0,19.41974753180453,-155.78873688463975,41.438768365291814,3.0
2011.0,3.0,16.0,8.0,32.0,14.42,11672.0,19.2582645522388,-155.3470719554519,44.995833157563276,2.5
2011.0,5.0,15.0,0.0,19.0,42.88,11674.0,19.222048111250505,-155.5220203819468,39.80476127033442,2.7
2011.0,3.0,15.0,9.0,43.0,4.48,11675.0,19.2476791844973,-155.82968248358353,16.23996251963254,2.8
2011.0,3.0,16.0,14.0,7.0,32.3,11677.0,20.04729565099834,-155.401149974164,10.859466380193645,2.6
2011.0,6.0,24.0,13.0,32.0,39.87,11678.0,19.185094712882147,-155.41197070364717,3.234350590842545,2.8
2014.0,3.0,31.0,22.0,32.0,20.63,11681.0,19.19688722924738,-155.5092328464846,2.4419338657772944,2.6
2014.0,7.0,27.0,6.0,17.0,19.8,11682.0,19.17915786672601,-155.51285912909478,9.797126660953,2.6
2014.0,2.0,18.0,19.0,57.0,10.05,11684.0,20.061657057555976,-155.77467022270355,29.180702522423644,2.8
2011.0,7.0,23.0,15.0,55.0,35.01,11686.0,19.19572059470885,-155.84684971745102,9.059556257435968,2.7
2023.0,4.0,14.0,11.0,7.0,31.03,11687.0,19.13266926755381,-155.89576183547695,8.748007765361066,2.5
2012.0,2.0,13.0,8.0,20.0,10.93,11690.0,19.35678405734915,-155.4482386503004,18.41153171462353,2.7
2014.0,7.0,28.0,21.0,27.0,0.21,11694.0,19.873735845726088,-155.3759084203388,18.54099972174044,2.9
2011.0,11.0,13.0,19.0,2.0,48.7,11699.0,19.195748941762304,-155.79421462764745,11.885195506549973,3.5
2012.0,4.0,23.0,4.0,57.0,33.21,11701.0,19.750621970637155,-155.86459120946793,15.076955700396326,3.0
2015.0,6.0,24.0,0.0,40.0,1.2,11702.0,19.793829664164925,-155.3541919503494,34.153837876663765,3.4
2013.0,9.0,3.0,23.0,57.0,9.05,11704.0,19.5623331876881,-155.81871027662854,33.67918966763063,3.2
2022.0,5.0,20.0,17.0,24.0,1.69,11705.0,19.55109403769277,-155.8422879419854,33.28254124873727,2.8
2014.0,5.0,16.0,22.0,17.0,35.01,11706.0,19.54644415937958,-155.8482858546656,42.751599872387004,2.6
2012.0,5.0,15.0,2.0,56.0,42.73,11708.0,19.742598726176137,-155.28990584557948,20.521502525046635,2.6
2012.0,5.0,17.0,2.0,24.0,6.47,11710.0,19.92070324237737,-155.19546533597853,20.82265566068846,2.6
2012.0,3.0,27.0,6.0,10.0,35.65,11711.0,19.463672142762107,-155.07240472139648,36.700889942276405,2.6
2012.0,9.0,24.0,6.0,3.0,21.68,11722.0,19.48397127334941,-155.3850174556704,25.320701367398687,2.9
2012.0,9.0,1.0,3.0,16.0,57.56,11726.0,19.586802275951435,-155.9376380723756,3.574035095865008,2.5
2012.0,8.0,22.0,14.0,34.0,44.23,11727.0,20.05535557115394,-155.4031274581839,10.30585301530002,3.7
2013.0,1.0,17.0,0.0,45.0,49.17,11729.0,19.70316289717611,-155.53976264818505,5.899253744815271,2.9
2012.0,9.0,29.0,3.0,27.0,27.8,11731.0,19.55752792499407,-155.6928033582225,2.293235616517441,2.6
2012.0,10.0,8.0,16.0,30.0,15.21,11732.0,19.500222917878663,-155.67336440902918,38.321771467468,2.6
2013.0,6.0,30.0,9.0,33.0,59.28,11736.0,19.78829928660655,-155.39855800513143,17.10692737505546,2.7
2012.0,12.0,12.0,7.0,53.0,40.62,11737.0,19.756805582180075,-155.4155089999301,23.87836009788681,4.1
2013.0,2.0,13.0,18.0,49.0,42.2,11740.0,19.20742107625286,-155.57203803015372,13.163023641418185,3.0
2013.0,4.0,16.0,0.0,50.0,50.65,11743.0,19.18160810663409,-155.56821271420273,31.63964079820378,3.1
2012.0,12.0,27.0,18.0,18.0,0.92,11745.0,20.084655411549672,-155.7606207132077,4.373315896740422,3.9
2013.0,5.0,26.0,0.0,18.0,25.62,11748.0,20.15442788298037,-155.82207242810793,21.069742525621848,2.9
2013.0,4.0,26.0,18.0,11.0,40.44,11764.0,19.43461749987603,-155.01160685283898,10.105061556342719,2.6
2024.0,2.0,6.0,10.0,25.0,39.22,11769.0,19.45017836379562,-154.9437982385822,12.072984445320246,2.9
2013.0,7.0,15.0,22.0,19.0,42.65,11777.0,19.447985810652483,-154.85046023423445,14.76871965043886,2.7
2013.0,12.0,21.0,12.0,41.0,49.89,11780.0,19.909943707034515,-155.2058752037181,21.72183711425362,2.5
2013.0,11.0,8.0,6.0,24.0,34.23,11781.0,19.892068497214204,-155.1798504944415,35.54606392489458,2.7
2013.0,9.0,27.0,15.0,54.0,11.69,11783.0,19.74375631230544,-155.29261424833132,44.682348511274675,2.5
2014.0,12.0,4.0,16.0,31.0,12.08,11784.0,19.30090628004564,-155.7652444128547,12.157433204040387,2.8
2014.0,9.0,12.0,0.0,49.0,3.54,11785.0,19.340962012814465,-155.76842393862594,31.993283015007627,2.6
2014.0,8.0,19.0,12.0,52.0,27.02,11786.0,19.316451837173723,-155.75830437402894,41.58530820190226,2.7
2013.0,12.0,29.0,12.0,0.0,53.79,11791.0,19.372411474329127,-155.68460726381133,39.68277748448377,2.8
2023.0,5.0,10.0,12.0,31.0,16.96,11794.0,19.48734544626394,-154.86361587658254,17.70329251444876,3.0
2014.0,4.0,18.0,14.0,55.0,0.18,11796.0,20.014007601058022,-155.51200233530977,24.688292271469418,3.3
2014.0,5.0,2.0,0.0,54.0,37.02,11801.0,19.65236759471351,-155.78084447644477,43.51783788201419,3.0
2014.0,4.0,8.0,17.0,57.0,44.46,11804.0,19.95079546025744,-155.42081542417395,18.728495905034194,3.1
2014.0,8.0,5.0,2.0,43.0,43.21,11820.0,19.353048721376783,-155.51313165771367,10.64282065918353,2.6
2016.0,12.0,21.0,16.0,40.0,51.15,11822.0,19.480616536804995,-155.6546142508286,4.459553846750076,2.9
2015.0,10.0,13.0,7.0,8.0,53.95,11826.0,19.746089207394128,-155.43908051810683,11.714160350416432,2.6
2014.0,11.0,6.0,3.0,54.0,1.22,11827.0,19.43457346068553,-155.86250810773052,17.982863556880147,2.5
2014.0,10.0,31.0,8.0,24.0,25.8,11828.0,19.430631975588256,-155.5274612466169,26.58003513649308,2.5
2024.0,7.0,10.0,4.0,43.0,16.05,11829.0,20.03987843337729,-155.4354479332203,28.338080838990027,2.8
2014.0,12.0,17.0,19.0,24.0,11.69,11830.0,19.73058443322625,-155.7365082762876,36.960240088586495,2.7
2014.0,12.0,20.0,8.0,36.0,8.06,11831.0,19.89348601470762,-155.24107688444715,38.41476646589324,3.1
2024.0,1.0,1.0,19.0,54.0,11.19,11833.0,19.99304371953753,-155.37555558426922,11.460955489498643,2.8
2015.0,9.0,1.0,15.0,40.0,20.73,11837.0,19.907998780831683,-155.45433819380725,5.909172555796932,2.8
2015.0,7.0,17.0,16.0,54.0,45.03,11839.0,19.99877196585936,-155.43466309624645,25.003028385630845,3.1
2015.0,2.0,28.0,13.0,6.0,1.22,11843.0,19.715269331591152,-155.69344201858104,44.194584166514716,2.7
2015.0,2.0,27.0,9.0,43.0,5.68,11844.0,19.691437854324565,-155.69112552322147,26.75132145058793,3.4
2015.0,7.0,20.0,18.0,28.0,11.91,11847.0,19.605236247512508,-155.43970683967905,9.668619224335401,2.9
2016.0,7.0,25.0,17.0,12.0,35.79,11851.0,19.58802872470748,-155.42605733991846,16.23645213978004,2.7
2015.0,6.0,14.0,2.0,22.0,40.91,11852.0,19.627062182692843,-155.49795121861737,2.6626304877655067,2.8
2016.0,12.0,7.0,15.0,50.0,22.77,11853.0,19.565258016949244,-155.44093816874462,20.948158259220623,3.3
2015.0,12.0,5.0,3.0,16.0,15.9,11855.0,19.564893377671908,-155.51644148103574,30.915497771162467,3.2
2016.0,2.0,24.0,2.0,9.0,31.99,11856.0,19.051231435348665,-155.72287480173645,12.698138520901875,3.1
2019.0,4.0,22.0,2.0,36.0,46.45,11858.0,19.46411900380946,-155.83315252069772,42.16097725686565,2.9
2016.0,8.0,31.0,12.0,45.0,14.67,11859.0,19.47070836261011,-155.83810834805965,12.608642893967957,2.5
2015.0,5.0,31.0,1.0,1.0,10.0,11860.0,19.89753731863189,-155.60298589158234,4.719279259089911,3.2
2015.0,6.0,2.0,10.0,30.0,51.15,11861.0,19.13775501312508,-155.5515467030498,29.393680182579462,3.2
2016.0,2.0,10.0,6.0,20.0,36.84,11864.0,19.77089459370468,-155.7018944771581,15.368056607715303,3.1
2016.0,2.0,10.0,5.0,1.0,20.41,11865.0,19.23189987641871,-155.51090335197208,9.150619580371071,3.6
2017.0,4.0,8.0,8.0,13.0,23.26,11868.0,19.50763729776021,-155.44739182022593,25.73178012115903,2.5
2019.0,7.0,29.0,18.0,44.0,26.41,11876.0,19.510717521024244,-155.32414779015014,8.329090996636575,4.0
2016.0,5.0,6.0,3.0,0.0,21.08,11879.0,19.437882085642425,-154.8997225810012,43.23225317858847,3.1
2016.0,8.0,21.0,15.0,1.0,5.04,11880.0,19.4943350500007,-154.89700198365057,6.270917642312568,2.7
2016.0,5.0,11.0,23.0,11.0,36.16,11882.0,19.816726142827434,-155.59917256082403,35.26865636257922,2.5
2016.0,9.0,1.0,19.0,6.0,13.39,11883.0,19.57145966753956,-154.85569357293414,18.99898291620904,3.2
2017.0,9.0,11.0,14.0,6.0,1.47,11884.0,19.569644313217093,-154.8405286497871,5.533533023467224,2.5
2017.0,6.0,22.0,1.0,56.0,14.57,11887.0,19.933224906393686,-155.54669331043183,28.260560960199573,2.7
2016.0,7.0,16.0,12.0,58.0,24.32,11888.0,19.68949207831279,-155.94893129381887,17.459265807135274,3.3
2017.0,3.0,24.0,16.0,12.0,4.71,11891.0,19.20935788030978,-155.83033530964096,34.37792994926903,4.4
2019.0,5.0,10.0,20.0,55.0,43.51,11892.0,19.661745190744075,-155.60985220413428,21.485794224220538,2.5
2016.0,10.0,13.0,18.0,9.0,59.49,11896.0,19.57253158780461,-154.94968433493253,33.37397869100891,3.2
2017.0,5.0,1.0,14.0,36.0,52.55,11905.0,19.211939295377963,-155.52724831113375,39.067913256455114,2.6
2017.0,6.0,14.0,13.0,46.0,54.01,11907.0,19.65486595802441,-155.36408220849313,3.2035318868057576,3.0
2017.0,3.0,31.0,2.0,24.0,46.51,11912.0,19.235756753147754,-155.86453558629455,7.237892104362393,2.5
2017.0,8.0,19.0,10.0,51.0,20.87,11915.0,19.358264046007523,-155.42862738042209,21.903220344645256,2.7
2017.0,8.0,31.0,7.0,32.0,44.61,11917.0,19.49899261757092,-155.0979332158298,36.521571497908134,4.2
2017.0,9.0,5.0,10.0,18.0,12.78,11918.0,19.502821933939146,-155.11320155252838,27.57221362506719,4.3
2017.0,11.0,3.0,17.0,24.0,18.66,11921.0,19.647775865534246,-155.10824441481225,22.953352154939775,2.7
2017.0,8.0,18.0,17.0,28.0,12.44,11927.0,19.266279037642573,-155.52829993508368,27.972164841889928,3.4
2017.0,11.0,29.0,1.0,31.0,54.39,11929.0,19.576700152193755,-155.24981949512485,9.979899333198455,3.6
2020.0,7.0,17.0,1.0,44.0,41.56,11932.0,19.69153174040476,-155.63753980759088,26.387666724697777,2.8
2024.0,7.0,25.0,8.0,23.0,4.24,11935.0,19.80137871375885,-155.6985200244612,21.81624316529153,3.1
2021.0,4.0,25.0,5.0,21.0,40.29,11936.0,19.8059937701746,-155.46914566865908,9.120816228519306,2.7
2018.0,2.0,10.0,13.0,11.0,51.35,11940.0,20.14467552789312,-155.7759900565722,1.132428211606034,3.0
2018.0,2.0,10.0,0.0,6.0,0.93,11942.0,20.21064881597131,-155.8390376859649,14.008804007139931,3.1
2018.0,2.0,6.0,18.0,54.0,9.29,11943.0,20.00840831616257,-155.82349153429988,41.89340696397415,2.5
2018.0,6.0,27.0,17.0,16.0,52.37,11944.0,20.21205354331769,-155.85497892962604,7.027990553916672,2.6
2018.0,2.0,11.0,22.0,12.0,34.27,11947.0,19.644675902024,-155.37379594875586,20.6131622352828,2.9
2018.0,5.0,24.0,8.0,7.0,41.59,11952.0,19.5576896400778,-155.82448341698074,2.841628300072453,4.3
2018.0,5.0,28.0,0.0,26.0,52.17,11953.0,19.93680171809709,-155.46699423878215,2.515683025671649,2.7
2018.0,7.0,22.0,23.0,9.0,9.6,11962.0,19.49501880304352,-155.26273600886583,34.80047232301497,3.4
2018.0,9.0,4.0,22.0,24.0,38.47,11964.0,19.842228073903065,-155.36543768784807,18.448122851837816,3.3
2018.0,11.0,12.0,12.0,13.0,50.47,11966.0,19.83251228810551,-155.5598157053479,4.590230429605876,2.6
2018.0,10.0,9.0,10.0,43.0,15.25,11967.0,19.28206619863506,-155.42009542487853,34.1252839332477,2.6
2018.0,12.0,1.0,14.0,42.0,44.77,11970.0,19.33097275895987,-155.1392044803649,34.584630622774846,2.6
2020.0,1.0,8.0,15.0,54.0,27.0,11973.0,20.031177540307823,-155.6292020489944,31.526739779202718,3.3
2019.0,2.0,10.0,21.0,41.0,21.82,11975.0,20.033708139393617,-155.61792878343675,4.2884741835365485,3.6
2019.0,5.0,27.0,15.0,32.0,14.23,11981.0,19.23687667684411,-155.6857927189445,43.04654467199877,2.6
2019.0,7.0,6.0,8.0,9.0,53.82,11985.0,19.84639833122401,-155.45670575824786,39.303788901882704,3.6
2020.0,11.0,6.0,20.0,53.0,57.28,11986.0,19.76218959984389,-155.49882033005028,6.51383582687062,2.5
2019.0,8.0,18.0,23.0,21.0,44.01,11987.0,19.96014281166687,-155.62946015229832,43.67969448756945,2.7
2019.0,8.0,20.0,21.0,30.0,55.94,11995.0,19.598356471569183,-155.86032871400656,32.88233225448972,3.5
2020.0,8.0,29.0,5.0,12.0,24.21,12001.0,19.43117529262113,-155.12554511794812,30.522375234689147,2.6
2020.0,1.0,17.0,0.0,5.0,48.77,12002.0,19.16228413462051,-155.79400801268346,41.78696616738931,2.6
2020.0,2.0,17.0,3.0,46.0,23.98,12004.0,19.2123749737454,-155.45530952637918,42.70886349272016,2.5
2020.0,3.0,18.0,19.0,37.0,21.72,12007.0,19.73399599347385,-155.96062542232312,15.541759632534136,2.6
2023.0,10.0,8.0,12.0,30.0,27.9,12008.0,19.617339529702104,-155.9005207006178,36.63295611272676,2.9
2020.0,3.0,9.0,5.0,24.0,53.48,12009.0,19.706306490380022,-155.9385108865481,4.084340549422414,3.6
2020.0,3.0,28.0,11.0,57.0,22.84,12014.0,19.684841526680028,-155.93377820801996,31.43909061928778,2.5
2022.0,4.0,3.0,23.0,7.0,9.5,12023.0,19.462097415424875,-155.68611403842087,11.590452082717492,3.0
2023.0,12.0,11.0,9.0,16.0,36.32,12028.0,19.4314187609862,-155.73778797060103,32.495971035584134,2.6
2022.0,3.0,3.0,0.0,5.0,12.7,12029.0,19.24640825494064,-155.55038334790717,35.52176272299097,2.8
2022.0,12.0,15.0,22.0,3.0,50.12,12030.0,19.50211819088972,-155.7293572312392,18.11883022316569,2.8
2020.0,3.0,4.0,12.0,9.0,35.42,12031.0,19.48754188483251,-155.50607278428913,42.025108781886345,2.7
2020.0,3.0,21.0,17.0,35.0,0.78,12032.0,19.41595576848487,-155.2904942855657,13.779618875007479,3.5
2020.0,3.0,8.0,11.0,35.0,48.49,12034.0,19.446021246134045,-155.48694256819408,10.01972508655817,2.6
2020.0,4.0,20.0,20.0,23.0,48.47,12035.0,19.525779458311312,-155.40732212724274,41.45418081810748,3.5
2020.0,7.0,31.0,2.0,38.0,41.28,12037.0,19.27851649172961,-155.77644575821438,36.9396362097053,2.7
2020.0,4.0,24.0,1.0,57.0,28.19,12038.0,19.279351744152297,-155.80076579718133,31.173427827668025,3.3
2020.0,4.0,25.0,3.0,6.0,7.71,12039.0,19.294449866156512,-155.7810663959167,10.995430497923445,2.6
2020.0,6.0,14.0,19.0,12.0,44.33,12040.0,20.200729238556782,-155.8576009070656,43.96656049438773,3.3
2021.0,5.0,13.0,9.0,14.0,10.07,12041.0,19.71894291017633,-155.28566025737317,10.53942628863646,2.5
2020.0,7.0,7.0,12.0,20.0,58.27,12045.0,19.532587064901502,-155.74427018462464,36.59951987332356,2.8
2020.0,7.0,7.0,11.0,12.0,33.77,12046.0,19.36359984315787,-155.86219146611347,43.20480470709688,3.4
2020.0,8.0,26.0,18.0,25.0,22.09,12047.0,19.52862679379384,-154.8970344158684,39.48471477362195,3.0
2020.0,12.0,15.0,11.0,4.0,28.97,12048.0,19.54826386634793,-155.08747464611503,28.8229052331352,3.0
2020.0,9.0,22.0,21.0,57.0,11.23,12049.0,19.83655050716684,-155.73391864570527,2.8446396907877722,2.6
2020.0,11.0,7.0,23.0,24.0,16.56,12052.0,19.979358546136115,-155.36029413298485,8.551176062541659,2.5
2021.0,6.0,9.0,18.0,15.0,51.42,12054.0,19.743811519962584,-155.4045612721326,22.707874357610187,2.5
2021.0,5.0,23.0,11.0,46.0,41.85,12058.0,19.741742182526103,-156.00240159658335,37.12990309815159,3.1
2021.0,3.0,27.0,16.0,3.0,16.6,12059.0,19.774187312517924,-155.6828058386988,13.43315010210136,2.6
2021.0,3.0,27.0,19.0,18.0,39.55,12068.0,19.70419611835339,-155.8874421164094,35.016739955745045,2.5
2021.0,2.0,24.0,7.0,9.0,52.28,12073.0,19.62262863978763,-155.07101248323622,40.22738008555294,2.9
2021.0,5.0,28.0,3.0,42.0,3.47,12074.0,19.715546210259213,-155.64857259196327,17.235462538610587,2.5
2021.0,10.0,29.0,6.0,30.0,15.23,12077.0,19.539559065743006,-155.26140140693218,44.82131264504787,2.8
2021.0,2.0,22.0,2.0,47.0,6.29,12078.0,19.309369372116468,-155.11873034797446,27.563457986784204,2.8
2021.0,4.0,20.0,3.0,23.0,6.74,12079.0,19.78796730272609,-155.87958378554643,37.67600098904012,3.8
2021.0,4.0,23.0,12.0,33.0,36.09,12082.0,19.822248175838308,-155.88863200102614,3.253050766247169,2.5
2021.0,6.0,10.0,5.0,51.0,54.81,12085.0,19.51460253429955,-155.4224560415512,41.478692020664695,3.4
2021.0,6.0,6.0,10.0,53.0,49.07,12086.0,19.515940625819745,-155.40148353317065,11.841484090564638,2.8
2022.0,11.0,23.0,4.0,55.0,41.26,12088.0,19.614760606826067,-155.33575242986845,10.998100431732958,2.8
2022.0,3.0,31.0,0.0,26.0,35.12,12089.0,19.50305600372144,-155.42680850072014,44.63057387127518,2.6
2024.0,12.0,17.0,8.0,21.0,3.48,12091.0,19.533323336069216,-155.37212852975674,36.91834330745619,2.7
2021.0,6.0,18.0,8.0,49.0,54.7,12096.0,19.417711421382943,-155.49434924571614,14.799000225742802,2.9
2023.0,10.0,19.0,4.0,56.0,20.11,12101.0,19.313589300124107,-155.3158958353977,21.472460440884667,3.0
2021.0,10.0,5.0,17.0,46.0,3.72,12103.0,19.310524754407822,-155.30562188286618,25.8662847982527,3.0
2021.0,8.0,7.0,19.0,23.0,20.83,12104.0,19.351477861145995,-155.36226536446907,27.80338937525626,3.1
2024.0,6.0,17.0,20.0,31.0,56.34,12105.0,19.33939467819372,-155.3332755013333,43.94132559139378,3.7
2022.0,9.0,11.0,6.0,42.0,39.23,12108.0,19.26022940968228,-155.53821064545753,41.878904613912745,2.5
2021.0,7.0,12.0,16.0,29.0,40.48,12111.0,19.638200555204858,-155.6520952000811,8.118362233651956,2.9
2021.0,8.0,7.0,2.0,21.0,17.31,12112.0,19.62434519700379,-155.35626920392085,35.50551876571975,2.7
2023.0,1.0,19.0,7.0,49.0,9.56,12114.0,19.452440217640007,-155.77881163030094,3.005832840155276,3.1
2021.0,9.0,11.0,0.0,0.0,22.37,12116.0,19.42447596371237,-155.84111365843583,41.88268154946845,2.8
2021.0,10.0,26.0,10.0,12.0,58.92,12117.0,19.36398531194919,-155.62032668094176,41.636768640171425,3.0
2021.0,12.0,12.0,10.0,3.0,49.37,12119.0,19.531209593484867,-155.61875721485063,22.06620780675365,2.9
2021.0,12.0,24.0,3.0,22.0,53.2,12120.0,19.38380342246641,-155.85664608247308,19.0015482788385,3.9
2022.0,3.0,27.0,8.0,16.0,48.31,12121.0,19.656561045277705,-155.7628191170193,20.075808827316457,3.0
2022.0,3.0,30.0,3.0,32.0,37.98,12124.0,19.405320803429863,-155.64969286099688,42.8321915349264,2.7
2022.0,2.0,15.0,16.0,25.0,34.96,12125.0,19.296176825352592,-155.75768456657127,32.15168620302188,3.3
2022.0,8.0,31.0,22.0,27.0,24.43,12132.0,19.509001387514413,-155.7632931669712,7.4352673458505,2.8
2023.0,10.0,3.0,21.0,5.0,37.11,12135.0,19.7540217879073,-155.8863177006649,30.332734841035496,2.7
2023.0,2.0,26.0,23.0,49.0,51.72,12136.0,19.966765587342778,-155.75260149383968,14.229962823669046,2.5
2023.0,6.0,6.0,5.0,8.0,41.58,12149.0,19.73092287215392,-155.70766483290478,11.419464189430933,2.8
2023.0,4.0,22.0,19.0,27.0,50.37,12150.0,19.51985101050839,-155.70186181501364,34.544804441817675,2.9
2023.0,4.0,16.0,23.0,6.0,5.75,12154.0,19.940776405959056,-155.82955080863928,5.774775574355671,2.8
2023.0,10.0,27.0,9.0,21.0,19.74,12155.0,19.9297653301372,-155.83366906902148,42.29679709312072,2.9
2023.0,5.0,13.0,16.0,40.0,36.5,12156.0,19.04003816706745,-155.638708486226,1.2839848939691598,4.0
2023.0,9.0,8.0,16.0,50.0,47.79,12160.0,19.62238981656204,-155.71376050084388,40.961630078901926,3.4
2023.0,9.0,13.0,22.0,0.0,52.34,12162.0,19.42007137023865,-155.27725584103473,20.158375971241373,2.5
2024.0,3.0,8.0,10.0,17.0,29.43,12164.0,19.43964883283561,-155.24433291887738,43.32714798076772,3.0
2023.0,10.0,15.0,1.0,31.0,34.6,12165.0,19.51240908132526,-155.50506212520125,38.97193911996011,2.7
2023.0,12.0,26.0,17.0,50.0,12.19,12168.0,19.89118185765665,-155.27249910151204,44.642666679938536,2.9
2024.0,1.0,5.0,19.0,42.0,51.49,12169.0,19.80145983084496,-155.65299872991295,9.524247054985253,3.3
2024.0,3.0,24.0,14.0,36.0,26.29,12172.0,19.404376156686435,-154.9474967767393,39.07864588196266,2.9
2024.0,5.0,25.0,15.0,25.0,58.28,12174.0,19.64817541536604,-154.99493389230778,44.80821087791041,3.0
2024.0,4.0,28.0,3.0,27.0,5.43,12175.0,20.013966033543426,-155.58260700667134,16.898378533373403,5.6
2024.0,6.0,10.0,0.0,24.0,0.98,12179.0,20.01864421720885,-155.6094748324923,36.59068571510667,2.7
1960.0,8.0,21.0,7.0,12.0,48.02,12189.0,19.03042712470984,-155.79825216062503,41.60722599426308,3.9
1960.0,8.0,18.0,8.0,37.0,9.35,12190.0,19.19243115759993,-155.64915450385084,3.38029163863049,4.5
1960.0,9.0,10.0,5.0,42.0,46.32,12191.0,19.004083384671,-155.76121236257853,26.846341051058506,3.4
1960.0,8.0,27.0,11.0,45.0,6.65,12193.0,19.0538240930653,-155.6227160803768,14.168505393621057,3.5
1962.0,1.0,31.0,1.0,8.0,45.67,12195.0,18.9710123408211,-155.64136287766524,38.32742331016628,2.8
1959.0,4.0,13.0,6.0,33.0,24.62,12201.0,19.542833374476405,-155.83642173988116,12.793956312535697,2.6
1962.0,2.0,24.0,23.0,3.0,33.42,12204.0,19.840256330174903,-155.40610082608535,18.22768930004474,2.6
1959.0,7.0,23.0,16.0,5.0,31.05,12210.0,19.488298846131823,-155.83563165607882,11.941989277892567,2.6
1963.0,10.0,17.0,14.0,51.0,6.87,12211.0,19.42248486900048,-155.77959600071432,34.12396196626703,4.0
1959.0,11.0,12.0,20.0,48.0,5.42,12212.0,19.44913558673184,-155.84257658962147,17.129486055523827,2.9
1962.0,2.0,8.0,14.0,11.0,23.46,12217.0,19.48677377255741,-155.0517681824087,5.555602338324872,2.8
1960.0,3.0,19.0,10.0,16.0,14.89,12222.0,19.53643640409561,-155.06910100434868,30.143617677948033,3.1
1960.0,3.0,9.0,4.0,43.0,28.54,12223.0,19.481755204567644,-155.04624337862714,40.8028131584687,2.6
1960.0,3.0,10.0,9.0,4.0,16.39,12227.0,19.407267203231804,-155.31829949995614,36.61168283163574,3.0
1961.0,1.0,1.0,1.0,9.0,51.76,12228.0,19.424667070271084,-155.14641012379855,29.33964987517755,2.8
1960.0,7.0,23.0,6.0,29.0,49.23,12230.0,19.4470930069028,-155.13543682126263,44.789006802534836,3.0
1961.0,10.0,30.0,21.0,9.0,9.02,12231.0,19.46918917008476,-155.1519262293015,5.734359466314508,2.9
1960.0,3.0,20.0,23.0,56.0,53.68,12232.0,19.48154286935788,-155.172484564605,27.65987061479455,2.6
1961.0,8.0,27.0,10.0,29.0,13.46,12233.0,19.47346433882003,-155.1653194647173,23.025117716570062,3.2
1960.0,5.0,17.0,0.0,46.0,49.14,12235.0,19.496241952046606,-155.1912620533049,21.23069355164353,2.7
1960.0,11.0,2.0,19.0,32.0,29.0,12238.0,19.482200864583707,-155.10265011886767,27.238752559780895,3.0
1961.0,9.0,27.0,8.0,46.0,44.69,12239.0,19.43130904062557,-155.11370379451208,33.82817122826768,2.5
1960.0,5.0,8.0,3.0,26.0,33.96,12243.0,19.483358098190195,-155.09320371167772,38.23041614361751,2.7
1961.0,2.0,5.0,7.0,31.0,58.29,12245.0,19.32194340896412,-155.15058750802132,11.064954395962495,2.5
1969.0,6.0,16.0,3.0,40.0,24.73,12246.0,19.318718016751923,-155.16748065745597,3.138208127071164,2.7
1962.0,7.0,2.0,2.0,39.0,1.03,12248.0,19.30330255029257,-155.17188694630414,31.222807834049004,2.7
1960.0,11.0,16.0,2.0,4.0,3.61,12250.0,19.753036983317543,-155.53356679368116,44.79993535178852,4.8
1960.0,11.0,6.0,18.0,29.0,32.2,12251.0,19.649253991752868,-155.54080611253042,27.911163419505236,2.6
1964.0,3.0,23.0,5.0,35.0,0.91,12252.0,19.70824002456434,-155.5244770153195,33.235787452919666,2.8
1961.0,1.0,24.0,0.0,50.0,46.66,12255.0,19.747333681189705,-155.41379782561447,4.557831800505072,3.1
1962.0,11.0,2.0,11.0,54.0,3.23,12256.0,19.72058006902868,-155.47898916028748,16.529946399562508,2.9
1960.0,11.0,10.0,21.0,21.0,24.23,12257.0,19.49031681815723,-155.286889893664,27.853087044182004,2.7
1961.0,11.0,9.0,5.0,20.0,9.19,12259.0,19.32571068347777,-155.42451178508213,40.68653991757309,2.7
1963.0,2.0,21.0,22.0,47.0,32.84,12260.0,19.425164854702725,-155.6192248176693,23.326394175063093,2.9
1961.0,7.0,24.0,13.0,46.0,36.48,12262.0,19.516957687701645,-155.06040808310996,31.975180014131535,3.6
1962.0,9.0,22.0,18.0,40.0,34.39,12264.0,19.654651918745213,-155.75159476052764,3.155586012327507,2.6
1961.0,8.0,15.0,21.0,15.0,49.87,12266.0,19.70695556015482,-155.68797372516804,39.53869511473433,2.8
1961.0,12.0,19.0,17.0,1.0,45.69,12269.0,19.890986355048323,-155.44209506116886,37.67525201374222,3.0
1962.0,4.0,27.0,23.0,30.0,5.5,12280.0,19.40571797889207,-155.34436179516294,24.805144547838548,3.7
1962.0,6.0,23.0,6.0,46.0,6.81,12281.0,19.40668214600788,-155.35292329686345,28.909394755143015,2.8
1962.0,8.0,24.0,16.0,54.0,0.92,12284.0,19.51595736684594,-155.4038342076525,13.374781510207484,3.2
1962.0,7.0,21.0,9.0,21.0,42.29,12286.0,19.848185379585203,-155.81946275934033,12.530117062440992,2.6
1962.0,7.0,2.0,8.0,59.0,8.79,12287.0,19.829874565418976,-155.8200068841144,40.768420462112076,3.0
1998.0,1.0,4.0,1.0,54.0,7.16,12289.0,19.511605620056045,-154.87053217016685,11.584545013011818,3.2
1962.0,7.0,21.0,19.0,54.0,3.76,12292.0,19.49154941896812,-155.1685638044532,12.844092628091971,2.7
1962.0,8.0,10.0,9.0,46.0,41.57,12293.0,19.627811915742264,-155.7263312212581,15.31020909066897,2.6
1963.0,5.0,24.0,7.0,17.0,22.58,12296.0,19.707813757617,-155.68994731910874,26.780068532325696,2.6
1962.0,10.0,27.0,12.0,42.0,23.55,12297.0,19.781796473248416,-155.7698001904825,41.04149258609261,2.9
1963.0,2.0,20.0,10.0,56.0,19.91,12304.0,19.79895827770917,-155.99493793666988,38.91264105925085,3.1
1965.0,12.0,19.0,2.0,4.0,8.42,12308.0,19.72867845073909,-155.9242411229327,36.96975540140324,3.2
1962.0,12.0,29.0,22.0,39.0,23.7,12309.0,19.800056611786665,-155.81582375941144,28.83702407684837,4.4
1963.0,9.0,26.0,13.0,28.0,48.63,12312.0,19.86926948389512,-155.63041058950142,42.50269385657309,2.8
1963.0,9.0,4.0,8.0,45.0,28.86,12313.0,19.58727540867253,-155.57529933256234,12.019203294599727,2.5
1968.0,8.0,25.0,5.0,54.0,36.37,12317.0,19.33056861043892,-155.30755816051663,26.111280443912197,2.7
1964.0,8.0,11.0,22.0,21.0,41.29,12319.0,19.437300940739227,-155.334397159646,8.560597494918635,2.8
1963.0,8.0,7.0,20.0,59.0,42.87,12320.0,19.878626168711858,-155.5050162775427,19.152714677417965,3.2
1963.0,8.0,7.0,10.0,55.0,36.23,12321.0,19.104540837861403,-155.81531736455054,27.18606955582675,3.0
1963.0,10.0,16.0,7.0,56.0,0.72,12324.0,19.271726416469672,-155.16848538836905,39.93649868720958,2.7
1963.0,10.0,16.0,10.0,25.0,10.01,12328.0,19.485588400199543,-155.93135822537536,24.075981825464044,2.5
1963.0,11.0,2.0,4.0,1.0,15.17,12336.0,19.451165392340364,-155.90463306209546,21.77809052503214,2.5
1964.0,11.0,3.0,3.0,22.0,32.47,12337.0,19.288202401009787,-155.5407966634553,10.78565082760003,2.9
1963.0,12.0,11.0,10.0,30.0,0.62,12354.0,19.35316261285032,-155.45750875636566,41.73453520236277,3.2
1964.0,4.0,5.0,17.0,23.0,54.93,12359.0,19.403512518903263,-155.37896553694566,14.986289799304833,2.5
1963.0,10.0,30.0,6.0,24.0,30.84,12360.0,19.355533972135003,-155.44820007309747,15.959690537558325,4.2
1967.0,5.0,20.0,5.0,19.0,19.93,12361.0,19.875072197243423,-155.59886440142267,34.38488138261653,2.9
1963.0,12.0,7.0,8.0,36.0,26.15,12362.0,19.40206236769337,-155.40014614754847,33.966666140874466,4.1
1964.0,3.0,26.0,2.0,48.0,59.23,12363.0,19.691386121553133,-155.26428149553743,38.08709555127539,2.6
1964.0,3.0,9.0,5.0,40.0,49.59,12365.0,19.091868663320174,-155.7476446177343,10.937560990930297,2.5
1964.0,7.0,13.0,20.0,15.0,52.68,12368.0,19.66517386905352,-155.4091524719933,35.65083334727737,2.6
1964.0,6.0,15.0,8.0,51.0,2.59,12369.0,19.44266725432209,-155.88110353737022,1.3438116757691003,3.0
1965.0,7.0,26.0,11.0,58.0,36.39,12370.0,19.44272314469376,-155.41626847982047,3.8728226278444278,3.8
1964.0,10.0,24.0,20.0,53.0,17.68,12372.0,19.42598198761349,-155.46418307615005,19.716767750077253,2.7
1964.0,10.0,5.0,1.0,59.0,8.57,12374.0,19.925665795470955,-155.47176562856532,22.81367628865935,2.9
1965.0,1.0,23.0,23.0,24.0,13.33,12376.0,19.54992005688341,-155.3810740361774,15.810800365464178,2.9
1966.0,1.0,4.0,6.0,22.0,55.58,12379.0,19.36364122791254,-155.06514250784488,26.94993107607031,2.5
1965.0,4.0,12.0,13.0,1.0,46.51,12382.0,19.431941007956933,-154.95265503000323,7.768905457952934,2.5
1965.0,8.0,20.0,12.0,45.0,35.04,12384.0,19.89745848991793,-155.2303246125223,23.842038882566108,3.2
1965.0,12.0,26.0,21.0,37.0,44.85,12387.0,20.01797731131192,-155.7279422892923,20.470961360933003,3.1
1966.0,8.0,20.0,16.0,29.0,37.31,12388.0,20.043628340313564,-155.4993678249362,20.713189234113617,3.6
1965.0,12.0,29.0,1.0,54.0,56.75,12389.0,19.986877755772497,-155.30192504373747,10.319151878804632,2.5
1965.0,12.0,20.0,23.0,14.0,11.63,12391.0,19.991465674319805,-155.32772270822613,17.120512384031983,3.7
1967.0,8.0,11.0,6.0,47.0,13.05,12393.0,19.326995156329343,-155.299988861698,30.975323960852553,2.8
1966.0,10.0,5.0,23.0,57.0,36.57,12401.0,19.59353666112729,-155.9268852481285,44.0130896698861,2.9
1967.0,7.0,6.0,11.0,38.0,13.18,12403.0,19.54291904505721,-155.91197107902207,8.849598953063083,2.7
1966.0,8.0,20.0,20.0,10.0,12.96,12404.0,19.651340210313023,-155.85715115668563,44.845471604536414,2.5
1966.0,10.0,9.0,14.0,13.0,17.72,12405.0,19.047617061619864,-155.62508383756,21.826219314654434,3.2
1967.0,1.0,5.0,11.0,12.0,23.81,12409.0,20.130176017299192,-155.78907601411504,13.191073095983576,2.6
1967.0,2.0,12.0,13.0,46.0,25.38,12411.0,20.100257613624045,-155.7675126602397,24.46419324027915,2.6
1967.0,7.0,24.0,3.0,20.0,56.05,12413.0,19.63872867983524,-155.23376491916622,35.93943492586303,2.5
1967.0,12.0,28.0,17.0,2.0,21.04,12414.0,19.606450688889343,-155.68147722952898,32.88520224773177,2.7
1967.0,10.0,26.0,0.0,39.0,27.38,12418.0,19.76761418660224,-155.87122452413385,26.533146540325205,2.7
1967.0,12.0,1.0,1.0,56.0,34.25,12421.0,19.753482377717315,-155.86733643577125,18.66351912288967,3.0
1968.0,6.0,21.0,6.0,35.0,6.1,12423.0,19.73796295994272,-155.88120045522098,8.298541758383823,2.7
1967.0,10.0,23.0,2.0,43.0,16.36,12425.0,19.49226352583876,-155.1651100410222,12.910470861709971,2.5
1967.0,11.0,5.0,1.0,20.0,7.35,12428.0,19.560241367976,-155.13412999070042,5.129310409852142,3.1
1967.0,10.0,14.0,23.0,47.0,21.31,12432.0,20.014091301292414,-155.80529303942248,26.328359632403526,5.1
1967.0,10.0,15.0,18.0,3.0,8.42,12437.0,19.810101580834367,-155.33732800060653,3.8531997569135403,3.1
1970.0,10.0,10.0,21.0,0.0,49.01,12439.0,19.949571782110493,-155.5717730292927,5.89192947682724,2.5
1967.0,12.0,19.0,16.0,14.0,14.64,12440.0,19.60754988770356,-155.03007300675245,17.45468503118397,2.7
1969.0,8.0,11.0,17.0,16.0,24.56,12441.0,19.51506206571388,-155.11935033938664,27.738677920190362,2.6
1967.0,10.0,15.0,6.0,36.0,3.12,12444.0,19.653891403852185,-155.27107579877887,3.951700340141099,3.1
1967.0,12.0,17.0,14.0,6.0,0.16,12445.0,19.49417869608571,-155.12776817495796,25.964611711727365,2.5
1968.0,1.0,4.0,21.0,59.0,6.44,12452.0,19.761141910292064,-155.43094525391658,27.753378822944928,2.6
1968.0,3.0,28.0,12.0,9.0,5.9,12454.0,19.804407440782768,-155.90645316144102,38.417946437759966,3.2
1971.0,1.0,21.0,14.0,10.0,4.35,12458.0,19.68934574752077,-155.59444808316698,19.129860959374604,2.8
1969.0,2.0,22.0,10.0,57.0,53.54,12461.0,19.833659569195184,-155.2403299740063,21.43846353776889,2.5
1969.0,6.0,19.0,10.0,40.0,23.02,12464.0,19.64759888472976,-155.35453880316206,4.104073615254155,2.9
1969.0,3.0,1.0,13.0,31.0,0.3,12465.0,19.664221351824768,-155.4027310255209,25.971725342974867,2.9
1969.0,5.0,6.0,5.0,42.0,55.68,12470.0,19.841211446635743,-155.3303333293562,10.652529768327586,2.9
1969.0,9.0,5.0,9.0,1.0,12.03,12471.0,19.619485280745227,-155.50106889476925,5.34558055003163,3.2
1969.0,10.0,4.0,22.0,47.0,17.97,12472.0,19.584269966308486,-155.26925969475545,2.8887499393078753,2.7
1969.0,12.0,31.0,21.0,16.0,15.77,12473.0,19.54393764980813,-155.2974484978105,39.320984473760824,3.2
1970.0,5.0,28.0,7.0,4.0,41.07,12475.0,19.553428808249272,-155.2863303121255,12.798458424563837,4.0
1969.0,12.0,8.0,18.0,15.0,23.57,12480.0,20.033171163991288,-155.64537754459667,32.0827790036551,2.5
1969.0,11.0,16.0,22.0,30.0,22.31,12481.0,20.082616044336305,-155.58397972650508,12.371847987874567,2.5
1971.0,1.0,3.0,0.0,31.0,8.76,12487.0,19.49756898253032,-155.60470595633595,15.683327482369029,2.7
1970.0,5.0,24.0,6.0,37.0,56.16,12489.0,19.51703409217548,-155.60611096754144,9.323400532603534,4.2
1982.0,3.0,1.0,22.0,14.0,57.04,12490.0,19.7371590713631,-155.76335584526785,16.534348759494605,2.8
1970.0,8.0,29.0,1.0,54.0,21.54,12492.0,19.41043940945976,-155.1878944177221,5.4031777667688035,2.8
1972.0,3.0,26.0,2.0,55.0,56.18,12493.0,19.079822115422992,-155.73781612106256,9.999519492633022,2.6
1971.0,5.0,31.0,7.0,23.0,30.62,12495.0,19.41478135803425,-154.99040979499355,43.34004774353408,3.2
1970.0,12.0,24.0,16.0,37.0,14.14,12497.0,19.40701683601572,-154.9683947923612,29.316585686621462,2.9
1971.0,1.0,16.0,22.0,5.0,12.85,12499.0,19.740860862399018,-155.5809361341576,42.44165052373451,2.8
1972.0,10.0,3.0,6.0,1.0,56.44,12500.0,19.86566242552036,-155.33097266282277,39.82198434376349,2.5
1971.0,9.0,25.0,22.0,43.0,15.58,12502.0,19.07564166777017,-155.6066160332716,31.578092367171415,2.8
1971.0,7.0,12.0,21.0,28.0,35.48,12503.0,19.380536059320345,-155.73635853784356,23.113081772065417,2.7
1972.0,9.0,1.0,1.0,41.0,30.98,12506.0,19.96946733656099,-155.26256838670204,29.966376864520914,2.8
1972.0,3.0,10.0,6.0,36.0,33.09,12507.0,19.49172595923545,-155.29100150047097,24.82895663910178,3.2
1972.0,5.0,19.0,0.0,59.0,12.22,12511.0,19.470950056786467,-154.82706393095185,9.312527425937759,2.5
1972.0,2.0,10.0,23.0,50.0,8.8,12512.0,19.55789066093049,-155.873340552193,10.153848715012334,3.1
1972.0,10.0,22.0,10.0,2.0,1.13,12513.0,19.56103386795071,-155.89021062700766,41.94801270135532,2.7
1972.0,2.0,10.0,3.0,26.0,11.37,12514.0,19.55326031454285,-155.88141690299216,7.455127557632169,3.0
1972.0,1.0,26.0,11.0,15.0,5.14,12515.0,19.92540540794487,-155.50803478815678,14.677409593659243,3.3
1975.0,10.0,27.0,23.0,32.0,8.39,12517.0,19.940920936164165,-155.19612800566873,35.724438088498424,3.5
1975.0,2.0,19.0,16.0,14.0,10.48,12519.0,19.94191166100768,-155.18536034321914,38.38328458270765,2.6
1972.0,12.0,5.0,2.0,2.0,22.45,12522.0,19.942409529929662,-155.166108421021,7.479712855446312,2.8
1972.0,7.0,6.0,9.0,29.0,3.22,12527.0,19.91719595600496,-155.16021855543244,11.015798288038615,2.8
1974.0,1.0,2.0,0.0,0.0,22.83,12529.0,20.19501775927574,-155.73170821133914,34.1005147105702,4.1
1972.0,7.0,7.0,16.0,16.0,33.56,12532.0,20.183218882640567,-155.76016662625193,17.680689742685935,6.5
1972.0,7.0,11.0,5.0,24.0,38.92,12534.0,19.369462792013408,-155.328757318879,34.67033377410006,2.6
1972.0,8.0,8.0,17.0,8.0,29.99,12535.0,19.513730639482745,-155.69627634508336,30.0521128061209,2.6
1972.0,12.0,14.0,13.0,1.0,0.46,12538.0,19.540432625014343,-155.80933770661608,15.56993275582575,2.5
1972.0,12.0,22.0,0.0,40.0,28.28,12540.0,19.56550244426777,-155.81903720629722,31.231274882051782,3.6
1973.0,6.0,17.0,22.0,10.0,28.61,12546.0,19.62040831696697,-155.47390445726177,22.4938282144773,4.0
1973.0,7.0,5.0,7.0,24.0,23.18,12550.0,20.10400010844219,-155.5093761531389,32.73094486727935,3.0
1973.0,7.0,14.0,9.0,51.0,44.42,12551.0,20.073955325498325,-155.6243012726229,9.91988862041393,2.7
1978.0,10.0,21.0,18.0,46.0,56.26,12567.0,19.686719907716167,-155.50190601704506,16.23880947468841,2.6
1974.0,1.0,13.0,10.0,59.0,19.15,12572.0,19.95737107600548,-155.48175775331845,14.057793582044289,2.5
1974.0,2.0,26.0,14.0,17.0,59.96,12587.0,19.89237456784292,-155.53571549261133,9.631567263078612,2.7
1976.0,12.0,4.0,13.0,15.0,54.31,12588.0,19.90262470671981,-155.53724754853283,44.987604056280965,2.7
1973.0,12.0,22.0,21.0,32.0,12.2,12609.0,20.15624380747343,-155.77430341946103,11.708824788438886,3.0
1977.0,12.0,7.0,12.0,41.0,33.69,12620.0,19.93176217766309,-155.57094949476516,29.074810618013437,2.9
1974.0,9.0,18.0,3.0,15.0,26.44,12621.0,19.963099649749253,-155.5896196120652,21.262868951775655,2.6
1975.0,2.0,8.0,10.0,59.0,23.48,12637.0,20.05864944454689,-155.53275380731066,10.553814141534929,3.1
1978.0,11.0,22.0,22.0,32.0,43.41,12651.0,19.600283121415487,-155.20805717578318,8.705078965289623,2.5
1973.0,10.0,9.0,15.0,2.0,37.18,12652.0,19.68546717434442,-155.29951319370664,24.755733594630712,3.2
1976.0,8.0,26.0,0.0,33.0,30.3,12663.0,19.887903111919645,-155.46412687438752,10.470490725447954,2.5
1973.0,11.0,6.0,5.0,55.0,54.49,12669.0,19.9241094999285,-155.47871697938734,32.847250568487006,3.2
1975.0,11.0,3.0,0.0,20.0,49.94,12674.0,20.118634885023663,-155.66493335170196,19.957705478370467,3.1
1974.0,1.0,12.0,4.0,52.0,32.95,12675.0,20.083335389799927,-155.65987626748836,3.8357665883023735,4.0
1974.0,2.0,25.0,13.0,20.0,9.91,12678.0,20.045153191764257,-155.46988872069818,34.57975298335017,2.7
1974.0,10.0,21.0,20.0,12.0,25.66,12681.0,19.91979126820744,-155.44304940057387,16.22671818705961,3.0
1975.0,2.0,17.0,1.0,18.0,20.21,12691.0,19.792510795911472,-155.33727031864515,38.570035393786505,2.7
1975.0,7.0,15.0,6.0,2.0,14.75,12713.0,20.09939214617542,-155.50625116976337,7.601921124039402,2.6
1973.0,12.0,13.0,3.0,0.0,58.05,12722.0,20.020404388982737,-155.31001049946326,28.451404052984106,3.0
1973.0,11.0,14.0,13.0,56.0,45.84,12726.0,20.03142400608854,-155.37764051187477,9.267524753559925,3.5
1976.0,2.0,7.0,19.0,51.0,13.64,12728.0,20.03965647553514,-155.6864202150988,35.619048718691666,3.2
1974.0,1.0,20.0,11.0,36.0,57.45,12730.0,19.97625646882892,-155.4947924467079,30.4872001258585,2.6
1974.0,1.0,7.0,16.0,1.0,54.71,12735.0,20.103589114250443,-155.70465060559084,40.899324914598736,3.8
1974.0,6.0,18.0,0.0,52.0,36.89,12740.0,20.0895222800693,-155.61539815070904,31.95716373297509,3.6
1974.0,8.0,30.0,18.0,19.0,16.42,12743.0,20.04433832475312,-155.54208708572975,9.554777480230612,2.9
1974.0,2.0,24.0,5.0,30.0,32.28,12746.0,19.922513052065103,-155.5370048030892,13.11669362122511,3.3
1985.0,10.0,1.0,9.0,25.0,42.39,12747.0,19.73026698928969,-155.2122273909521,4.845597569006454,3.6
1973.0,11.0,11.0,12.0,18.0,32.7,12750.0,20.22134474923088,-155.80361067233625,30.12310299305186,2.5
1974.0,10.0,4.0,4.0,17.0,25.62,12751.0,20.215848496167904,-155.7606013092157,20.913213262404977,3.1
1977.0,1.0,13.0,10.0,40.0,34.16,12754.0,20.02394301253593,-155.4575452059786,5.538708668227144,3.8
1974.0,2.0,6.0,4.0,58.0,46.83,12772.0,20.08407601984265,-155.76543018154197,23.41018355363214,3.1
1980.0,11.0,6.0,13.0,54.0,24.64,12779.0,20.000981659496507,-155.35540382321958,6.0860501692358895,2.9
1973.0,11.0,15.0,12.0,17.0,16.86,12785.0,19.802759361932807,-155.54451878863205,21.510223132698474,2.8
1978.0,2.0,16.0,0.0,38.0,0.85,12786.0,19.865036662687167,-155.8305690439521,18.93440148371198,2.6
1974.0,10.0,5.0,16.0,30.0,7.69,12790.0,19.82177308305916,-155.60938070966063,41.65770974599478,2.7
1974.0,10.0,12.0,13.0,29.0,18.59,12791.0,19.813978418995,-155.60057125180774,15.25393829945014,2.7
1975.0,4.0,11.0,13.0,26.0,36.51,12792.0,19.87139402071332,-155.563103136478,3.451834559859952,2.6
1980.0,3.0,19.0,12.0,28.0,44.19,12794.0,19.83574300135222,-155.59568815132062,24.598730939819717,2.6
1979.0,11.0,6.0,12.0,30.0,30.4,12796.0,19.102748742473107,-155.53115826791088,12.912883245729263,3.4
1981.0,3.0,5.0,21.0,37.0,57.85,12800.0,19.87996294421204,-155.8467699993325,29.487816966926026,3.5
1975.0,4.0,5.0,5.0,36.0,33.17,12803.0,19.096474657647462,-155.73284398885613,30.630726827216503,2.5
1975.0,4.0,1.0,17.0,39.0,49.86,12804.0,19.428808453077583,-155.7183228924735,5.507588862587157,2.9
1976.0,3.0,10.0,18.0,30.0,42.6,12816.0,19.40152670901097,-155.88276384971664,35.97706413592498,3.3
1978.0,12.0,19.0,12.0,19.0,46.8,12817.0,19.45094624705024,-155.85737889384592,43.51615430326299,2.8
1976.0,8.0,8.0,7.0,38.0,16.38,12824.0,19.58820175558484,-155.5318545035211,2.1497288823932794,4.5
1997.0,3.0,19.0,12.0,33.0,33.15,12829.0,19.55830042213406,-155.87096276434545,14.581172833890651,2.6
1987.0,7.0,21.0,8.0,25.0,40.07,12830.0,19.302821601815744,-155.40851847323503,12.75471559751411,3.5
1987.0,7.0,27.0,18.0,27.0,4.08,12831.0,19.28896754314504,-155.47013354206126,21.78504623353534,2.6
1977.0,1.0,22.0,23.0,6.0,32.34,12832.0,19.73245207759053,-155.69404193027017,37.50785900356104,4.0
1977.0,5.0,7.0,7.0,6.0,8.02,12833.0,19.47471698036164,-155.64401538452216,11.20944224136046,2.5
1977.0,8.0,1.0,4.0,33.0,18.94,12836.0,19.4833635939402,-155.64605948506588,2.380595029012774,2.5
1977.0,7.0,12.0,8.0,45.0,28.07,12837.0,19.739341895660274,-155.71532716054682,8.131436826853745,3.2
1980.0,5.0,19.0,1.0,4.0,8.79,12842.0,19.507916370871857,-154.94211306680842,5.977327095705672,4.0
1978.0,2.0,5.0,8.0,1.0,24.05,12845.0,19.684978052521767,-155.1464637989007,13.594428451754839,2.6
1981.0,6.0,4.0,0.0,46.0,4.69,12857.0,19.60515016448963,-155.13362100633628,29.147571890725594,3.1
1983.0,11.0,25.0,14.0,38.0,18.84,12860.0,19.61562031485209,-155.2237522657604,36.74826336684485,2.5
1977.0,11.0,13.0,18.0,51.0,19.22,12865.0,19.57972555853602,-155.21538447984486,24.25272632452426,3.7
1977.0,6.0,21.0,14.0,49.0,58.93,12866.0,19.54187783588997,-155.17655413377224,17.142739127594513,3.2
1977.0,9.0,27.0,5.0,39.0,39.61,12875.0,19.621833614016644,-155.07947683564566,15.914334741744115,2.9
1978.0,6.0,24.0,17.0,2.0,39.79,12892.0,19.55773388615652,-155.22215522144882,19.93873108913539,2.6
1977.0,3.0,4.0,12.0,49.0,55.87,12896.0,19.40632018332975,-155.17157558045074,25.40514739697371,3.4
1977.0,5.0,28.0,19.0,5.0,44.32,12897.0,19.54412543918833,-155.46612955666302,7.059309364508893,2.9
1982.0,3.0,22.0,14.0,25.0,32.17,12899.0,19.569190247110555,-155.14417035120394,22.458267916240708,3.0
1982.0,1.0,22.0,13.0,59.0,48.92,12900.0,19.45037213340154,-155.07771825150988,22.572895463031845,2.5
1981.0,5.0,30.0,15.0,56.0,54.36,12903.0,19.59736002095843,-155.17851663229894,23.674491945530676,3.3
1979.0,6.0,17.0,9.0,53.0,58.32,12910.0,19.633012615959217,-155.27566046001834,8.035550271410973,2.9
1977.0,5.0,9.0,8.0,31.0,7.21,12911.0,19.55843664907324,-155.13627235373906,4.605106721890627,2.8
1977.0,12.0,28.0,4.0,24.0,53.5,12923.0,19.983989422244044,-155.38542318984742,20.558866423471507,2.5
1977.0,5.0,12.0,15.0,9.0,1.65,12924.0,19.498049663485407,-155.15170732761976,39.49035616581655,2.6
1977.0,4.0,7.0,23.0,5.0,9.28,12928.0,19.607956269153767,-155.05789337992803,36.1875365550174,2.7
1977.0,6.0,15.0,2.0,52.0,15.78,12932.0,19.65381410315635,-155.2377195127338,17.91071367607842,3.9
1977.0,5.0,3.0,0.0,32.0,6.34,12946.0,19.4591540416936,-155.24634483082457,21.11212016731328,3.2
1978.0,9.0,25.0,19.0,54.0,33.88,12948.0,19.45603557843201,-155.49415736423612,40.16704591024043,2.6
1978.0,7.0,31.0,17.0,11.0,24.6,12951.0,19.865467842624824,-155.7436762536402,12.17146797366455,2.6
1983.0,4.0,29.0,7.0,33.0,16.72,12952.0,19.5459526393655,-155.31432070608773,7.862726446236471,3.1
1978.0,5.0,6.0,0.0,12.0,56.69,12953.0,19.49254846764292,-155.00685432999683,14.728689655787306,2.9
1978.0,6.0,7.0,11.0,6.0,44.47,12956.0,19.769592762127576,-155.12435556428497,33.19732319812903,2.5
1977.0,11.0,11.0,1.0,59.0,33.13,12957.0,19.777656387127355,-155.18007764587128,10.453510859715598,2.9
1980.0,6.0,20.0,0.0,1.0,5.86,12958.0,19.522647595563384,-155.16325017969254,8.640153538686873,2.6
1985.0,7.0,18.0,1.0,3.0,18.94,12960.0,19.530738061358903,-155.16931369773292,23.743618605550573,2.6
1978.0,5.0,25.0,18.0,34.0,25.4,12961.0,19.47468597430864,-155.5277325391812,38.76764245185663,3.2
1979.0,3.0,12.0,18.0,39.0,52.14,12962.0,19.84496351398643,-155.7432740827843,36.052813427896155,2.5
1978.0,8.0,23.0,3.0,6.0,12.1,12964.0,19.554361963939552,-155.35937804088164,38.62949520489083,4.1
1981.0,4.0,5.0,2.0,44.0,37.55,12966.0,19.58255699826274,-155.357258316269,42.68245501179808,2.7
1978.0,9.0,23.0,15.0,47.0,49.09,12969.0,19.29247382528941,-155.4341111822382,22.415488881838638,2.9
1978.0,8.0,17.0,23.0,25.0,24.55,12970.0,19.258085879227544,-155.41882134748386,3.534549078398362,2.6
1978.0,10.0,28.0,10.0,15.0,13.67,12974.0,19.18082764346404,-155.41552774915925,10.310278635944144,2.5
1978.0,8.0,24.0,0.0,0.0,53.34,12976.0,19.197789525633617,-155.39925121949017,19.01890833626048,3.5
1978.0,10.0,5.0,15.0,36.0,32.25,12978.0,19.205192792759924,-155.4523484321023,11.888679857781394,2.8
1979.0,5.0,5.0,15.0,5.0,16.48,12985.0,19.23040511280256,-155.82149000970156,5.41036807540707,2.9
1982.0,11.0,18.0,17.0,44.0,50.3,12986.0,20.019178213292378,-155.5513786921614,3.995113251825391,2.5
1979.0,8.0,30.0,8.0,44.0,15.4,12987.0,19.475388205423016,-155.43467248703794,42.77494639828285,2.8
1979.0,7.0,25.0,6.0,16.0,51.26,12989.0,19.43573775276372,-155.40008351628325,27.619578608481298,5.0
1979.0,7.0,22.0,0.0,2.0,56.09,12991.0,19.57931719867964,-155.27725858348632,8.89094126185018,2.9
1979.0,10.0,17.0,14.0,21.0,40.99,12992.0,19.401768640837044,-155.05752374633448,17.825311676269017,2.8
1980.0,1.0,13.0,21.0,50.0,11.75,12994.0,20.03511383859675,-155.67897016001731,6.442717080733411,2.6
1980.0,8.0,30.0,10.0,58.0,4.6,12996.0,19.68556187605485,-155.10012714066073,44.552883037767685,3.2
1979.0,11.0,16.0,9.0,33.0,9.54,12997.0,19.657651724364456,-155.1312523759604,6.679600681769979,3.0
1979.0,11.0,15.0,21.0,21.0,15.76,12998.0,19.71064124535092,-155.13445755227863,13.98373270675299,3.6
1982.0,3.0,22.0,2.0,8.0,45.95,13001.0,20.06960010129614,-155.69348609229456,37.97954714016027,2.5
1980.0,7.0,21.0,15.0,25.0,44.77,13003.0,19.870326640378952,-155.66571509083087,37.99269247172557,2.9
1981.0,5.0,15.0,16.0,44.0,18.91,13005.0,19.83893798832094,-155.78886893010002,12.566220494816184,2.5
1982.0,6.0,24.0,23.0,18.0,38.13,13007.0,19.559873591120216,-154.95457729605283,14.27278494171145,2.6
1981.0,6.0,1.0,20.0,46.0,29.37,13009.0,19.88376023825307,-155.61120736497097,42.223348140187596,3.8
1982.0,2.0,12.0,19.0,58.0,9.48,13010.0,19.839097971602463,-155.68014694956017,25.920807341043332,4.6
1983.0,5.0,15.0,5.0,37.0,4.06,13011.0,19.20692587100738,-155.59629694534323,11.380648272176547,3.4
1981.0,4.0,4.0,12.0,28.0,51.97,13013.0,19.299965245032936,-155.706252422082,6.307849384761527,2.6
1984.0,3.0,30.0,13.0,35.0,38.64,13014.0,19.28418563781512,-155.75080552190713,6.522064259723843,3.0
1982.0,2.0,12.0,13.0,6.0,22.82,13017.0,19.48220823278922,-155.0273703941022,41.225538093185406,3.3
1981.0,11.0,13.0,6.0,47.0,25.17,13018.0,19.834891763111496,-155.4010735995344,26.65513614171551,2.5
1981.0,11.0,5.0,17.0,31.0,0.45,13020.0,19.55825297767745,-155.33252145641748,21.102889628368473,3.2
1989.0,2.0,9.0,15.0,23.0,44.48,13021.0,19.20681785340981,-155.81711771604026,15.93803284193263,2.5
1983.0,3.0,23.0,3.0,1.0,5.88,13033.0,19.46977569149504,-155.38684909092328,23.142444336280374,2.7
1983.0,7.0,17.0,18.0,32.0,8.58,13041.0,19.19914383872984,-155.8027475743946,18.65958948592166,2.7
1983.0,2.0,8.0,19.0,44.0,8.03,13049.0,19.429012219887817,-155.71870813911124,31.75855780194223,4.3
1983.0,9.0,4.0,20.0,51.0,21.28,13053.0,19.814920963684468,-155.2872402049974,42.34863347175963,2.5
1983.0,3.0,7.0,15.0,57.0,12.95,13055.0,19.883818854745822,-155.27344199701298,5.681573527177386,3.0
1986.0,8.0,12.0,23.0,0.0,38.87,13056.0,19.83285787768841,-155.255600953232,41.467926434612984,3.2
1994.0,11.0,17.0,8.0,53.0,41.62,13059.0,19.504640313583785,-154.9559210786745,23.95906762664966,2.7
1983.0,6.0,12.0,20.0,4.0,2.75,13060.0,19.55353227980944,-154.98656535842008,43.62636273487235,2.9
1983.0,7.0,28.0,20.0,22.0,25.65,13062.0,19.557947054195147,-155.1904199389627,19.332838758621875,2.8
1984.0,7.0,21.0,4.0,34.0,55.94,13064.0,19.912567618599887,-155.28629455017946,14.09582355544393,2.6
1983.0,5.0,16.0,7.0,41.0,13.16,13066.0,19.857684062772016,-155.2896136385916,30.967752143945514,3.2
1983.0,6.0,11.0,6.0,59.0,59.81,13069.0,19.49398220754608,-155.5814598520841,3.1126988949308343,3.3
1983.0,11.0,7.0,5.0,28.0,37.5,13071.0,19.520441647099336,-155.5714627039774,42.493418993024015,2.5
1983.0,6.0,25.0,5.0,51.0,24.44,13075.0,19.48465491340757,-155.59334563656776,26.883008411255418,3.1
1983.0,7.0,18.0,3.0,21.0,4.83,13077.0,19.962775039397545,-155.37316402231534,9.7414599012111,2.7
1983.0,6.0,6.0,13.0,47.0,34.99,13078.0,19.987367629352818,-155.40739609660952,30.25460901845419,4.1
1983.0,6.0,7.0,5.0,47.0,53.45,13082.0,19.683402653683057,-155.55287433288782,2.0773290964584183,2.5
1983.0,10.0,12.0,11.0,19.0,16.83,13086.0,19.53612365247652,-155.71390432746534,6.370934026013956,2.8
1983.0,10.0,30.0,19.0,4.0,15.6,13088.0,19.526387263446903,-155.66269633823066,38.58430960135106,2.7
1984.0,5.0,21.0,8.0,9.0,45.74,13091.0,19.524762574164,-155.25286666818485,17.377217880309175,4.0
1984.0,7.0,1.0,2.0,42.0,2.83,13093.0,19.48562361271244,-155.26443719816996,33.47635440815023,2.9
1985.0,5.0,16.0,4.0,4.0,19.93,13094.0,19.50696448429069,-155.25554086144413,24.420440222524622,4.2
1988.0,12.0,15.0,19.0,26.0,21.34,13100.0,19.627307664879968,-155.44275463099768,6.612643572694668,3.6
1984.0,11.0,18.0,13.0,26.0,24.04,13102.0,19.99147891188668,-155.346571941836,24.084663668761447,2.8
1989.0,5.0,29.0,22.0,9.0,17.92,13105.0,19.07800162226692,-155.80155440576291,24.92990929489609,2.9
1986.0,3.0,24.0,3.0,38.0,36.97,13108.0,19.078096161788253,-155.86694729540667,23.703900613009115,3.1
1986.0,4.0,6.0,0.0,27.0,21.31,13112.0,19.1852656358062,-155.7192829287093,7.26716640987474,2.5
1986.0,7.0,23.0,10.0,46.0,15.82,13115.0,18.94176999175432,-155.67813191361876,6.955797583373046,2.5
1986.0,2.0,24.0,1.0,8.0,37.11,13119.0,18.97793275746523,-155.684679026168,40.8365427762136,2.7
1986.0,2.0,9.0,21.0,3.0,19.17,13120.0,19.276439644818964,-155.67588000200735,8.990711393331509,2.6
1992.0,7.0,11.0,10.0,20.0,59.11,13121.0,19.1218983697528,-155.85033564609694,17.060161877933893,2.9
1986.0,2.0,14.0,17.0,13.0,57.87,13125.0,19.88009041402956,-155.50136392492666,25.462695583331076,2.5
1986.0,7.0,24.0,23.0,28.0,41.99,13128.0,19.449263756732893,-155.58036057762106,30.822305512270244,2.5
1987.0,10.0,20.0,15.0,49.0,32.92,13131.0,19.46561323150483,-155.57929212597017,29.61950617798578,2.9
1986.0,7.0,9.0,22.0,20.0,47.92,13134.0,19.466578130092017,-155.54682088420614,35.05207167964,3.1
1986.0,11.0,1.0,14.0,14.0,47.63,13135.0,19.7156215921116,-155.10133544196003,15.87509993040015,3.7
1986.0,10.0,1.0,5.0,52.0,55.02,13136.0,19.781471861072934,-155.65343855233849,19.940075260889135,3.0
1986.0,9.0,17.0,0.0,56.0,8.16,13137.0,19.5844631359826,-155.05281491592257,8.512021831465676,3.5
1987.0,10.0,20.0,14.0,23.0,44.55,13139.0,19.62097733393739,-155.69246664234046,18.55913713554014,2.6
1987.0,2.0,4.0,19.0,50.0,42.74,13141.0,19.967275188998684,-155.49646828242703,11.794513068973021,2.6
1987.0,2.0,4.0,0.0,42.0,43.04,13142.0,19.984308356183927,-155.49442545491002,3.249459321587174,3.4
1987.0,4.0,5.0,22.0,25.0,14.02,13143.0,19.99136113708788,-155.50869483620656,42.49006782654894,3.0
1987.0,2.0,4.0,7.0,38.0,20.18,13144.0,19.94983706466348,-155.51792678158068,11.961817523779843,2.5
1987.0,3.0,27.0,3.0,1.0,16.59,13147.0,19.74416596722805,-155.5379300215713,41.31776297958779,2.5
1987.0,3.0,24.0,6.0,36.0,10.39,13148.0,19.72014830485389,-155.5882074341445,12.963318225058412,3.3
1988.0,10.0,22.0,6.0,57.0,24.02,13149.0,19.634092106495483,-155.6639817054745,13.07250788601673,2.8
1993.0,3.0,5.0,1.0,52.0,11.81,13151.0,19.615342791159907,-155.7021051605948,40.872263209497554,2.8
1988.0,12.0,1.0,0.0,33.0,51.25,13160.0,19.423191216780666,-155.79012822219963,32.643335127706976,3.4
1987.0,7.0,26.0,23.0,43.0,46.85,13162.0,20.079788092207835,-155.73714563102405,7.2658515471147265,2.8
1987.0,6.0,14.0,6.0,0.0,17.96,13163.0,20.143413514472133,-155.73728706184772,5.602773784658627,2.5
1993.0,7.0,5.0,13.0,33.0,8.3,13164.0,20.099055579285807,-155.7435808218854,42.551758758641974,3.0
1988.0,3.0,10.0,16.0,21.0,25.55,13169.0,19.56274296129972,-155.6227322796446,8.899353855269775,2.6
1987.0,12.0,29.0,22.0,7.0,15.51,13173.0,20.042083767853,-155.48018825850585,41.93681775237164,2.6
1993.0,5.0,25.0,15.0,30.0,57.79,13174.0,19.46494836202241,-155.4889596918639,32.03313884072219,2.6
1987.0,12.0,24.0,0.0,25.0,42.43,13175.0,19.49621682108849,-155.58992708610225,29.415599058669162,3.2
1990.0,1.0,22.0,8.0,27.0,21.12,13181.0,19.33131172652864,-155.3716713894089,16.70296729818677,2.6
1989.0,10.0,8.0,0.0,34.0,38.98,13183.0,19.190286891231818,-155.50988692420304,7.474173830016133,2.5
1988.0,3.0,7.0,0.0,19.0,50.88,13187.0,19.39748413304069,-155.36227358571705,1.4857881266198842,3.9
1989.0,8.0,20.0,6.0,46.0,43.75,13192.0,19.343206905670986,-155.7230996745583,41.664748798005135,2.9
1993.0,7.0,15.0,8.0,34.0,10.18,13204.0,19.424307536689987,-155.39674237074968,12.9825374433725,2.5
1989.0,1.0,24.0,13.0,26.0,19.28,13210.0,19.636779776217203,-155.18771001607814,8.513506413559533,2.6
1989.0,8.0,29.0,12.0,20.0,15.17,13211.0,19.62547415296487,-155.22088956839374,43.86800492660976,3.0
1989.0,1.0,28.0,10.0,41.0,52.27,13213.0,19.39790228452473,-155.31404416222273,2.208086088115625,4.5
1989.0,5.0,13.0,7.0,28.0,13.07,13217.0,20.1901049526845,-155.72290843526267,32.36209751607174,2.6
1989.0,4.0,7.0,14.0,3.0,23.05,13218.0,20.175487987753133,-155.74864290194074,28.51329773659584,2.5
1990.0,1.0,9.0,11.0,36.0,15.48,13231.0,19.623855565664847,-155.69939323842655,15.852570190300597,4.1
1989.0,7.0,31.0,15.0,15.0,4.97,13235.0,19.209784787909072,-155.4240375740219,34.59356013194755,4.2
2004.0,8.0,8.0,20.0,22.0,55.2,13245.0,20.05185908355853,-155.6833411100198,14.086405737758874,2.7
1989.0,10.0,4.0,2.0,34.0,21.13,13247.0,20.047674457064208,-155.59339490584833,24.992381442150617,2.5
1991.0,12.0,29.0,0.0,2.0,16.21,13248.0,20.10434247450318,-155.63140679460668,6.732021583662325,3.2
1989.0,8.0,7.0,20.0,51.0,37.66,13256.0,20.09362749153893,-155.6531440852158,25.46465894179252,3.4
1990.0,9.0,24.0,22.0,46.0,31.5,13260.0,20.100439237910805,-155.63296467060312,6.327253689982781,2.5
1990.0,7.0,14.0,22.0,57.0,21.8,13266.0,19.366388936332896,-155.50486812056943,11.450777973277642,4.0
1990.0,2.0,18.0,9.0,14.0,43.2,13268.0,19.47794924117619,-155.628792344468,23.711305838532112,2.6
1990.0,1.0,12.0,0.0,43.0,31.68,13269.0,19.648723058528383,-155.93382774913172,5.904643111898013,3.0
1990.0,2.0,7.0,21.0,5.0,12.98,13271.0,19.90808357301365,-155.54100614593744,25.532021340204707,4.0
1991.0,8.0,8.0,1.0,8.0,12.31,13274.0,20.00479780785457,-155.77059681198972,8.074550014166938,3.0
1991.0,8.0,8.0,3.0,36.0,43.32,13277.0,19.87145591576244,-155.87627318822078,32.56127537719179,2.5
1995.0,7.0,25.0,11.0,51.0,30.9,13282.0,20.011031174541323,-155.50730093155383,29.364190485877952,3.5
1990.0,9.0,19.0,21.0,3.0,6.48,13286.0,19.63304351760267,-155.29274422467248,33.78097863065754,2.9
1991.0,1.0,10.0,16.0,2.0,26.38,13291.0,19.51310155060627,-155.37482894453422,22.01961536231006,2.6
1991.0,1.0,8.0,11.0,17.0,15.18,13292.0,19.42639643709317,-155.42244396714156,33.33102852490508,3.8
1991.0,1.0,20.0,19.0,49.0,48.56,13293.0,19.524501840899365,-155.36392847265012,39.337518941245925,3.0
1992.0,4.0,26.0,21.0,53.0,57.08,13294.0,19.532932532616183,-155.3447034219536,18.61192073574324,2.7
1997.0,10.0,27.0,0.0,54.0,49.13,13295.0,19.512732575029705,-155.33181269667685,2.568005186523728,3.0
2009.0,3.0,7.0,7.0,42.0,40.01,13296.0,19.485378377853863,-155.35306114592424,20.857468191740363,2.5
1993.0,9.0,16.0,22.0,57.0,35.56,13297.0,19.553325394446624,-154.95416683764415,25.782669882103086,3.1
1991.0,4.0,18.0,15.0,42.0,23.86,13299.0,19.15654719812097,-155.55991891284958,39.48666166291791,2.5
1991.0,4.0,12.0,12.0,30.0,42.46,13300.0,19.88305714742239,-155.46635840893785,17.535393463865617,3.6
1991.0,4.0,15.0,11.0,43.0,56.09,13301.0,19.07999044652586,-155.85775526773435,42.30956299851677,3.0
1992.0,3.0,6.0,15.0,9.0,41.72,13303.0,19.68475215027852,-155.8220345743131,23.227228687502915,2.5
1996.0,6.0,23.0,21.0,19.0,23.35,13304.0,19.80789704395755,-155.99652954594853,19.03455610209253,3.1
1991.0,11.0,10.0,18.0,19.0,8.65,13305.0,19.77927617617037,-156.01824072069385,31.601015456536665,3.0
1992.0,8.0,8.0,6.0,31.0,51.49,13310.0,19.972944448385544,-155.409131336444,37.15843917400074,2.6
2000.0,9.0,2.0,13.0,28.0,7.59,13311.0,19.90683288726004,-155.34347041536054,14.875258207744192,2.8
1993.0,3.0,5.0,20.0,12.0,56.54,13313.0,19.08032234991097,-155.69155072696836,43.18748685220054,2.6
1992.0,7.0,25.0,14.0,6.0,34.57,13314.0,19.12080452251774,-155.61661706103672,22.176644528411693,2.5
1992.0,11.0,17.0,13.0,54.0,7.85,13315.0,19.85636002177561,-155.5412893551185,33.84390736094722,3.7
1992.0,12.0,30.0,4.0,26.0,44.23,13320.0,20.08327679773525,-155.54077045375033,15.057694327051351,3.2
1993.0,9.0,21.0,8.0,18.0,11.01,13325.0,19.976654473550457,-155.5146225720563,39.2946451364599,3.1
1993.0,12.0,29.0,11.0,6.0,42.7,13327.0,19.76275622367701,-155.69713802297574,1.259979741716828,3.5
1994.0,1.0,9.0,23.0,57.0,38.64,13328.0,19.57666078715944,-155.72916159242894,11.466948071325707,3.2
1994.0,11.0,8.0,12.0,47.0,43.87,13329.0,19.34635168741395,-155.86313614612695,37.28687561172232,3.2
1993.0,12.0,31.0,17.0,48.0,0.3,13330.0,19.616256263204324,-155.7541291417644,15.00249237472605,2.5
1994.0,5.0,23.0,20.0,4.0,0.88,13332.0,19.571925373001392,-155.01759085454214,42.7482224694782,3.1
1994.0,5.0,18.0,6.0,56.0,13.25,13333.0,19.556250849732567,-155.04268492475794,17.870189462659507,2.5
1994.0,5.0,23.0,14.0,42.0,18.57,13334.0,19.62311534109493,-154.97182904880833,7.1190966819888635,3.2
1994.0,5.0,1.0,9.0,21.0,43.72,13335.0,19.60072015538511,-155.03294150635614,28.14960204836235,3.3
1997.0,1.0,20.0,7.0,42.0,31.34,13342.0,19.93498241396044,-155.25579245499503,14.680980920183744,2.9
1996.0,8.0,18.0,4.0,54.0,51.19,13349.0,19.511723033796965,-155.19511037283328,5.341027068360322,2.5
1995.0,6.0,13.0,10.0,18.0,24.19,13351.0,19.324527974513707,-155.73136751266512,4.5854555932694,2.6
1996.0,5.0,7.0,8.0,8.0,50.92,13354.0,19.245087137265298,-155.85721088399342,34.002369312694036,2.7
1996.0,6.0,8.0,5.0,41.0,28.11,13355.0,19.976248008407907,-155.5089225580081,36.280388907563214,2.8
1996.0,3.0,30.0,23.0,30.0,24.57,13357.0,20.009696989448504,-155.4735987199779,17.253316271407986,3.3
1995.0,12.0,17.0,5.0,35.0,33.49,13358.0,19.9186653093144,-155.49965989736313,8.008475153145563,2.6
1996.0,2.0,29.0,17.0,15.0,16.11,13359.0,19.7809490240402,-155.34107401594923,3.6804917664049426,3.2
1996.0,2.0,28.0,15.0,9.0,20.91,13360.0,19.87522964852448,-155.26919543553933,42.521608323636,2.5
1996.0,11.0,11.0,18.0,16.0,44.96,13365.0,19.59266461552499,-155.32956460009092,28.192074721180855,4.7
1996.0,12.0,31.0,5.0,8.0,1.41,13368.0,19.65682634947693,-155.7482422909134,24.573923525332535,4.0
1996.0,12.0,26.0,16.0,13.0,50.65,13370.0,19.061044151808098,-155.72764069889635,9.948077700527367,2.7
1997.0,11.0,22.0,10.0,35.0,2.32,13372.0,19.650975450718576,-155.251601757139,10.777681837713525,3.6
1997.0,12.0,7.0,21.0,38.0,13.06,13373.0,19.6086604122948,-155.128662838344,34.288520868717754,3.6
1998.0,10.0,5.0,19.0,21.0,17.43,13374.0,19.628583438410903,-155.15497005395227,17.39858203192879,2.9
1998.0,6.0,20.0,20.0,51.0,15.47,13376.0,19.632117912163004,-155.18277087541418,5.243749452634928,2.8
2018.0,1.0,13.0,17.0,50.0,53.62,13382.0,19.089035578584568,-155.88650350708014,10.133156519253887,3.0
1997.0,11.0,30.0,6.0,13.0,55.19,13383.0,19.28236279283212,-155.85324677287795,16.288351944576775,3.2
1997.0,8.0,29.0,11.0,56.0,35.42,13389.0,19.52056719994444,-154.9358929487453,12.181784526850898,2.7
1998.0,4.0,25.0,15.0,22.0,57.19,13392.0,19.883442903242084,-155.445714324994,4.7842502342155475,2.5
1999.0,5.0,14.0,21.0,50.0,26.98,13393.0,20.09406236772676,-155.50505393043937,34.889327861742395,2.6
1998.0,6.0,10.0,3.0,16.0,8.92,13394.0,20.07124305933517,-155.48194853421415,33.07410886101276,2.7
1997.0,11.0,23.0,6.0,44.0,45.49,13395.0,20.120579504145866,-155.53241729741342,34.071841683060626,3.8
1997.0,11.0,13.0,1.0,16.0,56.03,13396.0,19.76223283764785,-155.79082529944122,26.19427579646315,3.5
1998.0,1.0,26.0,5.0,27.0,30.75,13399.0,19.417680983710007,-155.7742207635687,10.278200380381584,2.7
2000.0,3.0,20.0,16.0,49.0,51.35,13402.0,19.4677830142354,-155.89822328403895,37.12608695234702,2.6
2000.0,10.0,12.0,1.0,17.0,11.95,13404.0,19.40998285238102,-155.68775320641484,12.108105338151269,2.9
2000.0,3.0,27.0,14.0,9.0,57.89,13406.0,19.339459475537915,-155.65958727119593,44.562383341367166,2.5
1998.0,9.0,18.0,3.0,50.0,48.11,13411.0,19.48977841098344,-154.85865307900033,16.12847131014442,2.7
1998.0,8.0,14.0,3.0,40.0,54.88,13419.0,19.54479054616996,-154.88658214036775,10.664309018943262,2.5
1998.0,7.0,26.0,15.0,12.0,50.87,13421.0,19.504944066687287,-154.8205302024526,25.11595956979498,2.5
1998.0,12.0,17.0,7.0,17.0,42.18,13426.0,19.340793818988534,-155.0867252670814,31.638187926763813,2.8
1998.0,12.0,31.0,4.0,22.0,36.71,13427.0,19.3738674468112,-155.1408351934886,26.345791307390066,2.6
2006.0,12.0,15.0,19.0,7.0,20.88,13428.0,20.16994685186567,-155.828291287069,35.85199454113338,2.7
1999.0,5.0,22.0,4.0,32.0,28.33,13429.0,20.187032066596267,-155.7537905743911,8.578778737677332,3.6
1999.0,4.0,28.0,10.0,17.0,53.71,13431.0,20.166942285821744,-155.78479352279703,44.576323639203665,3.0
2000.0,3.0,13.0,21.0,32.0,53.58,13433.0,20.184639159065537,-155.7631923453495,9.601174642089571,2.5
1999.0,4.0,30.0,14.0,2.0,1.47,13434.0,20.05434541656856,-155.7501117104731,31.28345555436191,3.5
2000.0,1.0,5.0,19.0,47.0,1.93,13442.0,20.12604856543113,-155.69338695735462,25.88408855236458,2.8
2001.0,2.0,20.0,20.0,52.0,5.08,13443.0,20.16456616879849,-155.66933168853572,22.55770845972283,3.8
2000.0,1.0,21.0,20.0,47.0,46.52,13444.0,20.027415491751707,-155.549075121178,19.967552845501125,2.8
2003.0,4.0,24.0,14.0,11.0,0.11,13446.0,20.05917819900037,-155.59718837482868,2.369229841587383,3.5
2000.0,9.0,3.0,0.0,27.0,7.96,13447.0,20.10170488075946,-155.53054331129158,4.180073085349861,3.8
2000.0,1.0,7.0,16.0,59.0,5.26,13451.0,19.978353434714588,-155.5270881896705,40.08336459659271,2.8
1999.0,12.0,11.0,9.0,39.0,50.18,13454.0,19.87137072221135,-155.75505506356612,29.316194061417008,4.1
2000.0,9.0,20.0,19.0,24.0,37.03,13458.0,20.064412155124728,-155.5916566391729,11.27115357392004,3.0
2000.0,1.0,4.0,3.0,9.0,41.09,13461.0,20.098236813252853,-155.57044410686748,7.04497079474025,2.6
2010.0,11.0,15.0,18.0,14.0,4.44,13463.0,20.06024257811065,-155.59527912000493,33.01034640915039,2.8
2000.0,8.0,19.0,22.0,19.0,21.07,13468.0,20.05474002171438,-155.57129717156567,30.41560746638715,2.9
2001.0,1.0,29.0,6.0,32.0,39.07,13477.0,19.85005372258634,-155.3144209858352,17.974157068521187,2.5
2001.0,4.0,5.0,2.0,26.0,49.8,13483.0,19.900875976735485,-155.47103113710455,35.106028407253746,4.6
2001.0,8.0,26.0,15.0,46.0,24.37,13484.0,19.69129840232775,-155.15354982013912,3.6998445768740513,3.3
2010.0,1.0,17.0,23.0,23.0,9.48,13495.0,19.04512163890239,-155.7693025180959,6.647773808202974,2.6
2003.0,2.0,27.0,12.0,58.0,0.68,13497.0,19.30205056788624,-155.71941528373114,20.89911291475498,3.2
2002.0,5.0,26.0,20.0,26.0,38.94,13498.0,19.790012147146665,-155.96860364355885,26.08188765061236,2.6
2002.0,8.0,21.0,19.0,19.0,40.86,13502.0,19.263097499869804,-155.75897986483935,34.677891344138395,2.6
2004.0,6.0,23.0,2.0,7.0,9.43,13503.0,19.23833857991101,-155.8055898614964,27.950879172079453,3.4
2002.0,11.0,7.0,18.0,55.0,21.22,13505.0,20.01002784921289,-155.5881135549099,1.6505464927116646,2.7
2003.0,4.0,8.0,22.0,4.0,30.3,13510.0,19.66405552207964,-155.31067035055278,6.877449989790533,3.9
2004.0,4.0,9.0,19.0,2.0,10.77,13513.0,19.15491378189208,-155.5866351573009,25.1264095745027,2.5
2004.0,5.0,11.0,8.0,50.0,22.09,13517.0,20.01647563131502,-155.37802156629203,4.947317285465068,5.0
2004.0,6.0,9.0,2.0,35.0,8.61,13519.0,20.01879130836139,-155.4096271629725,4.7850368601057145,2.7
2004.0,5.0,13.0,16.0,21.0,30.53,13520.0,20.038716864738337,-155.46855528024207,13.00995735740793,2.5
2004.0,6.0,9.0,6.0,40.0,12.15,13523.0,20.2092894786718,-155.83485995606574,42.2070799614703,3.3
2004.0,9.0,30.0,17.0,46.0,8.27,13529.0,19.949459816765906,-155.46289763955176,18.42620613598386,2.9
2004.0,11.0,7.0,0.0,29.0,46.2,13530.0,19.916781192076183,-155.51496105554168,12.576935646424204,2.5
2004.0,3.0,3.0,8.0,4.0,47.39,13532.0,19.885040352599933,-155.604591617851,4.774881286410659,2.6
2004.0,6.0,4.0,21.0,15.0,18.89,13535.0,19.78882702456081,-155.46891816437363,23.69536523440216,2.7
2004.0,10.0,30.0,15.0,26.0,23.36,13537.0,19.947995491236,-155.35524206055047,6.601105442110539,3.5
2004.0,3.0,27.0,19.0,6.0,38.01,13538.0,19.971427546286133,-155.46301014733385,15.636317797992593,2.8
2004.0,8.0,5.0,12.0,54.0,37.67,13541.0,19.86590320230552,-155.33011584454687,32.74868841057752,3.7
2004.0,8.0,12.0,14.0,42.0,38.47,13544.0,19.95799633314225,-155.38958338974692,27.60403418064835,2.5
2004.0,9.0,1.0,6.0,13.0,52.87,13549.0,19.72990203981904,-155.31124334851594,13.646674993488347,2.7
2004.0,6.0,27.0,17.0,4.0,26.65,13550.0,19.68158015292053,-155.378727422773,30.806993870477466,2.5
2004.0,4.0,19.0,16.0,6.0,11.4,13561.0,19.67523021980773,-155.29971748468236,21.644153887576046,2.5
2004.0,4.0,2.0,1.0,10.0,41.96,13564.0,19.697701571199588,-155.35443196719686,26.59000715945943,2.5
2004.0,3.0,25.0,22.0,35.0,38.87,13569.0,19.679889262194965,-155.30855491491073,4.691750787110532,3.7
2004.0,4.0,5.0,16.0,9.0,34.03,13584.0,19.70546228876436,-155.34992203406432,2.7576908198904277,2.8
2010.0,6.0,8.0,11.0,57.0,20.84,13586.0,19.658697009258788,-155.27816665370642,42.244628898911174,3.2
2004.0,3.0,3.0,9.0,36.0,32.77,13602.0,19.50689464811493,-155.18148304442371,33.55188885485784,2.5
2004.0,8.0,3.0,1.0,35.0,56.16,13604.0,20.0986902372215,-155.70405122257452,42.92779747635191,3.2
2008.0,11.0,27.0,8.0,45.0,4.21,13611.0,19.78745068833183,-155.354127192433,41.129529212111116,2.9
2004.0,3.0,31.0,5.0,35.0,58.28,13615.0,19.733646547642586,-155.32701433926405,41.78621747601706,3.2
2009.0,12.0,21.0,10.0,18.0,24.84,13618.0,19.74910873483856,-155.20527740699632,24.057667549103286,3.1
2005.0,9.0,6.0,5.0,7.0,45.36,13619.0,19.732997355669845,-155.21761484211638,8.422268059649145,2.8
2004.0,4.0,1.0,11.0,37.0,24.6,13622.0,19.63378681824494,-155.1112436745336,35.46589595848437,3.1
2004.0,5.0,2.0,2.0,29.0,31.74,13629.0,19.89635504240597,-155.7086148326614,41.483377598576645,2.5
2004.0,12.0,21.0,4.0,0.0,54.33,13630.0,19.94887941801786,-155.81707953256003,38.614911415571456,2.9
2004.0,4.0,13.0,15.0,16.0,58.92,13632.0,19.721006765761825,-155.87405668218602,16.87967278063211,3.3
2004.0,4.0,22.0,8.0,45.0,44.31,13633.0,19.04199217513494,-155.70043283519107,9.338139659182001,2.7
2004.0,5.0,18.0,10.0,42.0,40.82,13636.0,19.284261600866813,-155.734917895434,16.437819872716442,3.3
2004.0,10.0,6.0,9.0,34.0,47.81,13640.0,19.80655283937105,-155.5600909223879,5.753075117653268,2.7
2007.0,4.0,23.0,14.0,14.0,11.24,13642.0,19.60590726590064,-155.47732549824266,19.008239441691433,2.5
2006.0,11.0,9.0,2.0,1.0,35.77,13643.0,19.624660098486125,-155.60574350165845,40.45089814631779,2.5
2013.0,12.0,31.0,7.0,0.0,46.86,13644.0,19.62711194870188,-155.614968728721,38.935810207049244,2.8
2006.0,5.0,10.0,7.0,46.0,2.2,13645.0,19.70868760658044,-155.72577876128832,10.069015622234998,4.8
2005.0,1.0,20.0,10.0,22.0,30.15,13651.0,19.72337899284878,-155.74495598281368,41.00691376370147,3.6
2007.0,8.0,16.0,9.0,21.0,36.71,13653.0,19.491003354950923,-155.50113584027304,29.087341057791665,2.5
2005.0,5.0,10.0,5.0,30.0,2.27,13657.0,19.33837393730606,-155.45914587589257,34.96968931291871,2.5
2007.0,5.0,4.0,9.0,18.0,37.9,13659.0,19.76443980260243,-155.84248085693005,11.412505010563594,2.5
2008.0,6.0,5.0,5.0,34.0,27.69,13663.0,19.7505596556244,-155.78377376187,21.004637121886454,3.6
2008.0,12.0,12.0,15.0,10.0,43.7,13664.0,19.91018703934229,-155.740117571809,31.25432120169161,3.4
2008.0,6.0,12.0,23.0,33.0,57.12,13665.0,19.76240523972641,-155.76731605878115,22.632624772752234,2.5
2005.0,6.0,27.0,9.0,54.0,14.16,13666.0,19.865969606457583,-155.1144950370428,42.27631838055935,2.6
2019.0,6.0,3.0,17.0,42.0,0.74,13670.0,19.32787728189784,-155.56084340484458,10.34615573946475,2.5
2005.0,10.0,31.0,13.0,29.0,7.33,13674.0,19.264000537670302,-155.77200334254937,15.472070291228562,2.7
2005.0,8.0,13.0,5.0,27.0,7.35,13677.0,19.506548264165527,-155.6194204684226,6.496808631273549,2.9
2005.0,11.0,24.0,23.0,58.0,13.83,13681.0,19.656688578750256,-155.53315413811168,42.8471147895191,2.5
2006.0,9.0,1.0,0.0,35.0,25.94,13683.0,19.120754541484263,-155.6253571263071,11.843822878632553,3.6
2007.0,8.0,17.0,8.0,24.0,18.49,13691.0,19.56906851958652,-155.61288681812286,42.04728364247504,3.6
2008.0,5.0,31.0,20.0,44.0,53.88,13700.0,19.85307248604432,-155.437922522654,35.594607995730186,3.0
2007.0,10.0,15.0,19.0,1.0,43.49,13702.0,20.0174636096795,-155.7806569945942,36.32590643042682,2.6
2007.0,12.0,14.0,23.0,31.0,18.37,13704.0,19.0402178093665,-155.6510861641786,9.231014160023676,2.7
2007.0,12.0,14.0,22.0,12.0,59.16,13706.0,19.646407674829845,-155.21507775942487,35.085123613547275,2.9
2007.0,12.0,15.0,7.0,20.0,20.21,13707.0,19.528278210700943,-155.64095215940608,30.535341595075487,3.4
2008.0,3.0,3.0,5.0,58.0,40.54,13708.0,19.572477497849327,-155.61808425056918,7.362407478528137,3.0
2008.0,4.0,20.0,13.0,7.0,19.49,13709.0,19.371524794750574,-155.57455845315638,19.459627599616987,2.5
2010.0,5.0,6.0,13.0,11.0,9.83,13730.0,19.28664290040136,-155.4100058213138,6.554843965729669,3.8
2007.0,12.0,24.0,2.0,41.0,52.77,13735.0,19.30171831946789,-155.4632634204601,38.94223389290415,3.5
2008.0,4.0,13.0,10.0,46.0,11.03,13738.0,19.297293755278883,-155.45890987616394,43.85020712706176,2.7
2011.0,5.0,30.0,7.0,2.0,48.07,13741.0,19.45659198901597,-155.54171918957215,41.54882721558274,2.8
2011.0,7.0,3.0,17.0,53.0,58.43,13743.0,19.390231639759403,-155.56616608906546,31.46019647176598,2.8
2008.0,5.0,27.0,7.0,42.0,56.0,13744.0,19.379607119081765,-155.1910296649508,20.86592569646747,2.5
2007.0,12.0,31.0,0.0,1.0,50.22,13746.0,19.30008214390621,-155.61689104257107,34.11510340496231,3.1
2008.0,8.0,29.0,10.0,58.0,44.12,13748.0,19.311618848398663,-155.570419347662,17.364040044526597,2.5
2008.0,6.0,5.0,11.0,9.0,59.76,13749.0,19.399311194495507,-155.58966455460563,16.044830850534503,2.6
2007.0,12.0,30.0,7.0,4.0,59.34,13750.0,19.364459225121827,-155.37837475834604,1.71739399759409,3.1
2007.0,12.0,27.0,12.0,38.0,53.18,13760.0,19.303168027463247,-155.41139843458103,38.59006969344662,2.6
2008.0,10.0,8.0,19.0,27.0,25.46,13763.0,19.34011045708216,-155.56147194422508,36.46316925300161,2.7
2008.0,3.0,18.0,7.0,34.0,23.98,13764.0,19.27330219552745,-155.51396718386363,23.603425547339427,2.7
2019.0,7.0,20.0,4.0,5.0,13.5,13765.0,19.321036278225407,-155.49330755714666,29.66740561810486,4.4
2008.0,1.0,1.0,7.0,35.0,4.5,13772.0,19.270365574926377,-155.56510537866342,42.39477028167725,3.3
2008.0,7.0,11.0,6.0,0.0,8.66,13774.0,19.27153916939259,-155.36976154786888,4.9051677567307,2.6
2008.0,3.0,20.0,21.0,20.0,42.17,13775.0,19.33032602271427,-155.491939885599,31.582814611031356,2.7
2013.0,5.0,15.0,12.0,2.0,15.92,13777.0,19.31366810062846,-155.50730524984286,23.71880954255812,2.6
2008.0,4.0,7.0,18.0,47.0,49.47,13782.0,19.240328330124303,-155.43179736657288,39.87785146955113,2.7
2011.0,12.0,6.0,6.0,22.0,39.87,13789.0,19.348982754361177,-155.5246425336605,19.305581471272273,2.9
2018.0,9.0,4.0,0.0,57.0,44.33,13792.0,19.84290526553318,-155.6158616785804,12.494612490152669,3.1
2008.0,1.0,5.0,7.0,9.0,51.65,13796.0,19.593011734147144,-155.43639506764495,18.89368564121554,2.6
2008.0,2.0,12.0,3.0,47.0,9.89,13798.0,19.92279603686321,-155.63185779940136,5.122109789667791,2.9
2008.0,9.0,13.0,6.0,3.0,38.45,13810.0,19.565111977570364,-155.01362284187536,43.97994399570024,2.8
2011.0,1.0,28.0,3.0,41.0,22.58,13815.0,19.59852028004767,-155.63508667150634,26.271299224799506,2.9
2008.0,3.0,29.0,21.0,21.0,41.74,13818.0,19.511293705913864,-154.92165051572485,25.076532369253748,2.5
2008.0,6.0,3.0,18.0,21.0,22.98,13819.0,19.785038727008143,-155.41058901454366,42.248282454363114,3.1
2008.0,9.0,9.0,8.0,57.0,19.37,13823.0,19.46075165157183,-155.48515748917737,43.32193181785187,3.5
2008.0,9.0,2.0,9.0,14.0,20.19,13825.0,18.98238121746368,-155.60641766676625,4.3575973650510615,2.6
2009.0,6.0,22.0,16.0,52.0,57.6,13831.0,19.20465986870332,-155.5091764388446,44.646253367818446,2.6
2009.0,12.0,15.0,22.0,9.0,58.56,13832.0,19.22797491063328,-155.58557316513566,33.26643011325217,2.8
2010.0,3.0,30.0,3.0,54.0,46.37,13834.0,19.28317319957028,-155.543875671476,3.7973377974693077,2.6
2020.0,2.0,13.0,17.0,3.0,0.84,13847.0,19.23654731040804,-155.544699671375,14.947022365608902,4.2
2009.0,6.0,1.0,18.0,36.0,25.78,13848.0,19.27392483502997,-155.57160627980446,44.29726792132098,3.2
2008.0,8.0,17.0,4.0,52.0,47.79,13852.0,19.14295733362609,-155.6019767884273,32.42917344988507,3.6
2009.0,6.0,21.0,20.0,22.0,26.87,13854.0,19.21441911407803,-155.40407919843668,8.079674470479855,2.5
2008.0,9.0,10.0,3.0,55.0,15.76,13857.0,19.15177562998097,-155.5309780225627,25.540004469114077,4.0
2008.0,8.0,12.0,17.0,18.0,3.83,13858.0,19.14321470352036,-155.6381098888773,29.080736564906,2.6
2008.0,8.0,27.0,10.0,52.0,58.82,13860.0,19.377782510445822,-155.47027926546738,13.729762420698586,2.5
2022.0,4.0,30.0,2.0,35.0,13.92,13862.0,19.221725856023024,-155.4427056482444,21.725646797484522,4.0
2008.0,8.0,13.0,12.0,15.0,24.79,13863.0,19.47878234738927,-155.72724301568098,24.970483332747467,2.8
2009.0,6.0,8.0,13.0,24.0,13.58,13864.0,20.105350672921755,-155.72753725845465,18.272073217576036,2.5
2009.0,6.0,10.0,3.0,15.0,19.56,13865.0,20.13654045008732,-155.76725348066293,42.70848034760838,3.4
2009.0,9.0,20.0,0.0,25.0,36.96,13869.0,19.890014878287275,-155.89829782350154,27.812155555428888,2.6
2008.0,12.0,30.0,20.0,5.0,41.45,13870.0,19.71785920250877,-155.64713755475069,21.046007332829042,2.6
2010.0,4.0,26.0,0.0,41.0,59.4,13873.0,19.877059794904287,-155.46018731175442,10.02543415742271,2.9
2010.0,6.0,1.0,20.0,42.0,22.94,13875.0,19.84667117152503,-155.5060750720723,11.4243047746292,2.8
2009.0,8.0,4.0,7.0,6.0,41.94,13879.0,19.58708462788605,-155.6035115879466,6.090236953400244,2.5
2011.0,2.0,20.0,17.0,22.0,45.29,13882.0,19.093063483306224,-155.68606873717465,39.46233930975031,3.9
2010.0,9.0,21.0,18.0,35.0,20.01,13883.0,19.373591686242104,-155.47688811198591,11.841609067605756,3.0
2010.0,1.0,29.0,11.0,17.0,39.08,13885.0,19.40925862004329,-155.6678427628845,27.133812798757393,2.5
2011.0,2.0,3.0,20.0,34.0,2.16,13894.0,19.84991905183504,-155.7893388200586,1.4139209323107624,2.7
2010.0,12.0,4.0,17.0,2.0,0.24,13896.0,19.99909835067611,-155.77774842017865,44.604620817962704,3.4
2011.0,8.0,4.0,9.0,34.0,26.31,13900.0,19.8857639389968,-155.8710815783159,21.39680427910224,2.9
2010.0,12.0,13.0,2.0,8.0,59.42,13902.0,19.8630385605153,-155.7107871188857,35.43545043837886,3.0
2011.0,3.0,2.0,10.0,51.0,1.07,13908.0,19.86280727573468,-155.6963301093644,34.45879216852302,2.9
2013.0,10.0,30.0,23.0,49.0,21.79,13909.0,19.901117409849576,-155.66397817757058,29.499919339891083,2.5
2011.0,6.0,18.0,10.0,30.0,39.1,13911.0,19.194804910379784,-155.59123924674014,13.58504671943156,2.9
2011.0,7.0,29.0,20.0,51.0,10.6,13915.0,19.19393482157584,-155.38504884077722,39.80949457746682,3.9
2011.0,5.0,5.0,20.0,36.0,38.84,13916.0,19.15344183045507,-155.72215251526268,24.418041212045026,3.1
2011.0,10.0,17.0,10.0,30.0,41.34,13917.0,19.21103254708453,-155.48368673513244,43.641043055975715,2.5
2012.0,4.0,18.0,14.0,44.0,31.73,13918.0,20.047369432717822,-155.40165933567326,27.271442532629784,2.7
2015.0,7.0,4.0,23.0,57.0,5.72,13919.0,19.1800714235296,-155.56730990858256,14.652080292779523,4.7
2011.0,4.0,15.0,7.0,28.0,41.64,13920.0,19.262760131064,-155.52999172774648,17.560428882386123,3.8
2011.0,5.0,4.0,6.0,55.0,45.22,13925.0,19.25657497931451,-155.55398788846594,38.07222696564072,2.6
2011.0,4.0,20.0,6.0,54.0,40.68,13926.0,19.00195860007708,-155.6815821272739,4.928856360028865,2.5
2011.0,11.0,4.0,3.0,44.0,23.44,13930.0,19.88573732152054,-155.36393018526272,25.259703280426614,2.6
2011.0,11.0,3.0,13.0,6.0,10.06,13931.0,19.903897757779934,-155.3620761179693,18.128113181644306,2.6
2011.0,11.0,22.0,10.0,3.0,7.92,13934.0,19.20057369120692,-155.8012937411011,3.29800363583002,2.7
2012.0,4.0,4.0,8.0,36.0,2.64,13937.0,19.823642962018795,-155.1611181426943,17.959009310875114,4.0
2012.0,8.0,16.0,22.0,20.0,5.03,13943.0,19.535415411957896,-155.35816646257672,24.664636703654956,2.6
2013.0,11.0,3.0,11.0,51.0,27.48,13946.0,20.05881857021831,-155.40810760847754,29.277284116450367,3.9
2012.0,9.0,27.0,11.0,0.0,19.16,13948.0,19.35864626574668,-155.62372063077646,13.394931144215168,3.5
2012.0,9.0,27.0,14.0,32.0,22.21,13950.0,19.810293841200096,-155.35787828484692,32.945205449722735,2.5
2012.0,12.0,6.0,9.0,39.0,44.19,13952.0,19.646102159099023,-155.52458801681055,34.869177658559856,3.7
2014.0,1.0,1.0,20.0,58.0,2.63,13954.0,19.758289021320184,-155.44588202751564,17.45331415588578,2.9
2017.0,1.0,11.0,15.0,12.0,10.7,13956.0,19.761786574993373,-155.39282237440042,1.927382821713306,2.5
2013.0,2.0,3.0,1.0,16.0,31.27,13965.0,19.52056362561229,-155.04085262974405,26.222597137237532,3.7
2013.0,4.0,26.0,23.0,8.0,32.2,13969.0,19.59394300119842,-155.4609670154395,41.47118132076535,2.7
2013.0,3.0,4.0,21.0,6.0,49.23,13970.0,19.6029655644608,-155.45565975782236,28.035900213536458,4.1
2014.0,8.0,4.0,23.0,38.0,20.47,13971.0,19.60831050700917,-155.44179670712728,15.188906225402738,2.6
2013.0,5.0,26.0,14.0,37.0,7.12,13972.0,19.71166319476367,-155.38138028923473,8.668274435837718,2.6
2013.0,3.0,4.0,4.0,15.0,38.19,13975.0,19.562126520616825,-155.4590201260766,15.024468086566767,2.8
2013.0,2.0,12.0,0.0,1.0,29.88,13977.0,19.625730002699857,-155.43692634965265,4.656678334906549,4.9
2013.0,3.0,22.0,15.0,55.0,42.4,13978.0,19.610192888045844,-155.43349640181486,10.129725355753797,2.5
2013.0,9.0,27.0,20.0,57.0,36.82,13991.0,19.370242005045533,-155.03348647607413,38.18328642813835,2.7
2016.0,7.0,31.0,10.0,9.0,16.49,13995.0,20.061785472552856,-155.44993714015905,19.647459251560626,3.2
2016.0,7.0,31.0,18.0,42.0,16.2,13996.0,19.942930580545337,-155.27125763681116,17.35855871410403,3.1
2014.0,4.0,12.0,17.0,12.0,11.33,14000.0,19.67683189092053,-155.7132284472581,16.184605435706086,2.8
2014.0,6.0,2.0,10.0,9.0,22.33,14002.0,19.89197208205836,-155.25174844163627,12.899378281123575,2.7
2014.0,6.0,7.0,19.0,46.0,14.92,14005.0,19.52293050633476,-155.9371269490382,24.122801908736285,3.6
2014.0,8.0,18.0,23.0,31.0,23.8,14008.0,19.58850064248555,-155.16363993859906,26.40402547786767,3.1
2014.0,8.0,3.0,2.0,9.0,21.13,14009.0,19.400987394008844,-155.3742738430791,32.65790014235699,2.5
2015.0,1.0,29.0,16.0,56.0,3.86,14011.0,19.40623482628109,-155.30328544682422,15.70338866120749,5.5
2015.0,6.0,20.0,3.0,56.0,24.53,14022.0,19.947721367364142,-155.41843849525853,5.674263622681467,2.7
2019.0,5.0,1.0,21.0,17.0,4.0,14024.0,19.37651686573749,-155.20342600473828,40.537462223178395,4.4
2015.0,5.0,2.0,11.0,56.0,45.03,14028.0,19.442645956969795,-155.21858480652762,34.5840489669886,2.8
2016.0,7.0,25.0,15.0,23.0,35.92,14030.0,19.635163289147588,-155.47228217575102,9.029251321191763,3.0
2015.0,6.0,4.0,17.0,36.0,54.12,14033.0,19.893713101183984,-155.6072285237872,43.31475272045304,2.6
2017.0,6.0,20.0,14.0,41.0,52.07,14034.0,19.707043597723736,-155.26857949176198,8.54070383074702,2.7
2017.0,5.0,8.0,2.0,7.0,57.49,14036.0,19.47626047421332,-155.42455801720155,44.17551106713679,2.9
2016.0,3.0,9.0,11.0,23.0,54.95,14037.0,19.01846421500052,-155.6497025242234,41.544008297426906,2.7
2016.0,11.0,30.0,23.0,9.0,12.7,14040.0,19.026056204356426,-155.6531217434502,33.528677095158606,3.8
2019.0,10.0,3.0,14.0,52.0,6.34,14042.0,19.48420080469779,-155.32486971804974,27.906178459006885,3.5
2017.0,4.0,25.0,22.0,47.0,32.29,14049.0,19.28712958447496,-155.71691320947232,3.7544872608208144,2.5
2017.0,4.0,19.0,23.0,49.0,22.26,14053.0,19.190606575076306,-155.85126284910606,4.0539443096064325,2.5
2019.0,11.0,16.0,14.0,16.0,18.2,14056.0,19.713067191505,-155.5988767068991,6.941815829249812,2.5
2016.0,12.0,28.0,2.0,44.0,23.53,14060.0,19.54080699641738,-155.78082703899867,20.276370240354495,2.5
2016.0,12.0,5.0,19.0,11.0,27.07,14062.0,19.45246724783529,-155.4235925763645,32.515985734745705,2.7
2016.0,12.0,22.0,4.0,4.0,9.7,14063.0,19.693818255635392,-155.14608343760503,8.860099133102187,2.5
2017.0,3.0,24.0,0.0,29.0,35.42,14064.0,19.483600673049263,-155.5324520233173,27.317816008054905,3.1
2018.0,1.0,4.0,5.0,19.0,55.7,14066.0,19.229509643325105,-155.70049795118993,44.84875838423706,2.9
2017.0,4.0,4.0,10.0,1.0,50.79,14068.0,19.562731683092608,-155.07493316076486,2.901906738487605,3.0
2017.0,8.0,26.0,22.0,22.0,39.81,14074.0,19.558976982190487,-155.29800254654768,41.82412268365492,3.4
2018.0,9.0,13.0,14.0,33.0,26.86,14076.0,19.544072308884022,-155.31323610274026,12.828121472838765,2.8
2017.0,10.0,10.0,23.0,56.0,36.34,14077.0,19.681272427064112,-155.61054216699944,36.31196998926691,2.9
2022.0,12.0,2.0,8.0,17.0,36.31,14083.0,20.007831502611857,-155.81398945424763,36.99867655091634,2.5
2018.0,11.0,18.0,4.0,59.0,23.94,14084.0,19.992166057788527,-155.6642358368579,33.39597982938045,3.6
2018.0,3.0,8.0,22.0,35.0,25.92,14085.0,20.152680120321538,-155.62091365001433,38.68200095601593,4.3
2018.0,4.0,4.0,8.0,45.0,34.04,14086.0,20.009368398179628,-155.7025621067968,4.385159565022977,4.0
2018.0,8.0,18.0,0.0,31.0,49.03,14094.0,19.45065971857018,-155.1377908739506,13.587394175219949,2.8
2018.0,8.0,6.0,2.0,7.0,6.91,14095.0,19.47703075239644,-155.19652757975174,16.117081674872132,2.6
2018.0,9.0,6.0,17.0,24.0,58.81,14096.0,19.812521503995463,-155.36107920619688,19.628840167441382,2.9
2018.0,9.0,13.0,22.0,39.0,32.12,14097.0,19.78423732801257,-155.33916042724468,11.695120214627067,2.5
2018.0,11.0,14.0,14.0,24.0,9.42,14098.0,19.81313962738809,-155.55471260390067,7.017147736636294,2.6
2019.0,3.0,7.0,4.0,39.0,31.38,14101.0,19.23935398011636,-155.85136163311572,33.702139392615976,4.1
2019.0,5.0,24.0,11.0,30.0,12.11,14102.0,19.469332435314364,-155.65524264620143,4.8182085329046895,2.9
2019.0,8.0,16.0,10.0,34.0,33.13,14105.0,19.16490020007461,-155.51760852898715,9.202092920566535,2.5
2019.0,8.0,21.0,10.0,46.0,28.37,14110.0,19.57578948515336,-155.84898615287247,22.916089379801488,2.7
2019.0,10.0,7.0,6.0,29.0,0.14,14112.0,19.532708646024545,-155.33823552840306,30.26628398751347,3.3
2020.0,2.0,25.0,15.0,32.0,11.5,14113.0,19.735570971281906,-155.96177692176087,1.9913355595873092,2.7
2022.0,7.0,12.0,5.0,46.0,44.67,14114.0,19.63215006854108,-155.88833292487965,40.314251515204525,2.5
2020.0,2.0,21.0,1.0,10.0,3.89,14116.0,19.59509395432888,-155.85593772464483,32.434353979527515,2.9
2020.0,3.0,11.0,13.0,55.0,21.34,14117.0,19.83971640000118,-155.9024732929201,29.716435086636658,3.2
2023.0,7.0,25.0,8.0,13.0,54.39,14121.0,19.40918091522713,-155.8113269195208,10.613124091313686,2.8
2022.0,12.0,15.0,23.0,40.0,47.99,14124.0,19.46305638201989,-155.7025371739311,10.273820527540012,2.7
2020.0,5.0,7.0,5.0,39.0,34.66,14129.0,19.30106747681711,-155.77358241468005,11.869085349491108,3.3
2020.0,10.0,24.0,2.0,4.0,29.47,14132.0,19.273084200434173,-155.27138845490376,6.5193264360939125,4.9
2021.0,12.0,12.0,16.0,6.0,28.87,14134.0,19.76317065631584,-155.9874670535302,7.88916143360653,2.5
2021.0,2.0,26.0,18.0,36.0,27.46,14137.0,19.755328540662944,-155.6659021350408,2.7863905639597073,2.8
2021.0,3.0,19.0,15.0,8.0,28.26,14140.0,19.77233908040054,-155.62907709810082,27.081839302033988,2.6
2021.0,6.0,23.0,8.0,57.0,59.42,14141.0,19.76974182241668,-155.62821148857438,8.738659320426185,2.7
2021.0,10.0,30.0,1.0,28.0,48.89,14143.0,19.750711701356487,-155.64386525792875,33.252631335239855,2.9
2021.0,4.0,30.0,14.0,19.0,4.81,14144.0,19.76783950378745,-155.52267804356478,42.1958634540162,3.4
2021.0,2.0,20.0,12.0,10.0,48.85,14146.0,19.62509962028869,-155.43547025520795,11.583347043820655,3.2
2021.0,3.0,11.0,13.0,31.0,20.57,14147.0,19.92644686870553,-155.6335024780044,15.913453091774949,2.8
2021.0,2.0,19.0,3.0,46.0,10.68,14155.0,19.76666832123224,-155.7496881658417,41.412209336480885,5.4
2021.0,2.0,21.0,17.0,13.0,28.94,14161.0,19.89460845099504,-155.8296142594018,18.66672116400084,3.7
2021.0,12.0,4.0,22.0,26.0,14.61,14170.0,19.88419520464939,-155.79854654844226,39.57612831662111,2.7
2021.0,5.0,10.0,13.0,30.0,56.37,14172.0,19.721781259354493,-155.81696065656763,17.864565271692218,2.9
2021.0,9.0,11.0,5.0,38.0,53.39,14173.0,19.50971393878276,-155.42520810616978,41.46024260956859,2.7
2021.0,5.0,30.0,0.0,14.0,47.59,14174.0,19.45375987801982,-155.38137415077864,37.78695915607205,3.1
2022.0,11.0,27.0,15.0,11.0,51.9,14175.0,19.608034243114304,-155.3254361459224,26.192843004033136,2.9
2021.0,7.0,4.0,7.0,20.0,22.91,14178.0,19.407687298035857,-155.49508679296258,25.531677283107094,2.5
2021.0,6.0,25.0,19.0,54.0,38.67,14185.0,19.23555794596708,-155.695809882414,42.567733481627414,2.7
2021.0,9.0,16.0,20.0,10.0,23.33,14186.0,19.25705053449149,-155.8079018982077,18.128454181981486,2.8
2022.0,4.0,3.0,21.0,38.0,46.39,14192.0,19.628875958379943,-155.76709926198453,23.962161030124093,3.2
2022.0,1.0,13.0,18.0,34.0,29.18,14194.0,19.80695930868971,-155.10756617496358,24.478432826069472,2.7
2022.0,3.0,30.0,12.0,1.0,20.1,14195.0,19.409036546318955,-155.68650970966783,23.858161583742795,2.7
2023.0,4.0,7.0,20.0,52.0,23.17,14196.0,19.40572378400424,-155.651989388727,13.903725259028029,2.7
2022.0,2.0,24.0,3.0,40.0,23.84,14200.0,19.479302283173304,-155.84589950719976,7.80785831673082,3.5
2022.0,12.0,6.0,14.0,49.0,33.0,14203.0,19.59408341360788,-154.93798155027386,3.6601193845317437,2.5
2023.0,8.0,15.0,2.0,35.0,54.34,14204.0,19.2528367176642,-155.7416195068812,3.9907465367024164,2.9
2023.0,10.0,27.0,10.0,5.0,32.06,14209.0,19.415590805694823,-155.53144750667917,42.27757220670533,2.6
2023.0,6.0,13.0,12.0,47.0,13.45,14211.0,19.13458888385392,-155.5861440908581,30.192752307074848,3.0
2023.0,7.0,24.0,3.0,9.0,28.22,14212.0,19.232055851023407,-155.72078246872283,14.901860526922208,2.9
2023.0,9.0,27.0,9.0,33.0,41.47,14213.0,19.414155138756144,-155.2701409548319,8.012114601322223,2.7
2024.0,5.0,8.0,15.0,49.0,33.02,14239.0,20.174233215488066,-155.7422528636692,17.06277031521655,2.5
2024.0,5.0,20.0,2.0,34.0,10.79,14240.0,20.08843027766787,-155.52650497398918,3.821611493473167,3.8
2024.0,5.0,3.0,9.0,3.0,52.19,14246.0,19.896572542760737,-155.60615806898258,36.31285275552029,2.7
2024.0,5.0,9.0,3.0,53.0,37.32,14255.0,20.027532768706298,-155.48391160961253,18.044879765021427,2.5
2024.0,5.0,6.0,7.0,14.0,13.12,14256.0,19.83688448302692,-155.63131786235087,8.604032260912154,2.5
2024.0,8.0,12.0,16.0,46.0,45.81,14268.0,19.994921123178383,-155.59753680622237,18.610059361774095,2.7
1963.0,3.0,26.0,8.0,12.0,59.53,14275.0,19.0042749717408,-155.66283207975107,35.42461643409045,2.5
1960.0,10.0,28.0,14.0,46.0,49.25,14278.0,19.06882486348164,-155.78491239411295,10.13976722385624,2.5
1960.0,12.0,2.0,12.0,51.0,59.3,14279.0,18.97319512699409,-155.65239171459115,21.962228086593534,2.5
1965.0,1.0,14.0,4.0,49.0,38.43,14280.0,19.045274842187894,-155.83596587342416,41.146801309732936,3.1
1971.0,9.0,10.0,7.0,28.0,50.96,14285.0,19.18692165582705,-155.63045191242543,26.783136351281566,2.7
1960.0,8.0,25.0,19.0,26.0,35.01,14288.0,19.205009975054555,-155.63195685299507,5.876166707841103,3.7
1960.0,8.0,24.0,12.0,1.0,36.05,14290.0,19.13198310473816,-155.63440953927093,1.182286789446651,3.0
1960.0,8.0,18.0,17.0,15.0,4.34,14292.0,18.99262128439389,-155.74400923010805,16.003500531074653,3.2
1959.0,10.0,7.0,7.0,42.0,21.05,14298.0,19.54391822500607,-155.9418744543461,33.297453909079,3.0
1960.0,3.0,28.0,13.0,39.0,43.0,14299.0,19.350981073724025,-155.8749230041982,4.099936169544859,3.3
1959.0,10.0,3.0,3.0,43.0,3.91,14302.0,19.49381932444436,-155.7928078001015,24.913977630209466,2.7
1959.0,11.0,16.0,19.0,44.0,28.95,14303.0,19.38727228707464,-155.87518915412758,36.30904932300251,3.1
1959.0,8.0,7.0,15.0,14.0,35.01,14305.0,19.4955796548926,-155.9019085298849,11.763166932050034,5.2
1960.0,5.0,29.0,5.0,28.0,26.52,14308.0,19.44932114014089,-155.8277155091207,16.474532000657938,2.5
1959.0,12.0,10.0,20.0,56.0,47.01,14309.0,19.436021215327848,-155.8756098548488,19.74010428308832,2.6
1961.0,9.0,14.0,22.0,5.0,10.65,14317.0,19.46786760096221,-155.1684488297737,35.19900630302325,2.6
1961.0,10.0,2.0,12.0,34.0,4.64,14319.0,19.417607377187537,-155.11316017589786,7.343402915685536,2.6
1960.0,9.0,13.0,7.0,5.0,11.58,14320.0,19.37724843252075,-155.215730135049,1.039883946225829,3.1
1961.0,3.0,14.0,7.0,51.0,57.18,14335.0,19.73503721124637,-155.40288571348125,16.375285978634388,3.2
1963.0,11.0,27.0,21.0,1.0,51.09,14337.0,19.42777165885076,-155.70008191962887,43.671228610894396,2.5
1961.0,8.0,1.0,22.0,53.0,11.71,14338.0,19.345646390824648,-155.44966428856048,34.1069780861063,2.7
1961.0,7.0,26.0,20.0,47.0,2.82,14340.0,19.47740112867709,-155.29088630872184,42.47615369553008,3.1
1962.0,1.0,2.0,18.0,1.0,53.74,14343.0,19.8267435222164,-155.31253656914603,30.2391088002106,2.5
1961.0,12.0,11.0,16.0,53.0,26.66,14345.0,19.56465337022362,-155.3848505886122,36.823899772850126,4.8
1962.0,4.0,19.0,22.0,5.0,41.68,14347.0,19.46278874815568,-155.43953079260302,10.15193513465189,2.5
1963.0,10.0,11.0,8.0,32.0,6.06,14353.0,19.499331374823512,-154.82764560217066,37.78392874119602,2.7
1963.0,6.0,18.0,13.0,33.0,41.99,14358.0,19.370646848448835,-155.5481372636444,11.177977810723279,3.7
1963.0,1.0,9.0,9.0,9.0,18.37,14361.0,19.782552817884003,-155.80437257036633,34.427256156599746,2.5
1963.0,10.0,4.0,9.0,18.0,55.43,14364.0,19.71008729041624,-155.86302277355136,34.476618814621865,3.8
1963.0,1.0,1.0,5.0,14.0,43.01,14366.0,19.881446983776016,-155.759271228487,8.519474533415508,2.7
1963.0,1.0,20.0,17.0,50.0,11.66,14370.0,19.671979361390896,-155.15214124086296,14.851356872256416,2.8
1963.0,7.0,18.0,10.0,37.0,29.89,14373.0,19.59957086587022,-155.43226474072256,9.294018876490705,3.0
1965.0,6.0,23.0,6.0,58.0,32.91,14375.0,19.44219854322837,-155.3382037601471,35.99576315455215,3.2
1966.0,12.0,17.0,9.0,11.0,20.81,14377.0,19.31946456102496,-155.51784437844654,19.076134517717467,2.6
1963.0,11.0,17.0,7.0,4.0,47.19,14381.0,19.68147821148501,-155.3835714280197,23.43413774061456,2.9
1963.0,10.0,15.0,0.0,22.0,37.51,14385.0,19.27984792534158,-155.55118071401412,5.701290260064704,3.7
1964.0,6.0,28.0,15.0,17.0,5.69,14387.0,19.28755945863441,-155.59947438444868,16.026500192329593,3.4
1964.0,7.0,19.0,17.0,13.0,12.97,14388.0,19.26768500574826,-155.5806604220992,33.25749301077226,3.9
1964.0,6.0,29.0,10.0,41.0,17.98,14389.0,19.31851344610595,-155.5883026133832,41.42242588747855,2.5
1963.0,10.0,23.0,2.0,56.0,46.29,14394.0,19.553130406160967,-155.89429566657907,12.829172564046246,2.6
1976.0,7.0,26.0,21.0,49.0,41.78,14396.0,19.37217988529352,-155.57978567423703,29.974287049904724,2.9
1964.0,4.0,19.0,3.0,11.0,19.39,14398.0,19.125807971363187,-155.7716711466172,7.922607650984398,3.0
1964.0,4.0,14.0,6.0,29.0,32.64,14399.0,19.37056346445703,-155.61155163114267,25.235533545021198,3.5
1969.0,3.0,21.0,3.0,27.0,9.48,14400.0,19.27560714507389,-155.6384329133748,8.952325668056504,3.3
1965.0,3.0,8.0,20.0,2.0,20.71,14402.0,19.37439278778631,-155.57006455206945,27.920379683876,2.5
1963.0,10.0,16.0,22.0,52.0,46.81,14405.0,19.42240537872112,-155.55067483813943,6.462085605338043,2.6
1963.0,10.0,15.0,6.0,47.0,18.83,14418.0,19.392640847378328,-155.6640441071488,40.99881925489425,2.8
1963.0,12.0,11.0,7.0,1.0,34.78,14421.0,19.307604574781426,-155.59526348051318,18.58234464327933,2.9
1966.0,3.0,29.0,16.0,26.0,50.62,14425.0,19.35454648466832,-155.45184462551904,38.03273297394314,2.6
1964.0,9.0,19.0,16.0,20.0,56.46,14432.0,19.11919210429754,-155.71198437318907,26.03807606274695,2.8
1964.0,3.0,10.0,1.0,15.0,49.99,14433.0,19.07220398580658,-155.70464085727608,2.532627533961144,3.4
1964.0,3.0,26.0,16.0,57.0,1.46,14434.0,19.02151014131924,-155.69574212964648,28.920907890919295,2.7
1964.0,7.0,14.0,1.0,43.0,53.19,14435.0,19.630475815595368,-155.34332783410198,6.30248873534569,3.0
1964.0,7.0,30.0,18.0,10.0,44.42,14436.0,19.43419064903482,-155.88100626864667,8.099992445410978,2.5
1965.0,1.0,29.0,0.0,8.0,8.22,14442.0,19.96729976259192,-155.54824666068524,43.158900537643625,3.4
1968.0,4.0,13.0,12.0,29.0,39.16,14443.0,20.00214226425732,-155.3286639595588,44.871163172972864,2.6
1966.0,5.0,6.0,13.0,29.0,37.87,14449.0,19.57747473523192,-155.71553542959606,11.685696727350095,4.0
1967.0,1.0,23.0,19.0,46.0,16.86,14450.0,19.637943885724045,-155.91004650660494,8.335433312898864,3.0
1967.0,2.0,12.0,14.0,38.0,54.41,14452.0,20.193584250205905,-155.8382224834205,41.21555826013824,3.1
1968.0,1.0,13.0,15.0,55.0,13.33,14453.0,19.73563579021724,-155.7768565464102,26.942055251454462,3.1
1967.0,11.0,18.0,2.0,8.0,1.41,14457.0,19.73019234897954,-155.8477981779485,11.283056516065118,3.7
1967.0,10.0,18.0,17.0,26.0,27.61,14459.0,19.44949234708153,-155.07821588450474,36.189971096074885,2.6
1967.0,11.0,4.0,22.0,32.0,45.57,14462.0,19.60116551844852,-154.94353743952323,26.803544566459248,2.8
1967.0,11.0,15.0,6.0,6.0,54.64,14469.0,20.12928810503054,-155.73010135850498,4.6124422131565534,2.6
1968.0,2.0,14.0,11.0,40.0,59.49,14474.0,20.09519858963122,-155.7860645437679,11.17131956170216,2.5
1967.0,10.0,17.0,10.0,4.0,29.79,14483.0,19.8172561620846,-155.33928818510287,23.840206245739925,3.5
1968.0,3.0,9.0,15.0,39.0,58.58,14484.0,19.818493874778525,-155.32952222653918,20.190126760443512,2.9
1967.0,12.0,30.0,15.0,47.0,6.78,14485.0,19.52987199869733,-155.13748299173824,35.4940317068142,3.0
1967.0,12.0,5.0,5.0,7.0,26.06,14486.0,19.80680499208915,-155.73112668098884,1.378201463723097,2.9
1968.0,12.0,9.0,18.0,19.0,58.28,14488.0,19.66691132068412,-155.60798077884164,34.168107475853304,2.6
1969.0,3.0,31.0,10.0,47.0,22.01,14491.0,19.57611731412334,-155.40923038749193,14.197467548924573,2.7
1969.0,12.0,6.0,5.0,35.0,46.89,14494.0,19.4346340862247,-155.24828468109592,8.064663907551543,4.2
1970.0,6.0,20.0,0.0,46.0,36.52,14500.0,19.54848078016752,-155.29663165030055,27.369481759252942,2.8
1975.0,8.0,2.0,16.0,3.0,10.65,14501.0,19.55658879031306,-155.2850048197718,26.014054509160143,2.7
1974.0,10.0,5.0,4.0,50.0,5.73,14502.0,20.01815241517123,-155.74956709260744,41.86463476931803,2.9
1972.0,4.0,18.0,7.0,55.0,13.0,14504.0,19.47452562269015,-155.69383235080022,8.784249078964091,3.2
1971.0,1.0,3.0,11.0,2.0,0.23,14505.0,19.50296653119551,-155.627663817515,24.889532030565327,2.8
1972.0,9.0,19.0,10.0,47.0,55.43,14510.0,19.948197823077106,-155.2902557357,21.39928126100613,3.6
1972.0,2.0,11.0,4.0,49.0,40.85,14512.0,19.55410706933767,-155.90957016814474,24.27159339654694,3.2
1975.0,2.0,20.0,11.0,40.0,12.24,14518.0,19.93626689295077,-155.1908657895136,13.174882486405336,2.6
1973.0,1.0,11.0,3.0,4.0,33.87,14520.0,19.933340546520856,-155.18125841433056,20.761626336398486,3.0
1972.0,7.0,21.0,18.0,32.0,9.93,14523.0,20.016581176959,-155.47378737727786,20.85652749937765,3.1
1972.0,7.0,31.0,7.0,12.0,8.27,14525.0,19.93864803682044,-155.51602029557273,18.372621259363065,2.8
1972.0,8.0,16.0,2.0,43.0,17.2,14530.0,19.973603198235857,-155.36252398321548,10.828440870308128,2.6
1972.0,9.0,6.0,6.0,48.0,40.12,14535.0,20.075393048089243,-155.7641151275358,32.18176126852192,3.0
1974.0,11.0,10.0,23.0,50.0,2.61,14536.0,20.16444656592591,-155.83551604113256,24.34986331895051,2.6
1978.0,6.0,30.0,23.0,33.0,27.16,14542.0,20.24226724816016,-155.81433480623292,38.630121067642335,2.5
1972.0,8.0,26.0,11.0,27.0,32.96,14561.0,20.06897396340017,-155.71454464141908,6.708472396470233,3.2
1977.0,5.0,19.0,18.0,56.0,41.6,14572.0,20.164913323376908,-155.67962513122026,10.019746307952833,2.5
1972.0,11.0,21.0,2.0,27.0,30.36,14573.0,20.07271921760125,-155.76647805122747,9.075594505597067,2.7
1972.0,8.0,11.0,12.0,31.0,20.56,14575.0,20.15884356190673,-155.86116270778257,39.10945579882555,2.6
1973.0,12.0,9.0,9.0,52.0,27.11,14598.0,19.751308725819293,-155.91133567623132,38.886951290993295,2.6
1973.0,10.0,25.0,19.0,21.0,34.1,14606.0,20.19526907162408,-155.81977043354186,41.18351905059865,3.2
1973.0,2.0,11.0,21.0,27.0,28.67,14622.0,20.173943646275667,-155.82997765431264,39.053659788422756,2.8
1973.0,2.0,10.0,16.0,43.0,29.82,14636.0,20.216247423333325,-155.8471245007485,3.5097109924449876,2.7
1972.0,7.0,19.0,13.0,57.0,51.37,14643.0,19.27783392167506,-155.4263276124592,29.749135582401543,3.4
1975.0,7.0,16.0,12.0,3.0,25.09,14649.0,20.198679114417544,-155.74896211123112,28.076925611280295,2.9
1972.0,7.0,21.0,1.0,39.0,57.47,14652.0,19.942667662302245,-155.7773012422411,18.470191096610943,3.9
1972.0,8.0,11.0,19.0,19.0,35.61,14656.0,20.056984578775165,-155.60795995953956,31.144488005141422,2.7
1972.0,10.0,9.0,2.0,21.0,20.35,14662.0,19.753133165547943,-155.54477914856722,5.653316140672519,2.5
1972.0,7.0,27.0,6.0,43.0,12.8,14665.0,19.99473299094591,-155.8034703244312,43.505300953042116,2.8
1976.0,1.0,23.0,18.0,14.0,48.81,14672.0,20.09473859632089,-155.8114126150328,39.15471399183446,2.9
1972.0,10.0,17.0,9.0,28.0,44.16,14673.0,20.13023113430404,-155.78002731621643,6.1613731655414625,3.0
1974.0,2.0,18.0,23.0,14.0,51.12,14680.0,19.97092488157799,-155.68854090779575,4.618015710973868,3.8
1972.0,10.0,10.0,22.0,27.0,5.06,14684.0,20.2039987210769,-155.81396695678876,3.7176926946857742,2.7
1972.0,11.0,18.0,3.0,2.0,4.63,14685.0,20.11499219432972,-155.7001220068641,19.886678857413273,2.5
1975.0,2.0,27.0,16.0,35.0,50.12,14686.0,20.19952346538081,-155.74106031856394,4.341800520727106,2.7
1981.0,8.0,29.0,14.0,35.0,10.73,14687.0,20.0961057290086,-155.7828525797762,27.78690474121368,3.3
1974.0,10.0,12.0,7.0,23.0,49.41,14688.0,20.089095448360712,-155.4485142853891,32.37189710448814,3.6
1972.0,7.0,28.0,1.0,36.0,18.34,14694.0,20.039957898147925,-155.582273533493,44.86904817842959,2.8
1972.0,12.0,30.0,19.0,57.0,49.98,14699.0,19.72474137955151,-155.92216416470603,2.41881029655269,3.1
1976.0,7.0,9.0,0.0,40.0,36.57,14700.0,19.57084206033746,-155.8082641855304,20.96489540764297,2.7
1972.0,11.0,29.0,2.0,1.0,26.8,14701.0,20.00982730304417,-155.6407255079655,30.16232039805847,3.3
1975.0,12.0,1.0,15.0,5.0,26.04,14704.0,19.633018813981245,-155.7108864509294,22.416798556882537,3.6
1975.0,4.0,14.0,12.0,26.0,15.75,14706.0,19.61756475071542,-155.481356095448,11.945168080629509,2.7
1974.0,9.0,17.0,17.0,9.0,44.5,14708.0,20.035194684303328,-155.57157958287505,23.893906560470466,2.9
1976.0,10.0,8.0,7.0,48.0,56.79,14709.0,20.138010987001017,-155.60321342721997,28.660106859615794,2.7
1976.0,10.0,18.0,22.0,35.0,37.59,14710.0,20.11164480003562,-155.58076635340552,7.089848669423608,3.9
1973.0,12.0,11.0,3.0,30.0,13.2,14713.0,19.71533522977169,-155.2933141130455,13.577638515561397,2.7
1975.0,9.0,4.0,4.0,51.0,50.65,14714.0,20.036838735418574,-155.43598566065506,39.51051551822327,2.5
1975.0,8.0,26.0,2.0,24.0,12.99,14715.0,20.071968740340537,-155.45424484841692,25.56574569941193,4.4
1973.0,10.0,2.0,19.0,2.0,55.3,14717.0,19.35100761940922,-155.68180922336265,33.65320914430843,4.2
1978.0,8.0,13.0,3.0,39.0,2.57,14727.0,20.1344243652277,-155.640505130687,37.01405242852412,2.7
1975.0,7.0,10.0,19.0,58.0,11.01,14728.0,19.94244685314381,-155.47692009260007,42.17310185075704,2.9
1974.0,4.0,8.0,4.0,48.0,10.39,14731.0,19.919290497437533,-155.4882576955109,37.250003767886476,3.1
1973.0,10.0,24.0,19.0,38.0,12.21,14732.0,19.914732252724487,-155.49012909601998,12.870512388976776,3.3
1973.0,11.0,10.0,5.0,18.0,22.17,14733.0,19.876632085480576,-155.61736977282604,38.29414398273081,2.5
1974.0,8.0,8.0,1.0,34.0,56.23,14735.0,19.908254561787363,-155.5882802829095,17.119479509472686,3.1
1974.0,10.0,19.0,16.0,41.0,5.6,14744.0,20.1313355469333,-155.76535824389356,39.57824769482373,2.5
1974.0,2.0,19.0,9.0,17.0,42.75,14745.0,19.929254857204683,-155.19620951206034,16.67755514260862,3.0
1973.0,11.0,28.0,20.0,15.0,16.31,14747.0,19.94827580501005,-155.59088943747722,10.053801217887887,3.6
1973.0,11.0,27.0,10.0,36.0,49.0,14748.0,19.93151620288216,-155.61419931267733,39.832935594362226,3.1
1973.0,11.0,27.0,15.0,51.0,12.73,14750.0,19.901848575223337,-155.5906134410839,38.54247687067666,2.7
1975.0,5.0,7.0,9.0,50.0,55.81,14753.0,20.037167358600744,-155.51236356371408,18.6350306231152,2.5
1975.0,2.0,13.0,10.0,40.0,1.99,14754.0,20.045526202380564,-155.5348559730663,9.551288081192972,2.5
1977.0,9.0,21.0,1.0,23.0,49.12,14759.0,19.987333204816792,-155.5732857772164,2.2463960497740425,2.6
1973.0,10.0,13.0,23.0,5.0,39.82,14765.0,20.01037584593797,-155.29378922753813,2.7621051710728297,3.3
1975.0,5.0,25.0,13.0,42.0,30.25,14777.0,20.125502032367947,-155.6832575805837,19.618005877460114,3.0
1978.0,4.0,11.0,20.0,28.0,22.29,14779.0,20.09917545405001,-155.6895082771004,6.800242785288175,3.0
1979.0,8.0,15.0,21.0,53.0,22.4,14788.0,19.793892974708207,-155.33210721381286,33.82126896104371,2.6
1973.0,10.0,14.0,23.0,28.0,24.92,14789.0,19.80917997696123,-155.76415408310436,34.02482156137417,3.5
1985.0,1.0,20.0,14.0,4.0,1.71,14796.0,20.027933972187416,-155.56038667286265,42.61149883941944,3.3
1975.0,5.0,21.0,5.0,58.0,5.03,14800.0,20.086499929415183,-155.5883112894944,31.99888700762395,2.5
1976.0,8.0,17.0,23.0,26.0,26.37,14807.0,20.054999769548097,-155.68624983685223,4.36414530236199,3.5
1974.0,1.0,7.0,21.0,47.0,44.09,14813.0,20.029358289425613,-155.6446807470519,21.22434982640103,2.6
1974.0,6.0,20.0,10.0,54.0,48.61,14817.0,20.10192174386941,-155.64219572239196,41.45951512765183,3.0
1974.0,3.0,25.0,19.0,11.0,28.61,14845.0,20.167872070283728,-155.65003639908278,27.018111427701736,3.7
1974.0,4.0,6.0,7.0,18.0,52.77,14849.0,20.078441767252063,-155.68233062422735,18.058688964261066,3.2
1974.0,6.0,7.0,9.0,41.0,7.48,14850.0,20.07702708592929,-155.6841626618118,32.84166642311252,2.6
1974.0,2.0,10.0,16.0,57.0,39.49,14853.0,20.08160068383038,-155.78988158910707,23.647327271885366,2.7
2004.0,8.0,1.0,5.0,49.0,25.34,14856.0,20.022016593688207,-155.50621471326852,3.8078639237993315,2.6
1975.0,4.0,27.0,20.0,53.0,2.63,14858.0,19.994353272331125,-155.3988665849891,2.065349977625182,2.5
1976.0,12.0,9.0,15.0,28.0,56.86,14860.0,19.98600070885918,-155.6987017966326,40.86057281188034,2.5
1980.0,11.0,11.0,17.0,57.0,25.08,14861.0,19.9962196664374,-155.32170841629082,31.780954524731115,2.5
1980.0,12.0,16.0,23.0,27.0,14.29,14862.0,20.001233784122444,-155.35587354085314,37.462296619713854,2.9
1973.0,11.0,30.0,6.0,43.0,51.89,14864.0,20.04987443339249,-155.70388866282542,33.94598714358511,2.8
1973.0,12.0,2.0,20.0,2.0,25.5,14872.0,19.79982971931148,-155.54682113619316,39.44245061790242,2.8
1975.0,11.0,9.0,10.0,15.0,28.99,14874.0,19.87092033955756,-155.56454833948132,32.56965470000843,2.9
1975.0,4.0,4.0,13.0,30.0,0.86,14875.0,19.720957271349395,-155.62570604373977,39.3637076272274,3.0
1977.0,9.0,1.0,17.0,58.0,49.33,14876.0,19.71600974599104,-155.6198364044295,15.841370724110076,3.3
1980.0,2.0,27.0,14.0,50.0,31.09,14877.0,19.09974899192425,-155.54435690140835,33.050162592600415,2.7
1979.0,11.0,9.0,10.0,33.0,3.19,14878.0,19.114055704281448,-155.54945977696102,33.86693945727645,2.5
1975.0,5.0,28.0,3.0,20.0,50.12,14882.0,19.93830897690924,-155.70091356792548,2.1521356843775865,2.8
1976.0,4.0,14.0,18.0,13.0,50.54,14883.0,19.64330836768931,-155.326100694534,16.726698551600126,2.9
1976.0,8.0,12.0,23.0,58.0,16.48,14896.0,19.586124070027267,-155.63200179050804,7.024238286986895,3.4
1977.0,4.0,27.0,3.0,41.0,27.62,14905.0,19.741421576570705,-155.69449553775465,8.93096700277022,3.0
1977.0,4.0,17.0,20.0,15.0,0.27,14906.0,19.53030119692864,-155.2266177964593,32.064706335792735,2.5
1978.0,2.0,23.0,7.0,39.0,37.97,14913.0,19.48109964843667,-155.186191864536,40.181923461601,2.8
1978.0,6.0,21.0,5.0,20.0,51.14,14914.0,19.634150654415176,-155.19761215624752,15.908465371300947,4.4
1978.0,1.0,22.0,18.0,52.0,11.08,14917.0,20.15048997077955,-155.65172050623218,33.988517810266906,2.5
1978.0,1.0,12.0,2.0,9.0,57.08,14918.0,20.051984803695245,-155.55106375463652,20.090328946705206,2.7
1978.0,1.0,12.0,9.0,9.0,53.8,14919.0,20.07434002817613,-155.45878267107906,24.267159438010637,2.5
1982.0,8.0,1.0,4.0,48.0,42.85,14920.0,20.10833610715177,-155.5671401802637,24.888888788647368,2.9
1983.0,12.0,11.0,12.0,9.0,8.43,14921.0,19.58543373787783,-155.2016186635184,17.855131754412067,3.2
1978.0,10.0,23.0,8.0,47.0,51.47,14922.0,19.58609786110441,-155.19662713653298,22.426281931579886,2.5
1977.0,11.0,15.0,13.0,32.0,55.67,14926.0,19.549785694147992,-155.27942167617914,21.551329165009868,2.7
1977.0,3.0,8.0,13.0,39.0,27.95,14931.0,19.44141089425177,-155.1852357214249,44.07557171322083,2.8
1979.0,3.0,12.0,21.0,2.0,55.53,14932.0,19.39607984689232,-155.22412733121055,7.0259613608374725,2.7
1981.0,5.0,30.0,21.0,3.0,56.22,14939.0,19.53116178568641,-155.17994273278862,31.862008038072094,2.6
1977.0,7.0,16.0,18.0,14.0,0.53,14943.0,19.54133024497977,-155.14213279203577,20.02946859414222,3.3
1978.0,3.0,21.0,8.0,49.0,23.57,14947.0,19.4432681468287,-155.09155712886923,44.57667213193484,3.1
1977.0,7.0,1.0,13.0,21.0,37.77,14953.0,19.766399133182,-155.11398152984682,14.906534198931276,2.9
1978.0,7.0,6.0,4.0,2.0,48.07,14958.0,19.611777638358976,-155.11968273104983,27.488740545936732,3.5
1981.0,6.0,20.0,2.0,41.0,50.82,14961.0,19.526201382999425,-155.19553775784965,29.78815761010257,3.2
1977.0,6.0,4.0,17.0,32.0,5.29,14964.0,19.945417958105743,-155.6929113027279,35.305514857742004,2.9
1977.0,4.0,29.0,12.0,15.0,58.97,14965.0,19.943676742687472,-155.71068768918116,9.53574268849799,4.7
1977.0,10.0,30.0,4.0,35.0,32.26,14967.0,19.37019144577997,-155.08785569501256,21.66992828282601,3.4
1979.0,7.0,3.0,10.0,1.0,0.09,14971.0,19.55058530099432,-155.43040059311286,41.54126271730859,2.5
1978.0,8.0,28.0,12.0,31.0,2.81,14973.0,19.565811228752697,-155.3523645572219,15.427247678560676,3.2
1984.0,8.0,2.0,20.0,34.0,40.01,14975.0,19.25106384323124,-155.41101561658937,11.83568387710034,2.6
1978.0,12.0,19.0,17.0,25.0,36.88,14979.0,19.18236432681358,-155.4120560945407,25.4397422738315,2.6
1979.0,8.0,31.0,21.0,57.0,45.44,14983.0,19.473102525987887,-155.42488814077825,10.5433208125156,2.9
1982.0,4.0,13.0,4.0,8.0,11.63,14990.0,19.428716124122392,-155.40393009820244,16.216486602063735,4.3
1980.0,2.0,6.0,9.0,42.0,55.77,14994.0,19.41515715815576,-155.3838760755271,38.909466770772184,3.2
1980.0,5.0,18.0,2.0,57.0,48.77,14996.0,19.566194668497285,-155.49112402804764,11.56764849093382,2.6
1983.0,4.0,12.0,22.0,3.0,35.53,14997.0,19.437729681720167,-155.40504435497226,28.803296994446942,2.6
1979.0,10.0,27.0,9.0,20.0,13.18,15001.0,19.206228571759176,-155.37396260476717,32.76657795681673,3.0
1980.0,1.0,1.0,19.0,40.0,48.61,15005.0,19.69480052903086,-155.12596051557517,38.239022623387775,2.8
1980.0,5.0,23.0,14.0,29.0,29.79,15008.0,19.823912803918496,-155.8353800501405,36.49363828577609,2.5
1980.0,11.0,5.0,19.0,51.0,26.81,15009.0,19.744970569072343,-155.8376733319272,35.61223115170192,2.8
1981.0,7.0,16.0,5.0,57.0,7.3,15013.0,19.91739916804414,-155.61168784824324,17.803838515994787,2.8
1983.0,10.0,27.0,3.0,8.0,41.83,15016.0,19.95841291703582,-155.50926556912148,13.575708893590217,3.1
1982.0,7.0,17.0,10.0,24.0,9.05,15021.0,19.826730813255377,-155.68443551920836,14.919821408154196,2.5
1981.0,4.0,9.0,21.0,30.0,39.04,15028.0,19.22576908773672,-155.6696590625977,44.55164048571607,2.8
1984.0,8.0,20.0,16.0,52.0,21.95,15029.0,19.290629389753693,-155.7573304608257,37.00432570891575,2.8
1982.0,2.0,12.0,23.0,7.0,9.91,15030.0,19.44704412896596,-155.02558229741072,34.23865120694844,3.5
1986.0,7.0,25.0,18.0,11.0,0.1,15032.0,19.30901957054671,-155.392221538244,34.75725497680037,2.5
1982.0,10.0,31.0,7.0,22.0,40.2,15034.0,19.169381094348264,-155.6006490743892,18.182039963745552,2.9
1984.0,8.0,1.0,10.0,48.0,44.8,15035.0,19.237784892468177,-155.8261361294178,33.851552487050675,2.6
1985.0,1.0,25.0,7.0,21.0,27.61,15038.0,19.205551515837485,-155.7518860973433,2.8107289341651063,2.9
1983.0,5.0,6.0,12.0,53.0,28.23,15042.0,19.43573037955226,-155.7175604186186,23.309149898196956,4.3
1983.0,3.0,13.0,4.0,49.0,3.48,15045.0,19.44431322767204,-155.7951858613866,35.400304432007545,3.6
1983.0,9.0,7.0,15.0,46.0,34.5,15046.0,19.79915246061489,-155.26294275935118,15.246068032737526,2.5
1983.0,12.0,7.0,1.0,4.0,49.55,15054.0,20.01695123994114,-155.3899093965331,32.34555290181055,2.7
1983.0,6.0,9.0,12.0,11.0,3.85,15057.0,19.556955823988336,-155.5166519095162,34.65505924510403,2.6
1994.0,1.0,31.0,12.0,56.0,12.77,15058.0,19.321742857300087,-155.0590921405695,6.818131189082063,2.7
1988.0,11.0,26.0,23.0,31.0,23.11,15059.0,19.52539020349516,-155.22796882878512,35.785356732857494,3.2
1984.0,9.0,23.0,10.0,28.0,23.17,15063.0,19.41278133586859,-155.72754600942258,14.671460841987692,3.3
1984.0,9.0,30.0,7.0,21.0,1.73,15065.0,19.41024481168895,-155.7071185327968,22.22111978975333,3.1
1984.0,10.0,21.0,0.0,31.0,19.62,15066.0,19.39294269911717,-155.81141059451903,32.26342575125397,2.7
1986.0,2.0,2.0,10.0,48.0,15.61,15072.0,19.00564887491125,-155.70549270871413,37.68972112363726,2.5
1986.0,1.0,30.0,19.0,49.0,49.32,15073.0,19.04807599493366,-155.63329666172774,1.5381854714364667,2.9
1986.0,2.0,13.0,10.0,33.0,56.75,15074.0,19.066432864986265,-155.78563094000882,28.088388366232447,3.6
1986.0,1.0,31.0,20.0,1.0,43.36,15075.0,19.13818473190729,-155.78240976898948,4.285306082884524,4.0
1986.0,8.0,22.0,12.0,48.0,51.68,15077.0,19.51471566171175,-155.57637386815688,37.149234350409465,2.9
1986.0,10.0,1.0,12.0,17.0,41.37,15079.0,19.86045176689641,-155.6712251610601,20.167854396283847,2.7
1986.0,10.0,23.0,12.0,8.0,10.9,15080.0,19.58716678335495,-155.0571899216328,26.751331503011908,2.5
1986.0,9.0,17.0,8.0,25.0,50.81,15081.0,19.65643282438223,-155.10788849462054,34.30860567476814,2.8
1987.0,10.0,1.0,10.0,17.0,18.99,15082.0,19.57306281799181,-155.0621935487151,41.01993598788824,2.5
1987.0,5.0,29.0,13.0,53.0,54.88,15085.0,20.00082956592306,-155.50050483555086,13.441831392012325,2.7
1992.0,2.0,19.0,9.0,13.0,25.95,15087.0,19.58185942956457,-155.74105615452427,6.44574652157783,4.2
2002.0,3.0,23.0,7.0,21.0,29.19,15090.0,19.600577680640605,-155.6758687207653,40.27366319327092,2.8
1987.0,3.0,29.0,10.0,20.0,1.53,15092.0,19.57925300845117,-155.6450239382477,34.4698683777426,2.7
1987.0,4.0,9.0,6.0,49.0,31.18,15093.0,19.590734952962404,-155.65280739259063,33.51430393861522,2.9
1987.0,4.0,12.0,5.0,41.0,36.31,15094.0,19.58451967177489,-155.61581392076403,7.282552523692974,2.6
1988.0,12.0,21.0,7.0,2.0,50.48,15095.0,19.444088704992566,-155.80070401405126,18.717529582015256,2.5
1992.0,3.0,1.0,16.0,30.0,1.15,15097.0,19.955519709897768,-155.66980538107595,13.166092057391928,3.2
1988.0,5.0,17.0,2.0,10.0,42.39,15098.0,20.08229007811987,-155.44635690872445,4.905438335531905,3.7
1988.0,5.0,22.0,5.0,44.0,5.91,15100.0,20.051279412829214,-155.42816495235118,26.330750896481895,2.7
1988.0,9.0,13.0,18.0,39.0,55.7,15105.0,19.4490032246655,-155.3665990518425,38.71810510479786,3.1
1988.0,3.0,8.0,11.0,35.0,53.43,15106.0,19.44465293336723,-155.31035758536038,19.182946435638243,3.4
1997.0,5.0,10.0,20.0,40.0,7.5,15107.0,19.361456244870908,-155.4851496506748,16.482670483064137,2.6
1989.0,1.0,3.0,14.0,30.0,35.13,15112.0,19.40433268697945,-155.3809853560939,34.96780886515639,2.8
1990.0,5.0,26.0,3.0,44.0,41.93,15113.0,19.332345408844443,-155.38477082182837,41.072483213994,2.8
1988.0,11.0,22.0,6.0,35.0,48.64,15115.0,19.5916777990464,-155.43372745594957,28.567967853403644,5.6
1990.0,1.0,4.0,18.0,0.0,48.61,15117.0,19.53000573215996,-155.15453053913478,17.962656115143343,2.6
1989.0,1.0,29.0,8.0,9.0,40.72,15119.0,19.270692853138566,-155.28937890471423,9.692024683758186,2.6
1989.0,8.0,14.0,19.0,9.0,35.06,15121.0,19.38303085992964,-155.26835237575668,8.249923155422222,2.7
1990.0,3.0,4.0,21.0,9.0,27.57,15126.0,19.64537772313108,-155.5992322316696,32.41057124894654,3.2
1990.0,1.0,10.0,16.0,26.0,53.41,15131.0,19.88420662174822,-155.73025568944527,33.92984721661453,3.5
1989.0,9.0,1.0,2.0,1.0,57.01,15134.0,19.255980446043484,-155.5303460145814,31.30936819836209,3.0
1991.0,12.0,7.0,9.0,36.0,23.08,15139.0,20.078525864767336,-155.64802227595737,26.3488541632253,2.6
1994.0,5.0,3.0,7.0,23.0,40.05,15140.0,20.09699832353688,-155.62380492778487,9.322141355064481,2.6
1989.0,8.0,6.0,0.0,45.0,9.83,15146.0,19.38076494614259,-155.36790788122056,27.06690941107783,3.0
1990.0,4.0,24.0,0.0,2.0,42.13,15149.0,20.138438378315016,-155.67716927060067,14.539873886062928,2.8
1990.0,6.0,2.0,4.0,24.0,13.08,15158.0,19.55753069599894,-155.38388256726418,43.57716107312509,3.3
1990.0,9.0,16.0,20.0,45.0,43.7,15167.0,19.40029348295358,-155.17074632830096,19.976425134329332,2.8
1991.0,1.0,11.0,8.0,48.0,28.33,15171.0,19.53436072047621,-155.40291054977666,32.35287827220526,2.6
1991.0,1.0,14.0,14.0,36.0,36.26,15173.0,19.355141974706903,-155.42569597204002,34.25525901543018,2.7
1998.0,8.0,22.0,6.0,50.0,38.8,15175.0,19.50753842758716,-155.33217773947533,26.914604751049822,2.7
2009.0,3.0,13.0,19.0,57.0,19.06,15176.0,19.48623101572964,-155.3331590824147,8.47699357553701,2.5
1991.0,5.0,23.0,4.0,36.0,12.03,15177.0,19.16148372806819,-155.55818144246987,29.30394663611222,2.5
2000.0,9.0,13.0,16.0,9.0,57.19,15181.0,19.90782485300568,-155.34188111492986,28.878629799059905,3.0
1992.0,7.0,27.0,14.0,2.0,46.06,15183.0,19.11981332785464,-155.56608732149812,26.343281838490505,2.7
1993.0,2.0,2.0,13.0,30.0,56.54,15186.0,19.45588599242451,-155.42902908014716,28.9665227340445,2.7
1993.0,1.0,15.0,11.0,26.0,33.89,15187.0,19.34253970530021,-155.61180811377426,17.356243609974108,3.2
1992.0,12.0,31.0,7.0,23.0,9.16,15188.0,20.07742018418315,-155.5187538644678,1.0949266400362947,2.7
1993.0,1.0,1.0,16.0,12.0,59.29,15189.0,20.01501390674529,-155.52870061556783,2.3869746385990473,4.5
2000.0,5.0,8.0,6.0,6.0,25.98,15190.0,19.34581578430915,-155.77540811958417,3.093309006892091,2.6
1993.0,6.0,22.0,7.0,41.0,15.49,15191.0,19.330124704263305,-155.74442633147632,8.690496971845725,3.7
1994.0,5.0,18.0,3.0,9.0,38.78,15195.0,19.59802712748196,-155.02629153676818,33.78418133775376,2.5
1994.0,9.0,2.0,0.0,34.0,47.17,15196.0,19.61058326671177,-155.01943856653745,8.33814542045302,2.5
1994.0,5.0,15.0,12.0,11.0,5.47,15199.0,19.6059297656454,-155.05285519735412,4.631972915192028,3.6
1994.0,5.0,1.0,15.0,28.0,29.12,15204.0,19.631866978546807,-155.02436739801914,8.372163116515088,2.6
1994.0,8.0,17.0,0.0,11.0,35.56,15207.0,20.01015418853017,-155.4414860117887,34.261196975757954,2.7
1994.0,11.0,30.0,2.0,4.0,15.27,15208.0,20.01054340107564,-155.44714483705314,23.576263600961582,2.7
1997.0,4.0,9.0,22.0,8.0,38.15,15210.0,19.29813903536854,-155.09984555479724,9.664302896237901,2.6
2001.0,10.0,28.0,2.0,25.0,38.99,15213.0,19.44165490374951,-155.09777762413788,25.634136413106102,3.1
1997.0,10.0,15.0,2.0,42.0,10.13,15215.0,19.53069760441324,-155.30515910356624,25.5595531532844,2.6
1997.0,4.0,25.0,7.0,53.0,7.97,15233.0,19.63145057308183,-155.21388823571743,25.152910283312444,3.1
1997.0,8.0,18.0,19.0,7.0,7.38,15238.0,19.30521984649053,-155.3956508682169,11.81276850904777,2.7
1998.0,4.0,27.0,13.0,11.0,0.23,15239.0,19.889061148243908,-155.44504484458187,32.4238903003642,2.5
1997.0,11.0,13.0,2.0,18.0,50.51,15241.0,19.94826506938498,-155.79466981837248,25.27777956001811,4.1
1998.0,3.0,8.0,17.0,39.0,6.95,15247.0,19.17604892738573,-155.67949400211364,40.34735205393205,2.6
1999.0,5.0,23.0,4.0,47.0,4.34,15256.0,20.17930243294791,-155.73627607271249,23.85704069106102,4.7
1999.0,8.0,8.0,20.0,35.0,9.78,15258.0,20.13965297759202,-155.77879653267723,43.446654719335115,3.1
2000.0,4.0,24.0,9.0,5.0,34.22,15259.0,20.1718172755872,-155.7942913688358,25.598194875761177,2.7
2001.0,3.0,6.0,6.0,15.0,34.82,15261.0,20.16644978779268,-155.68911902300195,27.417725973376026,3.1
2003.0,4.0,26.0,2.0,2.0,46.5,15265.0,20.044705356593056,-155.5929188675845,40.33972092252796,2.7
2000.0,9.0,3.0,22.0,57.0,3.94,15268.0,20.11686904267457,-155.55508748067567,10.546458924594626,2.6
2000.0,1.0,1.0,10.0,29.0,22.0,15269.0,20.114534172875967,-155.58654074522508,41.65211042477664,2.6
2023.0,4.0,12.0,16.0,59.0,36.71,15275.0,20.066752487909568,-155.57225066151324,5.310382374864485,2.6
2000.0,1.0,27.0,20.0,52.0,20.27,15285.0,20.054510904915965,-155.62248864695434,14.343616390855233,2.6
2000.0,6.0,6.0,11.0,48.0,40.22,15288.0,20.09042351737365,-155.59914526958863,44.79766990930898,2.5
2002.0,5.0,8.0,9.0,30.0,26.18,15297.0,19.868752671360053,-155.43905869739464,38.78483348180005,2.9
2001.0,4.0,25.0,7.0,31.0,46.81,15301.0,19.863844435125944,-155.4967193257321,41.27701205279923,2.9
2003.0,11.0,28.0,19.0,22.0,6.71,15303.0,19.10392561735351,-155.75054249400506,25.555034608937117,3.4
2003.0,2.0,28.0,1.0,16.0,0.37,15307.0,19.30260995554609,-155.73983853522745,13.598009930485642,3.0
2004.0,7.0,10.0,13.0,5.0,10.91,15321.0,19.72341501635045,-155.46101912252777,16.081486063310866,4.2
2004.0,7.0,28.0,20.0,44.0,18.97,15322.0,19.74005957310374,-155.4423782723633,34.08429864282708,3.2
2010.0,6.0,4.0,15.0,29.0,42.76,15331.0,20.02396399048768,-155.35847394614854,36.665046048503115,2.5
2004.0,12.0,21.0,17.0,2.0,22.09,15337.0,20.017691538423176,-155.36088361920977,33.6267918111578,2.5
2004.0,6.0,19.0,21.0,46.0,17.25,15346.0,20.19937940564598,-155.83003932716804,33.736599171194996,2.5
2004.0,4.0,19.0,10.0,10.0,16.09,15348.0,19.237845850362067,-155.88467479824877,13.000602461126267,3.0
2004.0,10.0,10.0,12.0,53.0,39.16,15354.0,19.94979887036022,-155.46153470282314,19.546283941985678,2.6
2004.0,3.0,3.0,22.0,10.0,21.68,15356.0,19.886422546426164,-155.5988412519674,4.263180000610906,3.1
2005.0,5.0,10.0,16.0,9.0,36.44,15358.0,19.87447702763264,-155.69761665345365,25.723196814339296,3.6
2004.0,8.0,6.0,9.0,32.0,31.12,15359.0,19.79018790002431,-155.3049370924558,9.712523837333858,2.6
2004.0,4.0,25.0,6.0,13.0,55.76,15361.0,19.97835559155093,-155.45586845539884,23.692253167445266,4.3
2004.0,9.0,13.0,7.0,37.0,34.92,15362.0,20.007881697455364,-155.4753507088866,43.60627695123795,2.5
2004.0,12.0,4.0,19.0,53.0,39.01,15364.0,19.68761931551181,-155.3176494892209,42.936879212298784,2.6
2005.0,6.0,16.0,13.0,56.0,18.79,15365.0,19.67158798165585,-155.3312736851455,14.266261159636535,2.8
2004.0,7.0,20.0,9.0,12.0,44.94,15373.0,19.709713349342387,-155.2724878256672,9.388078720203506,2.6
2004.0,7.0,31.0,19.0,53.0,34.56,15388.0,19.689720026806604,-155.33269181384244,14.408775384433879,3.1
2010.0,6.0,12.0,2.0,45.0,45.44,15398.0,19.653695347299507,-155.2762131278215,14.768611454529747,3.4
2024.0,10.0,6.0,16.0,58.0,35.64,15400.0,19.54821857904366,-155.2490588690956,30.536867585199417,2.7
2010.0,3.0,30.0,4.0,48.0,58.87,15402.0,19.80626638388819,-155.44620497015168,39.35998034705587,3.3
2010.0,5.0,1.0,12.0,19.0,49.79,15403.0,19.659712676635564,-155.29389722985928,38.149858219492415,2.8
2010.0,5.0,14.0,17.0,25.0,40.07,15405.0,19.754257807995423,-155.24737923893449,12.406945330373357,2.9
2005.0,3.0,2.0,11.0,9.0,18.96,15406.0,19.73163274079006,-155.22491161769068,5.06973252441508,2.6
2006.0,1.0,12.0,6.0,34.0,7.87,15414.0,19.2664770087711,-155.7461781889079,12.578288855384422,2.6
2006.0,5.0,22.0,19.0,37.0,3.99,15418.0,19.832470490132746,-155.65124719693446,35.44992154340558,2.9
2006.0,7.0,21.0,2.0,33.0,20.85,15419.0,19.69369504666745,-155.7466373900158,36.98349858297442,2.8
2006.0,8.0,17.0,4.0,4.0,8.76,15421.0,19.699952844153746,-155.72717848384002,15.447296820190116,3.8
2005.0,4.0,1.0,18.0,37.0,38.86,15433.0,19.868260582226185,-155.79691161364883,4.740988877361626,3.0
2005.0,4.0,25.0,1.0,5.0,44.81,15435.0,19.368686450156343,-155.46956889288833,35.77128813776171,2.5
2008.0,12.0,20.0,12.0,16.0,33.88,15442.0,19.914836988917617,-155.73327158465963,7.842629029332372,2.7
2008.0,5.0,4.0,22.0,40.0,55.27,15443.0,19.06949218185403,-155.55496463059205,19.892362292307624,3.4
2012.0,9.0,24.0,13.0,0.0,46.25,15447.0,19.67631650467796,-155.83556128138653,25.402219172958816,2.6
2012.0,9.0,24.0,0.0,19.0,30.17,15448.0,19.695369426864097,-155.79646401012292,32.95801622143277,3.3
2005.0,8.0,26.0,16.0,48.0,7.48,15449.0,19.48746223721517,-155.61531900347936,28.483877883976056,2.6
2006.0,5.0,18.0,16.0,33.0,18.12,15451.0,19.74461838056349,-156.00237827428393,20.094838817256914,2.6
2007.0,9.0,12.0,7.0,46.0,54.74,15454.0,19.266187567926536,-155.71530036618338,5.186507872928823,3.3
2007.0,8.0,30.0,19.0,55.0,22.82,15455.0,19.35188027586689,-155.59701050414225,25.495599403129916,3.6
2007.0,11.0,23.0,8.0,51.0,5.65,15458.0,19.561964908087184,-155.5991899273435,31.337850697244743,2.6
2007.0,10.0,2.0,12.0,45.0,50.73,15459.0,19.784104064864287,-155.09256014474494,13.478039799518948,3.7
2008.0,6.0,6.0,2.0,25.0,15.42,15462.0,19.87378164242318,-155.4287229789294,2.5374629152432866,2.9
2008.0,2.0,29.0,10.0,29.0,20.83,15464.0,19.058056135152405,-155.64779258996904,38.74240701067993,2.5
2007.0,12.0,25.0,18.0,37.0,42.94,15465.0,19.57158482122659,-155.61726188656306,16.845856660493244,2.8
2008.0,8.0,24.0,3.0,28.0,21.81,15468.0,19.581685067816725,-155.66066186085052,24.067724989115675,3.1
2009.0,10.0,26.0,22.0,32.0,44.47,15472.0,19.337141817643413,-155.55668486490566,42.69698846430395,3.2
2009.0,1.0,27.0,12.0,12.0,40.45,15473.0,19.21499960063917,-155.52240811470398,29.833494922537035,3.0
2008.0,1.0,6.0,1.0,55.0,44.97,15475.0,19.398863770718872,-155.5013144773106,15.581743373207644,2.9
2008.0,3.0,5.0,16.0,36.0,47.6,15476.0,19.31952712769021,-155.55116672331346,30.346898859211862,2.7
2011.0,6.0,29.0,5.0,43.0,12.12,15478.0,19.280031061635366,-155.53671768572914,28.625078113544667,2.6
2008.0,1.0,4.0,18.0,45.0,50.2,15479.0,19.28946350927441,-155.4782495764633,1.7845141106819669,3.5
2007.0,12.0,29.0,11.0,56.0,43.73,15483.0,19.29422148966319,-155.47112992537546,39.80089328268604,2.9
2010.0,5.0,15.0,17.0,16.0,23.29,15489.0,19.302764024275863,-155.33861709127376,16.118641523737743,3.2
2010.0,6.0,24.0,21.0,49.0,18.51,15491.0,19.28608265702352,-155.40289284225716,25.952260857201715,3.0
2008.0,4.0,8.0,6.0,47.0,5.21,15492.0,19.82352999913005,-155.78434859750374,17.913406874384457,3.0
2008.0,5.0,25.0,0.0,54.0,34.66,15493.0,19.295521900492243,-155.50069981399994,2.4072247590418687,2.7
2008.0,1.0,28.0,5.0,27.0,13.54,15496.0,19.266016487442528,-155.4837078823333,33.35817158988649,2.9
2008.0,8.0,12.0,4.0,6.0,36.93,15503.0,19.1797834437258,-155.74196516101068,41.93577731639446,3.0
2013.0,5.0,22.0,5.0,34.0,52.25,15507.0,19.352550192568195,-155.46074549010615,13.80958045065288,2.8
2019.0,7.0,24.0,9.0,44.0,44.88,15516.0,19.33603162832308,-155.51176013052847,25.86824847952951,3.4
2019.0,8.0,15.0,5.0,19.0,48.5,15523.0,19.324456728442733,-155.48872873521807,22.073391394412287,2.8
2008.0,1.0,17.0,19.0,18.0,2.76,15532.0,19.25605496320673,-155.47988105782332,30.77028371198574,2.9
2009.0,3.0,24.0,16.0,4.0,11.74,15534.0,19.72170430964915,-155.71853314158443,23.4030063775329,3.3
2008.0,12.0,3.0,7.0,54.0,8.94,15543.0,19.333570823129463,-155.4977875168457,10.022995121928476,3.2
2008.0,1.0,11.0,4.0,46.0,18.31,15544.0,19.256224015584984,-155.5767053198405,20.516831860248956,3.0
2013.0,5.0,24.0,15.0,15.0,8.34,15546.0,19.31021772628217,-155.50593883260703,2.5385059151313465,2.6
2008.0,4.0,15.0,9.0,7.0,47.32,15554.0,19.70948914267316,-155.7676416296541,8.514783376325651,3.1
2008.0,2.0,12.0,23.0,29.0,35.8,15555.0,19.941381235105784,-155.6023550082905,31.812672212700186,2.8
2008.0,1.0,9.0,7.0,12.0,35.03,15557.0,19.82696589567316,-155.58370423066782,38.96525733010612,2.8
2008.0,2.0,25.0,22.0,5.0,17.62,15560.0,19.77652905266659,-155.66814885092035,42.997397974396954,3.2
2008.0,6.0,6.0,14.0,17.0,38.91,15563.0,19.64716284386312,-155.66495444996852,31.568381651349654,3.2
2008.0,6.0,19.0,7.0,7.0,8.46,15567.0,19.636614740078137,-155.65112697303434,3.200865294692966,2.5
2008.0,6.0,3.0,19.0,14.0,19.72,15572.0,19.886814723759453,-155.37075467705282,42.34243158374554,2.6
2010.0,7.0,13.0,18.0,7.0,25.79,15575.0,19.233972077507406,-155.52847676153053,42.556392598585774,3.1
2009.0,10.0,1.0,0.0,53.0,26.58,15577.0,19.22839970433703,-155.47003298892716,27.575144496486928,2.8
2010.0,5.0,28.0,17.0,51.0,8.85,15582.0,19.27232069672728,-155.6763267956229,41.88352341703761,3.1
2021.0,2.0,8.0,1.0,8.0,31.43,15585.0,19.27146106849626,-155.54527870919625,9.090432964043769,2.5
2009.0,6.0,10.0,23.0,14.0,32.83,15599.0,20.14140234597333,-155.7945508927772,4.668063250791015,2.5
2020.0,5.0,19.0,3.0,57.0,22.43,15600.0,20.19060237618138,-155.74532766819726,36.59164512075726,2.8
2008.0,11.0,7.0,4.0,4.0,52.8,15601.0,19.11820390117552,-155.85116164536112,44.44773014572973,2.5
2012.0,3.0,23.0,6.0,36.0,13.47,15602.0,19.88191433118681,-155.4630302123387,11.32364301341787,4.0
2015.0,9.0,14.0,12.0,32.0,36.75,15605.0,19.58570826002927,-155.60540193383054,30.523775323165275,2.6
2011.0,3.0,22.0,8.0,13.0,26.36,15611.0,19.07922507923931,-155.70216912461092,37.477502822860295,2.5
2010.0,10.0,18.0,21.0,56.0,46.74,15613.0,19.43584995815134,-155.05688154282504,43.81805683392224,2.6
2010.0,12.0,29.0,4.0,0.0,34.01,15614.0,19.379466482650376,-155.4003395501176,26.10518874145015,4.0
2011.0,4.0,14.0,7.0,2.0,44.46,15616.0,19.362774550798388,-155.41631674865124,38.12336228416494,2.5
2010.0,12.0,6.0,1.0,29.0,50.46,15618.0,20.007829847726185,-155.7711829465063,19.62022040550189,2.9
2018.0,11.0,19.0,10.0,13.0,20.27,15620.0,20.005009522306217,-155.78192412040138,43.67734881605292,2.5
2011.0,10.0,9.0,23.0,38.0,26.74,15621.0,19.99633044103101,-155.77401888202644,20.90078926616909,2.5
2010.0,12.0,22.0,5.0,8.0,10.77,15623.0,19.85689489686831,-155.75245368469865,4.757898737500644,2.9
2010.0,12.0,22.0,3.0,15.0,7.45,15624.0,19.808753339198912,-155.58482601670264,13.380197755820584,3.6
2011.0,5.0,29.0,12.0,39.0,29.82,15625.0,19.237808302287213,-155.4772324375754,29.16153480492541,2.9
2011.0,5.0,23.0,3.0,34.0,25.68,15626.0,19.237526014346283,-155.48095291262084,34.32019531148761,2.9
2011.0,12.0,2.0,19.0,29.0,48.26,15627.0,19.46452173526519,-155.6005323999726,4.752902864048522,2.5
2015.0,7.0,24.0,18.0,48.0,56.57,15631.0,19.18660078285262,-155.55852585921775,26.05062613153668,2.9
2011.0,4.0,17.0,4.0,21.0,7.87,15636.0,19.285243202156888,-155.5318020592885,19.99719751511802,3.9
2013.0,9.0,17.0,23.0,3.0,28.92,15638.0,19.279218487331484,-155.626787128831,17.85169164944846,2.5
2013.0,5.0,17.0,23.0,5.0,27.7,15639.0,19.23732307858655,-155.51147356449383,19.981765104569686,2.7
2012.0,8.0,24.0,1.0,7.0,18.7,15641.0,19.372254200562228,-155.34714167285117,44.76856978689141,3.7
2012.0,4.0,5.0,23.0,41.0,14.98,15647.0,19.510601882241588,-155.29689155953236,27.028684994352663,2.5
2012.0,4.0,4.0,18.0,30.0,59.13,15649.0,19.78900061665397,-155.24522610203067,6.056516566885629,2.5
2014.0,6.0,6.0,14.0,16.0,48.63,15654.0,20.013240795964887,-155.70519302602028,28.345640718916687,3.1
2013.0,3.0,4.0,2.0,23.0,52.86,15656.0,19.33357689956114,-155.6529839080117,26.479966017987458,2.8
2013.0,1.0,18.0,8.0,12.0,15.1,15657.0,19.603177637845025,-155.6208727908024,20.42135135813475,3.2
2013.0,12.0,26.0,8.0,38.0,19.05,15660.0,19.654604727524195,-155.5371266676071,19.685005468830997,2.7
2013.0,3.0,17.0,20.0,53.0,45.4,15662.0,19.94489462004961,-155.73078204750942,32.10898262932815,3.1
2012.0,12.0,29.0,8.0,6.0,43.07,15663.0,19.952033499412995,-155.65304407448926,18.972014846638135,3.3
2014.0,3.0,15.0,21.0,4.0,31.05,15668.0,19.52963733039937,-155.04473076977698,25.995945171643577,2.8
2013.0,2.0,15.0,9.0,30.0,7.44,15669.0,19.509808848037338,-155.03990123949322,11.21782758311872,4.5
2013.0,5.0,2.0,11.0,56.0,49.98,15672.0,19.59993381102072,-155.47425560836072,21.21387006803504,2.6
2021.0,12.0,20.0,16.0,43.0,49.24,15674.0,19.599769088205285,-155.46861554827325,17.844444992910997,2.6
2013.0,3.0,31.0,4.0,25.0,48.71,15678.0,19.62385296667888,-155.45145820512835,1.3427271749191085,2.5
2013.0,2.0,17.0,8.0,9.0,57.5,15683.0,19.808458178867664,-155.60299739655846,31.62951945032286,2.5
2013.0,2.0,16.0,2.0,59.0,22.37,15689.0,19.45364891090557,-155.29436541310102,35.727023194455484,2.9
2013.0,2.0,26.0,17.0,11.0,16.89,15690.0,19.631998814591423,-155.05517211654072,23.91119520589273,2.5
2013.0,3.0,1.0,15.0,46.0,29.82,15692.0,19.614998824272536,-155.40376921471764,31.57256223993006,3.3
2013.0,4.0,11.0,6.0,21.0,29.95,15695.0,19.437550775792907,-155.15388095424905,5.347931188203064,3.7
2013.0,2.0,16.0,23.0,54.0,54.78,15705.0,19.73982724714544,-155.24809134001293,13.796014956485065,2.5
2017.0,4.0,19.0,19.0,57.0,46.32,15711.0,19.27336717320746,-155.1656008853494,31.35829863596594,3.7
2014.0,2.0,27.0,3.0,50.0,54.21,15714.0,19.44799225988696,-154.8958524817067,34.372722216678156,2.8
2013.0,5.0,4.0,4.0,58.0,27.94,15716.0,19.50657065204462,-154.94611309441427,40.45261356354151,3.0
2014.0,12.0,4.0,6.0,5.0,10.0,15717.0,19.439868722620187,-154.95195845870398,24.98598501270274,3.1
2014.0,4.0,9.0,11.0,54.0,40.02,15728.0,19.858922090519243,-155.67147695616936,13.005179633248598,4.3
2016.0,10.0,26.0,5.0,17.0,27.32,15729.0,19.82584733022541,-155.69284796505653,44.89558883968507,2.5
2014.0,5.0,23.0,17.0,29.0,23.57,15734.0,20.029203636721977,-155.56152351134236,12.939136940582069,2.9
2014.0,6.0,2.0,0.0,44.0,20.93,15737.0,19.545716931260024,-154.9780646712825,9.641233187180386,4.1
2014.0,6.0,8.0,11.0,52.0,8.89,15738.0,19.520655422359063,-155.88963539185568,34.33140497049095,2.7
2020.0,8.0,31.0,20.0,39.0,17.31,15751.0,19.40085146672921,-155.3479246834105,38.90983787117443,2.7
2015.0,5.0,20.0,9.0,4.0,6.36,15752.0,19.434848860756,-155.34002783586723,39.26368288446331,2.7
2017.0,6.0,8.0,7.0,45.0,1.8,15760.0,19.413162108221456,-155.28656641922805,31.872918186105657,2.9
2016.0,1.0,6.0,0.0,35.0,52.47,15761.0,19.450251187163648,-155.314680877544,30.10290752525319,2.6
2015.0,2.0,16.0,5.0,12.0,2.89,15762.0,20.00500155298714,-155.4856629321541,4.236193257216634,2.6
2015.0,2.0,14.0,9.0,10.0,10.79,15766.0,19.40898956340907,-155.35072773747908,44.18220344339028,2.5
2015.0,3.0,24.0,16.0,42.0,38.58,15780.0,19.34328586526121,-155.24509944147846,26.94503449786115,2.7
2015.0,10.0,26.0,21.0,12.0,7.77,15783.0,19.40154923766633,-155.31160239376493,29.0760857037306,3.0
2016.0,3.0,7.0,19.0,22.0,41.7,15784.0,19.47295506118704,-155.27025417227873,32.41929901028858,2.7
2014.0,6.0,25.0,15.0,48.0,2.73,15788.0,19.31890266325464,-155.2309648606507,24.036670720304432,3.1
2014.0,10.0,7.0,0.0,15.0,24.68,15789.0,19.396797661586103,-155.29400993211988,34.71488342848477,3.1
2015.0,6.0,20.0,9.0,0.0,10.49,15795.0,19.965211425389967,-155.41797132422,18.54977841697731,2.5
2015.0,2.0,3.0,21.0,37.0,13.32,15796.0,19.886987526115817,-155.43157551401876,6.281828940269865,2.7
2014.0,10.0,13.0,6.0,10.0,23.29,15798.0,19.879977542436453,-155.444213897427,44.98440412936879,3.4
2019.0,5.0,5.0,16.0,14.0,43.17,15800.0,19.38159503095195,-155.17434895395226,27.959413988258024,3.7
2015.0,3.0,20.0,14.0,7.0,15.32,15805.0,19.70884697996124,-155.6887064786639,11.810187877214737,2.6
2015.0,6.0,5.0,4.0,12.0,21.84,15806.0,19.91506664756492,-155.61621231479918,11.480855189603503,3.2
2019.0,10.0,17.0,23.0,16.0,36.08,15809.0,19.48048818184024,-155.31215694882457,23.8315703316971,2.6
2016.0,5.0,25.0,23.0,40.0,52.71,15812.0,19.48135428409255,-154.87906344150096,32.78817758924273,3.8
2017.0,10.0,31.0,3.0,16.0,38.73,15813.0,19.20391883260059,-155.8240304066769,11.109826366614652,2.5
2019.0,5.0,8.0,0.0,4.0,49.43,15815.0,19.27830090091201,-155.83665655791998,44.749862766739966,2.5
2016.0,12.0,28.0,14.0,58.0,57.14,15816.0,19.538559138696804,-155.76470133916956,7.937783697814902,3.9
2017.0,9.0,29.0,2.0,3.0,58.85,15819.0,19.266386961106164,-155.52557909450834,2.602967300061765,3.8
2017.0,8.0,29.0,17.0,45.0,37.65,15822.0,19.58209045300348,-155.29421284428628,37.47388066045785,2.6
2017.0,8.0,28.0,11.0,32.0,54.33,15823.0,19.52356389873854,-155.31410879250188,44.39011642997865,3.0
2017.0,9.0,6.0,15.0,33.0,4.3,15826.0,19.49425535639292,-155.34682196444416,15.443455037118147,3.9
2022.0,12.0,3.0,1.0,41.0,20.75,15829.0,20.028763363489176,-155.7151041883336,38.432131884924246,3.0
2021.0,1.0,15.0,3.0,9.0,11.37,15839.0,20.019392324610248,-155.69376760307765,12.671076034185056,2.9
2018.0,7.0,7.0,10.0,3.0,46.31,15841.0,19.993367239902643,-155.71339845219617,4.8715597234104635,3.0
2018.0,9.0,21.0,22.0,36.0,19.33,15843.0,19.53136359837077,-155.15526718388878,34.61170191637319,5.4
2018.0,9.0,19.0,10.0,36.0,23.58,15844.0,19.527733827273742,-155.152439117156,26.585631136920284,2.6
2019.0,8.0,14.0,23.0,26.0,25.73,15848.0,19.11606874605779,-155.72408087041936,27.31547066526158,4.2
2022.0,12.0,17.0,8.0,47.0,47.24,15853.0,19.4268884917728,-155.67302480812685,6.729406251894897,2.9
2020.0,3.0,28.0,6.0,49.0,54.56,15854.0,19.39282977264597,-155.25194057586853,19.074756932102584,3.0
2024.0,2.0,1.0,1.0,59.0,31.06,15855.0,19.4534443883398,-155.4979440543594,27.145315741514676,2.8
2020.0,9.0,7.0,5.0,32.0,24.31,15859.0,19.509681971653663,-155.92439501475573,10.825252736843185,3.5
2020.0,7.0,9.0,13.0,46.0,58.56,15861.0,19.365047263319763,-155.87428606098422,31.162504680102586,2.6
2021.0,4.0,15.0,1.0,34.0,52.67,15863.0,19.255005902978738,-155.28156765353108,32.526131126397004,2.7
2020.0,12.0,4.0,12.0,23.0,33.49,15866.0,19.28596627318869,-155.26529065214365,29.23613042024028,2.5
2021.0,4.0,11.0,23.0,9.0,56.25,15868.0,19.27244989439339,-155.26541515792613,10.9218423262535,3.0
2020.0,10.0,26.0,18.0,40.0,21.76,15872.0,19.366350888162064,-155.2665573187948,36.60428954386204,3.2
2021.0,4.0,24.0,18.0,33.0,37.47,15873.0,19.26584640580544,-155.30160253387456,34.20391938293611,3.0
2020.0,12.0,23.0,23.0,40.0,1.49,15879.0,19.268074186372548,-155.24485079279452,44.758084870316424,3.3
2021.0,4.0,11.0,21.0,11.0,38.68,15889.0,19.7503834067711,-155.64224532992466,22.57295051798007,2.7
2021.0,11.0,13.0,11.0,15.0,36.01,15891.0,19.629663240542712,-155.43731856524604,9.782689565588477,2.5
2022.0,4.0,28.0,5.0,4.0,8.55,15892.0,19.836024365654914,-155.6771679580058,7.025123906724935,2.6
2021.0,4.0,1.0,18.0,18.0,32.74,15893.0,19.640050552193184,-155.79953710218578,18.242344007371948,2.6
2021.0,2.0,21.0,11.0,51.0,58.55,15898.0,19.53461496077114,-155.57365274881266,27.8700199323279,2.9
2022.0,1.0,7.0,22.0,47.0,35.67,15902.0,19.907791125205424,-155.484882432398,35.42721753663055,2.5
2021.0,8.0,9.0,20.0,59.0,21.08,15910.0,19.754223970064032,-155.682339367786,36.589450318340894,2.5
2023.0,12.0,8.0,11.0,3.0,53.78,15931.0,19.80356407193226,-155.7375589467677,28.461230319235227,2.9
2021.0,5.0,11.0,14.0,56.0,52.73,15932.0,19.726345609639377,-155.79034928189472,37.31303871067034,2.9
2022.0,5.0,21.0,12.0,38.0,23.54,15937.0,19.78313619090517,-155.88664384658276,35.01908555582492,2.7
2021.0,3.0,11.0,1.0,33.0,56.59,15942.0,19.76182011905832,-155.8217507758758,38.58986429394987,2.7
2022.0,7.0,5.0,4.0,9.0,11.66,15943.0,19.77793749058538,-155.83013683962955,8.873876989423657,3.5
2021.0,9.0,8.0,18.0,55.0,6.94,15951.0,19.77317901032417,-155.83388364321536,33.92272194564909,2.5
2021.0,9.0,5.0,2.0,29.0,30.3,15958.0,19.75989763390097,-155.82233230802296,3.566500004218696,2.7
2021.0,3.0,10.0,7.0,58.0,41.21,15967.0,19.764375994387954,-155.83187080771836,31.620902858246026,2.5
2021.0,7.0,28.0,19.0,36.0,58.85,15974.0,19.80987116337436,-155.42017264980052,43.26698687395595,3.0
2022.0,6.0,15.0,17.0,11.0,45.23,15977.0,19.22914297593952,-155.67797531728357,20.154168330579225,2.8
2021.0,9.0,18.0,4.0,53.0,53.73,15978.0,19.253742052247283,-155.80025283805108,38.34077101660826,2.7
2022.0,1.0,2.0,20.0,46.0,55.47,15979.0,19.380024405579068,-155.87171914184395,32.034897611817414,2.7
2022.0,3.0,27.0,12.0,22.0,11.25,15980.0,19.61306436075339,-155.77760158867991,30.45838713644499,2.7
2022.0,4.0,12.0,22.0,26.0,58.39,15981.0,19.250292766461893,-155.7533007500845,3.790460160661372,3.2
2022.0,12.0,4.0,5.0,59.0,20.54,15983.0,19.65555107174152,-154.98111877094016,18.520952131207473,3.5
2023.0,10.0,24.0,14.0,53.0,13.56,15984.0,19.294777399869773,-155.72123553436887,13.912617704741395,3.6
2023.0,8.0,18.0,15.0,36.0,39.0,15986.0,19.033478713317475,-155.62671698885077,13.34934704034485,2.7
2024.0,5.0,23.0,14.0,59.0,48.54,15988.0,19.81695657963207,-155.86739394932533,31.47255961660761,2.6
2024.0,7.0,18.0,17.0,49.0,23.61,15996.0,20.04538967275044,-155.59037099292422,34.92436225499369,2.5
2024.0,5.0,25.0,1.0,41.0,28.9,15997.0,20.084999103063485,-155.54658473148018,7.501694427727499,2.7
2024.0,5.0,5.0,22.0,32.0,14.05,16024.0,20.069412927232896,-155.7439998152758,2.0612849638028865,2.6
2024.0,5.0,3.0,10.0,55.0,51.45,16026.0,19.98615180807151,-155.53962349859603,1.3200544183377967,3.0
2024.0,8.0,24.0,15.0,33.0,38.51,16027.0,20.003535774878888,-155.64191771922674,17.829510612032216,2.5
2024.0,6.0,23.0,16.0,32.0,36.58,16029.0,19.93689718239225,-155.64027770304023,32.40107711982892,2.7
2024.0,5.0,4.0,4.0,49.0,28.45,16030.0,19.97793937234137,-155.68247459391344,16.69574905001705,2.6
2024.0,7.0,31.0,19.0,47.0,55.35,16033.0,19.987551036900072,-155.50730486933784,41.97578219167589,2.9
2024.0,8.0,23.0,0.0,18.0,2.08,16040.0,19.838088142312504,-155.80438147890493,38.73811281471214,2.5
2024.0,8.0,11.0,10.0,42.0,56.17,16042.0,19.5618881633684,-154.9750660780094,29.293933938658995,2.6
2024.0,5.0,5.0,23.0,11.0,55.5,16043.0,19.55807324230104,-154.9799579240083,8.762221167110432,4.2
1963.0,1.0,18.0,21.0,58.0,46.11,16044.0,19.008697201803564,-155.77430089238854,31.900210818971782,3.2
1964.0,7.0,1.0,22.0,3.0,40.78,16046.0,19.21542237619077,-155.6631613526154,40.5315514394218,3.0
1960.0,10.0,24.0,4.0,21.0,16.91,16052.0,19.17445470632038,-155.6493395424976,25.977389000670513,2.6
1960.0,11.0,10.0,17.0,19.0,23.99,16054.0,19.199509228238067,-155.63423102237292,9.187933209037656,3.0
1966.0,3.0,31.0,17.0,8.0,14.7,16055.0,19.281386341427417,-155.5220560341868,40.21391152334251,2.6
1960.0,8.0,18.0,22.0,20.0,30.52,16058.0,19.862957859832605,-155.38164819592157,1.4487086373861047,2.6
1959.0,6.0,24.0,2.0,42.0,56.26,16062.0,19.868132041723843,-155.3319827768894,1.2195284428853972,3.0
1961.0,3.0,20.0,11.0,36.0,26.86,16069.0,19.480480369338384,-155.8906166320567,21.96317436184753,3.1
1959.0,9.0,30.0,3.0,6.0,38.88,16071.0,19.51111625724901,-155.9324195900571,21.175201122894634,2.7
1959.0,8.0,21.0,7.0,37.0,4.62,16074.0,19.520016908452952,-155.88969166666348,29.53620106724477,2.6
1959.0,11.0,20.0,23.0,34.0,11.01,16078.0,19.53629810600605,-155.88121616469834,17.386368872826505,2.7
1959.0,9.0,22.0,18.0,8.0,51.45,16081.0,19.48196338215076,-155.94039453837482,28.105743937936936,2.8
1959.0,12.0,18.0,14.0,48.0,7.12,16083.0,19.4733725639229,-155.1010330806812,19.966199679820765,3.4
1960.0,2.0,29.0,12.0,41.0,40.02,16084.0,19.483984132326725,-155.05249711068154,21.765631824703373,2.9
1960.0,6.0,19.0,0.0,48.0,28.56,16085.0,19.321735440625105,-155.16042600514672,10.97368189198702,3.2
1969.0,8.0,27.0,22.0,46.0,29.91,16086.0,19.48172703704676,-155.0579051930216,22.555280743291046,2.9
1960.0,3.0,27.0,5.0,10.0,8.65,16087.0,19.487079409863423,-155.04441937404374,32.81711437584515,2.6
1960.0,9.0,2.0,16.0,30.0,5.75,16089.0,19.44071384956872,-155.18733532866295,22.89825284154613,2.9
1960.0,12.0,1.0,6.0,41.0,56.63,16092.0,19.74339479787596,-155.51000012739402,32.349511621054404,3.4
1961.0,5.0,22.0,6.0,46.0,50.32,16093.0,19.80369914014106,-155.66176307807496,34.75829468746334,3.2
1971.0,1.0,12.0,8.0,5.0,7.78,16096.0,19.753871080944297,-155.44200930631044,32.801830383809865,2.7
1962.0,3.0,4.0,3.0,12.0,17.82,16097.0,19.34511594876616,-155.44434028052808,44.238502886625156,3.9
1961.0,12.0,15.0,13.0,31.0,51.86,16106.0,19.63088163244625,-155.45457429595584,5.073348511576214,2.8
1962.0,1.0,27.0,10.0,20.0,45.24,16110.0,19.569701137090348,-155.38870896339952,18.39068327452171,3.7
1962.0,10.0,10.0,1.0,59.0,47.78,16119.0,19.37112250854224,-155.41329614108062,23.44146639453122,4.2
1962.0,4.0,25.0,14.0,51.0,44.89,16120.0,19.35073284465553,-155.31438771017005,17.845301815530465,2.9
1963.0,4.0,26.0,5.0,28.0,27.49,16122.0,19.941631499885773,-155.74033804921427,3.0693895294935785,3.9
1963.0,1.0,25.0,10.0,46.0,7.34,16124.0,19.769528664124884,-155.65253370660858,4.737881094438965,2.5
1963.0,8.0,15.0,7.0,30.0,45.17,16126.0,19.36867347090598,-155.59582807394102,41.55248665724944,2.9
1964.0,1.0,4.0,15.0,21.0,49.55,16137.0,19.68520129910366,-155.874270409667,22.88202868214112,3.6
1967.0,5.0,7.0,13.0,39.0,32.23,16142.0,19.43472539161344,-155.87993410710652,7.666108890366994,2.6
1967.0,5.0,5.0,23.0,8.0,47.06,16143.0,19.4679345504384,-155.89051402398422,13.79915035918664,3.0
1963.0,11.0,8.0,14.0,7.0,44.58,16144.0,19.59134120884576,-155.59363760742912,4.5111783599782695,2.7
1963.0,10.0,19.0,17.0,50.0,17.48,16147.0,19.30648152799329,-155.5903118002962,2.351182867263698,4.1
1964.0,10.0,15.0,16.0,59.0,21.25,16151.0,19.28339580366203,-155.61580307489936,39.321962318733036,3.1
1964.0,7.0,20.0,13.0,18.0,55.62,16154.0,19.12065706347225,-155.6380132454745,21.8909601179438,2.7
1966.0,1.0,17.0,20.0,34.0,13.45,16155.0,19.390356727276583,-155.14041465187242,31.483811303351057,2.5
1964.0,7.0,19.0,20.0,48.0,39.22,16156.0,19.56719309490387,-155.26966147353255,23.303023573163223,2.6
1964.0,4.0,16.0,12.0,4.0,41.17,16158.0,19.357839897389884,-155.6165570205278,44.869099870224886,2.6
1964.0,9.0,29.0,18.0,36.0,16.55,16159.0,19.458367886452628,-155.62761908578938,37.19382966553672,3.7
1969.0,5.0,9.0,21.0,40.0,1.31,16161.0,19.331639773422783,-155.74013192973442,28.411763574049672,2.5
1963.0,11.0,15.0,17.0,18.0,4.73,16162.0,19.368441346986497,-155.54422025084753,34.152784103234055,3.4
1964.0,7.0,18.0,16.0,59.0,58.42,16166.0,19.613556328245902,-155.36442454242385,19.854953345479522,2.5
1966.0,5.0,6.0,17.0,42.0,41.36,16175.0,19.77992049862661,-155.729641854147,31.875759528988667,4.6
1967.0,12.0,26.0,0.0,21.0,25.61,16179.0,19.72674240187469,-155.8424232835058,25.906617252781807,2.6
1967.0,10.0,19.0,13.0,31.0,29.55,16182.0,19.428518737377576,-155.05820355985009,43.04088976167166,3.5
1967.0,11.0,2.0,12.0,19.0,10.78,16183.0,20.15349210695866,-155.64759665502783,43.359332335661925,3.1
1970.0,10.0,7.0,17.0,57.0,24.16,16185.0,20.017903886183056,-155.74352142691612,42.955788099992645,3.3
1973.0,8.0,8.0,3.0,45.0,54.21,16190.0,19.95880867591986,-155.59337612671314,37.61513879864563,2.9
1967.0,10.0,17.0,8.0,3.0,57.93,16191.0,20.07578343200468,-155.73162067251687,1.897531259613337,3.4
1968.0,7.0,18.0,1.0,48.0,46.3,16195.0,20.01749690861704,-155.8090926332012,25.551256633276466,2.5
1967.0,10.0,22.0,10.0,4.0,30.35,16199.0,19.8178545263412,-155.32255945735196,27.018100883308765,3.0
1970.0,7.0,21.0,14.0,28.0,7.4,16203.0,19.65737563681182,-155.42519636565942,11.102964026392065,2.8
1975.0,8.0,16.0,12.0,19.0,29.03,16204.0,19.58250262217191,-155.27588833388626,44.44129626835294,2.5
1975.0,12.0,4.0,12.0,52.0,38.19,16205.0,19.28261388970052,-155.63883674004802,20.77358213792779,2.8
1976.0,1.0,7.0,23.0,28.0,50.27,16206.0,19.244455041513337,-155.63455040073197,32.79655366866319,2.8
1975.0,12.0,5.0,1.0,6.0,20.23,16207.0,19.24679136428892,-155.655967516459,1.8940746471386456,2.7
1972.0,4.0,26.0,11.0,39.0,58.28,16209.0,19.55628992131381,-155.67407499831236,31.186870375241366,3.0
1975.0,9.0,8.0,5.0,18.0,23.09,16212.0,19.96964546240869,-155.3044703963911,32.20609046782896,2.5
1982.0,4.0,29.0,4.0,19.0,24.98,16215.0,19.60481548228645,-155.88154944074282,20.850866709244908,2.5
1987.0,4.0,12.0,19.0,52.0,53.12,16216.0,19.55431471911245,-155.90138538765405,29.367650633866752,2.6
1972.0,7.0,17.0,7.0,8.0,9.08,16217.0,20.007396715117927,-155.4834412359187,36.49620499860846,3.5
1973.0,2.0,10.0,21.0,30.0,3.66,16230.0,19.951220278621808,-155.75828540370233,42.1368185247272,2.6
1972.0,8.0,29.0,20.0,59.0,15.04,16233.0,20.09462661772153,-155.70880104557023,30.520837877449676,3.4
1973.0,3.0,21.0,7.0,13.0,54.91,16263.0,20.180388430986813,-155.7034624895361,17.38439090778465,2.9
1973.0,4.0,14.0,11.0,27.0,35.18,16264.0,20.179554082613915,-155.8250197787502,23.156601107746454,2.9
1974.0,5.0,19.0,9.0,6.0,46.09,16265.0,20.182778105727888,-155.82033816016863,25.166663469839698,3.5
1973.0,10.0,27.0,16.0,20.0,58.63,16266.0,20.15661478179156,-155.79217535757053,13.33188642925095,3.2
1973.0,2.0,19.0,18.0,36.0,46.06,16270.0,20.20898880718404,-155.83039072440965,40.291181261880986,2.5
1973.0,1.0,19.0,15.0,23.0,37.01,16288.0,20.109971521212028,-155.7923966729581,24.75609549871708,2.9
1972.0,9.0,1.0,22.0,18.0,44.16,16289.0,20.034956440271667,-155.64738102049606,21.89535655724582,2.9
1972.0,10.0,14.0,12.0,25.0,29.18,16292.0,20.24746304395831,-155.83185340346805,39.969659483842534,2.8
1972.0,11.0,22.0,5.0,45.0,7.23,16296.0,20.18435142505272,-155.7136178882733,39.91468079032867,3.0
1973.0,7.0,14.0,17.0,48.0,36.74,16299.0,20.16636960716533,-155.7901328650025,30.415449868326114,2.5
1972.0,10.0,28.0,2.0,7.0,10.29,16305.0,20.165336791574035,-155.64352705269536,39.01740623748405,2.7
1972.0,10.0,26.0,20.0,37.0,43.87,16306.0,20.14352064432789,-155.6706331478946,7.474649295073976,3.6
1979.0,1.0,25.0,15.0,50.0,37.85,16307.0,20.135538188569544,-155.74289579470224,37.95382574965218,3.2
1972.0,7.0,27.0,20.0,36.0,6.73,16310.0,19.95823540872975,-155.71186686913754,42.26100524022824,3.9
1972.0,7.0,17.0,16.0,46.0,51.14,16317.0,19.55636485405464,-155.70771546614134,37.03249870879286,2.9
1972.0,8.0,17.0,5.0,58.0,17.88,16322.0,20.00253202991621,-155.49526905671124,6.860196549965218,3.2
1973.0,11.0,15.0,20.0,5.0,36.96,16341.0,19.88725410214076,-155.72799322430123,34.05796006304411,2.8
1978.0,1.0,26.0,12.0,42.0,48.71,16344.0,20.16225068941649,-155.7374257858397,6.074640267894679,3.4
1973.0,7.0,1.0,14.0,11.0,28.34,16364.0,20.148518714275777,-155.71126667527346,31.858515601371963,3.0
1973.0,4.0,7.0,7.0,4.0,18.6,16383.0,20.18813875665825,-155.78505818784154,36.83356020046089,2.6
1973.0,1.0,21.0,10.0,26.0,18.42,16385.0,20.145223416117787,-155.72172055334374,42.09324271480386,2.7
1975.0,8.0,4.0,19.0,49.0,38.98,16386.0,20.072361562537026,-155.7580070677705,26.210179944108557,2.6
1972.0,12.0,12.0,22.0,25.0,49.41,16393.0,19.674890813644087,-155.50609737580368,10.345399542845222,2.6
1975.0,6.0,27.0,20.0,50.0,56.5,16403.0,20.187931508439995,-155.7752815812908,5.906854848047995,4.4
1973.0,1.0,1.0,17.0,32.0,41.27,16434.0,19.77512244568013,-155.92403034160807,15.443040255502492,3.0
1975.0,4.0,14.0,18.0,31.0,37.63,16439.0,19.82689625120368,-155.70524740707444,4.719561689887762,2.6
1979.0,7.0,30.0,17.0,57.0,33.69,16440.0,19.59397455676718,-155.47991510753604,10.743779918184378,2.9
1980.0,4.0,23.0,14.0,19.0,50.03,16448.0,19.72113568138208,-155.29587909808563,24.826266176794988,2.6
1975.0,11.0,5.0,20.0,51.0,39.34,16449.0,20.02290631789465,-155.42734699885833,8.362194824729267,2.5
1973.0,10.0,5.0,12.0,13.0,33.93,16457.0,19.351778814854708,-155.52948225927076,21.16690161546456,2.6
1978.0,4.0,15.0,20.0,7.0,23.2,16460.0,20.02056823961726,-155.54911122125887,44.91808169453636,3.1
1974.0,9.0,30.0,11.0,20.0,55.51,16468.0,20.06709718289524,-155.53262265070134,23.231925397202986,2.5
1974.0,4.0,8.0,6.0,44.0,38.27,16473.0,20.02691201875228,-155.62032121344512,4.372331528072802,3.3
1974.0,1.0,8.0,11.0,10.0,29.94,16475.0,19.898355997141863,-155.43562489342656,22.685644267557084,3.0
1974.0,1.0,31.0,9.0,52.0,20.38,16477.0,19.95053581356089,-155.25155612202647,11.543897301424353,3.0
1976.0,3.0,30.0,21.0,28.0,55.84,16482.0,19.945445598897464,-155.58639269265046,35.4934294527905,2.6
1973.0,11.0,24.0,6.0,31.0,18.65,16489.0,19.9536089994546,-155.5090724711934,31.47818137462894,2.9
1977.0,1.0,12.0,15.0,54.0,31.47,16491.0,19.902414639902226,-155.38485052760572,13.21784708691399,3.0
1995.0,5.0,15.0,23.0,20.0,23.02,16495.0,19.667958815568625,-155.53270739998564,40.22238007519725,2.5
1988.0,7.0,11.0,19.0,5.0,17.41,16496.0,19.69111504317548,-155.52663162425523,35.475661905380164,2.7
1988.0,7.0,9.0,2.0,38.0,17.79,16499.0,19.65748680103651,-155.51248456357965,6.654548295910651,3.7
1974.0,10.0,30.0,1.0,3.0,52.7,16521.0,20.106380391566564,-155.61342381481256,30.14077096678747,3.4
1978.0,11.0,11.0,12.0,2.0,44.27,16525.0,20.203363205688177,-155.79935385677075,27.488239553986478,4.2
1973.0,10.0,21.0,3.0,0.0,10.55,16526.0,19.31029407738617,-155.6540678651634,27.151366532367604,2.5
1974.0,1.0,2.0,12.0,55.0,1.56,16543.0,19.969023802985944,-155.69056908792598,3.4670645685114287,3.6
1974.0,4.0,6.0,8.0,26.0,48.43,16544.0,19.983918535245227,-155.61764928660406,40.14434786077879,2.5
1974.0,4.0,18.0,20.0,44.0,5.08,16549.0,20.02964068009664,-155.6338541876561,44.314664101812674,3.6
1979.0,7.0,1.0,19.0,39.0,30.87,16550.0,19.644998948864025,-155.3215091958411,37.95323143180106,3.1
1976.0,3.0,13.0,13.0,59.0,56.71,16552.0,19.37654531340677,-155.85974452329478,17.991584491574415,3.0
1976.0,8.0,12.0,1.0,48.0,16.14,16557.0,19.658976494506422,-155.44221944603595,9.124642128536031,3.5
1977.0,3.0,14.0,7.0,2.0,28.78,16563.0,19.55920207661105,-155.0343259803259,33.33849023038533,2.6
1978.0,1.0,30.0,4.0,48.0,43.02,16564.0,19.56133376983085,-155.15449929994475,32.04930265615303,2.6
1978.0,6.0,30.0,21.0,51.0,7.97,16567.0,19.66002560437524,-155.18584114553315,3.400641030645493,3.6
1978.0,6.0,24.0,7.0,14.0,47.0,16568.0,19.559312427778565,-155.1858649732164,37.77838435215658,2.5
1978.0,9.0,3.0,9.0,5.0,15.5,16571.0,19.642311227721528,-155.23311795269106,41.47797575063045,2.6
1978.0,7.0,8.0,13.0,30.0,13.75,16572.0,19.74540498032261,-155.15988877481314,9.395609266959756,2.9
1978.0,8.0,3.0,8.0,22.0,30.82,16577.0,20.14597697963103,-155.600033171129,10.682832830264118,2.5
1978.0,1.0,12.0,15.0,5.0,59.17,16578.0,20.074937962392426,-155.4444523917894,17.55832182358019,2.5
1981.0,5.0,31.0,1.0,20.0,44.43,16589.0,19.98085396551649,-155.3589500536366,18.904495123339682,3.3
1977.0,5.0,12.0,11.0,59.0,48.15,16600.0,19.35715525263821,-155.06629536027864,14.023162967218134,3.0
1977.0,11.0,18.0,9.0,57.0,31.23,16601.0,19.3708052030034,-155.04987430118567,42.783276129940496,2.9
1977.0,6.0,17.0,22.0,22.0,52.89,16603.0,19.62786192231493,-155.26501930718362,8.387478810624888,3.1
1978.0,7.0,13.0,22.0,48.0,51.18,16604.0,19.62425496823765,-155.10790232073413,33.85361007316918,3.1
1978.0,8.0,18.0,7.0,16.0,40.85,16605.0,19.60290946826665,-155.1110470999752,39.236728864668365,2.7
1977.0,3.0,27.0,23.0,15.0,37.85,16608.0,19.05575413137877,-155.6436109500206,1.857833797419048,2.8
1978.0,6.0,10.0,23.0,5.0,10.29,16612.0,19.9406823794298,-155.70655502410114,42.7891384156061,2.8
1977.0,5.0,21.0,12.0,54.0,5.09,16613.0,20.03634165718534,-155.61438749024063,34.35482985498035,3.4
1996.0,8.0,25.0,21.0,55.0,25.46,16616.0,19.91143870828271,-155.68124573861206,16.11163844621785,3.4
1977.0,5.0,20.0,19.0,10.0,18.13,16618.0,19.93334939439186,-155.71672169443886,5.4663011438730695,3.4
1977.0,8.0,29.0,11.0,29.0,5.06,16621.0,20.06524223867655,-155.3994196499549,22.77227060412406,2.5
1977.0,10.0,30.0,17.0,11.0,41.52,16623.0,19.398657328382416,-155.11149985936729,40.84640376548562,2.9
1977.0,11.0,27.0,16.0,53.0,0.75,16624.0,19.77971253088465,-155.16164382969205,33.06607822373342,2.5
1977.0,12.0,3.0,6.0,14.0,51.49,16625.0,19.77074244560032,-155.1551113527077,2.336544864440712,2.5
1978.0,9.0,19.0,7.0,23.0,8.9,16626.0,19.569938032033573,-155.381203104853,23.89848176922483,2.5
1978.0,9.0,29.0,5.0,1.0,20.99,16627.0,19.561621969147737,-155.43551854131474,41.92779089574421,2.9
1980.0,3.0,11.0,14.0,11.0,36.2,16629.0,19.398530102949582,-155.3927511800546,21.905702203060237,2.7
1979.0,8.0,4.0,17.0,14.0,15.83,16630.0,19.39855462411114,-155.37469474796845,39.3493610246912,2.6
1979.0,8.0,16.0,11.0,50.0,35.63,16636.0,19.44117229987886,-155.32980962012567,42.021047190356605,2.6
1979.0,7.0,29.0,18.0,47.0,2.47,16641.0,19.472839538246284,-155.7352952488922,19.70236057698211,2.8
1979.0,8.0,21.0,17.0,43.0,59.39,16643.0,19.5643516949435,-155.23911547377782,14.658795993979306,2.6
1985.0,6.0,28.0,20.0,6.0,24.49,16648.0,19.42206712465197,-155.38426694342442,27.814091920133613,2.5
1979.0,8.0,13.0,1.0,58.0,16.09,16649.0,19.471524779015915,-155.3539692707547,40.646664478707805,2.8
1987.0,7.0,5.0,20.0,50.0,43.79,16655.0,19.031728280102183,-155.63478615221575,10.631022426749306,3.2
1982.0,5.0,31.0,20.0,54.0,25.81,16656.0,19.43337432829635,-155.39534709052236,15.187885364342865,3.0
1980.0,3.0,25.0,8.0,11.0,12.8,16659.0,19.446843596500315,-155.4190527620036,25.282989704988193,2.9
1980.0,2.0,12.0,12.0,31.0,28.39,16660.0,19.41947392576945,-155.3924152232618,36.6204326414029,2.5
1979.0,9.0,19.0,15.0,54.0,29.87,16661.0,19.420872318191133,-155.367983217412,3.3794802936621267,3.2
1980.0,8.0,5.0,17.0,56.0,6.9,16666.0,19.87063331674478,-155.69048241371672,26.881209070660987,2.6
1982.0,10.0,31.0,22.0,51.0,29.63,16678.0,19.14548591980565,-155.5868096410118,8.715318394799313,2.5
1983.0,7.0,30.0,19.0,25.0,5.25,16687.0,19.205318624868102,-155.77678064429142,22.19493255958522,5.3
1984.0,10.0,18.0,21.0,56.0,53.6,16690.0,19.19899268287356,-155.52271115202373,17.684357436888938,2.6
1982.0,12.0,13.0,4.0,14.0,25.37,16691.0,19.227922121737485,-155.54543735041892,31.403232725077164,2.7
1987.0,4.0,1.0,13.0,12.0,30.61,16693.0,19.244262202879284,-155.5729822155239,21.97192847443674,3.4
1983.0,2.0,23.0,20.0,0.0,26.82,16694.0,19.222814287881047,-155.56134996376312,25.16046859997687,3.6
1983.0,6.0,1.0,5.0,57.0,9.39,16698.0,19.446045862228125,-155.71301685541266,6.642350485398909,3.3
1983.0,5.0,19.0,9.0,43.0,18.46,16699.0,19.43613395630424,-155.772303340333,8.81877551474301,2.5
1985.0,2.0,6.0,13.0,42.0,16.64,16704.0,19.44626628749064,-155.78162535897476,42.59742225026902,4.4
1983.0,6.0,13.0,20.0,37.0,46.94,16708.0,19.54241679205348,-155.56315432559623,24.463169852765358,2.8
1989.0,2.0,5.0,11.0,15.0,42.52,16709.0,19.502875792404858,-155.3040563030495,29.223276736793743,2.9
1988.0,11.0,27.0,14.0,50.0,16.57,16710.0,19.49460273087579,-155.24379271986007,14.486182257862405,3.0
1988.0,12.0,7.0,12.0,30.0,44.83,16712.0,19.518010017392896,-155.22710141136864,27.355329538257354,3.8
1984.0,10.0,31.0,19.0,2.0,59.97,16713.0,19.41362474682375,-155.71576754463462,44.31163617361189,2.5
1986.0,3.0,21.0,18.0,58.0,32.67,16716.0,19.0445367197822,-155.77880927237442,28.008118881265716,3.5
1986.0,10.0,2.0,3.0,37.0,26.3,16722.0,19.6767122579565,-155.70287805690674,31.692636003330435,2.9
1987.0,6.0,5.0,13.0,33.0,14.7,16724.0,19.986137391708034,-155.49164228613444,7.974030791644007,2.5
1992.0,9.0,13.0,7.0,39.0,37.03,16726.0,19.58904683759536,-155.805482597646,34.67723492068955,2.9
1992.0,2.0,20.0,9.0,10.0,44.42,16730.0,19.51512041664949,-155.65302984069933,19.218128707951475,3.5
1988.0,5.0,28.0,11.0,22.0,47.27,16734.0,20.062645086727304,-155.4413302011318,36.37499079770229,2.7
1988.0,3.0,12.0,12.0,1.0,19.17,16735.0,19.42895064939944,-155.30881562952493,15.055579406512742,3.5
1988.0,3.0,19.0,10.0,5.0,42.75,16738.0,19.54776635532223,-155.06718692772978,9.48682202066084,3.1
1988.0,3.0,13.0,2.0,40.0,40.78,16740.0,19.35827529367236,-155.36865329505497,34.12679644958174,2.8
1991.0,9.0,8.0,23.0,50.0,15.92,16741.0,19.36097202939328,-155.36078541090242,25.006330325196068,2.6
1990.0,5.0,26.0,10.0,27.0,55.5,16745.0,19.354476174194925,-155.3812470663405,7.085746315019936,2.5
1992.0,12.0,6.0,13.0,16.0,46.24,16765.0,19.599651088866555,-155.45372185464606,5.652845264878227,2.5
1990.0,3.0,30.0,11.0,44.0,0.49,16772.0,19.59998882327345,-155.44099420304988,13.309830610721361,3.0
1988.0,12.0,22.0,10.0,19.0,48.55,16789.0,19.63174369748691,-155.439832124066,26.14648172579817,2.7
1989.0,1.0,28.0,19.0,55.0,29.87,16792.0,19.62318522542628,-155.53272387497142,35.47551300554269,3.6
1989.0,2.0,4.0,17.0,42.0,39.54,16794.0,19.56550555473675,-155.37712151195294,29.91575000117688,2.7
1992.0,4.0,3.0,18.0,51.0,3.57,16800.0,19.54138727098291,-155.44904699955066,38.761696108953416,2.5
1989.0,1.0,2.0,15.0,53.0,55.93,16802.0,19.601503825606454,-155.31355804790658,27.4414989262186,3.0
1989.0,6.0,2.0,23.0,32.0,2.15,16804.0,19.59696309434512,-155.43939913524807,3.745111129776998,2.6
1988.0,12.0,4.0,14.0,52.0,51.92,16807.0,19.6456395525758,-155.449607574987,5.563109435926607,3.0
1989.0,11.0,3.0,10.0,11.0,31.63,16813.0,19.343376089231786,-155.66742698366284,37.39660872410391,3.2
1989.0,6.0,14.0,17.0,41.0,22.18,16820.0,19.292423268375007,-155.5537663606227,32.62023236401912,2.5
1989.0,6.0,4.0,20.0,53.0,50.93,16821.0,19.214778413222543,-155.60801949367675,4.022381665845276,3.5
1989.0,8.0,7.0,5.0,24.0,14.13,16826.0,19.386273783144706,-155.3616286280158,23.878196313662713,2.5
1990.0,7.0,20.0,23.0,50.0,25.86,16830.0,19.35223107134291,-155.50646654339147,1.9669239202270994,3.0
1990.0,6.0,27.0,3.0,1.0,26.66,16833.0,19.8730581699856,-155.4779547752465,15.545781580607777,2.9
1990.0,9.0,25.0,16.0,3.0,51.41,16834.0,19.50947962278396,-155.3807919483432,18.616485495095617,2.6
1990.0,10.0,3.0,12.0,25.0,45.06,16838.0,19.842919043125427,-155.48463069052153,2.532951210502274,2.6
1995.0,7.0,29.0,11.0,50.0,40.69,16839.0,20.01880434408164,-155.5119279165442,32.46777450031068,2.8
1991.0,4.0,4.0,6.0,21.0,10.79,16840.0,19.397454709492923,-155.39525870510826,9.414042773170362,2.8
1991.0,4.0,13.0,18.0,47.0,59.59,16842.0,19.795115720968766,-155.50808773690216,6.3538683650345735,2.9
1991.0,11.0,20.0,10.0,32.0,29.54,16843.0,19.90558041761016,-155.84343309622395,44.57368395013125,2.5
1993.0,6.0,28.0,18.0,9.0,0.32,16849.0,19.33546929708204,-155.75208598246462,36.57714314611466,3.1
1995.0,12.0,5.0,20.0,39.0,47.37,16850.0,19.348685970647768,-155.6863015570537,30.025718785827085,4.6
1993.0,7.0,13.0,12.0,32.0,42.49,16851.0,19.31581818367928,-155.7019160545366,31.37707051949044,2.6
1994.0,1.0,2.0,21.0,36.0,36.89,16853.0,19.76948375162033,-155.6935129726852,15.703278376832928,2.6
1995.0,8.0,25.0,9.0,44.0,8.12,16854.0,19.58249213186128,-155.08422646891978,14.202833188185021,2.8
1994.0,6.0,13.0,16.0,32.0,15.66,16860.0,19.606676129923752,-155.02876031349243,17.096030303335677,3.0
1994.0,5.0,4.0,5.0,13.0,3.54,16861.0,19.627991561324723,-155.01321368749203,30.778317091372035,3.4
1997.0,1.0,21.0,12.0,30.0,5.44,16862.0,19.944869737880527,-155.23055330101704,22.866772284762593,3.7
1995.0,11.0,15.0,12.0,48.0,32.25,16864.0,19.633036849151413,-155.02257468127908,11.376868643511434,2.8
1996.0,12.0,1.0,20.0,55.0,3.32,16865.0,19.602312136713863,-155.32998997158103,10.014460784073759,4.9
2001.0,10.0,28.0,8.0,41.0,50.39,16868.0,19.42396559403222,-155.12044500153047,42.90248906618694,2.6
2002.0,12.0,18.0,5.0,27.0,1.66,16871.0,19.78103268154428,-155.30753350144806,32.36033995481557,2.7
1996.0,11.0,13.0,23.0,55.0,50.74,16877.0,19.6799483752891,-155.32886298735156,14.39266570437807,2.5
1997.0,1.0,17.0,10.0,21.0,55.72,16879.0,19.705808984648986,-155.09348587916566,1.3836145814340193,3.1
1999.0,5.0,27.0,4.0,29.0,11.8,16881.0,19.063281467330693,-155.74355154486156,41.0613178027246,2.8
1997.0,9.0,25.0,10.0,35.0,43.27,16882.0,19.42841960452129,-155.68485594540127,14.639288987861857,2.5
1997.0,12.0,3.0,7.0,25.0,3.68,16885.0,19.956920991136386,-155.7828907384475,40.81415782122288,3.0
1998.0,10.0,31.0,13.0,7.0,28.69,16886.0,19.943947303285352,-155.79503906653403,13.327928560664956,2.7
1998.0,4.0,5.0,5.0,46.0,47.73,16888.0,19.955818951381463,-155.7892184309778,2.7371858590186213,2.5
1997.0,11.0,14.0,4.0,13.0,25.11,16890.0,20.03593940390215,-155.79773351418652,38.0413388945725,2.5
1998.0,2.0,2.0,21.0,7.0,17.48,16891.0,19.14092313125977,-155.64603286274792,13.090304156864203,3.3
1998.0,8.0,15.0,1.0,19.0,41.3,16892.0,19.0181938678005,-155.6830707240723,42.673570148043396,2.6
1998.0,3.0,14.0,18.0,31.0,24.65,16894.0,19.16584550133396,-155.66814259572666,3.350275136954634,2.9
1998.0,4.0,22.0,21.0,47.0,20.83,16896.0,19.47406937928615,-155.49073827623786,6.465233955541723,2.6
2003.0,2.0,20.0,23.0,32.0,18.14,16899.0,20.200737025674684,-155.737879529326,22.56977466085494,2.8
1999.0,6.0,21.0,13.0,47.0,27.89,16903.0,20.186609896001425,-155.76073061630436,23.73534003770742,2.6
2000.0,10.0,24.0,23.0,16.0,44.23,16904.0,20.09221808341625,-155.73850683109853,14.460031966471886,2.6
2000.0,1.0,11.0,5.0,53.0,52.45,16912.0,20.050803153202285,-155.64328940597122,32.970566474397415,3.4
2001.0,7.0,22.0,11.0,15.0,6.41,16914.0,19.87390923966847,-155.48102609666287,28.076878813750056,2.6
2001.0,4.0,6.0,3.0,4.0,5.69,16915.0,20.08444852496262,-155.52560527209263,14.87603244900658,2.8
2004.0,9.0,12.0,3.0,39.0,55.4,16916.0,19.13221172065153,-155.73720614380937,25.0766969710517,2.5
2007.0,11.0,10.0,0.0,18.0,52.87,16918.0,19.04879510585428,-155.75887848352048,25.4556660850147,3.4
2003.0,5.0,16.0,18.0,35.0,37.15,16922.0,19.31853631624892,-155.75593175216312,27.807301584952487,2.5
2002.0,12.0,9.0,3.0,58.0,54.27,16924.0,19.26561689524957,-155.75384567366433,24.146586327878335,3.0
2003.0,12.0,23.0,14.0,58.0,2.11,16926.0,19.66786280823767,-155.38567041405636,16.253380967546477,2.7
2004.0,4.0,10.0,12.0,14.0,38.37,16927.0,19.143956212341056,-155.58225659147232,19.380979805270126,2.8
2003.0,8.0,16.0,3.0,3.0,41.7,16928.0,19.40757911863181,-155.6546846637017,18.646057330133218,3.9
2004.0,7.0,13.0,14.0,45.0,11.73,16929.0,19.7270827956026,-155.48441736031782,37.553129108729614,2.5
2005.0,4.0,11.0,23.0,42.0,24.73,16946.0,20.015706767900625,-155.41492579788164,15.87060106345745,2.7
2004.0,3.0,4.0,17.0,5.0,49.89,16953.0,20.06703220794414,-155.56454086907905,7.26855577746206,2.5
2004.0,3.0,9.0,15.0,10.0,15.39,16958.0,19.860875611466305,-155.4412428638502,17.871629066441265,2.5
2005.0,12.0,3.0,14.0,39.0,44.0,16960.0,19.94180106431735,-155.52645972900888,38.03816868525564,3.0
2004.0,4.0,29.0,20.0,53.0,31.07,16961.0,19.995462166546226,-155.51694573290953,42.26666488320086,2.7
2004.0,3.0,5.0,14.0,28.0,35.13,16970.0,19.99174404941431,-155.3368452337323,37.1086150458968,2.5
2005.0,5.0,11.0,6.0,40.0,6.38,16973.0,20.00364648281993,-155.51588154475326,28.172147044108492,2.8
2004.0,9.0,15.0,1.0,19.0,32.08,16978.0,19.984531668827845,-155.5137269734218,41.50688857196701,2.7
2008.0,4.0,30.0,1.0,13.0,29.55,16981.0,20.006793234853728,-155.46678894346573,15.015649698290298,2.6
2006.0,5.0,25.0,19.0,35.0,33.81,16996.0,19.799679136788043,-155.43258170202728,24.88623561523667,2.7
2007.0,10.0,23.0,22.0,53.0,59.18,17001.0,19.80028381848259,-155.34861708156814,18.64335650755992,3.1
2009.0,5.0,17.0,16.0,18.0,7.04,17002.0,19.86884264577225,-155.39287030149112,4.464920582642041,3.2
2004.0,3.0,15.0,18.0,31.0,45.82,17007.0,19.534830157833458,-155.6632245270959,12.685117101422943,2.7
2004.0,4.0,10.0,22.0,51.0,25.31,17008.0,19.73146342152463,-155.48000290016276,18.469693229503537,2.5
2004.0,5.0,1.0,17.0,3.0,58.75,17011.0,19.65469840236392,-155.27810349832717,2.8070741871268945,3.4
2005.0,2.0,5.0,21.0,45.0,32.24,17018.0,19.67769682069931,-155.41513423720215,8.007721701609679,3.2
2010.0,6.0,9.0,1.0,54.0,3.98,17019.0,19.673128871909068,-155.27145806688583,10.145462069330023,3.5
2004.0,5.0,18.0,14.0,57.0,34.65,17022.0,20.022312292700573,-155.63442208993868,10.645932627266918,2.6
2004.0,12.0,20.0,10.0,40.0,42.24,17024.0,19.601488308186035,-155.09754101611838,20.477551003711618,3.9
2004.0,12.0,20.0,9.0,19.0,59.71,17025.0,19.63296032397592,-155.1162834819029,37.81994872511418,2.6
2006.0,1.0,15.0,19.0,30.0,1.02,17026.0,19.257143370925583,-155.75558346861692,17.5865475301041,2.6
2006.0,5.0,19.0,14.0,5.0,11.28,17027.0,19.72607729623872,-155.61661277245742,32.598703778849995,2.9
2013.0,8.0,16.0,12.0,43.0,46.3,17034.0,19.72183618978236,-155.67428062272606,13.716652277497563,4.5
2006.0,12.0,4.0,16.0,36.0,1.64,17035.0,19.718235244802106,-155.71799787362272,20.41545151230683,2.9
2006.0,5.0,24.0,2.0,37.0,10.78,17039.0,19.7910886342278,-155.63395587472218,28.91770367190755,2.8
2008.0,5.0,17.0,19.0,9.0,43.06,17045.0,19.07401641898058,-155.5581541168184,22.13841082879198,2.5
2018.0,6.0,7.0,7.0,59.0,16.48,17047.0,19.32256580079284,-155.53221009167575,38.07711209113871,2.5
2018.0,4.0,5.0,4.0,30.0,47.84,17048.0,19.332021066961403,-155.53889325100823,16.64850775035898,3.2
2018.0,4.0,5.0,10.0,9.0,1.66,17049.0,19.30291850104544,-155.5424583560088,5.656111024043703,2.7
2007.0,9.0,14.0,8.0,12.0,56.05,17052.0,19.32145374196748,-155.5651770454167,11.345327819386103,3.1
2007.0,9.0,5.0,17.0,15.0,3.79,17053.0,19.351492940739696,-155.58288522132506,9.36123660370805,2.5
2007.0,9.0,3.0,5.0,39.0,31.5,17057.0,19.78843147041097,-155.0959777810942,18.95398897386352,2.7
2008.0,3.0,10.0,11.0,25.0,41.57,17058.0,18.99579240895505,-155.68060274674858,19.83482343013039,2.8
2008.0,2.0,16.0,2.0,22.0,28.88,17063.0,19.30254661435569,-155.46106596412227,10.509582661478277,3.0
2008.0,3.0,6.0,4.0,49.0,53.23,17065.0,19.28150125389148,-155.48452126519393,14.6296085107403,2.6
2009.0,7.0,11.0,7.0,30.0,7.87,17075.0,19.372290987999893,-155.47490202290612,4.330964315557514,2.7
2010.0,6.0,18.0,9.0,2.0,58.87,17076.0,19.270518337674243,-155.48516752195255,10.222665332674275,2.5
2011.0,7.0,17.0,19.0,21.0,49.18,17079.0,19.32526175003926,-155.46931107448088,16.966589159852262,2.7
2019.0,7.0,25.0,19.0,2.0,48.92,17083.0,19.31677116127569,-155.52810069946935,27.154000093172986,3.3
2008.0,2.0,12.0,12.0,54.0,0.19,17091.0,19.6751106085924,-155.54890402251857,35.25379218423538,3.7
2009.0,2.0,2.0,20.0,25.0,49.26,17096.0,19.315838668854003,-155.50605612378774,27.511973300322392,2.8
2008.0,2.0,8.0,0.0,29.0,45.27,17098.0,19.359060103913635,-155.59468280052096,34.905692434489126,2.7
2008.0,1.0,8.0,11.0,45.0,47.31,17100.0,19.35896203937489,-155.476753368032,33.5829714250593,2.6
2008.0,4.0,15.0,3.0,5.0,6.75,17102.0,19.14460155007479,-155.75490149192754,32.62321458049837,2.7
2008.0,2.0,22.0,10.0,33.0,48.74,17103.0,19.94477105901389,-155.60526935153865,31.15901752609,2.8
2008.0,2.0,12.0,6.0,40.0,15.09,17105.0,19.771426186860783,-155.64122700440134,2.135188286543566,3.6
2008.0,3.0,6.0,17.0,5.0,57.65,17107.0,19.83426609836287,-155.65446021801418,1.5010239844645343,4.2
2008.0,1.0,28.0,6.0,6.0,11.06,17108.0,19.8218121958227,-155.65250029976616,18.211276663192557,2.8
2008.0,2.0,29.0,5.0,4.0,25.48,17110.0,19.78512645191583,-155.68199959736364,34.81157296879443,2.6
2009.0,6.0,1.0,19.0,58.0,53.26,17112.0,19.56136172856324,-155.2013781927798,42.693845459929136,2.6
2010.0,2.0,16.0,10.0,8.0,49.91,17115.0,19.22924004294594,-155.573640751453,35.188969718850046,3.4
2010.0,5.0,9.0,18.0,1.0,7.83,17116.0,19.25725090859732,-155.62381079923586,11.207226606966747,2.5
2009.0,9.0,3.0,14.0,9.0,39.1,17119.0,19.243041255904195,-155.5649937486185,12.657882855760555,2.8
2009.0,7.0,3.0,4.0,11.0,26.38,17124.0,19.282348281176525,-155.58969040277393,20.112959702269254,2.7
2022.0,7.0,22.0,5.0,5.0,45.63,17126.0,19.223469314738463,-155.4679242316009,3.1973344586772403,2.6
2012.0,4.0,23.0,10.0,45.0,54.99,17128.0,19.512827455771284,-155.395239604772,22.288305544307825,2.7
2011.0,1.0,6.0,11.0,2.0,36.62,17136.0,19.40250503925255,-155.40905345402834,35.89494772308256,2.5
2013.0,9.0,6.0,1.0,59.0,31.68,17140.0,20.00566269944207,-155.77802210203757,16.89083754154311,2.5
2010.0,12.0,28.0,18.0,58.0,26.59,17143.0,19.808079608320902,-155.5782234633652,37.92575725854937,2.6
2011.0,8.0,30.0,3.0,27.0,20.49,17144.0,19.877165358893727,-155.6375531432765,22.492254750652116,2.5
2011.0,4.0,30.0,0.0,12.0,28.34,17146.0,19.31200561116481,-155.58884068762163,38.846477878427336,2.8
2011.0,6.0,1.0,21.0,17.0,6.01,17150.0,19.15433668543358,-155.57138984457535,30.119497492237027,4.0
2011.0,4.0,23.0,11.0,38.0,30.2,17151.0,19.18073638013719,-155.5481521444621,27.713614797313888,3.4
2012.0,10.0,27.0,18.0,6.0,33.89,17154.0,19.37811826305247,-155.34238652175304,9.269867141425458,2.7
2012.0,8.0,25.0,10.0,42.0,26.33,17156.0,19.410021574901023,-155.42025515035505,29.585313217118173,2.5
2012.0,5.0,22.0,11.0,16.0,31.26,17158.0,19.78138817560044,-155.23012304904125,20.451045454603452,2.5
2012.0,6.0,26.0,10.0,15.0,45.53,17160.0,19.48517932367921,-155.2735800872308,34.92412158443247,3.2
2013.0,11.0,5.0,12.0,57.0,8.25,17161.0,20.017370987165684,-155.4630706545627,41.51466457151667,3.3
2014.0,10.0,22.0,9.0,36.0,33.88,17162.0,20.05249440815766,-155.40436632547448,17.16287785494194,2.9
2014.0,6.0,8.0,16.0,52.0,19.24,17164.0,20.02410195345167,-155.6850230382067,16.166092653862407,2.8
2019.0,6.0,8.0,8.0,29.0,41.52,17165.0,20.07281774272853,-155.400047139916,37.79841062116486,2.5
2020.0,3.0,4.0,23.0,57.0,47.14,17166.0,20.06174401007361,-155.3956695893919,36.16061333580157,2.6
2013.0,2.0,28.0,17.0,3.0,36.61,17180.0,19.572510204611472,-155.0254146203292,21.52462699852125,2.7
2013.0,3.0,5.0,15.0,3.0,28.7,17181.0,19.344851289555763,-155.0904400723753,43.19065945631415,2.9
2021.0,12.0,21.0,10.0,24.0,13.9,17182.0,19.594437053217177,-155.47916500446803,32.846127503935975,2.5
2014.0,7.0,31.0,13.0,59.0,54.3,17183.0,19.62014203921748,-155.4530039483299,42.99582588743825,3.0
2013.0,3.0,4.0,8.0,13.0,10.95,17188.0,19.59744171028222,-155.43262598302587,24.83609894887988,2.5
2013.0,2.0,21.0,17.0,39.0,5.77,17190.0,19.59326903869336,-155.47718913078998,8.234401900875175,3.6
2013.0,2.0,17.0,20.0,18.0,21.4,17192.0,19.743407678717748,-155.28003672355007,20.621762842213656,2.7
2013.0,2.0,12.0,8.0,59.0,15.13,17193.0,19.311025886649627,-155.428137958322,21.40200252762706,2.7
2013.0,7.0,19.0,16.0,49.0,40.26,17197.0,19.430051804999337,-155.1542989946917,38.58334545459237,2.5
2017.0,9.0,22.0,22.0,37.0,22.97,17200.0,19.619072137839723,-155.72030340506296,34.36366111390495,2.8
2013.0,3.0,4.0,16.0,25.0,33.06,17202.0,19.402661947807985,-155.51161446530227,14.681146382192994,3.8
2013.0,5.0,27.0,3.0,31.0,3.34,17204.0,19.426739370910305,-154.9241972180971,41.448246552343214,5.2
2014.0,12.0,17.0,1.0,43.0,46.48,17207.0,19.45502377777209,-154.95931068847028,38.013564051918365,3.0
2015.0,7.0,19.0,14.0,52.0,40.45,17212.0,19.45049384924582,-154.95865706923715,34.439002676611324,3.9
2013.0,4.0,22.0,16.0,42.0,13.62,17215.0,19.524622015646635,-155.35798445179196,6.4828075752651495,2.5
2013.0,11.0,7.0,12.0,54.0,53.87,17218.0,19.3761589438738,-154.9724600192792,20.426980334299856,2.6
2013.0,4.0,27.0,17.0,6.0,24.17,17219.0,19.38520090323634,-155.03476110708888,21.405557011369446,2.8
2014.0,4.0,7.0,8.0,5.0,12.0,17225.0,19.964410502793463,-155.68823185143518,42.674392222021204,3.2
2014.0,4.0,14.0,2.0,8.0,23.77,17226.0,19.711656012556624,-155.68677413640992,40.35722410207723,2.6
2014.0,5.0,26.0,8.0,31.0,13.34,17227.0,20.06122573023165,-155.5734333532425,28.286803458277628,2.7
2016.0,3.0,26.0,16.0,5.0,22.72,17228.0,20.025504498636828,-155.56831132193042,28.59634160068211,2.6
2014.0,6.0,3.0,17.0,27.0,31.75,17229.0,19.902784873815754,-155.27140228776057,12.84526158331112,3.6
2014.0,7.0,9.0,9.0,11.0,45.31,17230.0,19.90042621109765,-155.26997812407492,41.56234760171971,2.8
2014.0,6.0,7.0,21.0,25.0,28.29,17234.0,19.529579043146704,-154.95901982520115,2.987212776273326,2.5
2014.0,9.0,25.0,6.0,46.0,13.14,17237.0,19.50434157634246,-155.2692208228941,4.380060546347899,3.1
2015.0,7.0,19.0,5.0,2.0,40.96,17238.0,19.51526570110433,-155.255007757756,23.59628116415253,2.6
2014.0,7.0,5.0,16.0,40.0,6.32,17245.0,19.49486426260361,-154.98941184837744,6.816133469800986,3.6
2015.0,4.0,17.0,21.0,21.0,28.27,17249.0,19.683649809331268,-155.2881363017576,11.045585511167841,2.9
2022.0,2.0,11.0,18.0,13.0,52.41,17250.0,19.62417065706669,-155.25069621094215,35.86637513791352,2.8
2015.0,5.0,2.0,0.0,16.0,5.5,17252.0,19.42720084848369,-155.4088271804046,16.530725109436464,2.5
2015.0,5.0,21.0,19.0,11.0,6.05,17253.0,19.38946437261728,-155.3070455133106,4.334960437681096,2.7
2015.0,2.0,15.0,19.0,35.0,7.04,17262.0,19.40617006680704,-155.350152827558,3.262947463278001,3.9
2016.0,8.0,4.0,1.0,23.0,47.98,17267.0,19.421931968161207,-155.18155950788247,31.603821330054487,2.7
2017.0,1.0,4.0,3.0,5.0,35.36,17270.0,19.48274188274541,-155.3078456699103,36.09860688063203,2.6
2019.0,6.0,11.0,6.0,0.0,33.32,17285.0,19.32521033628944,-155.17626552799305,30.987294790145835,2.6
2015.0,6.0,5.0,16.0,45.0,19.82,17290.0,19.900231964015493,-155.60703507586808,6.284598634935775,2.5
2015.0,6.0,9.0,1.0,17.0,22.12,17291.0,19.925164470152264,-155.6343347427404,26.280547398418157,2.5
2017.0,9.0,25.0,12.0,12.0,30.68,17299.0,19.546369449860663,-155.1282546549881,12.345898556748445,2.8
2017.0,9.0,29.0,3.0,8.0,46.65,17303.0,19.586585212759843,-155.4551217286768,8.352738746320131,2.7
2018.0,11.0,25.0,22.0,49.0,7.29,17308.0,19.995322519919217,-155.66022414156524,11.421570053892026,2.7
2018.0,11.0,29.0,4.0,23.0,4.33,17310.0,19.98048242656465,-155.66299606109794,33.284848053907716,2.8
2018.0,8.0,9.0,13.0,28.0,33.58,17313.0,20.122512717646988,-155.57855908127289,40.701052544472525,2.9
2019.0,1.0,22.0,10.0,58.0,23.38,17316.0,19.980367276210345,-155.69985122100584,24.608110319489096,2.9
2019.0,3.0,20.0,9.0,37.0,7.3,17321.0,19.29669965625853,-155.12992527482044,44.31327583402488,3.2
2018.0,11.0,7.0,21.0,18.0,9.13,17327.0,19.44749946818752,-154.99379479529247,27.012072992122384,3.3
2018.0,11.0,15.0,2.0,48.0,23.66,17330.0,19.501742939218843,-155.19655501965337,36.69185372481824,3.1
2022.0,10.0,17.0,14.0,44.0,27.53,17334.0,19.65905893954214,-155.03750639806452,14.083098145097004,2.7
2019.0,6.0,25.0,3.0,54.0,20.67,17335.0,19.570417905915424,-155.0675348787132,1.1607297225687372,2.6
2018.0,9.0,24.0,10.0,14.0,8.22,17339.0,19.336415326664,-155.75379520209506,16.174160039659096,2.5
2018.0,11.0,14.0,23.0,45.0,50.89,17352.0,19.534476343110573,-154.92794424337586,4.558723932136221,2.6
2022.0,11.0,21.0,7.0,48.0,50.03,17353.0,19.573701975729385,-155.20725090440808,27.931299156535832,3.4
2018.0,10.0,8.0,15.0,26.0,58.1,17366.0,19.8191861327791,-155.36197063639514,20.27571772567166,3.3
2018.0,9.0,7.0,18.0,24.0,50.38,17368.0,19.807445410701007,-155.35913763355043,35.26385750753221,3.7
2019.0,8.0,26.0,20.0,32.0,8.84,17370.0,19.123254676306168,-155.68015937668736,3.1990879158845362,3.7
2019.0,11.0,2.0,18.0,35.0,17.22,17372.0,19.01726027770543,-155.71119435203596,13.5263641267067,2.6
2020.0,1.0,11.0,23.0,11.0,28.5,17377.0,19.124430555180687,-155.7444464715022,5.099265205233255,2.8
2019.0,9.0,9.0,20.0,33.0,56.03,17381.0,19.12792315437477,-155.60762943155856,23.152962996325062,2.5
2020.0,7.0,9.0,19.0,12.0,23.87,17384.0,19.35934208954572,-155.75327128154342,42.80520737024612,4.1
2020.0,11.0,5.0,12.0,44.0,32.78,17387.0,19.499339244622224,-155.91974935274968,31.95689593606977,2.6
2021.0,1.0,24.0,0.0,48.0,31.44,17389.0,19.26869479935592,-155.30308051433323,6.527851801316155,2.5
2020.0,10.0,29.0,13.0,15.0,24.9,17392.0,19.307862478570648,-155.18352145890088,41.09735795893697,3.7
2021.0,1.0,4.0,4.0,2.0,24.5,17401.0,19.29530928506028,-155.2671500370786,38.24350790250161,2.9
2021.0,3.0,5.0,8.0,53.0,9.41,17406.0,19.758578052547342,-155.62808338558577,25.48381915062645,2.9
2021.0,2.0,23.0,12.0,20.0,52.34,17409.0,19.694510880252864,-155.78233527613304,9.24589876788589,2.8
2021.0,3.0,20.0,22.0,8.0,32.44,17410.0,19.65875521901713,-155.74521788119242,33.84674469636463,2.6
2021.0,6.0,14.0,8.0,14.0,6.83,17416.0,19.60550036796652,-155.48725608900966,4.416582672819732,2.5
2021.0,3.0,4.0,19.0,24.0,5.1,17418.0,19.767994687041995,-155.97875411795775,32.68919255041064,3.1
2021.0,7.0,27.0,19.0,43.0,29.34,17420.0,19.72877484149194,-155.983226253201,8.208421235113493,2.7
2021.0,4.0,3.0,5.0,46.0,32.85,17421.0,19.76866237389205,-155.7131413572606,21.26453138133434,2.9
2021.0,7.0,3.0,4.0,7.0,53.39,17426.0,19.7302985539109,-155.8018960574154,43.651544657416615,3.0
2021.0,5.0,17.0,19.0,14.0,15.55,17427.0,19.76018223625842,-155.77877908558244,41.48400680747838,2.5
2021.0,3.0,25.0,13.0,23.0,9.82,17428.0,19.755297584944888,-155.76776875957617,8.64844214982761,2.7
2021.0,6.0,10.0,1.0,59.0,57.63,17430.0,19.75612543950888,-155.76457849589738,43.76206635277489,2.6
2022.0,12.0,24.0,0.0,55.0,5.08,17437.0,19.89526808773631,-155.63847399988018,32.41303654712608,3.2
2021.0,4.0,8.0,3.0,8.0,26.65,17445.0,19.717692634623376,-155.92895819722227,6.462074876463209,3.2
2022.0,7.0,5.0,16.0,24.0,10.16,17448.0,19.80300225152533,-155.82999111390768,25.975587533844582,3.9
2024.0,9.0,9.0,16.0,0.0,47.25,17455.0,19.82972270203192,-155.21805587211435,32.433797292813125,4.3
2021.0,12.0,10.0,18.0,15.0,49.62,17457.0,19.89115323862759,-155.8889946276713,37.0495511891853,4.4
2021.0,7.0,30.0,0.0,48.0,40.09,17461.0,19.81243653430227,-155.42607146091,22.40503339460925,2.9
2021.0,7.0,28.0,23.0,28.0,48.42,17462.0,19.851128319463665,-155.44417745421578,2.567638822818778,2.6
2022.0,3.0,28.0,2.0,49.0,41.15,17465.0,19.62115307782162,-155.77376315205794,17.230323201524836,2.7
2024.0,6.0,1.0,10.0,51.0,58.63,17467.0,19.496114474783084,-155.87416241591907,11.980633165279976,2.8
2024.0,8.0,3.0,2.0,42.0,19.2,17469.0,19.81840625194281,-155.87058452521458,16.23423212942484,3.0
2024.0,8.0,7.0,2.0,26.0,31.01,17480.0,20.007724300070464,-155.4773355869492,22.42961795761407,2.5
2024.0,6.0,23.0,7.0,20.0,2.46,17488.0,19.99465737313079,-155.5678465576511,35.66729548980331,3.0
2024.0,7.0,16.0,17.0,45.0,54.31,17490.0,20.08923378933543,-155.51775494067238,37.63410618261412,2.5
2024.0,5.0,8.0,2.0,54.0,30.62,17492.0,19.979819582209,-155.67831093547807,6.976633486216074,3.1
2024.0,5.0,6.0,17.0,49.0,10.03,17493.0,19.85773581719038,-155.63397382833065,19.77927497960942,2.5
2024.0,7.0,16.0,5.0,42.0,23.76,17494.0,19.959973877621763,-155.64864238050026,26.946682455840676,3.2
2024.0,7.0,21.0,3.0,40.0,36.12,17496.0,19.416556537620043,-154.95788405470293,15.455604114175129,2.7
1960.0,9.0,21.0,20.0,46.0,39.99,17502.0,19.2489321184876,-155.64697392549732,38.11233842608861,4.1
1960.0,8.0,29.0,21.0,0.0,39.47,17503.0,19.261091230233195,-155.65973948787686,40.373340121236964,2.6
1960.0,9.0,12.0,3.0,54.0,14.37,17510.0,19.29738044054586,-155.7968726898486,2.6133804557548044,2.7
1959.0,6.0,24.0,20.0,5.0,20.78,17513.0,19.782695995372425,-155.3335358585446,42.74173957058951,4.1
1960.0,2.0,16.0,16.0,47.0,53.3,17515.0,19.446076659205584,-155.90775132226915,29.676093029776354,3.1
1959.0,10.0,8.0,6.0,25.0,15.3,17518.0,19.565395039328155,-155.85633712716373,12.462577176992603,2.5
1959.0,9.0,5.0,13.0,47.0,30.73,17519.0,19.55588569556964,-155.8730155987994,31.514049691970797,3.5
1969.0,10.0,17.0,6.0,42.0,36.41,17522.0,19.4693710454066,-155.0444708784393,1.9496335333367032,2.5
1960.0,11.0,22.0,17.0,41.0,15.62,17523.0,19.84230182621979,-155.48528787708463,33.22600129050167,2.5
1963.0,5.0,27.0,8.0,41.0,10.01,17525.0,19.761325800765345,-155.4460942414335,6.046909853362086,3.0
1962.0,3.0,25.0,14.0,2.0,32.7,17528.0,19.35230503434824,-155.45050556916948,37.293935794034915,3.3
1963.0,12.0,10.0,8.0,51.0,30.59,17531.0,19.551097545810745,-155.05111138168164,42.15074644296516,2.6
1961.0,7.0,28.0,5.0,10.0,17.04,17532.0,19.516622660307725,-155.02242571596489,43.93845717241853,2.7
1961.0,12.0,16.0,20.0,45.0,16.94,17537.0,19.777468345364305,-155.4402271245651,4.683965088577013,3.2
1962.0,1.0,24.0,6.0,32.0,59.19,17538.0,19.55947647391731,-155.41405357088755,22.18533668309797,2.9
1961.0,12.0,19.0,2.0,45.0,49.03,17547.0,19.58860238300929,-155.3365876220461,18.410928327523607,2.5
1963.0,2.0,13.0,10.0,52.0,41.66,17549.0,19.28586136437174,-155.33743762534314,26.313729883609298,2.8
1962.0,6.0,14.0,2.0,10.0,1.08,17554.0,19.2867462956652,-155.29158517835555,15.304344455362774,3.4
1963.0,4.0,26.0,6.0,21.0,54.52,17556.0,19.730757360823866,-155.68595009062923,23.555081176843927,3.7
1963.0,5.0,25.0,12.0,8.0,23.47,17560.0,19.770031203001125,-155.82183082310866,5.786556109105426,2.5
1966.0,5.0,18.0,8.0,53.0,41.35,17561.0,19.68657677959816,-155.8726518449598,14.448319172827535,2.6
1963.0,11.0,13.0,6.0,52.0,54.03,17565.0,19.592756576769688,-155.57912209493327,16.506859231441638,4.9
1964.0,10.0,15.0,22.0,20.0,41.53,17571.0,19.296815073227464,-155.55088590585504,2.7447480915597757,3.8
1965.0,8.0,6.0,20.0,12.0,1.38,17575.0,19.45113911631308,-155.3726921737135,31.934289414094625,2.6
1965.0,10.0,18.0,0.0,33.0,22.5,17576.0,19.418145262370107,-155.3973782069886,27.110881603429014,2.7
1968.0,6.0,19.0,12.0,47.0,30.83,17588.0,19.67047086844315,-155.9074775849811,35.43204628489392,2.9
1967.0,10.0,17.0,12.0,33.0,4.86,17595.0,19.97197664729564,-155.85096423703294,17.438852325101013,6.0
1967.0,12.0,24.0,4.0,0.0,34.81,17598.0,20.067402244886985,-155.7325525862107,20.042552857510294,2.9
1967.0,11.0,8.0,6.0,31.0,56.84,17602.0,20.070103406166727,-155.83609574818556,36.003240830979514,3.2
1968.0,10.0,21.0,20.0,44.0,8.17,17604.0,19.711597486756443,-155.7088439336607,44.46754884751843,2.9
1969.0,3.0,29.0,8.0,36.0,57.76,17606.0,19.18001991751064,-155.7057064119624,22.665109734109333,3.3
1970.0,7.0,21.0,18.0,12.0,8.6,17608.0,19.644671688153547,-155.46205362461927,30.818439647072424,2.6
1975.0,12.0,8.0,6.0,22.0,9.03,17609.0,19.19683713976185,-155.696903381209,13.42019871868785,3.4
1977.0,5.0,11.0,16.0,31.0,50.57,17613.0,19.55636880017105,-155.90276520887625,43.755507774000066,2.7
1972.0,2.0,16.0,4.0,56.0,35.9,17614.0,19.55953560804308,-155.89431769826655,42.137191803506916,2.7
1972.0,12.0,8.0,14.0,30.0,14.7,17618.0,19.991781754991955,-155.4817285868393,26.793622447594288,2.6
1973.0,6.0,20.0,6.0,7.0,5.25,17624.0,20.171382968651848,-155.7321381441658,22.578163393051376,2.7
1972.0,8.0,3.0,13.0,9.0,41.71,17625.0,20.0483352244026,-155.81430178271492,38.36607000956974,3.2
1973.0,6.0,1.0,13.0,23.0,51.61,17647.0,20.013770691374017,-155.73351886193652,22.836153986817305,4.7
1973.0,6.0,2.0,19.0,56.0,15.53,17657.0,19.905486685515424,-155.72892477821793,40.21997280313621,2.8
1976.0,2.0,5.0,3.0,19.0,42.25,17666.0,20.168484258452214,-155.79031092725273,34.22996052974988,3.7
1973.0,1.0,7.0,10.0,11.0,8.0,17671.0,19.93422149773312,-155.69180046662933,21.405052285858478,2.5
1973.0,8.0,11.0,17.0,59.0,9.65,17677.0,20.11995584159718,-155.58692762473248,28.328045523289195,2.7
1973.0,3.0,30.0,16.0,27.0,38.6,17679.0,20.140173118926533,-155.76666326123785,10.389522331141286,3.1
1973.0,1.0,6.0,1.0,51.0,38.54,17681.0,20.24674932379397,-155.8421171259322,14.833651853547082,3.2
1973.0,6.0,22.0,14.0,56.0,3.34,17682.0,20.06389000336836,-155.81834505929922,22.191400356048888,2.6
1973.0,1.0,27.0,13.0,2.0,3.25,17685.0,20.149223723959345,-155.78374294539532,35.26620019942445,2.5
1973.0,2.0,5.0,0.0,26.0,3.66,17693.0,20.10284043717968,-155.52447593788042,6.041369115559415,3.0
1974.0,11.0,11.0,6.0,53.0,5.22,17698.0,20.103383405060647,-155.72507140540938,39.61654781932657,3.8
1973.0,2.0,28.0,2.0,32.0,57.74,17704.0,20.216878561431788,-155.86046860210035,1.6037264156689455,3.2
1976.0,1.0,11.0,14.0,36.0,7.84,17710.0,20.18240938489623,-155.76710063510103,44.116914602273695,2.5
1975.0,10.0,13.0,1.0,42.0,17.45,17711.0,20.180656499357013,-155.78664394826828,3.2617851699611533,2.7
1977.0,3.0,29.0,7.0,5.0,58.1,17712.0,20.13424733665376,-155.8386051973983,24.128192378915124,2.5
1975.0,7.0,31.0,6.0,10.0,53.79,17714.0,20.19288276776764,-155.77900984691254,28.737553292466007,3.4
1973.0,1.0,2.0,19.0,12.0,20.21,17720.0,19.692927329346062,-155.66881384086005,20.145907988147464,3.1
1974.0,2.0,2.0,22.0,58.0,37.42,17721.0,20.180115891426475,-155.68819781486715,11.512537341852793,2.8
1973.0,5.0,9.0,2.0,53.0,50.18,17722.0,19.7149449611015,-155.24304659020365,39.137850864174744,4.0
1973.0,1.0,18.0,2.0,38.0,30.64,17730.0,19.85854611332149,-155.5978753991377,11.641759863647536,3.2
1973.0,1.0,8.0,9.0,31.0,22.52,17737.0,19.929319456493104,-155.6912678682243,33.99409770561032,2.7
1972.0,11.0,29.0,22.0,12.0,16.47,17738.0,19.895744723687653,-155.67081608852396,31.558276298881037,2.6
1972.0,11.0,30.0,5.0,5.0,7.87,17740.0,20.014477932260696,-155.60986947513533,21.545875954962558,3.0
1973.0,6.0,22.0,0.0,0.0,36.35,17743.0,19.65337592360436,-155.46201996837752,27.035888724442557,3.2
1973.0,6.0,18.0,23.0,27.0,32.92,17746.0,19.606820952155143,-155.43352142998305,14.113175199070579,4.8
1980.0,7.0,17.0,11.0,34.0,24.29,17750.0,19.59116357675324,-155.47858968141455,6.546431890642296,2.8
1974.0,11.0,15.0,19.0,35.0,27.65,17752.0,20.03361894368823,-155.5708426347581,11.949624223627922,2.9
1973.0,10.0,4.0,15.0,42.0,8.52,17755.0,19.3606355315757,-155.52995850007494,34.65810658787513,2.5
1974.0,4.0,14.0,7.0,34.0,8.57,17767.0,20.156607444488184,-155.65739723107208,25.839662987534258,2.6
1974.0,12.0,22.0,0.0,45.0,53.08,17768.0,20.060343889120865,-155.44818630056727,19.943338378756827,2.7
1977.0,1.0,16.0,1.0,45.0,6.51,17769.0,20.10630118144104,-155.54600433394373,3.781064284000229,3.4
1988.0,7.0,9.0,20.0,8.0,24.29,17777.0,19.622277318608106,-155.5661220447551,13.562890465555128,2.5
1988.0,12.0,11.0,1.0,43.0,46.98,17778.0,19.658254303655763,-155.50367230309104,8.174518337828163,2.5
1988.0,7.0,12.0,13.0,0.0,1.64,17780.0,19.65552745866062,-155.53203823736237,25.825174764237634,2.9
1973.0,10.0,20.0,1.0,57.0,48.81,17781.0,20.16636268502032,-155.8418603360363,18.56240265534802,4.4
1974.0,1.0,13.0,6.0,31.0,44.03,17782.0,20.072206933917293,-155.74183742833188,24.890806848513805,2.8
1978.0,12.0,1.0,16.0,23.0,31.46,17795.0,20.15840003768367,-155.78090544475666,29.721168418776948,2.6
1976.0,8.0,22.0,8.0,55.0,25.38,17804.0,20.12684721499184,-155.62784748611338,44.11588245647644,3.0
1974.0,10.0,12.0,16.0,29.0,11.83,17808.0,20.03119531176236,-155.63598927865334,42.316679196801495,3.4
1976.0,10.0,7.0,3.0,51.0,31.46,17813.0,19.48706578480222,-154.87331921802453,41.25765229716027,4.1
1978.0,2.0,20.0,11.0,7.0,14.91,17814.0,19.803090626377248,-155.83299419354503,41.20484029927555,3.1
1978.0,2.0,9.0,17.0,9.0,16.36,17816.0,19.956438630943943,-155.36339246927176,16.13124030150702,2.9
1978.0,10.0,5.0,16.0,10.0,23.7,17817.0,19.63721977840457,-155.18025792049465,26.629370069415145,3.9
1978.0,7.0,11.0,18.0,24.0,21.95,17818.0,19.66857023735292,-155.1921614788338,36.41509005637188,2.8
1979.0,6.0,22.0,10.0,14.0,5.18,17819.0,19.56956102796256,-155.17898699124484,2.185116012234112,3.0
1978.0,7.0,13.0,14.0,26.0,7.24,17822.0,19.57844512327372,-155.17521439160544,35.30784719021992,2.5
1981.0,12.0,17.0,21.0,27.0,4.59,17828.0,19.555843224466564,-155.14528600466048,1.740347373641518,2.9
1977.0,4.0,14.0,15.0,46.0,57.6,17831.0,19.62291438934965,-155.1477700148753,7.165192022214983,2.8
1978.0,9.0,29.0,19.0,55.0,13.99,17843.0,19.61592484817585,-155.09970853460322,39.67301611233759,2.6
1979.0,3.0,25.0,6.0,27.0,25.69,17845.0,20.050000351305155,-155.60730589140317,31.79496933943278,2.7
1977.0,6.0,17.0,19.0,18.0,3.69,17847.0,19.95400002063546,-155.79124684156105,9.18623248283826,3.2
1977.0,6.0,26.0,6.0,31.0,27.44,17848.0,19.95611657420714,-155.82169070827,9.320850516151939,2.5
1977.0,4.0,30.0,16.0,40.0,22.53,17849.0,19.952904300439112,-155.8115300705519,8.370336643154154,3.1
1994.0,3.0,25.0,21.0,47.0,50.63,17851.0,19.937401984876097,-155.74676358108505,14.037418276511964,2.5
1979.0,8.0,12.0,18.0,54.0,47.5,17853.0,19.41081994387028,-155.38605169217257,12.66643131730787,3.3
1980.0,4.0,20.0,3.0,32.0,32.58,17854.0,19.380041689927182,-155.30914431134363,3.5509628468131744,3.2
1980.0,5.0,7.0,2.0,10.0,42.29,17856.0,19.44173540710912,-155.3796308229114,21.03798497686932,2.6
1979.0,8.0,11.0,19.0,26.0,40.68,17857.0,19.46875225985634,-155.74678955986076,17.8138013036762,2.5
1980.0,1.0,17.0,10.0,14.0,11.69,17858.0,19.56722900668773,-155.23794777423254,14.550057838885905,2.6
1979.0,8.0,23.0,4.0,28.0,49.22,17864.0,19.55674751145489,-155.11922221862216,15.739561785382435,3.2
1979.0,12.0,7.0,20.0,11.0,28.78,17866.0,19.44251226388439,-155.29232138391237,27.955139131229117,2.5
1979.0,12.0,26.0,18.0,46.0,12.66,17874.0,19.44650686667029,-155.27179094182694,2.1379608354097894,3.2
1980.0,4.0,8.0,9.0,0.0,45.32,17876.0,19.390955450865363,-155.24404962279715,34.72706879734579,2.9
1980.0,6.0,17.0,19.0,33.0,23.31,17882.0,19.44937207962199,-155.39978834860713,12.864862036337266,2.9
1979.0,12.0,6.0,1.0,47.0,3.98,17886.0,19.435708413111428,-155.3840831603123,15.007144198749499,3.0
1981.0,10.0,5.0,11.0,7.0,6.21,17888.0,19.448115153334268,-155.41034544475554,17.33714244199242,2.5
1983.0,4.0,12.0,22.0,3.0,42.05,17889.0,19.431466822995247,-155.4123070522265,43.07451891217519,3.7
1982.0,12.0,24.0,5.0,55.0,51.17,17892.0,19.808007842461983,-155.70406656876855,43.935023975318906,2.5
1982.0,8.0,18.0,3.0,36.0,52.55,17893.0,19.86715214120848,-155.63817781964102,26.90141168157021,3.8
1982.0,2.0,18.0,16.0,57.0,54.25,17896.0,19.806837938359976,-155.7706826609762,25.831686090025208,2.7
1983.0,9.0,26.0,10.0,15.0,12.15,17909.0,19.16359740641116,-155.5939709527567,23.13896072751645,3.6
1983.0,8.0,16.0,10.0,24.0,43.76,17915.0,19.045454239710804,-155.75719332044028,9.994923151107777,3.3
1983.0,10.0,3.0,23.0,56.0,52.79,17919.0,19.207044464795388,-155.79885377178718,35.17472419380533,3.1
1983.0,8.0,3.0,12.0,23.0,19.52,17924.0,18.99991637672998,-155.70331337319118,14.553172256062924,2.6
1982.0,12.0,10.0,16.0,52.0,36.3,17935.0,19.24990453407499,-155.48859060406534,27.80582991964744,2.9
1983.0,5.0,28.0,14.0,51.0,21.26,17940.0,19.420886563546283,-155.7172271421289,34.14346411911672,2.6
1986.0,3.0,14.0,1.0,25.0,37.99,17942.0,19.43936827561972,-155.69463534028094,42.083437379573255,3.3
1983.0,8.0,3.0,12.0,48.0,22.98,17943.0,19.0654349976834,-155.5999429072101,43.24651236677374,3.8
1984.0,5.0,10.0,16.0,44.0,30.57,17945.0,19.4254053299889,-155.68680852137234,39.48490550278676,3.2
1983.0,5.0,8.0,12.0,4.0,38.65,17947.0,19.44387949201044,-155.68245906386707,25.502914235024885,2.6
1985.0,2.0,7.0,20.0,35.0,11.2,17961.0,19.60371365918425,-155.73703311251273,27.87846681548823,2.5
1985.0,2.0,8.0,10.0,54.0,28.62,17962.0,19.46356184319276,-155.634313627452,29.79777816810951,3.8
1983.0,6.0,12.0,18.0,19.0,48.61,17964.0,19.56135107031809,-155.64275704815918,9.366298575041162,2.5
1983.0,11.0,11.0,23.0,3.0,19.82,17965.0,19.526113951431217,-155.59909557948393,5.904975533806382,2.9
1983.0,6.0,12.0,13.0,9.0,23.83,17966.0,19.495862550947244,-155.55651435805115,25.47905909871826,3.5
1983.0,6.0,27.0,0.0,54.0,30.21,17969.0,19.45159996696197,-155.7182520880871,34.63787396121832,3.3
1983.0,6.0,25.0,18.0,43.0,22.48,17971.0,19.484607256255025,-155.60562905237046,13.148237583747452,4.6
1984.0,11.0,2.0,23.0,44.0,43.79,17979.0,19.507809224270385,-155.7916326548552,35.0976913537278,2.8
1986.0,3.0,23.0,13.0,57.0,43.89,17981.0,19.03625117999916,-155.79097045107832,40.93202828000405,2.5
1992.0,10.0,6.0,0.0,7.0,27.57,17986.0,19.591068774937035,-155.80413184485357,14.797103399267483,2.9
1992.0,2.0,22.0,13.0,33.0,37.71,17989.0,19.56793792954301,-155.65959038604709,42.582228423280824,2.5
1992.0,3.0,4.0,13.0,20.0,30.38,17990.0,19.52509891859286,-155.65160703318836,44.16244754309252,2.6
1988.0,12.0,29.0,17.0,45.0,49.11,17991.0,19.421580565889883,-155.7628219349652,1.3085403861021154,2.6
1989.0,2.0,23.0,22.0,59.0,27.38,17992.0,19.443179879113064,-155.80072872034958,35.64671114895535,3.2
1988.0,6.0,2.0,9.0,5.0,6.75,17993.0,20.04905432405823,-155.43246990897237,39.82920682624738,2.5
1988.0,9.0,2.0,18.0,38.0,41.55,17994.0,19.400129379584943,-155.35243667705367,19.770183227641613,3.0
1988.0,4.0,8.0,21.0,54.0,13.71,17995.0,19.49951150985106,-155.24124143005466,19.966302138889535,2.7
1990.0,11.0,9.0,11.0,8.0,19.31,17996.0,19.48761657900812,-155.4030811664977,30.378758071162725,2.5
1988.0,11.0,24.0,21.0,50.0,52.81,18006.0,19.36093588305528,-155.37781192829328,28.750453185575616,2.6
1988.0,12.0,26.0,5.0,58.0,23.7,18010.0,19.484204632532023,-155.3573607744555,29.514403015191416,2.6
1989.0,1.0,19.0,4.0,38.0,43.13,18014.0,19.58584400161785,-155.38665628399335,3.78049436815021,2.6
1989.0,8.0,19.0,16.0,22.0,23.11,18019.0,19.648132111069504,-155.41709328656677,31.456503978603678,2.5
1990.0,4.0,29.0,7.0,59.0,28.6,18021.0,19.65232514396908,-155.42434673902034,41.291725655813295,3.2
1989.0,4.0,2.0,0.0,43.0,13.14,18026.0,19.618809549892035,-155.42902625153073,27.966110054741968,2.8
1989.0,1.0,19.0,1.0,46.0,48.55,18039.0,19.60008023154176,-155.31120056021055,10.717905381911422,2.6
1989.0,1.0,19.0,21.0,0.0,27.4,18041.0,19.630987522592424,-155.4280869609267,31.054550589950768,2.5
1989.0,4.0,27.0,21.0,42.0,39.89,18042.0,20.14840410612502,-155.7329831477306,10.177361867933682,3.1
1989.0,5.0,12.0,7.0,29.0,44.68,18043.0,19.31986276317564,-155.26442666339557,23.73792109617712,2.5
1989.0,6.0,8.0,12.0,58.0,45.99,18046.0,19.35401606138713,-155.65717713707286,33.418284363159614,2.7
1989.0,7.0,27.0,19.0,26.0,13.38,18054.0,20.138132965272124,-155.65591134636895,11.375885458851725,2.6
1991.0,8.0,22.0,4.0,47.0,14.94,18055.0,19.3751987329096,-155.52998216804326,27.76763286472938,3.3
1990.0,8.0,16.0,3.0,8.0,56.66,18057.0,19.264069626085305,-155.49713349928828,14.678427144231428,2.7
1990.0,8.0,3.0,0.0,22.0,41.81,18058.0,19.81686987906604,-155.50832553876518,41.64192843168844,4.1
1992.0,8.0,6.0,23.0,44.0,40.52,18061.0,19.97343102496128,-155.37703174914262,36.361639515274135,2.6
1996.0,9.0,17.0,1.0,7.0,1.74,18064.0,19.31202941447952,-155.83972706817335,23.76387060165208,4.6
1995.0,12.0,16.0,7.0,56.0,52.31,18072.0,19.343934872229,-155.7043557933696,13.376797688753477,2.6
1994.0,11.0,27.0,15.0,35.0,23.76,18076.0,20.02246523242553,-155.43599747295747,39.69994774473409,3.4
1996.0,11.0,15.0,20.0,33.0,51.6,18090.0,19.767326114812388,-155.36303592263067,13.088891547662682,2.7
1997.0,6.0,25.0,16.0,43.0,34.31,18093.0,19.784315162799963,-155.35171854368753,19.60737227449019,2.8
1996.0,11.0,25.0,2.0,47.0,19.76,18094.0,19.77429074157312,-155.52310971295148,40.42825404518573,2.8
1997.0,2.0,10.0,17.0,28.0,33.55,18096.0,19.581034774313657,-155.30436939101105,26.026048925152864,2.5
1997.0,1.0,2.0,7.0,32.0,22.13,18097.0,19.650811626406448,-155.68706863217716,37.89103865732761,2.7
1997.0,6.0,17.0,16.0,38.0,37.69,18098.0,19.62580283713553,-155.00723564223307,8.113215984330257,2.8
1997.0,12.0,21.0,8.0,9.0,0.58,18099.0,20.043616274164616,-155.53348871146733,40.08363129840311,3.1
1998.0,5.0,18.0,19.0,0.0,14.99,18100.0,19.1390050637686,-155.64637724061708,15.22159889994666,2.5
1998.0,8.0,14.0,4.0,48.0,54.19,18102.0,19.17432887971741,-155.6676595187989,42.52059112139948,2.5
2000.0,3.0,23.0,4.0,25.0,1.03,18103.0,19.74512230013273,-155.61334796437296,8.322008494384688,2.5
1999.0,7.0,9.0,5.0,22.0,29.51,18105.0,20.18562377498628,-155.75783758692762,14.632786002874735,2.7
1999.0,12.0,19.0,1.0,55.0,6.54,18107.0,20.129374804159475,-155.58105855659687,28.11146633335917,2.9
2001.0,6.0,4.0,21.0,10.0,24.31,18109.0,20.090974189320903,-155.52008887199577,36.64777152811664,2.5
2007.0,11.0,14.0,13.0,17.0,41.81,18110.0,19.05272383390806,-155.7493058470441,34.93634300334738,2.8
2005.0,9.0,18.0,23.0,58.0,15.45,18111.0,19.53815784421079,-155.0171471303605,43.429118968925586,3.1
2002.0,10.0,11.0,11.0,46.0,2.17,18112.0,19.70292627772716,-155.48439625508945,9.374028595711703,3.2
2002.0,12.0,11.0,22.0,34.0,7.87,18113.0,19.300398052571843,-155.7409820594388,16.47458129752212,2.5
2003.0,1.0,7.0,12.0,19.0,16.17,18114.0,19.243930344960937,-155.843708723484,26.24753493346526,3.2
2004.0,8.0,1.0,20.0,55.0,46.98,18120.0,19.70597421765661,-155.54950145580943,32.10968868882311,2.8
2004.0,9.0,13.0,14.0,37.0,38.32,18121.0,19.97020384986985,-155.40041697829005,38.23092872439104,3.2
2004.0,9.0,8.0,21.0,12.0,48.99,18122.0,20.077070638756275,-155.44975811468078,32.71064665425727,3.1
2004.0,11.0,4.0,19.0,42.0,0.12,18132.0,19.78516567327786,-155.27638297172416,1.269247733398546,2.8
2004.0,7.0,22.0,20.0,16.0,4.02,18135.0,19.77647019359493,-155.3494939826199,27.64129156472594,2.6
2004.0,10.0,5.0,4.0,46.0,28.92,18136.0,19.92988361365443,-155.51355541434205,8.242267782383237,2.6
2005.0,2.0,20.0,1.0,5.0,25.77,18138.0,20.095960220888312,-155.55876419533038,7.544671751211991,3.1
2004.0,5.0,29.0,3.0,38.0,16.11,18141.0,19.868691894755926,-155.49298404906816,18.68255816298164,2.8
2006.0,7.0,5.0,3.0,24.0,27.7,18145.0,19.904749995202327,-155.3915193077226,5.542772023688183,2.5
2004.0,4.0,7.0,11.0,54.0,59.23,18149.0,19.9834020132956,-155.4437440918884,11.35606030007607,2.5
2004.0,8.0,3.0,13.0,35.0,47.46,18151.0,20.0055451457596,-155.42389709513952,23.221535522233435,4.1
2004.0,4.0,11.0,6.0,43.0,56.09,18157.0,19.72242691378312,-155.48757853232124,43.87853418284315,2.7
2004.0,3.0,18.0,1.0,1.0,21.24,18164.0,19.68675154486822,-155.5513758497688,27.509392315845734,3.0
2004.0,6.0,27.0,18.0,13.0,3.62,18166.0,19.61184846393128,-155.3376947675038,32.608109671749844,3.7
2010.0,6.0,14.0,2.0,12.0,2.06,18170.0,19.407630379156867,-155.19970006103642,32.256840675417415,3.0
2006.0,2.0,12.0,9.0,14.0,42.72,18172.0,19.600555457943365,-155.1001665472375,10.23648426961645,2.8
2004.0,12.0,31.0,15.0,17.0,54.16,18173.0,19.66805282017588,-155.12290934709347,4.073789318445878,3.7
2006.0,8.0,27.0,0.0,21.0,49.54,18174.0,19.79785045498268,-155.79643666540642,27.892824498249073,2.9
2006.0,8.0,18.0,15.0,25.0,9.69,18175.0,19.78372326874781,-155.76751467635643,2.8386984893224283,4.2
2006.0,9.0,14.0,18.0,12.0,20.55,18176.0,19.90759102990558,-155.72603528631262,16.694138234362406,2.8
2013.0,8.0,23.0,21.0,19.0,54.31,18177.0,19.75990272304922,-155.6879449856387,29.084897779142395,2.5
2013.0,11.0,7.0,6.0,50.0,40.87,18178.0,19.70813670365694,-155.6988344349289,17.002028318282086,2.9
2013.0,8.0,18.0,0.0,58.0,59.65,18179.0,19.656838433243767,-155.70916913127206,19.990925161251184,3.4
2006.0,5.0,25.0,0.0,45.0,50.14,18188.0,19.72542238089281,-155.69706745710977,28.423721129553684,2.7
2008.0,5.0,17.0,13.0,24.0,35.56,18190.0,19.58611290600269,-155.7069264783965,35.25451632058292,2.8
2008.0,6.0,6.0,17.0,33.0,0.37,18191.0,19.103535984946003,-155.5467491876839,17.714783371060996,2.7
2018.0,6.0,16.0,5.0,53.0,58.38,18193.0,19.32411561977422,-155.52968920281225,33.431610236501555,4.1
2007.0,12.0,17.0,17.0,4.0,19.59,18197.0,19.58666492438088,-155.4155096215037,24.304389391264444,2.8
2007.0,12.0,22.0,22.0,14.0,31.61,18200.0,19.586652047599262,-155.5574653965031,28.302669319827253,2.8
2007.0,12.0,21.0,20.0,8.0,44.47,18201.0,19.357156209116024,-155.4861722552511,15.952818744989967,2.6
2007.0,12.0,26.0,21.0,16.0,44.56,18205.0,19.28710706325325,-155.5995491649944,25.64453272608908,2.5
2023.0,4.0,6.0,18.0,29.0,41.5,18206.0,19.28821811938704,-155.3990245338843,29.08138111687425,3.2
2008.0,2.0,22.0,19.0,16.0,45.24,18210.0,19.63915586662167,-155.58799009178097,39.456418719408816,2.6
2012.0,11.0,17.0,14.0,54.0,45.82,18219.0,19.32939574740116,-155.6107417755255,38.7156972272939,2.7
2008.0,4.0,24.0,2.0,21.0,46.88,18223.0,19.45589593303259,-155.6506428310467,35.386657813053525,2.7
2011.0,10.0,27.0,18.0,6.0,19.33,18229.0,19.33808162889705,-155.58039421165407,27.578858699546757,3.3
2009.0,5.0,28.0,11.0,46.0,22.13,18231.0,19.35031674790131,-155.58487130640876,38.666019229719595,2.6
2008.0,6.0,25.0,16.0,56.0,41.54,18234.0,19.352961527770944,-155.59105499533757,6.207706369495254,2.9
2008.0,3.0,28.0,4.0,29.0,5.66,18249.0,19.819714892439244,-155.6348293662333,41.717555224104984,2.7
2008.0,4.0,16.0,14.0,8.0,25.33,18250.0,19.830632584363176,-155.6487903392215,16.915853893641632,2.7
2011.0,12.0,17.0,9.0,59.0,6.15,18263.0,19.47287404231018,-155.5932710208107,18.15629139103952,2.9
2012.0,8.0,26.0,22.0,56.0,51.13,18267.0,19.47743858814322,-155.30211736008178,38.590245250772256,2.7
2013.0,11.0,24.0,4.0,54.0,32.38,18272.0,20.07461523779089,-155.45196468524205,25.08712723005865,3.2
2013.0,3.0,21.0,22.0,58.0,37.9,18281.0,19.51377771209265,-155.012331859889,13.698434434947606,2.5
2015.0,5.0,2.0,11.0,12.0,27.5,18283.0,19.606213268291658,-155.48731637905314,31.309256035165433,2.7
2013.0,3.0,16.0,16.0,30.0,35.56,18288.0,19.591162339371685,-155.48948505758855,12.317138544966266,2.6
2013.0,4.0,11.0,23.0,23.0,6.81,18289.0,19.461853032815668,-155.18802824610208,3.6525648327108646,4.1
2013.0,2.0,19.0,3.0,8.0,30.97,18295.0,19.64224332819992,-155.3155380072466,19.681000314148704,3.1
2014.0,9.0,27.0,10.0,36.0,20.87,18297.0,19.626711735393148,-155.4883254770752,22.399658692308694,4.2
2013.0,7.0,11.0,10.0,13.0,2.28,18298.0,19.95834483861987,-155.6503226270161,26.357662545668916,2.8
2013.0,3.0,15.0,17.0,16.0,25.64,18301.0,19.41305453723932,-155.51711092553754,24.38665660265634,2.7
2013.0,4.0,10.0,20.0,58.0,1.54,18302.0,19.43012036636781,-155.5016009624096,14.909876196631648,2.9
2023.0,4.0,13.0,17.0,45.0,52.38,18305.0,19.436419206975746,-154.9624674854432,22.13176257134566,2.8
2013.0,5.0,27.0,21.0,8.0,54.32,18311.0,19.67100219161372,-155.02185533920854,33.950571131490754,2.5
2013.0,8.0,27.0,1.0,17.0,40.31,18313.0,19.458747585798704,-154.97651604525342,44.002099623876056,3.0
2016.0,6.0,25.0,16.0,47.0,29.36,18316.0,19.38744640812012,-154.9664291064022,36.16512735093793,2.6
2014.0,4.0,9.0,18.0,16.0,44.04,18319.0,19.717328373024618,-155.72085008709328,14.641174181686793,3.4
2014.0,4.0,14.0,9.0,33.0,50.63,18321.0,19.840657829493644,-155.60562032248723,16.77173054487862,2.7
2014.0,10.0,31.0,19.0,47.0,12.31,18323.0,19.949983159364887,-155.73337107167288,25.194143568337566,2.5
2014.0,9.0,3.0,12.0,27.0,28.16,18325.0,19.87770871847224,-155.29212221292406,4.870402138508066,2.5
2014.0,7.0,13.0,10.0,1.0,53.96,18331.0,19.408039052061767,-155.08287208291966,6.177370910679789,2.8
2016.0,8.0,23.0,21.0,10.0,38.48,18334.0,19.401510348732565,-155.31462880460205,27.32937849184289,2.7
2015.0,3.0,11.0,12.0,6.0,49.95,18337.0,19.459685358909333,-155.2743023573598,39.239202276178005,2.9
2015.0,2.0,17.0,4.0,53.0,28.3,18342.0,19.460216823443133,-155.34649305249744,23.32831379084083,2.8
2016.0,8.0,26.0,14.0,59.0,56.05,18347.0,19.396999653745063,-155.3404005085619,9.89429298867438,2.5
2015.0,2.0,17.0,10.0,17.0,32.81,18349.0,19.74663674894153,-155.49971933178995,28.744613613251783,3.1
2016.0,3.0,9.0,2.0,20.0,43.98,18365.0,19.445713601106565,-155.28070371389595,4.258274837906955,4.3
2015.0,6.0,5.0,20.0,59.0,42.72,18371.0,19.924364727091053,-155.695220287395,24.94652333053234,2.5
2015.0,6.0,18.0,4.0,50.0,48.99,18372.0,19.934502814710697,-155.6259689196082,32.43437558835781,3.4
2019.0,5.0,24.0,4.0,24.0,2.56,18376.0,19.50768831527351,-155.05963475985303,37.202621089230576,3.0
2017.0,9.0,25.0,21.0,17.0,5.8,18377.0,19.55611347594248,-155.132655165254,41.91750025766726,3.3
2017.0,10.0,31.0,8.0,6.0,19.9,18379.0,19.211861964656137,-155.65007719836382,15.603226838331452,4.1
2017.0,11.0,18.0,10.0,39.0,2.57,18380.0,19.283864508190188,-155.485244611002,16.814609747253904,2.6
2017.0,10.0,10.0,6.0,22.0,34.85,18382.0,19.74556802261997,-156.00791271574667,41.22464576531371,2.7
2022.0,4.0,2.0,16.0,37.0,27.65,18384.0,19.50712962203431,-155.35057440782455,31.821726080602993,2.7
2017.0,9.0,18.0,12.0,24.0,46.63,18385.0,19.49684996681381,-155.3380582924147,28.68127912490031,2.7
2020.0,7.0,13.0,23.0,51.0,18.0,18422.0,19.371874369744404,-155.74694973739437,14.821912489598521,3.1
2021.0,1.0,30.0,12.0,14.0,14.09,18424.0,19.35125881862072,-155.78166907003686,7.507767561823396,2.6
2023.0,6.0,15.0,8.0,55.0,14.48,18427.0,19.300382692353693,-155.16999463753032,21.104498680079043,2.6
2020.0,11.0,23.0,0.0,18.0,35.78,18428.0,19.339973015761,-155.14869697706297,29.652054225723006,2.8
2020.0,12.0,7.0,16.0,23.0,53.38,18431.0,19.264476677398,-155.26688426946615,40.81711316444587,3.1
2022.0,1.0,16.0,18.0,20.0,1.38,18436.0,19.63763836157232,-155.43138179283346,12.887158022275958,3.5
2023.0,8.0,12.0,11.0,25.0,34.07,18437.0,19.70063299630946,-155.7016394416754,38.25730727819437,3.0
2021.0,4.0,13.0,10.0,43.0,24.09,18440.0,19.766868042015247,-155.979274423662,12.888978747104064,2.8
2021.0,2.0,26.0,19.0,28.0,45.14,18446.0,19.7813205496932,-155.88604709776502,21.18198735360858,2.5
2022.0,8.0,20.0,19.0,11.0,34.25,18459.0,19.77344251262442,-155.84147310211227,40.42630203013076,2.9
2022.0,7.0,7.0,9.0,9.0,31.65,18461.0,19.798989322662955,-155.85255412550765,39.507582367402435,2.7
2021.0,2.0,23.0,14.0,53.0,55.48,18462.0,19.732453714791987,-155.83670370574492,42.3389248455749,4.3
2024.0,9.0,16.0,2.0,10.0,17.27,18469.0,19.7649651598858,-155.21075328045134,28.422393733448192,2.8
2021.0,12.0,11.0,6.0,12.0,37.83,18475.0,19.32466709166376,-155.8239477371351,35.744337223428666,2.6
2021.0,12.0,22.0,0.0,11.0,4.82,18476.0,19.87635661180788,-155.8878521279224,8.250423611461503,2.6
2022.0,12.0,26.0,20.0,15.0,30.57,18477.0,19.87963806122564,-155.89563911996703,38.355420993713004,3.4
2021.0,2.0,26.0,4.0,49.0,1.72,18480.0,19.90406899302941,-155.88767246791795,39.0179502039723,3.1
2024.0,7.0,26.0,4.0,43.0,25.92,18488.0,20.023765163666248,-155.55985767064584,32.57025202349516,2.5
2024.0,5.0,28.0,13.0,58.0,41.0,18492.0,20.00261730621245,-155.480847130274,33.49488786843154,2.5
2024.0,6.0,3.0,4.0,45.0,13.26,18496.0,19.58393383210142,-154.95109382822525,18.61962863106949,2.8
1960.0,11.0,2.0,7.0,48.0,25.06,18499.0,19.25542191875109,-155.66107313922865,18.616771594633896,2.8
1968.0,7.0,31.0,0.0,29.0,27.35,18503.0,19.25912055501696,-155.641732998199,37.40680671757268,2.8
1959.0,7.0,4.0,23.0,52.0,54.37,18507.0,19.79787180639892,-155.315993720285,32.28446346810216,4.5
1959.0,8.0,9.0,18.0,23.0,13.36,18512.0,19.692641226931062,-155.4775947854984,21.60332430176221,2.6
1959.0,8.0,17.0,4.0,4.0,54.98,18514.0,19.79270581184432,-155.46192732702426,43.86519293055101,2.5
1962.0,4.0,13.0,19.0,19.0,20.74,18516.0,19.3448907035933,-155.44764692261754,37.13324401656455,2.5
1961.0,12.0,30.0,10.0,52.0,19.04,18521.0,19.77641083706148,-155.44728715799644,18.388743880859522,2.8
1961.0,12.0,16.0,21.0,37.0,16.82,18522.0,19.81185465832011,-155.62116136018133,37.707992891565155,2.7
1962.0,10.0,13.0,10.0,39.0,52.55,18528.0,19.37927099412798,-155.44470382247272,16.28885464973648,4.5
1963.0,6.0,22.0,17.0,2.0,41.8,18529.0,19.335578678689,-155.3115370805817,20.870954773847732,2.7
1963.0,1.0,1.0,13.0,3.0,22.24,18531.0,19.694212720849368,-155.8407797660258,18.546107020918505,2.5
1963.0,1.0,11.0,18.0,30.0,13.83,18532.0,19.70533620725581,-155.721131725185,19.556281261511433,2.7
1969.0,1.0,14.0,15.0,18.0,26.14,18533.0,19.669410932718783,-155.95060715514484,30.38951397281125,2.5
1963.0,12.0,8.0,4.0,38.0,54.31,18534.0,19.70134026135896,-155.86919507365636,2.236873918201226,2.6
1967.0,5.0,22.0,5.0,34.0,30.41,18535.0,19.69286474745824,-155.8653349192543,1.0029100740188306,2.5
1967.0,6.0,2.0,3.0,34.0,50.52,18538.0,19.463074001607456,-155.92902848383662,37.98658676464001,2.6
1963.0,11.0,19.0,18.0,50.0,24.05,18541.0,19.59648311215425,-155.7516267465484,39.74078591115317,2.6
1968.0,5.0,1.0,10.0,1.0,4.63,18544.0,19.241274846838422,-155.78281921577403,43.19954024508125,2.7
1966.0,7.0,30.0,10.0,29.0,25.2,18545.0,19.3028041920724,-155.5464299612897,10.177325403244197,2.7
1969.0,4.0,24.0,9.0,22.0,56.59,18546.0,19.2750173990497,-155.52444805894865,35.428686160393184,2.9
1965.0,8.0,6.0,10.0,36.0,24.61,18547.0,19.63867762121299,-155.38781769788034,21.283678765715692,3.9
1966.0,5.0,15.0,21.0,0.0,19.0,18548.0,19.642300131571428,-155.85468477193515,4.1282041277917205,3.6
1991.0,6.0,3.0,10.0,21.0,3.93,18549.0,19.680268857211285,-155.89853916838226,11.075931171407461,2.6
1968.0,2.0,29.0,5.0,31.0,21.25,18551.0,19.43784889122505,-155.06740082667486,20.076599425875955,2.8
1968.0,2.0,8.0,6.0,16.0,33.78,18559.0,19.95394067026513,-155.78257919043293,44.23432063591841,3.0
1967.0,10.0,27.0,18.0,20.0,37.05,18580.0,20.06760961659808,-155.75540922008778,40.19300147210748,2.5
1967.0,11.0,29.0,1.0,18.0,49.81,18584.0,19.867416254726542,-155.6316297818811,9.532761469186074,3.5
1968.0,4.0,4.0,21.0,21.0,16.77,18589.0,19.94685702022725,-155.84491491758507,42.2515789884277,2.7
1981.0,3.0,23.0,16.0,49.0,36.35,18610.0,19.90209677778255,-155.87895536465916,39.98317053367803,3.4
1969.0,5.0,8.0,0.0,12.0,1.56,18614.0,20.060793823921617,-155.78108642997614,39.75371839800743,3.4
1967.0,12.0,28.0,15.0,26.0,22.92,18615.0,20.06813066871363,-155.83132909683908,1.602908092592747,2.8
1968.0,10.0,18.0,0.0,14.0,10.55,18617.0,19.70185591780432,-155.60864007968632,24.062596225207876,2.7
1975.0,12.0,19.0,0.0,27.0,54.97,18619.0,19.19634566849217,-155.71417409601494,12.38030984571554,2.7
1973.0,3.0,27.0,1.0,34.0,9.71,18622.0,20.00183415361937,-155.59866856883446,17.917730782597218,3.7
1975.0,5.0,23.0,13.0,9.0,22.97,18623.0,19.9858694393066,-155.5195732163643,6.813757598122908,2.5
1975.0,5.0,8.0,12.0,23.0,1.0,18624.0,19.99025002298828,-155.5035961868792,19.846442769418047,2.5
1973.0,11.0,23.0,6.0,33.0,35.53,18625.0,20.210184094299883,-155.7718597117168,18.127290646749085,2.6
1978.0,2.0,23.0,8.0,45.0,32.73,18631.0,20.041534269827057,-155.7133021567654,31.962780277498254,2.8
1975.0,4.0,6.0,6.0,7.0,10.52,18632.0,20.039983769855983,-155.8041833227276,38.382201400422666,2.5
1973.0,8.0,17.0,19.0,10.0,48.65,18640.0,20.01144507108116,-155.53772314475452,32.963665068771036,2.9
1975.0,1.0,18.0,11.0,5.0,0.75,18645.0,19.985208753205978,-155.7815003979257,25.415640336181593,3.8
1976.0,1.0,22.0,3.0,59.0,11.95,18647.0,20.01843633348615,-155.70268814419666,1.4834725482982791,2.7
1973.0,6.0,4.0,10.0,50.0,27.56,18649.0,20.17641002723633,-155.70222458238385,2.6747680981001434,2.7
1981.0,12.0,28.0,7.0,19.0,3.99,18651.0,20.01023199315465,-155.6693445762962,43.019499798852316,3.1
1974.0,3.0,17.0,7.0,59.0,36.55,18658.0,20.042731334640564,-155.76256619379834,39.600981219563906,3.1
1972.0,8.0,29.0,7.0,57.0,35.72,18677.0,19.887901121655773,-155.7397862414818,39.71619646326071,2.5
1972.0,7.0,30.0,11.0,14.0,24.81,18678.0,19.926275393742124,-155.42488101810352,14.08967403060743,3.5
1974.0,2.0,3.0,0.0,0.0,43.26,18679.0,20.011928785017165,-155.5830985089662,15.499448084362818,3.1
1973.0,9.0,7.0,19.0,46.0,0.72,18680.0,20.16093501961663,-155.8498619072621,34.019987205763144,3.6
1973.0,2.0,24.0,11.0,29.0,53.64,18682.0,20.194938149965967,-155.84642850381994,8.79313309011346,3.0
1977.0,7.0,11.0,18.0,50.0,24.33,18687.0,19.96312851274712,-155.63993475166114,2.824124394828478,2.5
1973.0,2.0,14.0,1.0,5.0,48.17,18697.0,20.13601418508578,-155.63863353930253,22.887662740014083,4.5
1973.0,1.0,4.0,19.0,11.0,9.61,18702.0,20.08349330178852,-155.76183724116004,42.13317488571565,3.0
1973.0,4.0,19.0,19.0,2.0,48.17,18704.0,20.164748511980687,-155.8046661686891,23.892532225636177,2.6
1974.0,11.0,11.0,7.0,31.0,23.4,18706.0,19.633364993539384,-155.40663913171068,37.03884623097227,4.5
1974.0,9.0,14.0,7.0,16.0,44.39,18710.0,20.14702645178281,-155.7295325426485,16.026679137491882,2.9
1973.0,2.0,27.0,9.0,33.0,41.92,18712.0,20.047081657050843,-155.7372027761254,9.734596262867615,2.7
1972.0,12.0,18.0,4.0,53.0,25.41,18729.0,20.01086146388654,-155.61330176434345,10.537980761189468,3.2
1973.0,6.0,29.0,13.0,22.0,19.23,18739.0,19.615265535836425,-155.46479984728634,1.2795349405825878,2.9
1976.0,9.0,4.0,6.0,54.0,53.0,18764.0,20.170503259590763,-155.83085997634734,4.17052451418467,2.5
1973.0,12.0,1.0,4.0,27.0,43.4,18765.0,20.047556604449635,-155.739771658466,35.75247219161964,3.1
1974.0,3.0,29.0,19.0,0.0,39.58,18769.0,20.092998101243325,-155.64753042422478,6.912389775502849,3.0
1978.0,12.0,17.0,6.0,1.0,28.34,18775.0,20.15710325732353,-155.77948161641714,29.317515588975198,2.6
1974.0,5.0,8.0,4.0,25.0,47.61,18779.0,20.062344536493736,-155.6426844505521,32.85932966028932,2.6
1976.0,10.0,31.0,17.0,41.0,17.9,18782.0,20.14764572964247,-155.65734601344582,22.563718858198627,2.6
1976.0,3.0,13.0,19.0,24.0,16.69,18783.0,19.38507676283784,-155.80121046832545,3.479027844930496,2.8
1978.0,10.0,6.0,16.0,26.0,58.51,18787.0,19.60606696236396,-155.14441161624532,44.39910358595429,2.9
1987.0,1.0,1.0,23.0,6.0,57.87,18791.0,19.578362144146467,-155.16190699094173,1.7481474065229095,2.6
1978.0,5.0,5.0,0.0,30.0,35.06,18792.0,20.08357048029101,-155.6210219494468,30.51906318765382,2.5
1977.0,3.0,27.0,5.0,34.0,57.83,18797.0,19.64060168367808,-155.0802105633799,25.63654454365179,3.7
1977.0,3.0,28.0,7.0,32.0,35.71,18798.0,19.677225231828444,-155.11663089297411,41.52804994041837,3.3
1983.0,2.0,15.0,11.0,40.0,32.54,18800.0,19.56855722083955,-155.12401574117814,40.46457344163223,2.6
1983.0,2.0,15.0,18.0,18.0,2.86,18801.0,19.585076178534084,-155.12507493653246,39.09406835392098,3.6
1977.0,5.0,7.0,23.0,35.0,36.34,18802.0,19.457794214145043,-155.07750945366797,37.42819532488615,3.8
1977.0,3.0,7.0,13.0,43.0,24.71,18805.0,19.19294364486943,-155.3977683695743,2.2306092226135927,2.6
1978.0,4.0,26.0,6.0,48.0,32.19,18810.0,19.6379109694106,-155.37834169492345,22.051252921853703,2.5
1977.0,6.0,19.0,16.0,7.0,38.72,18811.0,19.613899241596865,-155.2784573667168,3.2941098996550697,3.0
1977.0,6.0,6.0,6.0,31.0,22.49,18812.0,19.945142113642536,-155.69185124490338,35.14810630538029,5.2
1979.0,12.0,9.0,14.0,45.0,49.8,18817.0,19.60170306570723,-155.38240048046563,24.50695218577689,2.6
1979.0,12.0,22.0,3.0,1.0,30.1,18818.0,19.41728097132353,-155.379945762897,12.423654367531482,2.7
1982.0,8.0,9.0,6.0,6.0,2.13,18819.0,19.56444345619224,-155.22263704640494,31.883357515449998,3.3
1979.0,7.0,31.0,8.0,40.0,36.54,18821.0,18.990385853176743,-155.60896068484632,43.185622098904865,2.6
1979.0,8.0,6.0,8.0,46.0,49.2,18823.0,19.50243898305794,-155.29096727760296,9.258062107699665,4.3
1979.0,9.0,8.0,23.0,12.0,33.46,18826.0,19.612639179207218,-155.27287786308423,17.427801928700593,2.9
1979.0,10.0,9.0,4.0,4.0,19.72,18829.0,19.46667592779114,-155.22370646404542,10.390071063494194,3.1
1979.0,11.0,24.0,21.0,35.0,45.56,18838.0,19.207117155088515,-155.38601437153733,31.459035777930836,2.5
1983.0,8.0,20.0,7.0,21.0,1.74,18853.0,19.2564518374266,-155.7872538489217,9.90232742734783,2.6
1983.0,10.0,4.0,21.0,30.0,8.73,18858.0,19.131872772097,-155.87477662437624,8.489944793588066,2.9
1997.0,12.0,26.0,18.0,19.0,45.45,18865.0,19.215230567067383,-155.56666089911025,20.944110432483598,3.4
1986.0,3.0,18.0,10.0,15.0,40.17,18866.0,19.504344387213905,-155.77786668056817,2.342239516687573,3.9
1983.0,8.0,11.0,23.0,57.0,20.71,18867.0,19.05791405470766,-155.5524748124202,4.340422377322019,3.4
1983.0,5.0,27.0,8.0,21.0,45.61,18869.0,19.43080091336055,-155.71864727047105,2.4502531940295733,2.6
1983.0,5.0,17.0,1.0,32.0,44.37,18875.0,19.478060699002167,-155.73917052352576,20.007187267981042,2.6
1983.0,10.0,29.0,6.0,11.0,3.29,18881.0,19.49616491754772,-155.54731619443209,43.2420451051949,2.8
1983.0,10.0,7.0,13.0,53.0,46.17,18882.0,19.43203118888244,-155.5821763950237,40.7616862353849,2.6
1986.0,6.0,14.0,15.0,8.0,16.42,18886.0,19.47714375114619,-155.60575714762547,21.241305169475478,2.6
1986.0,5.0,29.0,22.0,43.0,24.89,18890.0,19.4699732418002,-155.5970172806397,7.965855316215707,3.6
1983.0,7.0,21.0,19.0,57.0,17.31,18891.0,19.326545536160264,-155.63271606207005,23.91991109160422,2.5
1988.0,11.0,30.0,21.0,10.0,18.41,18897.0,19.490306278153533,-155.2468003059362,41.31236753050378,2.6
1989.0,5.0,18.0,17.0,45.0,21.1,18899.0,19.49963708312556,-155.2670984564239,30.432229661394594,2.6
1986.0,4.0,6.0,10.0,39.0,26.54,18902.0,19.03618748399912,-155.79321004657496,17.320505901965475,3.0
1989.0,1.0,23.0,7.0,53.0,3.24,18918.0,19.511107418942803,-155.29110843547906,27.770340415013752,3.1
1988.0,12.0,21.0,0.0,53.0,48.46,18921.0,19.644457097055906,-155.42101915553465,18.942028004839653,2.5
1992.0,4.0,3.0,13.0,15.0,54.76,18923.0,19.60669007267637,-155.4952924469926,43.209221151666895,3.0
1988.0,12.0,6.0,9.0,0.0,32.45,18932.0,19.6351081309314,-155.4127291667967,30.34193489605869,3.0
1989.0,7.0,2.0,1.0,14.0,58.36,18936.0,19.20883874530529,-155.5536860559559,18.02163970812371,2.6
1989.0,9.0,14.0,11.0,2.0,57.07,18937.0,19.23395433010935,-155.60496102770483,22.565172037723748,2.8
1989.0,9.0,24.0,1.0,52.0,56.2,18938.0,19.21620598338906,-155.5885749862498,27.17343383109229,2.6
1990.0,11.0,11.0,12.0,54.0,37.8,18939.0,19.24212468557524,-155.50234836998845,10.192055591901534,3.1
1990.0,8.0,6.0,6.0,45.0,53.15,18940.0,19.830386922392968,-155.49935803298217,22.70735587565344,5.5
1990.0,9.0,18.0,10.0,44.0,13.98,18943.0,19.40946026046168,-155.17807539988678,28.45505684287525,2.9
1993.0,1.0,19.0,0.0,30.0,39.23,18944.0,20.082022138164675,-155.60724729123865,25.649134411149223,2.7
1996.0,9.0,23.0,3.0,23.0,28.4,18946.0,19.296007335880468,-155.7861812121132,12.880428900839576,2.6
1996.0,10.0,10.0,18.0,58.0,41.35,18947.0,19.302478758679168,-155.84295782348482,17.95972295977483,3.0
1999.0,5.0,7.0,20.0,52.0,26.99,18953.0,19.442973859843185,-155.66605139934566,6.636004729733288,2.7
1996.0,1.0,21.0,15.0,32.0,26.87,18956.0,19.355264269349483,-155.69890670880733,1.717327193528639,2.6
1997.0,10.0,2.0,8.0,47.0,58.5,18961.0,19.366784972613697,-155.13082752310913,7.900268563202035,2.9
1995.0,6.0,24.0,16.0,50.0,37.46,18966.0,19.53631040539294,-155.00534035548458,33.34745520965116,3.0
1997.0,1.0,11.0,23.0,25.0,26.86,18968.0,19.60149003727713,-155.24935103996123,15.182615413474313,2.7
1997.0,2.0,24.0,22.0,33.0,57.29,18970.0,19.580350121844425,-155.30795220055458,33.25155103539098,2.8
1998.0,2.0,6.0,22.0,58.0,6.83,18973.0,19.137150285240867,-155.65280958070846,19.079086696641642,2.9
1998.0,2.0,6.0,12.0,6.0,58.17,18974.0,19.15436499172857,-155.6429008862749,41.887572810577474,2.6
1998.0,2.0,23.0,1.0,39.0,14.0,18975.0,19.25723350639028,-155.56713542764848,9.783202911368946,2.6
2002.0,8.0,22.0,6.0,42.0,34.31,18978.0,19.544512590338563,-155.90154024171423,5.2938887364619,2.5
2003.0,8.0,17.0,13.0,12.0,21.0,18981.0,19.449896515010764,-155.68579153952595,35.208765580066604,2.5
2004.0,5.0,12.0,0.0,41.0,42.64,18983.0,19.92300039475228,-155.8808646615424,2.559226211503372,2.5
2006.0,10.0,22.0,21.0,6.0,8.74,18985.0,20.022292749789983,-155.48509667078235,20.079627446461764,3.9
2007.0,1.0,19.0,6.0,20.0,3.43,18986.0,20.100299591186488,-155.500458543463,35.13719032544207,2.5
2004.0,7.0,10.0,0.0,4.0,17.78,18988.0,19.952000726285544,-155.44747594509766,23.15915952915823,3.6
2009.0,9.0,22.0,23.0,42.0,50.63,18995.0,19.91919690255633,-155.50150938982776,8.356110281668927,2.8
2005.0,3.0,13.0,21.0,28.0,50.0,18996.0,19.77507701584301,-155.32264301126787,26.5442555612708,2.5
2006.0,1.0,27.0,7.0,49.0,24.37,19001.0,19.81539924198652,-155.60776781974232,31.493297015677598,3.3
2004.0,5.0,25.0,16.0,34.0,28.72,19004.0,19.70395407127111,-155.2956474951752,2.5364246670835655,3.3
2005.0,2.0,6.0,19.0,54.0,22.5,19013.0,19.669874814114984,-155.13024025567077,34.558125197523545,2.8
2006.0,8.0,19.0,2.0,37.0,49.24,19017.0,19.15587047010562,-155.48092031045,8.08976133356204,2.8
2013.0,9.0,10.0,6.0,41.0,50.23,19018.0,19.70803525652299,-155.68830053281707,37.066473795347356,3.9
2013.0,8.0,18.0,0.0,58.0,59.99,19019.0,19.651415264946912,-155.7149139233314,27.42543412489892,2.6
2008.0,6.0,16.0,14.0,2.0,4.96,19024.0,19.10734272609828,-155.54256562887795,43.532235703246975,2.6
2018.0,9.0,23.0,2.0,6.0,32.32,19027.0,19.319589370619184,-155.5011114352656,22.879137868547353,2.5
2018.0,5.0,21.0,2.0,54.0,47.96,19030.0,19.35802936667981,-155.40013916746233,21.06335603032352,2.9
2018.0,4.0,6.0,8.0,16.0,33.4,19032.0,19.344396474973205,-155.4060030608355,30.442428423676915,3.4
2007.0,9.0,28.0,2.0,1.0,8.88,19033.0,19.660223857657385,-155.09807836381856,19.259069275391838,2.5
2009.0,10.0,29.0,8.0,29.0,57.98,19034.0,19.34296630458704,-155.5699273024806,5.675227082111993,2.6
2008.0,9.0,20.0,14.0,41.0,48.5,19044.0,19.35937312030457,-155.63279109055256,27.77843674746195,2.8
2008.0,3.0,11.0,8.0,34.0,13.09,19053.0,19.39546079470193,-155.55042278075788,25.399044301648637,5.5
2008.0,4.0,24.0,13.0,3.0,12.92,19064.0,19.476277255340868,-155.63474528092524,1.775816547216896,2.6
2008.0,5.0,27.0,15.0,45.0,43.15,19068.0,19.311972874444617,-155.61443415067075,44.50387280799227,2.8
2008.0,4.0,22.0,2.0,0.0,3.96,19074.0,19.35984283638724,-155.58642149735485,20.227631433028556,2.7
2011.0,10.0,3.0,15.0,58.0,17.3,19075.0,19.325328031945915,-155.53612390444476,6.69305673894783,2.6
2008.0,2.0,22.0,8.0,28.0,21.43,19076.0,19.25370955659536,-155.5274895981729,37.439052343909694,2.9
2010.0,4.0,11.0,11.0,24.0,23.79,19082.0,19.23024298419972,-155.5701952549748,40.631779126031034,3.0
2010.0,4.0,22.0,9.0,7.0,26.27,19083.0,19.58596225488171,-155.5973832943694,26.15526429983431,3.0
2013.0,9.0,7.0,19.0,49.0,50.16,19084.0,20.006923767023125,-155.77806081413135,4.341308176946751,2.7
2014.0,8.0,18.0,6.0,20.0,15.23,19085.0,19.84946280181764,-155.16200907511663,31.67566423456755,3.1
2012.0,4.0,6.0,18.0,31.0,45.81,19086.0,19.767907758289056,-155.1552816364673,38.20598197959246,2.5
2013.0,11.0,6.0,16.0,9.0,9.24,19087.0,20.013135382677483,-155.48844415331783,33.20509652684733,3.8
2013.0,11.0,11.0,22.0,28.0,42.1,19088.0,19.96882686718036,-155.43207278628935,3.258909121174438,2.6
2014.0,4.0,7.0,8.0,41.0,32.18,19098.0,19.59199227268698,-155.48884474148568,32.69010200485752,2.6
2017.0,6.0,18.0,4.0,19.0,38.1,19111.0,19.27609120670807,-155.16483169374902,10.681455522052513,2.5
2016.0,4.0,16.0,19.0,7.0,58.63,19112.0,19.45431069369752,-154.98005226050572,15.96679495946104,2.5
2015.0,11.0,24.0,1.0,47.0,54.15,19115.0,19.56670644488768,-154.88803706303807,31.053534875321137,3.4
2016.0,2.0,28.0,17.0,22.0,59.45,19123.0,20.069154660205346,-155.81241107025167,22.55319007574475,3.6
2014.0,6.0,11.0,13.0,37.0,3.01,19126.0,19.55254878632929,-155.0002200510978,16.740327681963947,3.6
2014.0,10.0,30.0,8.0,59.0,13.07,19127.0,19.48510879152848,-154.9719039488859,37.87082210048794,2.5
2014.0,7.0,19.0,19.0,9.0,22.33,19128.0,19.41002678900288,-155.0915441281084,23.95112778531429,2.7
2019.0,1.0,19.0,12.0,10.0,37.61,19131.0,19.39483661711112,-155.31675165625103,19.56237818386166,3.5
2015.0,5.0,22.0,4.0,49.0,28.02,19132.0,19.389516408390065,-155.31852072433975,5.043035510813935,3.7
2019.0,11.0,21.0,10.0,33.0,33.62,19134.0,19.41221064954585,-155.3378503923534,28.408901667452966,3.2
2015.0,2.0,18.0,7.0,26.0,53.04,19136.0,19.737164308205816,-155.51454396884327,9.069125096262853,3.3
2015.0,6.0,11.0,5.0,11.0,43.65,19138.0,19.420921458764127,-155.16794954153687,19.932728034150706,3.0
2015.0,10.0,22.0,13.0,56.0,43.44,19143.0,19.448366553467512,-155.27371318840792,25.73113259524785,3.1
2015.0,6.0,30.0,20.0,42.0,16.34,19144.0,19.34698714791139,-155.31230703997804,39.03944061017364,2.7
2022.0,6.0,14.0,10.0,38.0,34.77,19145.0,19.33985287708588,-155.30097370796958,15.387747489033938,3.9
2015.0,9.0,1.0,17.0,19.0,53.08,19147.0,19.41951841222894,-155.33518381988023,39.2391413314934,2.6
2016.0,3.0,20.0,14.0,35.0,43.42,19148.0,19.444173001650825,-155.2920029975425,11.231651228960612,2.7
2017.0,4.0,27.0,18.0,44.0,13.72,19151.0,19.447810004241003,-155.2741991726906,18.107214935983375,2.8
2016.0,7.0,11.0,0.0,25.0,19.69,19152.0,19.45735247446045,-155.28485068512506,19.49005634896057,2.9
2019.0,5.0,11.0,5.0,8.0,5.11,19156.0,19.191569125776244,-155.68579795381288,15.292262834618,2.7
2019.0,5.0,9.0,21.0,40.0,45.14,19158.0,19.398214810563,-155.20586065786628,39.61718726535981,2.5
2017.0,11.0,3.0,21.0,46.0,11.42,19167.0,19.19872628141926,-155.61688656370717,39.0855848448242,3.2
2017.0,11.0,22.0,0.0,27.0,43.69,19168.0,19.25112916822494,-155.67119189622278,1.0056279401945614,2.8
2021.0,2.0,16.0,12.0,54.0,21.83,19169.0,19.18117635238975,-155.6839094357035,6.3120176882874865,2.7
2018.0,5.0,23.0,22.0,3.0,32.99,19172.0,19.52484669128568,-155.34497233078483,27.66983044119844,2.5
2018.0,9.0,29.0,13.0,42.0,45.91,19178.0,19.670814477357656,-155.20497760617835,36.209234385170596,3.3
2021.0,8.0,29.0,13.0,28.0,42.95,19180.0,19.52630227348288,-155.1329312118424,41.72115068116219,3.4
2019.0,8.0,22.0,10.0,54.0,43.73,19185.0,19.08580996531433,-155.5721476324077,20.815868803293412,3.6
2019.0,12.0,4.0,6.0,12.0,43.5,19186.0,19.152541379767257,-155.56825680676047,38.242924547330865,3.9
2020.0,7.0,15.0,10.0,46.0,13.11,19189.0,19.35557109891564,-155.7749097210491,43.271658707809756,3.2
2021.0,1.0,26.0,10.0,46.0,12.38,19190.0,19.30191685168528,-155.2207154372647,11.520617205753254,3.4
2020.0,11.0,23.0,0.0,29.0,33.4,19192.0,19.549316342929814,-154.99144925467937,40.71490716081432,3.1
2023.0,9.0,15.0,20.0,12.0,9.32,19193.0,19.81839353005272,-155.39519177837678,4.399013771978842,2.5
2020.0,11.0,8.0,21.0,36.0,1.56,19194.0,19.24783767177969,-155.31670415184567,22.663122987311358,3.2
2022.0,4.0,8.0,23.0,53.0,15.81,19197.0,19.890396153636413,-155.81707893646745,38.88328694471977,2.6
2021.0,3.0,4.0,21.0,15.0,21.49,19198.0,19.702820239746814,-155.8356887991756,17.714499469758785,2.7
2022.0,4.0,6.0,15.0,18.0,10.42,19203.0,20.10980128661068,-155.83662303032025,34.16714333989076,3.4
2024.0,9.0,19.0,16.0,54.0,0.19,19208.0,19.799137623399947,-155.2339190825443,13.955237421527436,3.0
2022.0,12.0,27.0,16.0,42.0,25.48,19209.0,19.92454819533691,-155.8361652254282,22.61511217851683,2.6
2022.0,12.0,27.0,13.0,38.0,38.62,19210.0,19.87144133112908,-155.9237370807014,4.669667622769728,2.7
2024.0,9.0,16.0,8.0,14.0,51.63,19212.0,19.98675507288291,-155.47715516125055,30.147419095733383,2.5
1962.0,10.0,14.0,5.0,50.0,56.18,19216.0,19.48603384578596,-155.4615252755591,23.771445984481055,2.5
1960.0,9.0,23.0,17.0,17.0,45.14,19217.0,19.324437132030813,-155.6654147799272,38.44718168169684,2.7
1960.0,8.0,22.0,8.0,17.0,26.63,19218.0,19.234252343970745,-155.7004821345859,14.027998462080898,3.8
1959.0,7.0,5.0,6.0,23.0,19.01,19221.0,19.747430474073685,-155.10562272767413,13.984687663458262,3.7
1959.0,7.0,7.0,0.0,0.0,4.88,19223.0,19.84255740638944,-155.25504563202895,8.400969626302437,2.9
1959.0,7.0,17.0,20.0,4.0,48.74,19225.0,19.893614432315083,-155.29023545238263,20.530080690057574,2.6
1960.0,4.0,1.0,23.0,2.0,41.08,19229.0,19.43047346306191,-155.90796015511168,35.48459199712859,3.2
1962.0,7.0,26.0,17.0,43.0,53.34,19230.0,19.906426281458813,-155.3870343527013,34.90680644214255,2.5
1961.0,12.0,5.0,16.0,16.0,17.74,19232.0,19.501167263533496,-155.8992451956356,42.89687825247516,2.5
1961.0,12.0,4.0,22.0,29.0,59.43,19244.0,19.86172686121735,-155.25827779895613,34.86277262361769,5.6
1965.0,1.0,2.0,14.0,43.0,38.76,19247.0,19.8131431615635,-155.294657745856,12.48031893265505,2.6
1963.0,4.0,23.0,15.0,31.0,17.16,19288.0,19.12477629417554,-155.612166767723,6.066768728188183,2.8
1965.0,6.0,6.0,3.0,40.0,56.88,19291.0,19.592676362864875,-155.5864457746844,33.46737477342098,2.9
1968.0,9.0,8.0,19.0,5.0,4.39,19299.0,19.9170452056387,-155.8162972379509,7.539731848595235,2.6
1968.0,1.0,18.0,20.0,29.0,40.37,19300.0,19.999175755379508,-155.73305834781615,19.268358994617245,3.2
1967.0,10.0,29.0,20.0,54.0,2.45,19305.0,19.97830960597234,-155.6859843984605,4.354844476527601,2.6
1968.0,4.0,26.0,1.0,34.0,16.64,19309.0,20.028430220287863,-155.6383245399638,41.08242579813457,2.5
1968.0,1.0,10.0,15.0,9.0,47.96,19322.0,19.961816816636063,-155.84426852326376,36.37740044012838,4.0
1968.0,12.0,23.0,23.0,36.0,59.34,19325.0,19.987769604892527,-155.8157645009352,35.60126408982471,4.0
1968.0,2.0,20.0,3.0,19.0,20.96,19327.0,19.983670389447827,-155.83190307808027,41.572831273721654,3.0
1969.0,5.0,15.0,13.0,57.0,38.07,19332.0,19.97308640291029,-155.8252192923049,20.980243528206444,2.5
1967.0,11.0,7.0,6.0,9.0,35.49,19335.0,19.94055722017764,-155.78545959894953,12.103618536798349,2.6
1967.0,10.0,23.0,10.0,29.0,34.95,19339.0,19.685442855697826,-155.7944898068855,44.49230119459568,3.1
1968.0,4.0,11.0,17.0,11.0,59.26,19342.0,20.07419332108984,-155.76540287916666,7.630764840834004,3.9
1971.0,8.0,7.0,1.0,3.0,34.52,19350.0,19.34217522490929,-155.44197193925788,16.36546301369586,2.9
1973.0,6.0,29.0,0.0,56.0,22.92,19352.0,19.992883894660416,-155.60536367574338,24.20623828318883,2.6
1978.0,2.0,27.0,13.0,7.0,48.1,19355.0,20.03804259488066,-155.71406109620835,22.523759453222123,2.5
1979.0,12.0,26.0,7.0,17.0,8.31,19361.0,20.179030450461863,-155.74391664365638,19.965011848007627,3.9
1973.0,6.0,14.0,3.0,20.0,9.36,19368.0,19.99066665376296,-155.7417532779534,26.949516759074754,2.6
1974.0,7.0,9.0,2.0,49.0,20.17,19393.0,20.226043521567405,-155.7907839535081,17.228122681660768,2.9
1974.0,5.0,20.0,7.0,4.0,40.31,19397.0,20.128434728736075,-155.83204416537868,34.31931947079204,2.9
1974.0,1.0,17.0,23.0,56.0,11.25,19402.0,20.133533642938048,-155.8326002689324,11.287338178735794,3.3
1979.0,8.0,30.0,10.0,23.0,18.8,19412.0,20.11438922398625,-155.65981149767066,6.670669678543856,2.7
1975.0,6.0,28.0,4.0,14.0,57.91,19417.0,19.649754976154924,-155.3863160752919,19.854875557123002,3.2
1973.0,1.0,21.0,18.0,22.0,9.66,19429.0,20.07450736970867,-155.7001792458474,22.82490010169212,2.7
1974.0,3.0,15.0,14.0,15.0,50.24,19439.0,19.66072209094208,-155.47334481142067,4.55953322111052,3.3
1973.0,10.0,5.0,10.0,2.0,23.49,19442.0,19.53386634760844,-155.04525067762154,12.601958764464014,2.5
1977.0,3.0,17.0,17.0,38.0,1.94,19444.0,20.10628499900829,-155.54486533995552,1.9601155264103318,2.6
1973.0,12.0,3.0,1.0,31.0,59.85,19447.0,20.07443779609795,-155.73682786136456,22.241385582710375,3.3
1974.0,10.0,31.0,14.0,0.0,42.11,19451.0,19.99360739497392,-155.6270252623783,44.40676262169886,2.5
1977.0,7.0,3.0,5.0,18.0,7.73,19455.0,20.156486956905383,-155.65761242034273,27.322612968489807,3.0
1978.0,4.0,23.0,9.0,50.0,40.88,19459.0,19.628589038470384,-155.06497767456926,12.859837471127085,3.2
1977.0,3.0,29.0,18.0,39.0,33.21,19460.0,19.649850973772413,-155.071043409496,31.116534334081003,2.8
1983.0,9.0,23.0,21.0,9.0,26.84,19462.0,19.572347369561022,-155.10326864060647,10.897279650889438,3.2
1978.0,6.0,18.0,21.0,30.0,47.19,19468.0,19.566650467599228,-155.2068358205591,39.68372000193146,2.8
1977.0,5.0,5.0,4.0,1.0,49.48,19469.0,19.40807887080256,-155.02577413071427,41.10653085623681,2.8
1979.0,6.0,8.0,12.0,49.0,36.82,19474.0,19.952571943117693,-155.7059871566736,32.34193180137878,3.6
1977.0,6.0,30.0,8.0,41.0,0.17,19475.0,19.96725878671936,-155.74254693419297,16.285905164053734,2.7
1977.0,8.0,8.0,23.0,12.0,20.94,19487.0,19.95432805751772,-155.71426474875284,41.35998879894698,2.9
1977.0,7.0,20.0,14.0,6.0,30.06,19489.0,19.9280163316321,-155.67982925328243,28.896828519791086,2.7
1978.0,4.0,7.0,16.0,3.0,35.67,19491.0,19.96530449636021,-155.70069959360077,4.868696404909365,3.0
1979.0,12.0,16.0,15.0,53.0,48.96,19493.0,19.59247964863238,-155.39509434464813,7.915792108470727,3.2
1980.0,2.0,24.0,20.0,25.0,33.11,19495.0,19.4855394720946,-155.29270293645578,25.484018468804884,2.9
1979.0,9.0,15.0,0.0,37.0,23.78,19501.0,19.46752817570376,-155.45605533664258,10.260797807289123,3.2
1980.0,11.0,2.0,10.0,40.0,41.2,19502.0,19.43840007035297,-155.37941970070509,10.171292920308998,2.6
1983.0,10.0,18.0,15.0,42.0,22.33,19507.0,19.228577005567395,-155.79087777009292,19.630281342850854,2.7
1983.0,9.0,16.0,8.0,26.0,3.36,19512.0,19.02584383743362,-155.77107411164255,23.633603276665568,3.2
2006.0,7.0,31.0,9.0,29.0,43.49,19517.0,19.209723166485954,-155.57085306520878,27.225486797653435,3.5
1998.0,2.0,14.0,14.0,9.0,41.86,19519.0,19.222092120729588,-155.56163833041708,26.851617361966746,3.1
1986.0,3.0,21.0,6.0,16.0,40.24,19520.0,19.464916743344336,-155.69858719875742,34.04108789333593,4.6
1983.0,9.0,12.0,15.0,39.0,0.52,19522.0,19.13279754388329,-155.68006457966763,39.867917366322374,4.4
1983.0,8.0,12.0,15.0,49.0,29.6,19523.0,19.047310898563875,-155.57777353384637,8.0900709941997,3.0
1983.0,8.0,8.0,20.0,41.0,21.88,19524.0,18.98149420113533,-155.65788499601854,12.754147461458254,3.6
1983.0,5.0,13.0,6.0,45.0,34.25,19525.0,19.383123177949315,-155.68762806468425,38.39809042778502,2.8
1983.0,5.0,18.0,23.0,11.0,50.41,19528.0,19.519294116904096,-155.72308532954037,13.145824244109836,2.7
1983.0,10.0,13.0,9.0,25.0,4.03,19531.0,19.488928925406675,-155.57959095356978,33.25573728114103,2.6
1986.0,5.0,30.0,2.0,32.0,48.84,19533.0,19.52143566466877,-155.6579035020373,38.76673508009069,2.7
1986.0,5.0,30.0,9.0,40.0,40.49,19534.0,19.506984884085565,-155.62229077050418,41.012839409570695,2.7
1983.0,7.0,28.0,17.0,7.0,36.81,19535.0,19.519138591228323,-155.70336663858103,39.357896852400856,2.7
1988.0,12.0,1.0,14.0,1.0,50.6,19538.0,19.500599578441403,-155.2540371154209,17.909721012770003,2.8
1986.0,2.0,1.0,16.0,24.0,50.53,19541.0,19.195826280501084,-155.76377030460412,38.08217520433775,2.7
1986.0,9.0,20.0,15.0,4.0,3.65,19542.0,19.542542750321463,-155.0637944364674,25.67114960164011,2.5
1989.0,4.0,21.0,13.0,32.0,24.51,19543.0,19.617365054303225,-155.44427894697895,42.25764801204753,3.1
1989.0,2.0,9.0,13.0,30.0,35.76,19545.0,19.63754191135872,-155.3930129825296,5.413484343904299,2.7
1989.0,2.0,4.0,11.0,5.0,34.89,19546.0,19.677600297839337,-155.56457912331547,28.76476987266294,3.1
1989.0,3.0,27.0,4.0,50.0,32.76,19550.0,19.20324132964251,-155.74065978150784,32.02946334833487,2.9
1988.0,11.0,24.0,9.0,18.0,32.99,19554.0,19.71895128417753,-155.94743481514706,30.48141693320376,2.5
1989.0,1.0,16.0,15.0,6.0,33.56,19555.0,19.715257777713685,-155.84807884828865,23.926944421137133,2.5
1988.0,12.0,25.0,9.0,14.0,3.88,19560.0,19.629150287182824,-155.449357683911,21.52597853850137,2.6
1989.0,5.0,12.0,17.0,57.0,28.77,19562.0,19.56295653436716,-155.6428461726762,43.5683807772125,3.3
1989.0,10.0,8.0,12.0,0.0,22.93,19563.0,19.586562477604748,-155.39686721855873,44.30819633388991,2.5
1990.0,9.0,7.0,13.0,10.0,43.54,19598.0,19.885635041638974,-155.4532791716757,43.99341162615028,2.6
1991.0,3.0,18.0,6.0,33.0,0.39,19600.0,19.845369232193384,-155.52950202364792,22.466552465112517,2.7
1990.0,8.0,6.0,6.0,45.0,53.29,19609.0,19.71838597285146,-155.56058604899337,30.262085448996956,2.5
1995.0,12.0,11.0,19.0,22.0,1.03,19615.0,19.33004971932013,-155.7215291143204,30.642260365932035,3.6
1999.0,11.0,3.0,20.0,1.0,11.02,19621.0,19.36426471498272,-155.03900826206336,3.9271772535651874,3.3
1999.0,7.0,10.0,6.0,13.0,8.15,19622.0,20.190109408367643,-155.75275261414438,34.01089377756139,2.6
2003.0,8.0,17.0,17.0,42.0,24.35,19623.0,19.46931291759848,-155.70249805030576,18.647294222916898,2.7
2004.0,8.0,4.0,8.0,50.0,41.58,19624.0,19.715809060233195,-155.54029951333544,3.6599740143431503,4.7
2004.0,8.0,3.0,19.0,3.0,5.25,19625.0,19.588963708238545,-155.33631512809387,15.122949583466069,3.2
2007.0,2.0,15.0,13.0,18.0,13.45,19628.0,19.963829760444305,-155.4987711700133,2.029974157787722,2.5
2004.0,7.0,27.0,13.0,28.0,53.16,19630.0,19.963537020200828,-155.44865117673692,39.727299530613735,3.4
2012.0,1.0,18.0,10.0,45.0,4.3,19632.0,19.975521425647944,-155.440370084907,5.910817029966084,3.2
2007.0,4.0,23.0,8.0,16.0,21.56,19633.0,19.77879584091634,-155.32831678344053,19.609490400683946,2.8
2004.0,3.0,15.0,20.0,47.0,29.3,19634.0,19.990750402519325,-155.57280119197338,24.881823672915154,2.9
2004.0,3.0,14.0,6.0,24.0,1.07,19636.0,19.986421550999683,-155.55282443219434,9.545057512769706,2.7
2004.0,3.0,4.0,3.0,14.0,19.44,19639.0,20.03850619070354,-155.58935305098458,37.543020175093865,2.5
2004.0,5.0,11.0,0.0,38.0,40.09,19643.0,19.79220773162797,-155.3300619322925,23.97017319775896,2.8
2004.0,6.0,27.0,22.0,29.0,48.39,19645.0,19.771979803060965,-155.70090618134432,22.54697381053816,2.8
2006.0,9.0,2.0,3.0,37.0,26.41,19648.0,19.79132145247992,-155.86254084249325,2.3171419398658823,3.4
2015.0,4.0,21.0,12.0,45.0,55.19,19658.0,19.73465987327325,-155.74764432695372,41.67089598197204,2.6
2009.0,10.0,29.0,14.0,13.0,14.45,19659.0,19.35174210400136,-155.5830283281976,1.7538548442483437,3.2
2008.0,12.0,26.0,9.0,28.0,3.4,19664.0,19.67619579970892,-155.7183279360311,25.066018907622873,2.8
2008.0,4.0,29.0,14.0,30.0,52.29,19675.0,19.383998680603924,-155.52532670467204,10.737470809705677,3.0
2009.0,4.0,20.0,8.0,51.0,42.79,19678.0,19.347199228095,-155.58035963405638,39.450494685961004,3.3
2008.0,6.0,17.0,16.0,18.0,36.34,19684.0,19.40365835671986,-155.58038496691347,21.357914832562304,2.8
2008.0,10.0,29.0,2.0,26.0,47.72,19686.0,19.3634251656662,-155.5244325014706,38.58752688927832,3.9
2008.0,4.0,2.0,7.0,11.0,18.24,19701.0,19.36526578752764,-155.55637804155614,26.00522062385809,2.9
2008.0,6.0,30.0,18.0,50.0,17.0,19703.0,19.44869011272815,-155.53280736788457,29.297666198497108,2.5
2012.0,12.0,4.0,5.0,59.0,43.32,19715.0,19.32633131240279,-155.6208646688681,4.044786580500384,2.9
2009.0,3.0,5.0,12.0,51.0,16.44,19724.0,19.387090923865085,-155.70532015953444,41.73719165379448,2.5
2011.0,11.0,3.0,13.0,0.0,0.47,19725.0,19.29580855567787,-155.51738307106046,37.82729709833156,4.0
2008.0,2.0,16.0,4.0,33.0,5.78,19727.0,19.25616563458378,-155.206422106104,43.07632460529576,2.7
2007.0,12.0,30.0,10.0,14.0,27.11,19731.0,19.431258143925746,-155.5411364539663,23.977246036072078,2.5
2013.0,11.0,6.0,19.0,30.0,28.45,19744.0,19.93479966093485,-155.60420206381193,10.858046392467696,3.0
2013.0,11.0,6.0,17.0,42.0,34.18,19745.0,19.519191753459783,-155.53778824230952,4.269648305533027,2.5
2019.0,12.0,25.0,9.0,33.0,24.47,19748.0,19.600904628488927,-155.46190489233044,2.1751781767948954,5.0
2014.0,10.0,1.0,0.0,58.0,15.83,19757.0,19.602419076604743,-155.49067549416046,33.53780864985726,3.1
2014.0,12.0,19.0,18.0,37.0,15.14,19760.0,19.83751081767472,-155.12161357568615,21.056700892708896,2.5
2014.0,4.0,12.0,17.0,55.0,35.05,19763.0,19.72309362944817,-155.70031189281258,36.730785605918186,3.8
2015.0,2.0,5.0,23.0,45.0,24.27,19766.0,19.45447838338638,-155.37231560658924,28.230516131826008,2.9
2015.0,5.0,27.0,1.0,42.0,59.0,19770.0,19.41747158224272,-155.33321544663633,14.705578796725248,2.5
2015.0,3.0,23.0,12.0,59.0,39.32,19771.0,19.65986824824236,-155.51397271103443,25.03511593375221,2.6
2015.0,2.0,24.0,17.0,44.0,54.63,19776.0,19.33105125606923,-155.29735354210678,19.621511799057956,4.0
2015.0,11.0,18.0,22.0,56.0,46.65,19777.0,19.41628983610895,-155.33117246692538,4.574984355846526,2.7
2024.0,11.0,19.0,19.0,39.0,11.52,19778.0,19.319589347692176,-155.16071761505182,6.953703850863471,2.5
2019.0,9.0,16.0,1.0,51.0,20.12,19785.0,19.384519436840137,-155.18378799555023,20.17740690133279,2.7
2019.0,5.0,13.0,1.0,59.0,41.88,19787.0,19.44221126360925,-155.18888127987032,2.214825006363151,2.6
2020.0,10.0,1.0,8.0,10.0,16.74,19789.0,19.887328965235422,-155.344692977121,40.71108056349608,2.7
2017.0,12.0,7.0,8.0,58.0,47.31,19790.0,19.58918126687273,-155.1490002898976,42.32300102206726,2.6
2018.0,10.0,31.0,11.0,22.0,14.2,19795.0,19.727334239514533,-155.22742849385074,11.123270832160646,2.8
2018.0,10.0,27.0,19.0,9.0,48.85,19799.0,19.67256870934768,-155.1993936591354,13.30906084377083,2.6
2018.0,9.0,25.0,15.0,14.0,39.58,19801.0,19.64575268304868,-155.09377870629018,26.282749498381396,2.5
2020.0,10.0,22.0,23.0,53.0,3.15,19805.0,19.67760627132236,-155.07587493500327,35.79880107197673,2.9
2018.0,9.0,30.0,3.0,45.0,45.06,19806.0,19.60039642228985,-155.09464827944376,16.969678227311853,2.7
2020.0,7.0,16.0,11.0,31.0,4.1,19811.0,19.21813021539697,-155.8496449606098,40.137386030749965,3.0
2021.0,12.0,1.0,15.0,55.0,47.81,19812.0,19.41023125934198,-155.7074491370209,39.75281689541101,3.2
2021.0,2.0,6.0,3.0,27.0,49.26,19813.0,19.26280649844913,-155.25710538191254,35.76927662407794,2.5
2021.0,2.0,23.0,22.0,16.0,16.88,19815.0,19.24531400840906,-155.28107300980696,18.231319443978602,2.6
2021.0,5.0,29.0,16.0,37.0,0.8,19816.0,19.769646742381827,-155.9858613137174,15.299015191231163,2.8
2024.0,5.0,30.0,8.0,58.0,0.46,19818.0,19.97810385638274,-155.57254903109865,40.11723546284039,3.4
1960.0,8.0,21.0,0.0,58.0,30.05,19821.0,19.01028990600029,-155.70621255956718,12.287647615711904,3.1
1960.0,4.0,30.0,20.0,42.0,8.88,19822.0,19.77477318726896,-155.31971413974395,11.75734243493047,3.6
1961.0,3.0,20.0,15.0,21.0,54.27,19826.0,19.61047513184836,-155.03055866604836,8.61290664247136,2.9
1959.0,8.0,22.0,11.0,49.0,25.87,19828.0,19.81798287058092,-155.30807500973393,35.44089099269822,3.1
1961.0,12.0,19.0,13.0,6.0,2.04,19830.0,19.981119534966204,-155.2362350285919,22.98091000541669,4.1
1962.0,1.0,9.0,2.0,32.0,14.42,19834.0,19.914299489491064,-155.19615572946427,35.213345533198336,2.9
1962.0,2.0,6.0,19.0,16.0,25.6,19835.0,19.85789946518736,-155.24186161005693,26.068946407405996,2.8
1961.0,12.0,15.0,13.0,49.0,5.23,19838.0,19.81565424223425,-155.34295633055245,33.77187143510412,4.0
1962.0,1.0,26.0,17.0,0.0,47.32,19855.0,19.93093766734729,-155.21809454241065,22.868753754429644,3.5
1962.0,4.0,15.0,23.0,46.0,52.12,19856.0,19.79465825752307,-155.24468102590615,18.82350112570189,4.9
1962.0,11.0,3.0,21.0,19.0,18.26,19873.0,19.833209371977546,-155.18418601731142,37.09984277279567,2.5
1962.0,4.0,20.0,20.0,44.0,22.63,19878.0,19.84190620198473,-155.2794171249094,22.470033698986814,2.5
1961.0,12.0,31.0,7.0,5.0,21.66,19888.0,19.83601171789625,-155.23656149850365,44.98190558534629,3.9
1961.0,12.0,13.0,20.0,4.0,17.32,19894.0,20.1240270720618,-155.77051019237555,44.56091150112996,3.3
1962.0,1.0,28.0,6.0,52.0,25.47,19895.0,19.490093120420045,-155.33837512536107,32.51048645585192,2.7
1962.0,1.0,27.0,18.0,31.0,45.44,19896.0,19.787521450449304,-155.26475454989657,27.4219863538199,2.8
1962.0,9.0,10.0,10.0,43.0,49.29,19900.0,19.856337670714048,-155.26463172515116,16.854956395854288,2.6
1962.0,5.0,15.0,2.0,36.0,32.92,19904.0,19.82310315105767,-155.2789805792851,30.750227221887098,2.6
1962.0,2.0,9.0,23.0,22.0,25.99,19905.0,19.811401434416936,-155.27644815751168,41.820160233241424,2.9
1961.0,12.0,13.0,5.0,11.0,14.62,19907.0,20.015410418628665,-155.29984729131692,31.024052607243483,2.8
1962.0,2.0,18.0,3.0,33.0,43.79,19910.0,19.51961734348046,-155.02898372399906,39.79579698490694,2.8
1962.0,6.0,12.0,12.0,47.0,57.77,19917.0,19.9106760437672,-155.3182198620498,37.86321127378333,3.2
1962.0,1.0,12.0,11.0,18.0,25.2,19919.0,19.698677581199306,-155.56913186442856,3.985149614753548,2.5
1962.0,11.0,27.0,5.0,16.0,5.24,19923.0,19.57127700764281,-155.44122497619676,4.4587685557012025,3.3
1963.0,5.0,14.0,12.0,13.0,31.37,19924.0,19.12263698914592,-155.60599116403455,4.923122426143804,2.9
1964.0,2.0,10.0,3.0,5.0,55.95,19925.0,19.7024555571792,-155.8586082007551,20.25421874656117,2.9
1970.0,2.0,18.0,5.0,38.0,27.49,19930.0,19.47335646808999,-155.04365589331033,18.213824781716532,2.8
1972.0,10.0,30.0,10.0,40.0,15.54,19931.0,19.90186849977179,-155.83194171887783,14.694022311222497,3.5
1967.0,11.0,6.0,21.0,31.0,37.66,19935.0,19.846931988052315,-155.76882184024373,9.504285812286934,2.6
1967.0,11.0,6.0,12.0,44.0,8.59,19939.0,19.77256349702437,-155.632920767688,8.40649900172587,2.7
1969.0,4.0,2.0,11.0,36.0,40.83,19941.0,19.995404023945053,-155.64062668125533,24.442666382275064,2.9
1968.0,5.0,19.0,18.0,34.0,5.91,19945.0,20.211286769023594,-155.878312488201,36.75559769001084,3.3
1968.0,5.0,30.0,2.0,2.0,2.73,19946.0,19.96145609310996,-155.84754118940114,19.985809659523778,3.1
1967.0,12.0,14.0,2.0,32.0,34.18,19961.0,20.01940786328813,-155.78365116767273,39.27201269565105,2.6
1968.0,4.0,13.0,2.0,24.0,23.0,19962.0,20.05159918442831,-155.7396530673219,14.883168964605005,2.7
1968.0,3.0,19.0,13.0,53.0,19.84,19969.0,19.95324664617918,-155.8271073877038,3.607849826102831,3.0
1968.0,2.0,7.0,5.0,28.0,46.44,19970.0,20.03911650581763,-155.75055505969135,20.027693543689498,2.9
1974.0,3.0,23.0,5.0,25.0,31.79,19972.0,20.25553463519729,-155.84720133753277,33.80060559089303,3.0
1979.0,12.0,28.0,23.0,7.0,8.48,19975.0,20.15637149199824,-155.7877102027148,6.332974609267403,3.3
1982.0,11.0,1.0,6.0,18.0,10.95,19979.0,20.211326451151944,-155.78794245586926,36.56690440519086,3.0
1975.0,5.0,26.0,23.0,12.0,25.41,19980.0,20.02541889095925,-155.7425698016838,39.625949466309244,2.5
1973.0,6.0,30.0,15.0,47.0,45.37,19983.0,19.956929787276884,-155.8261641205681,19.813191253984794,2.5
1973.0,6.0,3.0,2.0,5.0,52.68,19984.0,19.98035253910168,-155.837981983368,10.63727464139479,2.5
1974.0,1.0,13.0,23.0,18.0,45.11,19991.0,20.073525042880927,-155.68575904097304,40.64486125007474,2.5
1973.0,8.0,6.0,20.0,7.0,2.39,19992.0,20.06726731147572,-155.7257960727087,12.292653167696063,4.1
1974.0,5.0,5.0,18.0,0.0,56.52,19997.0,19.85341930936399,-155.81167340399332,24.740108960520367,3.4
1974.0,4.0,7.0,17.0,34.0,11.13,19998.0,20.18080650713992,-155.77127161064888,7.6569349370173665,2.7
1974.0,4.0,3.0,14.0,24.0,15.37,19999.0,20.11511049259088,-155.73848367317973,37.808199698635775,2.5
1972.0,12.0,30.0,11.0,48.0,36.8,20000.0,20.17301368339691,-155.86902836799817,43.70254489495799,2.8
1973.0,5.0,31.0,10.0,46.0,43.31,20001.0,20.14782085102012,-155.80325277967177,14.069602356886467,2.8
1977.0,2.0,20.0,6.0,10.0,48.79,20004.0,20.036768156177786,-155.74474734422458,15.518137358174194,2.7
1972.0,12.0,15.0,9.0,32.0,5.62,20006.0,19.892692868337072,-155.6299399264375,9.706714997895933,2.9
1975.0,6.0,30.0,1.0,57.0,15.14,20010.0,19.593908362067843,-155.3835604823173,35.64044397319738,2.7
1974.0,12.0,21.0,1.0,17.0,58.65,20012.0,19.630362271640102,-155.42151729186554,17.800465674908736,2.8
1973.0,1.0,19.0,2.0,40.0,53.53,20015.0,20.16730101321412,-155.82111179759585,23.508189513220373,2.6
1973.0,7.0,8.0,19.0,23.0,2.25,20022.0,19.647724347364647,-155.50333373229577,3.7408992723726286,4.3
1979.0,1.0,29.0,6.0,40.0,56.47,20029.0,20.15963762384371,-155.78265266362166,40.69577665122451,2.5
1977.0,7.0,6.0,7.0,32.0,31.24,20031.0,20.152398676985683,-155.68346234079053,22.651450826942188,3.3
1977.0,5.0,8.0,21.0,9.0,37.33,20035.0,19.406800953805494,-154.9749641792195,35.84050466935192,2.9
1978.0,2.0,18.0,6.0,9.0,57.87,20038.0,19.591000452336267,-155.21674201671578,18.24009316983008,3.2
1978.0,1.0,17.0,20.0,48.0,16.89,20041.0,19.802233134171708,-155.69687738282508,4.598378472601553,2.6
1977.0,10.0,12.0,2.0,37.0,46.93,20045.0,19.998047318401603,-155.80265378968156,30.61384651561902,2.6
1977.0,6.0,10.0,5.0,41.0,18.88,20049.0,19.98933044764708,-155.7557434619806,12.837691709225789,3.0
1981.0,2.0,9.0,11.0,19.0,42.77,20051.0,20.139370317968726,-155.7467191592111,29.443833983112143,3.5
1977.0,8.0,10.0,11.0,19.0,48.75,20052.0,19.92000741102148,-155.71515610817713,37.871274091097746,2.8
1981.0,9.0,16.0,7.0,16.0,27.38,20053.0,19.590092241408712,-155.38554713946326,34.11092678065012,2.5
1980.0,2.0,21.0,20.0,58.0,37.05,20055.0,19.468827417253213,-155.47169519298689,23.684902553564555,3.0
1983.0,10.0,28.0,22.0,18.0,38.01,20056.0,19.17904231459181,-155.8378610455685,8.610239390923267,2.9
1988.0,2.0,18.0,8.0,3.0,34.05,20062.0,19.159428027602257,-155.85603853035957,27.030598108011176,2.5
1986.0,3.0,22.0,15.0,55.0,47.99,20071.0,19.393357679439124,-155.6062999937797,21.98321471257236,2.6
1983.0,11.0,5.0,12.0,40.0,49.04,20075.0,19.153075144812338,-155.6657843660698,24.53579325002402,2.5
1983.0,6.0,6.0,1.0,7.0,59.37,20082.0,19.52062890750125,-155.7231455015199,14.525251100358629,2.8
1989.0,5.0,17.0,6.0,39.0,33.53,20084.0,19.53791844539912,-155.29655964800375,28.0230522607066,3.4
1991.0,5.0,21.0,16.0,52.0,12.07,20085.0,19.61292080149693,-155.45642852513132,36.596653758729744,3.0
1988.0,12.0,19.0,14.0,20.0,9.17,20087.0,19.66549709313028,-155.39118852866116,20.714219834843234,2.5
1989.0,3.0,31.0,12.0,37.0,53.34,20089.0,19.269319103084783,-155.7964770681404,20.307864214163196,2.5
1988.0,11.0,26.0,17.0,49.0,54.19,20091.0,19.56137357919976,-155.83949431944794,33.225575739115385,2.6
1988.0,11.0,28.0,1.0,56.0,45.97,20094.0,19.227823791382097,-155.7823904894441,20.562856139978265,3.1
1989.0,3.0,3.0,6.0,34.0,28.8,20096.0,19.62556514872487,-155.4495386949158,23.019040687770563,2.6
1989.0,6.0,5.0,3.0,28.0,16.78,20101.0,19.23613841533433,-155.53120550619997,25.553919270345112,4.3
1990.0,12.0,27.0,9.0,52.0,55.66,20102.0,19.79870012783676,-155.57974815671426,10.915810873052697,2.5
1990.0,8.0,15.0,5.0,20.0,52.4,20104.0,19.890711695096016,-155.3743638366245,1.369213457338157,2.6
1991.0,8.0,10.0,3.0,47.0,36.73,20106.0,19.758268162226788,-155.344682758646,15.843869474570193,2.5
1991.0,1.0,6.0,13.0,35.0,51.23,20113.0,19.91603565216496,-155.5063654648547,19.747256948889913,2.9
1991.0,1.0,23.0,13.0,20.0,14.93,20124.0,19.73748190883565,-155.48205210981826,16.18516737309104,3.2
1990.0,9.0,7.0,13.0,10.0,43.81,20130.0,19.921043433387457,-155.41832624504394,40.228853582512436,2.6
1991.0,4.0,1.0,22.0,58.0,49.39,20131.0,19.848516952185765,-155.5430399827812,24.561712587826072,2.8
1990.0,8.0,21.0,20.0,34.0,10.58,20135.0,19.90709033724842,-155.64604343966087,28.03766435644738,2.5
1991.0,7.0,18.0,1.0,27.0,4.63,20138.0,19.86508594926497,-155.4598882736865,36.28268781583007,2.5
1992.0,9.0,26.0,7.0,31.0,28.82,20139.0,19.79553680339815,-155.4920250745207,28.487560794683155,3.5
1999.0,7.0,9.0,12.0,10.0,9.98,20147.0,19.20325441752432,-155.67494169558546,21.25679157058177,2.9
1997.0,2.0,8.0,18.0,29.0,28.18,20148.0,19.61927267702563,-155.25472157915323,24.50763758796273,2.9
1999.0,12.0,28.0,0.0,16.0,48.63,20149.0,19.46964839573416,-155.05674101806324,29.481317819264643,3.1
2005.0,1.0,5.0,17.0,8.0,10.68,20150.0,19.692699143671923,-155.57991555641638,8.721411711281876,2.7
2004.0,8.0,13.0,2.0,44.0,15.88,20152.0,19.709017758709724,-155.58395422599023,5.641870913783054,3.2
2011.0,4.0,2.0,11.0,45.0,16.01,20156.0,19.691893732133003,-155.575905248984,36.108100158372096,3.5
2007.0,9.0,11.0,3.0,7.0,15.72,20161.0,19.70573210253424,-155.54137139957604,27.369225751530777,3.0
2004.0,8.0,6.0,12.0,51.0,44.85,20162.0,19.421467525161805,-155.3128289724964,8.745209357881077,2.5
2004.0,3.0,2.0,15.0,53.0,11.62,20170.0,20.01239338497537,-155.29985268398457,41.54184400810164,2.7
2004.0,7.0,16.0,15.0,37.0,4.69,20174.0,19.579511177374563,-155.330322336056,35.03600246757085,2.6
2006.0,8.0,23.0,8.0,43.0,38.27,20175.0,19.765279929464256,-155.88118374200127,34.228223907535984,2.7
2006.0,8.0,23.0,3.0,12.0,3.52,20176.0,19.775393489021507,-155.84170987912333,2.001170245254826,2.8
2006.0,9.0,9.0,8.0,37.0,44.66,20177.0,19.78514019959201,-155.86063118854435,13.387677394415139,2.8
2013.0,11.0,5.0,1.0,47.0,11.17,20180.0,19.78999320000373,-155.81406106631655,32.23375903549528,3.2
2013.0,8.0,17.0,6.0,14.0,59.84,20181.0,19.738802018785623,-155.85202696556982,13.137891399534215,2.5
2008.0,6.0,29.0,0.0,13.0,59.99,20183.0,20.063606683511807,-155.4581668947396,32.830268374892945,2.6
2009.0,4.0,5.0,2.0,50.0,23.8,20184.0,19.707962124403167,-155.68208295852273,11.283498859218582,3.4
2008.0,3.0,29.0,20.0,42.0,36.8,20191.0,19.222622510560065,-155.53862365025287,24.33803854529216,4.1
2008.0,3.0,19.0,20.0,34.0,12.06,20196.0,19.40385977918766,-155.4606871990409,27.598243518988536,2.5
2008.0,7.0,23.0,5.0,26.0,5.6,20199.0,19.410725723677807,-155.5311929683002,25.102790598040254,2.5
2008.0,10.0,29.0,8.0,29.0,36.72,20205.0,19.2690731051994,-155.56411161122344,15.324203058361062,2.9
2008.0,11.0,9.0,4.0,1.0,17.98,20207.0,19.378099775436315,-155.5271805373807,1.7305704716754002,2.6
2008.0,4.0,20.0,16.0,44.0,40.66,20211.0,19.449673050843867,-155.5862363242486,15.324383199192559,3.0
2010.0,10.0,7.0,3.0,6.0,39.75,20213.0,19.40802579273241,-155.59417047360878,23.80190323008372,3.7
2008.0,7.0,1.0,13.0,48.0,33.33,20216.0,19.508570379870967,-155.53664314391477,42.14348104317363,2.5
2008.0,3.0,16.0,2.0,3.0,23.62,20218.0,19.270627757087045,-155.5205214270831,19.224385070243972,2.7
2012.0,12.0,15.0,19.0,47.0,36.18,20221.0,19.358671055762912,-155.58503704045907,18.482066217224045,2.6
2009.0,1.0,30.0,7.0,0.0,52.68,20222.0,19.23227581873041,-155.54311284577958,21.21773096458375,2.9
2015.0,6.0,3.0,4.0,0.0,21.58,20228.0,19.33799804830884,-155.5380511899396,24.36044601142858,3.2
2012.0,1.0,21.0,14.0,26.0,14.24,20229.0,19.3087377992978,-155.51384891869338,17.560143275960108,3.3
2012.0,4.0,2.0,5.0,41.0,53.91,20230.0,19.28776511827956,-155.54183435025297,18.004262648895764,2.8
2008.0,1.0,12.0,6.0,26.0,26.81,20234.0,19.425462435331333,-155.11894851879524,4.49247104534264,2.5
2008.0,1.0,5.0,0.0,4.0,41.28,20237.0,19.354844578404887,-155.79469398430567,23.275838867687476,2.6
2019.0,12.0,30.0,8.0,34.0,47.23,20250.0,19.52158759720608,-155.3791673122877,24.515417026913813,2.7
2020.0,2.0,2.0,11.0,9.0,0.14,20254.0,19.79359038949412,-155.38297835426616,17.41358615146751,2.7
2015.0,4.0,6.0,3.0,5.0,16.5,20260.0,19.657395266348527,-155.49586953499576,21.710729404819418,2.6
2013.0,6.0,29.0,4.0,46.0,50.43,20262.0,19.603835695820614,-154.98398292687284,30.316480444640092,2.8
2013.0,6.0,9.0,9.0,47.0,14.14,20263.0,20.06094625215189,-155.69868471610943,24.354185452307778,4.4
2013.0,4.0,28.0,7.0,40.0,15.08,20264.0,19.36165977933219,-155.01401097049165,14.535880061213795,2.8
2013.0,4.0,29.0,19.0,1.0,22.18,20267.0,19.874393071961865,-155.1045667276638,36.24597302045224,3.2
2020.0,2.0,15.0,21.0,54.0,3.05,20268.0,19.719876646853503,-155.70199877865574,23.578731443532288,2.5
2014.0,6.0,13.0,2.0,7.0,20.39,20270.0,19.700502030140065,-155.76837356370663,2.05972168449056,2.9
2016.0,3.0,1.0,1.0,30.0,30.49,20272.0,20.029644283048647,-155.70496396207363,11.150357881399216,2.6
2015.0,7.0,2.0,15.0,45.0,49.94,20274.0,19.38935918855262,-155.35897624628103,40.611111323099266,3.1
2016.0,3.0,14.0,21.0,8.0,56.76,20281.0,19.341586746126406,-155.14833107881424,21.886094960345968,2.8
2018.0,12.0,2.0,4.0,43.0,3.57,20286.0,19.71926929593409,-155.19362133795556,5.445366993052711,3.4
2019.0,3.0,3.0,22.0,44.0,23.74,20287.0,19.67332943058198,-155.20564457868292,19.79809935900836,2.9
2021.0,2.0,1.0,16.0,20.0,50.84,20289.0,19.279188211169032,-155.25867351187043,10.741854553527899,2.7
2021.0,2.0,1.0,15.0,46.0,41.94,20290.0,19.12647493534625,-155.90065919705103,6.395706275068191,2.6
2021.0,5.0,30.0,18.0,59.0,11.78,20291.0,19.81672406604295,-155.9440266196843,28.684627746487035,2.5
1962.0,12.0,29.0,15.0,48.0,21.85,20295.0,19.76599496414464,-155.30969967953683,10.60859394072834,2.8
1959.0,8.0,20.0,0.0,33.0,41.09,20296.0,19.73789491987832,-155.1219678125601,16.215405104183034,2.6
1959.0,9.0,7.0,12.0,4.0,41.45,20297.0,19.78033999391744,-155.15996326087335,16.058424522071626,2.8
1959.0,9.0,25.0,1.0,50.0,6.87,20299.0,19.986990621024617,-155.81872097713818,16.29886864439721,2.9
1959.0,7.0,9.0,12.0,0.0,43.82,20300.0,19.93084903201449,-155.87760806886268,10.299566494010818,2.5
1959.0,9.0,12.0,4.0,29.0,10.96,20301.0,19.927312808780822,-155.88467293043124,12.936724512325654,2.5
1959.0,9.0,13.0,10.0,21.0,28.88,20303.0,19.810520571985865,-155.30943529650352,43.25785256768386,2.5
1962.0,10.0,1.0,1.0,11.0,20.56,20307.0,19.99047046601797,-155.21331878416683,20.105678781148974,2.5
1961.0,12.0,21.0,18.0,16.0,44.28,20308.0,19.91934928274247,-155.25212855366502,13.120132777133922,2.9
1962.0,4.0,8.0,19.0,5.0,45.92,20312.0,19.955737236511624,-155.33707132190693,13.900912265027081,2.6
1963.0,2.0,13.0,17.0,59.0,31.08,20316.0,19.94661187181671,-155.297005582935,35.35326698551972,3.5
1961.0,12.0,20.0,5.0,41.0,48.21,20319.0,19.8629206964202,-155.35175113856158,37.221044667257374,3.3
1963.0,4.0,25.0,4.0,2.0,11.49,20322.0,19.87804917512308,-155.20610539315345,4.157209710795672,3.3
1962.0,4.0,17.0,23.0,36.0,1.75,20327.0,19.43850001476505,-155.5276622917929,32.8325451745925,3.5
1962.0,4.0,17.0,15.0,38.0,56.64,20332.0,19.69663664500082,-155.15250571515614,11.938683490615508,2.6
1962.0,8.0,5.0,12.0,30.0,56.89,20333.0,19.80378904895022,-155.23915036735653,39.901202065984364,2.6
1962.0,11.0,26.0,2.0,31.0,10.69,20340.0,19.801477207432868,-155.30892158982738,13.39989656488497,2.9
1963.0,9.0,6.0,2.0,6.0,49.93,20348.0,20.04981605134597,-155.6915868626602,9.629616700476141,3.1
1961.0,12.0,14.0,8.0,33.0,37.89,20372.0,20.14801157167136,-155.78776750916444,37.3659363796737,2.6
1962.0,3.0,29.0,9.0,53.0,43.0,20373.0,19.83945337378245,-155.29862090146307,37.86247759516968,2.5
1962.0,9.0,13.0,1.0,9.0,59.32,20378.0,19.89844448791525,-155.20685172516352,24.722110462268507,3.2
1962.0,2.0,2.0,22.0,19.0,33.17,20379.0,19.80268685637957,-155.24153965050542,24.496453987078866,2.5
1962.0,6.0,12.0,14.0,10.0,12.9,20391.0,19.9011900854688,-155.1935417711026,4.2980193465416185,4.3
1966.0,9.0,14.0,17.0,44.0,9.62,20395.0,19.12423177861669,-155.60914372743306,41.97127821105347,2.7
1965.0,8.0,9.0,7.0,7.0,27.19,20398.0,19.6680921624924,-155.39153511272391,28.284218952890733,2.6
1972.0,11.0,13.0,7.0,32.0,19.4,20401.0,19.917798701484124,-155.8275759943128,26.36258218694124,3.6
1972.0,11.0,1.0,7.0,19.0,55.21,20402.0,19.90553805565781,-155.8207143453789,22.64126892122346,3.2
1967.0,11.0,15.0,5.0,4.0,0.28,20404.0,19.890582597216905,-155.78270745982698,22.416514052709996,3.5
1967.0,11.0,13.0,2.0,32.0,18.67,20406.0,19.789136611080806,-155.60528769368457,19.584822548026608,2.6
1970.0,4.0,9.0,22.0,16.0,33.61,20407.0,19.980875296676,-155.80768558618303,10.925376721543428,3.5
1968.0,1.0,13.0,20.0,40.0,51.83,20409.0,19.919037950447347,-155.8726984409415,28.867778065092477,3.1
1967.0,11.0,14.0,5.0,31.0,46.16,20412.0,19.862075080456343,-155.90014459481,10.202962278239669,3.1
1968.0,7.0,22.0,21.0,15.0,46.63,20413.0,19.79355704097728,-155.9542925730252,11.731106303532412,3.1
1970.0,11.0,24.0,21.0,41.0,31.84,20418.0,20.06939660398296,-155.8169097543,30.39129159317029,2.5
1975.0,7.0,20.0,1.0,46.0,26.56,20419.0,20.03051780395593,-155.7747529347116,14.050016022497044,2.8
1967.0,11.0,18.0,16.0,29.0,49.34,20426.0,20.016540051995,-155.77455747385764,12.475139410218672,3.3
1973.0,5.0,6.0,23.0,11.0,2.33,20431.0,19.50779372373435,-155.40349532723334,34.21764155309174,3.7
1980.0,1.0,2.0,5.0,16.0,9.86,20432.0,20.22167294711496,-155.78444229960652,42.428071533270845,2.8
1980.0,5.0,15.0,11.0,4.0,59.3,20433.0,20.17073489027323,-155.76296746123552,9.941109172056283,3.2
1973.0,6.0,8.0,22.0,5.0,43.14,20436.0,20.082184242148053,-155.75907947963066,5.994834555366145,3.1
1973.0,9.0,1.0,11.0,27.0,46.64,20440.0,19.94006322878756,-155.8159568121483,42.60913371064252,2.5
1973.0,6.0,2.0,10.0,30.0,7.27,20441.0,19.83576095119769,-155.83646789529186,39.64115391105266,3.0
1974.0,4.0,3.0,22.0,51.0,37.54,20444.0,19.62933862626464,-155.36224434389882,42.30698567999684,3.4
1975.0,3.0,4.0,22.0,17.0,24.41,20447.0,20.20171072353336,-155.7390784255902,13.117629255564282,4.0
1972.0,12.0,15.0,12.0,21.0,49.28,20450.0,19.846708167879747,-155.64483278723597,13.949324497403753,2.8
1973.0,6.0,27.0,13.0,18.0,47.1,20457.0,19.49407659570669,-155.42307533320115,39.4071154222718,2.7
1974.0,3.0,16.0,1.0,46.0,33.43,20458.0,19.545122513669707,-155.5488844651974,41.09859893230438,2.8
1974.0,3.0,22.0,17.0,40.0,50.44,20459.0,19.69031064548561,-155.50768818217188,23.652036866440568,2.6
1973.0,9.0,10.0,22.0,27.0,8.42,20460.0,19.61343139259008,-155.49754030358494,5.368521607754765,2.6
1975.0,3.0,3.0,7.0,37.0,15.79,20465.0,20.076364392151504,-155.4839666891555,3.722839989915649,3.9
1983.0,2.0,24.0,0.0,59.0,48.56,20472.0,19.57597734720148,-155.13481838899702,18.153124976447437,2.6
1978.0,6.0,23.0,1.0,21.0,18.29,20474.0,19.405822704287832,-154.96975638522798,29.303141565861033,2.7
1977.0,6.0,13.0,9.0,31.0,39.6,20477.0,20.02083101084436,-155.59450967984057,34.51925184940009,4.2
1983.0,2.0,2.0,6.0,25.0,14.85,20478.0,19.97092549664539,-155.45359038157306,8.575082627668342,2.6
1977.0,6.0,9.0,15.0,7.0,26.55,20481.0,19.742534465840844,-155.97670168342384,37.942966210436396,4.0
1977.0,6.0,12.0,4.0,11.0,31.95,20483.0,19.950967656635072,-155.79223624573663,19.218341084713057,2.7
1981.0,2.0,22.0,2.0,22.0,25.86,20486.0,20.14137708680792,-155.7419339988587,15.84581786785485,2.9
1980.0,3.0,6.0,11.0,1.0,52.97,20488.0,19.4949204406806,-155.46651606943846,25.675839208488657,2.6
1983.0,8.0,2.0,19.0,7.0,15.87,20490.0,19.15009232272412,-155.8761450878671,4.388661672600339,2.7
1988.0,3.0,13.0,17.0,44.0,51.69,20491.0,19.15560348564988,-155.87268674701224,33.8741573834144,2.7
1986.0,4.0,8.0,11.0,35.0,23.71,20498.0,19.28993562871964,-155.13507225135646,9.338473917254394,2.6
1989.0,2.0,7.0,11.0,35.0,7.96,20499.0,19.83531265722193,-155.57619613261204,24.495857031645343,2.9
1993.0,4.0,19.0,9.0,1.0,3.84,20502.0,19.635744775057983,-155.41792540605596,41.76081761563086,2.5
1990.0,2.0,8.0,17.0,41.0,55.82,20506.0,19.2478418192096,-155.52579160258207,6.881071399258026,2.8
1990.0,11.0,29.0,8.0,48.0,59.16,20509.0,19.79528795822592,-155.45029042455852,27.595461217637812,3.8
1991.0,5.0,19.0,17.0,51.0,51.13,20510.0,19.88157084970788,-155.3716992132324,41.390280788556346,3.4
1990.0,8.0,15.0,7.0,9.0,36.77,20511.0,19.955733003677423,-155.44126704913188,36.95231297437772,2.5
1990.0,9.0,22.0,16.0,32.0,50.75,20514.0,19.778083315749395,-155.52576556525403,43.68892833830309,2.5
1991.0,5.0,30.0,8.0,51.0,56.47,20515.0,19.84080731911379,-155.4765017759524,38.77231405194212,2.7
1993.0,2.0,4.0,13.0,51.0,50.79,20516.0,19.93582171702688,-155.48200261725566,9.438385044318364,2.5
1990.0,8.0,12.0,15.0,48.0,43.0,20519.0,19.810855653483923,-155.4182773449336,32.48616257983106,2.6
1991.0,11.0,4.0,3.0,1.0,42.78,20521.0,19.775635276786428,-155.50175493369372,22.989165327614504,2.6
1991.0,2.0,15.0,13.0,51.0,42.45,20524.0,19.771741809915568,-155.42948502127277,26.92646002829286,3.3
1990.0,8.0,10.0,20.0,19.0,15.29,20525.0,19.746496369080305,-155.42890298371728,29.751427384969393,4.0
1990.0,8.0,22.0,20.0,4.0,52.49,20530.0,19.83258347436009,-155.43630867646888,32.306681498136015,2.5
1995.0,12.0,23.0,4.0,37.0,21.34,20531.0,19.34392184929653,-155.72432136371677,8.1294445199353,2.9
1995.0,12.0,8.0,16.0,7.0,0.03,20535.0,19.23683722094117,-155.71875448755603,4.152261073442285,2.8
1997.0,11.0,21.0,16.0,8.0,46.46,20536.0,19.233840227032218,-155.72756887904106,27.30039535880438,2.6
2011.0,6.0,25.0,9.0,28.0,10.1,20541.0,19.694680051625177,-155.57402871890503,1.4071257844753204,2.9
2011.0,4.0,11.0,6.0,25.0,54.34,20543.0,19.68800853546232,-155.56692081115003,19.213837757155897,2.6
2004.0,8.0,10.0,23.0,51.0,56.08,20544.0,19.55612574142536,-155.48184838048743,4.106170632503283,2.6
2008.0,1.0,6.0,21.0,56.0,18.3,20545.0,19.73671206713184,-155.5402309392825,21.442904661151292,2.7
2012.0,1.0,23.0,9.0,7.0,21.72,20546.0,19.97565448227984,-155.44614755844592,9.821094457121134,3.0
2006.0,8.0,23.0,10.0,11.0,52.12,20548.0,19.718977481755,-155.83694426992554,26.311593860267035,2.7
2021.0,6.0,16.0,4.0,39.0,48.71,20550.0,19.734973153306846,-155.7089905768973,7.337948607329067,3.0
2008.0,12.0,8.0,20.0,45.0,43.4,20552.0,19.548088274585027,-155.6036465672423,18.662435904137567,3.1
2008.0,4.0,11.0,18.0,55.0,2.13,20555.0,19.219476831857072,-155.5282307780199,9.472420769062461,2.6
2009.0,11.0,19.0,12.0,6.0,49.43,20564.0,19.19899751344563,-155.5115918725739,22.00032132414347,2.7
2009.0,2.0,25.0,0.0,36.0,56.04,20565.0,19.205852507595072,-155.52905935173797,29.59382058931714,2.6
2010.0,7.0,26.0,16.0,35.0,52.78,20571.0,19.419287366924824,-155.52425503445633,18.27865643239845,2.7
2009.0,3.0,26.0,8.0,21.0,14.39,20573.0,19.33544179046953,-155.50802620769278,17.469552783157507,3.2
2016.0,1.0,12.0,17.0,11.0,44.2,20582.0,19.230908640570576,-155.54320173555269,9.108327913474232,2.7
2015.0,7.0,6.0,23.0,27.0,35.61,20583.0,19.341851916434784,-155.5910322859157,20.116970148066784,2.5
2019.0,12.0,29.0,7.0,45.0,18.22,20591.0,19.543397852625063,-155.54511954116398,40.351846366400586,3.8
2020.0,2.0,13.0,13.0,8.0,43.93,20592.0,19.55631846684162,-155.6017174670582,22.8483510234602,2.5
2023.0,4.0,21.0,12.0,3.0,16.24,20594.0,19.59772281305304,-155.50826902657303,44.08559281341981,2.5
2014.0,3.0,26.0,6.0,33.0,7.53,20602.0,20.058781223178546,-155.6952846632386,12.004999010532792,3.2
2013.0,6.0,29.0,3.0,36.0,33.0,20604.0,20.03238132539018,-155.7269025955301,37.07506327958386,3.0
2013.0,6.0,22.0,18.0,52.0,19.0,20608.0,20.111833478554026,-155.69612059175333,7.224007431721935,2.7
2014.0,11.0,1.0,19.0,18.0,38.3,20610.0,19.479954701598924,-154.84130969314472,7.689261089316184,2.5
2013.0,4.0,26.0,0.0,49.0,1.37,20611.0,19.471193735938527,-154.8256506415309,23.120726332547665,2.5
2016.0,3.0,1.0,15.0,49.0,49.6,20612.0,20.02670786448233,-155.72311969050304,17.90684692877523,2.8
2015.0,5.0,22.0,7.0,4.0,28.89,20614.0,19.36197158601232,-155.18544686259898,11.513377223863056,2.8
2019.0,5.0,21.0,12.0,50.0,41.34,20619.0,19.398583687678887,-155.268085464884,18.18170238798367,3.0
2019.0,5.0,14.0,22.0,41.0,28.09,20620.0,19.39173751667288,-155.24579083323837,10.69377449871225,3.1
2021.0,5.0,24.0,1.0,0.0,59.39,20621.0,19.716281792299224,-155.18307446837343,39.92234040402801,2.7
2019.0,3.0,6.0,9.0,44.0,14.58,20622.0,19.67890086141609,-155.21794351957703,11.169774085023594,2.6
2021.0,2.0,26.0,7.0,41.0,37.17,20623.0,19.134791539306423,-155.88997982349878,8.843635594268743,2.8
1960.0,10.0,3.0,21.0,8.0,24.22,20627.0,19.721445946492256,-155.296493650662,17.839631095961444,2.5
1959.0,7.0,5.0,3.0,46.0,28.47,20628.0,19.855379263132324,-155.85221691016204,10.361010159843957,2.7
1963.0,5.0,30.0,12.0,11.0,21.05,20636.0,19.812879978371505,-155.24496426299038,2.3972442340824984,2.9
1962.0,5.0,1.0,14.0,24.0,28.71,20637.0,19.810324235056594,-155.20650979405184,9.609378184657755,3.2
1962.0,5.0,3.0,11.0,24.0,33.94,20638.0,19.829063969787057,-155.16748042198768,31.949056151784045,3.4
1962.0,5.0,1.0,21.0,10.0,25.95,20641.0,19.44147795689595,-155.53076757924586,41.08861705454567,3.4
1974.0,8.0,20.0,12.0,22.0,30.44,20645.0,19.49368232075428,-155.16276651648198,8.60634935008768,2.6
1965.0,4.0,1.0,23.0,12.0,34.13,20647.0,19.84595533042176,-155.20767270973906,37.92313152827564,2.5
1961.0,12.0,23.0,1.0,35.0,16.55,20655.0,19.93150310660237,-155.31482149299737,29.83995915810045,3.0
1965.0,12.0,22.0,1.0,42.0,0.83,20662.0,19.87062212468668,-155.271985413898,7.733324653833401,3.2
1968.0,12.0,14.0,12.0,0.0,34.69,20664.0,19.861827696452423,-155.26467777871082,24.21718680703418,3.3
1962.0,1.0,12.0,22.0,38.0,25.46,20665.0,19.805301167413127,-155.2733271866426,14.558299275249537,3.1
1961.0,12.0,18.0,18.0,10.0,23.45,20671.0,19.884456586102907,-155.1905521729131,11.850647401792386,2.8
1961.0,12.0,25.0,20.0,54.0,32.43,20673.0,19.85315195543369,-155.20434615139274,36.34526605978592,2.5
1962.0,3.0,10.0,14.0,40.0,1.26,20675.0,19.824587390676697,-155.32297264435445,38.87790297105375,3.8
1962.0,6.0,16.0,20.0,0.0,15.47,20684.0,19.66086036035693,-155.28855868708024,11.258790616999367,2.6
1962.0,10.0,14.0,13.0,12.0,16.49,20687.0,19.190176374587,-155.4000939544891,21.701806772849693,2.5
1962.0,12.0,16.0,3.0,12.0,57.41,20688.0,19.31890819997598,-155.36580783626724,31.74446355734045,2.5
1967.0,11.0,11.0,21.0,6.0,20.75,20689.0,19.84887356248781,-155.74648943468472,35.413792409351046,2.8
1969.0,2.0,23.0,22.0,46.0,52.38,20690.0,19.891078044646168,-155.83554818946513,18.3076399769029,2.5
1974.0,8.0,4.0,3.0,56.0,58.55,20692.0,19.959226950597504,-155.8511908348167,9.054212645208437,2.5
1968.0,9.0,3.0,17.0,16.0,38.22,20694.0,19.86392568388144,-155.7098867374692,1.7068409994985099,3.9
1970.0,10.0,13.0,6.0,2.0,14.41,20695.0,20.03142580793676,-155.77613541672608,13.564672432165143,2.5
1971.0,8.0,20.0,0.0,21.0,36.1,20700.0,19.3543762008661,-155.43351177879126,33.29062101787967,3.3
1973.0,5.0,7.0,0.0,29.0,22.87,20703.0,19.689844393993223,-155.12670391581133,6.609174770635277,2.7
1980.0,1.0,15.0,10.0,14.0,43.85,20706.0,20.20961686582787,-155.75406694189795,21.34808512846594,3.2
1974.0,12.0,9.0,8.0,52.0,32.84,20713.0,20.158870978080014,-155.64500674003943,37.00263759219977,3.6
1974.0,4.0,4.0,17.0,36.0,14.63,20716.0,19.09900108676329,-155.86526055278136,9.01130933201117,2.8
1975.0,3.0,24.0,5.0,1.0,34.45,20718.0,20.20126807504974,-155.77838717655914,35.05597187218149,3.0
1974.0,11.0,15.0,19.0,51.0,15.27,20720.0,19.606814833083803,-155.40765228623823,32.746843340955856,2.8
1975.0,2.0,26.0,4.0,40.0,50.69,20721.0,19.599823793047783,-155.40156952588086,20.948644766190174,2.8
1975.0,6.0,30.0,9.0,26.0,26.62,20723.0,19.59968111059585,-155.39537938472577,20.66113009363708,4.1
1975.0,7.0,23.0,18.0,30.0,9.87,20724.0,19.66147964343824,-155.38760064503475,13.720074477060258,2.7
1973.0,1.0,23.0,12.0,51.0,14.11,20725.0,20.143577148856128,-155.76488709506594,19.054492170648302,2.5
1976.0,3.0,3.0,13.0,53.0,34.1,20726.0,19.50681150816872,-155.40300991100702,26.075833352969187,2.8
1973.0,7.0,10.0,4.0,3.0,23.81,20727.0,19.71522961582489,-155.43437745205063,17.497121184110338,3.1
1973.0,7.0,24.0,19.0,50.0,32.99,20728.0,19.658801258123884,-155.4999285658118,25.403989481305736,2.6
1977.0,7.0,18.0,19.0,51.0,48.7,20741.0,20.15562552704792,-155.66704251879935,22.865061613787553,3.5
1983.0,2.0,21.0,17.0,7.0,44.68,20742.0,19.61722727547289,-155.32384153747014,11.34331209795655,2.6
1978.0,6.0,24.0,18.0,8.0,17.35,20748.0,19.75456404157408,-155.9716207278728,19.17952486819773,2.5
1979.0,8.0,23.0,20.0,15.0,43.71,20752.0,19.503750058299293,-155.29481363717684,32.77811837200165,2.7
1986.0,3.0,26.0,22.0,20.0,47.15,20756.0,19.44309957970201,-155.69907539367816,11.84302632445689,3.6
1989.0,3.0,3.0,7.0,14.0,4.02,20761.0,19.29702856095324,-155.62017166095532,8.915040863620723,2.9
1991.0,3.0,22.0,17.0,45.0,34.76,20765.0,19.76046543324704,-155.48422043741283,1.8928848574731418,3.3
1990.0,11.0,24.0,21.0,40.0,54.16,20767.0,19.793928806558863,-155.43203968320157,1.9700538671951637,3.2
1990.0,11.0,30.0,10.0,27.0,17.78,20768.0,19.76009182500373,-155.48864521358055,14.75462841063861,2.6
1991.0,1.0,30.0,0.0,42.0,48.46,20769.0,19.78445491641693,-155.44369360452262,22.43461362233266,2.6
1991.0,10.0,31.0,14.0,52.0,43.59,20770.0,19.802700455006818,-155.45261429627757,20.738147815330574,2.5
1993.0,10.0,5.0,22.0,33.0,30.5,20771.0,19.813829503302703,-155.43061805865503,13.744638877528457,3.0
1992.0,8.0,21.0,16.0,21.0,34.72,20773.0,19.882973181415256,-155.3763709083135,9.24001428404189,2.5
1990.0,8.0,12.0,22.0,20.0,17.31,20779.0,19.72067518432561,-155.46242572492122,3.3342860994339745,2.7
1990.0,8.0,11.0,9.0,38.0,44.83,20781.0,19.576658498373305,-155.94290139666205,37.14464429309419,3.8
1998.0,1.0,5.0,20.0,52.0,46.12,20785.0,19.23020613376678,-155.72812706857937,28.30284758678791,2.5
2011.0,9.0,11.0,1.0,12.0,49.11,20786.0,19.67583439332009,-155.5782355419005,40.083831727527325,2.6
2011.0,4.0,12.0,10.0,34.0,24.7,20787.0,19.678138107092224,-155.5744509356111,18.504410296916593,3.0
2012.0,2.0,1.0,8.0,43.0,14.76,20788.0,19.989525560628504,-155.440978046619,36.31793562931535,2.8
2012.0,4.0,2.0,9.0,22.0,24.26,20789.0,19.78919679077616,-156.0232673970162,8.27468690826283,2.5
2006.0,9.0,9.0,15.0,59.0,10.72,20790.0,19.86130812947029,-155.86684775864842,40.28768046412962,2.5
2008.0,4.0,27.0,3.0,8.0,15.02,20792.0,19.59282541509864,-155.6325766127374,22.750921919581533,2.9
2008.0,2.0,12.0,2.0,22.0,57.44,20794.0,19.60913350209541,-155.7609173692932,21.61747728487109,3.2
2009.0,1.0,30.0,1.0,17.0,25.3,20795.0,19.502776876551792,-155.47728048263673,44.49695090730341,2.5
2008.0,4.0,17.0,8.0,18.0,43.37,20796.0,19.787356627261453,-155.62705908250786,26.12567520418212,3.9
2008.0,5.0,16.0,6.0,18.0,35.7,20799.0,19.20769175455667,-155.54953655063508,42.770990777157564,2.7
2009.0,3.0,26.0,18.0,54.0,48.99,20805.0,19.36588134558795,-155.48168925929014,42.32568360299528,2.8
2009.0,10.0,22.0,22.0,0.0,17.67,20806.0,19.32715094493761,-155.48730221175254,31.03623154567398,3.1
2008.0,3.0,17.0,13.0,37.0,6.16,20808.0,19.06214998719396,-155.8516538296249,28.539788135407143,3.7
2012.0,12.0,4.0,20.0,34.0,11.42,20814.0,19.389480808974017,-155.58907979477334,33.04460336603948,2.6
2015.0,8.0,29.0,6.0,11.0,0.36,20816.0,19.334819778869413,-155.60279383750705,40.343786946206855,2.7
2021.0,2.0,11.0,16.0,53.0,12.09,20822.0,19.60632108867618,-155.47081100679617,35.205044120886505,2.6
2020.0,5.0,27.0,2.0,2.0,9.43,20823.0,19.57595250796545,-155.4401146943448,38.455020097093794,2.7
2020.0,1.0,6.0,8.0,1.0,57.95,20824.0,19.556559729282025,-155.53736374426637,10.852472951618255,2.5
2020.0,3.0,26.0,21.0,57.0,26.49,20829.0,19.50574701387359,-155.51172993202647,17.03949584896482,2.8
2013.0,6.0,10.0,1.0,8.0,26.62,20833.0,20.05298898624241,-155.78917758013785,1.1706828366719,4.0
2013.0,5.0,1.0,9.0,45.0,32.93,20835.0,19.993847455519106,-155.30371463184608,7.0595020565071165,3.4
2014.0,2.0,28.0,11.0,24.0,55.08,20836.0,19.838788754973976,-155.09801465494002,41.12902977891609,2.7
1962.0,12.0,19.0,7.0,4.0,11.08,20847.0,20.118034400760088,-155.6316509506267,28.96791745677377,3.0
1962.0,1.0,23.0,13.0,38.0,5.42,20848.0,19.91944188512665,-155.14900822009955,20.112219315926726,2.8
1961.0,12.0,15.0,22.0,35.0,43.93,20849.0,19.909454064721643,-155.15556813353948,20.545288682355025,3.4
1962.0,3.0,20.0,17.0,13.0,34.17,20856.0,19.85882872293833,-155.3505764996009,9.689111195111169,2.5
1961.0,12.0,24.0,18.0,50.0,59.02,20857.0,19.86730458131208,-155.3005493098854,17.81499630766607,2.9
1962.0,2.0,8.0,6.0,53.0,34.99,20865.0,19.89695769232147,-155.14869534711048,18.5435296611114,2.5
1962.0,6.0,27.0,5.0,19.0,43.92,20867.0,19.86946020956892,-155.24348955273453,1.277571686888166,3.4
1962.0,5.0,11.0,21.0,59.0,51.22,20870.0,19.79712340904605,-155.20532372160514,38.99107795866199,2.7
1962.0,6.0,29.0,3.0,44.0,3.58,20873.0,19.89970768692296,-155.27764477748147,31.10027852942191,2.5
1962.0,6.0,20.0,1.0,55.0,1.3,20874.0,19.927087926732128,-155.21185803338466,16.801253904759093,3.2
1963.0,4.0,8.0,2.0,33.0,33.48,20875.0,19.8372225919624,-155.2703470242487,27.421858312546235,3.2
1980.0,11.0,15.0,5.0,46.0,45.12,20884.0,20.18514021453172,-155.7858906962455,36.765777033843214,2.6
1975.0,2.0,19.0,23.0,4.0,49.84,20888.0,20.097864692632545,-155.64828858165097,39.97737614296746,2.5
1975.0,3.0,29.0,22.0,52.0,12.27,20889.0,20.163371563566344,-155.7909016773362,38.48043848770861,2.5
1974.0,11.0,17.0,15.0,3.0,59.35,20891.0,19.58209963515018,-155.48464280762235,29.78846224294053,2.9
1975.0,2.0,27.0,8.0,53.0,41.63,20892.0,19.601076617800143,-155.38865841342152,21.400616498458056,2.5
1973.0,12.0,8.0,2.0,7.0,34.38,20899.0,20.05144370368381,-155.7093596451483,25.528192000776254,2.5
1998.0,3.0,1.0,8.0,18.0,25.01,20903.0,19.36971541461285,-155.1481791373799,23.30600987525983,2.6
1986.0,4.0,2.0,5.0,23.0,54.51,20905.0,19.44404015840074,-155.70864707729615,26.116769866930607,2.5
1986.0,3.0,29.0,11.0,21.0,59.38,20906.0,19.42400136454392,-155.70043356728246,4.185532385636771,2.8
1986.0,4.0,5.0,18.0,31.0,44.13,20907.0,19.45591061954588,-155.71101905144107,25.953900195916905,2.8
1986.0,8.0,9.0,15.0,42.0,39.01,20908.0,19.46580026617061,-155.71310364365266,8.621986476006473,2.5
1986.0,3.0,25.0,16.0,42.0,1.58,20910.0,19.46130529463288,-155.57038273493671,43.02071961043343,3.0
1992.0,7.0,31.0,23.0,59.0,56.88,20911.0,19.643719100740423,-155.35629151853328,44.13260791962437,4.4
1994.0,5.0,1.0,23.0,5.0,50.52,20912.0,19.656089827164973,-155.37094552827986,40.25453635756957,3.3
1991.0,7.0,29.0,22.0,46.0,36.58,20918.0,19.720720517809205,-155.46465858627573,14.986043240306504,2.5
1990.0,8.0,21.0,16.0,43.0,17.73,20919.0,19.85228942772961,-155.43111140270528,4.380638477910569,3.0
2012.0,5.0,4.0,14.0,12.0,22.38,20920.0,19.984969353089376,-155.4441074545888,3.552556397060403,3.2
2006.0,9.0,11.0,12.0,52.0,12.74,20921.0,19.79323453456572,-155.94486232114843,37.9881667509525,2.8
2008.0,5.0,18.0,0.0,32.0,50.58,20925.0,19.78257775314332,-155.63089796030735,10.950220415363965,4.1
2008.0,3.0,18.0,20.0,35.0,30.5,20927.0,19.2179675123858,-155.52304332053643,16.418636401180855,3.6
2008.0,4.0,2.0,19.0,45.0,24.77,20928.0,19.22927648712704,-155.56931322044397,3.134585633195159,2.7
2008.0,4.0,3.0,21.0,17.0,8.79,20931.0,19.20953656014764,-155.55776985315566,33.922013384274756,3.2
2008.0,3.0,22.0,12.0,15.0,46.75,20940.0,19.466259988884104,-155.58696811207284,28.742285449021615,4.1
2020.0,6.0,10.0,21.0,34.0,45.73,20946.0,19.569998415608257,-155.4056050915507,30.180359869363066,3.3
2013.0,4.0,12.0,4.0,19.0,54.04,20950.0,19.372213749886463,-155.29741575119246,3.544450789886986,2.8
2013.0,6.0,11.0,7.0,9.0,24.79,20953.0,20.02406779694871,-155.77394006113894,16.048693643424556,5.0
2013.0,8.0,22.0,8.0,54.0,25.04,20954.0,20.04634992918763,-155.79410844304064,3.2636359949029727,2.6
2013.0,6.0,15.0,21.0,34.0,4.34,20956.0,19.456797858934404,-155.03651154333778,19.194575612120307,2.6
2013.0,8.0,8.0,5.0,44.0,49.04,20958.0,19.49257700597156,-155.03689805043535,29.702085479066334,3.3
2013.0,6.0,16.0,1.0,1.0,28.89,20959.0,19.45174620873216,-154.8484450829804,22.319532413529384,3.8
2013.0,6.0,18.0,3.0,52.0,15.11,20963.0,19.46637544417591,-154.85602257117765,4.840509424387136,2.6
2013.0,5.0,25.0,10.0,40.0,7.95,20965.0,20.00050599368401,-155.29675347903296,28.575370538457076,2.5
2013.0,6.0,9.0,14.0,22.0,27.78,20966.0,19.97358301494618,-155.2829416835456,27.865690682825267,3.2
2015.0,7.0,8.0,22.0,10.0,3.52,20967.0,19.35556786191659,-155.44206250861944,1.2378253123470926,2.7
2015.0,4.0,1.0,21.0,47.0,16.86,20973.0,19.328300950282262,-155.26141191900794,10.767697817281114,3.2
2015.0,4.0,8.0,18.0,49.0,3.37,20974.0,19.27156616427361,-155.23346410633798,16.37730085754684,2.7
1961.0,12.0,17.0,3.0,12.0,31.77,20978.0,19.934216653027683,-155.18606203612958,36.190874358102505,2.9
1966.0,1.0,19.0,13.0,39.0,22.43,20982.0,19.90064267766774,-155.3112826110002,4.456974594254763,2.5
1962.0,4.0,13.0,4.0,15.0,36.75,20983.0,19.84325458500716,-155.28498305425146,12.823839110864999,3.2
1961.0,12.0,28.0,23.0,56.0,49.35,20985.0,19.94370306225117,-155.28416293744056,29.072834609856162,2.9
1962.0,5.0,13.0,22.0,56.0,0.07,20990.0,19.795653541824827,-155.2089214302386,25.694520273304267,2.6
1962.0,5.0,12.0,4.0,35.0,20.61,20991.0,19.82971207983385,-155.1812286827568,22.317026801366772,3.2
1973.0,5.0,30.0,9.0,28.0,32.26,20999.0,19.50659359105812,-155.41165005387904,13.564094284068407,2.7
1973.0,6.0,10.0,1.0,50.0,13.77,21001.0,20.098204661655164,-155.73472349265873,36.3915038428007,3.7
1980.0,3.0,23.0,11.0,57.0,19.96,21002.0,20.14943917494097,-155.86834297399207,28.109384564048533,2.5
1972.0,9.0,17.0,10.0,57.0,29.66,21003.0,20.163963315637023,-155.65204501945504,6.796729461552269,2.9
1975.0,4.0,6.0,16.0,27.0,39.24,21005.0,20.160637278896825,-155.78267963554651,6.875319958588667,2.5
1974.0,4.0,15.0,1.0,40.0,26.56,21006.0,20.23561791220802,-155.8602735189929,31.66552966318715,2.5
1974.0,11.0,20.0,19.0,44.0,17.03,21007.0,19.57967491108113,-155.47933699547622,38.621996067633226,2.5
1973.0,10.0,11.0,15.0,24.0,11.41,21010.0,19.71635194032249,-155.42349021569285,40.320170460074934,3.2
1975.0,3.0,25.0,12.0,14.0,32.53,21011.0,20.053961796345163,-155.4672165505497,40.6280612831452,2.5
1975.0,3.0,20.0,0.0,33.0,46.58,21016.0,20.093986091004165,-155.48739346173403,41.08492085010268,3.3
1986.0,4.0,27.0,1.0,43.0,53.03,21019.0,19.44597634985885,-155.71214437189863,38.35560038405684,2.9
1986.0,8.0,14.0,4.0,2.0,27.76,21020.0,19.47032935358335,-155.7028742607162,6.254743927350056,2.5
1993.0,10.0,9.0,12.0,49.0,32.95,21026.0,19.812025718804936,-155.43905323526656,18.33002272475302,2.7
2010.0,2.0,22.0,6.0,55.0,13.11,21030.0,19.76996551474541,-155.6025362378207,7.153897308710388,2.5
2008.0,3.0,22.0,0.0,58.0,26.06,21032.0,19.19715725723612,-155.51983066524045,27.354454198479104,2.8
2013.0,4.0,14.0,8.0,36.0,18.49,21035.0,19.19229122195004,-155.57910261507462,40.338611060998865,3.1
2008.0,11.0,9.0,17.0,3.0,18.59,21037.0,19.213755835142845,-155.57838059217764,42.2949296967014,4.3
2019.0,12.0,31.0,8.0,11.0,17.82,21043.0,19.642297719595764,-155.57394061715365,39.365730189029435,2.6
2020.0,2.0,19.0,1.0,31.0,47.95,21044.0,19.62941361502905,-155.56748197037325,36.89976819298356,2.7
2013.0,6.0,21.0,19.0,39.0,31.28,21047.0,20.09621850642452,-155.7979404305266,24.243869135315286,2.5
2017.0,9.0,6.0,9.0,4.0,8.58,21053.0,20.02573445494708,-155.76957296235852,29.57169386096019,2.7
2013.0,6.0,12.0,12.0,52.0,34.86,21057.0,19.91726375864276,-155.63243342704178,20.10930826054212,3.0
2013.0,6.0,26.0,6.0,52.0,26.06,21067.0,20.07747768373021,-155.61736609770284,36.55626998327094,2.5
2013.0,6.0,16.0,23.0,25.0,36.05,21070.0,19.379135088702704,-154.98644909124988,7.189801681588115,3.0
2015.0,5.0,18.0,22.0,29.0,6.8,21071.0,19.6488477835107,-155.0158188861853,38.26474403415121,2.6
2015.0,2.0,28.0,13.0,37.0,24.98,21072.0,19.97454971916201,-155.29162506831324,4.555820306713558,2.6
2015.0,4.0,9.0,3.0,53.0,12.5,21076.0,19.443671148887823,-155.30088996320617,14.693442125798462,2.6
2016.0,12.0,9.0,0.0,28.0,41.04,21079.0,19.533125556672022,-155.34437575915763,23.422861909432523,3.3
1966.0,1.0,19.0,1.0,48.0,46.55,21082.0,19.84912389256993,-155.27205631468686,5.955417077928594,3.9
1966.0,2.0,5.0,3.0,39.0,37.81,21083.0,19.902917708315137,-155.3133410791589,17.212423759354664,3.7
1962.0,4.0,14.0,23.0,48.0,30.87,21084.0,19.827538765965468,-155.2931082907623,44.938080958870174,2.8
1962.0,1.0,22.0,1.0,27.0,35.76,21085.0,19.94468743182638,-155.26699202918854,26.90416045889864,3.4
1968.0,1.0,14.0,7.0,40.0,22.76,21087.0,20.05795561150497,-155.53465763371938,5.567504801149312,2.8
1968.0,1.0,13.0,22.0,36.0,12.45,21088.0,19.87626307741626,-155.80825955650374,16.767044072413327,2.6
1974.0,11.0,27.0,4.0,3.0,35.71,21090.0,19.95580803898704,-155.86085951639438,13.375781526231087,2.5
1968.0,1.0,15.0,12.0,57.0,3.35,21091.0,19.89109946815964,-155.8109284140918,16.131780657496407,2.5
1980.0,3.0,28.0,9.0,1.0,0.83,21095.0,20.15110856001124,-155.87094672906642,6.709178458783612,3.5
1978.0,12.0,17.0,10.0,31.0,14.75,21100.0,20.134285907047325,-155.57930377145428,33.725204024362576,2.6
1974.0,5.0,17.0,15.0,49.0,6.26,21104.0,19.625595175917784,-155.02336070890394,14.348307439736239,2.6
1987.0,3.0,17.0,0.0,3.0,2.98,21105.0,19.433320655011286,-155.7069021322149,18.795226187193297,5.2
1993.0,7.0,20.0,8.0,47.0,21.99,21107.0,19.53367329010532,-155.5158493571514,24.801642687913667,4.4
2020.0,1.0,8.0,8.0,33.0,9.4,21119.0,19.696261588885022,-155.51104693329526,33.35978731724011,2.5
2013.0,6.0,16.0,14.0,52.0,23.03,21120.0,19.54806885266064,-155.44988453219207,12.949114821769083,2.5
2015.0,11.0,28.0,10.0,47.0,33.72,21121.0,19.995821757898234,-155.7649497659862,37.785951619032964,3.1
2013.0,6.0,24.0,14.0,31.0,5.67,21125.0,20.00804114415446,-155.79078012013235,38.46110068086017,4.0
2016.0,6.0,6.0,1.0,13.0,24.1,21136.0,20.045055268167463,-155.80733788045222,25.507384163319472,2.8
1968.0,7.0,5.0,23.0,58.0,16.93,21143.0,19.86949686870996,-155.28237143885886,12.226368342242896,2.7
1962.0,6.0,23.0,17.0,24.0,49.5,21147.0,19.927431020149807,-155.1834992493968,6.23579433220077,2.7
1968.0,1.0,14.0,5.0,31.0,28.65,21148.0,20.15225965219912,-155.79276989096692,5.833399326146705,2.7
1973.0,6.0,12.0,0.0,27.0,42.79,21149.0,20.108006904847723,-155.78380971565855,20.84828243458339,2.9
1975.0,7.0,31.0,5.0,25.0,53.22,21152.0,20.069093190129028,-155.46095466795342,39.23971889271244,3.5
1974.0,5.0,18.0,2.0,45.0,45.07,21154.0,19.61077487787828,-155.02637184666955,10.063488152191818,2.5
1987.0,4.0,7.0,10.0,58.0,1.12,21155.0,19.43972104718463,-155.72685774408737,38.67292444388211,3.1
1987.0,3.0,18.0,18.0,18.0,2.38,21162.0,19.6064692193196,-155.76605843064934,18.4500838832303,3.1
1987.0,3.0,20.0,6.0,18.0,52.07,21167.0,19.613624026178783,-155.5764814315086,14.146057822157218,2.7
1990.0,6.0,10.0,16.0,44.0,22.53,21171.0,19.42807813093849,-155.70105038861973,36.4065889708755,2.6
1998.0,6.0,23.0,15.0,6.0,36.28,21185.0,19.542258880576803,-155.51737400992258,26.73180907700844,2.5
1993.0,7.0,23.0,11.0,11.0,38.17,21187.0,19.608584522058457,-154.97565586279097,44.1565485788545,2.5
2008.0,11.0,22.0,7.0,6.0,20.33,21189.0,19.20825827659524,-155.5716985603797,29.82746280783312,3.3
2013.0,8.0,25.0,9.0,56.0,53.72,21191.0,19.997472805910963,-155.79774422752615,2.3206970014090103,3.9
2014.0,1.0,25.0,10.0,35.0,12.79,21198.0,20.015862457692386,-155.7959363526983,26.517941220348586,2.5
2019.0,5.0,21.0,23.0,24.0,19.97,21202.0,19.963984296057603,-155.73445390050284,14.410837309168837,3.4
2015.0,6.0,11.0,16.0,7.0,30.0,21208.0,19.46407200742265,-154.83620383860435,11.232033486200692,2.7
2015.0,10.0,29.0,13.0,20.0,41.82,21210.0,19.406841520953936,-155.27297084965065,14.126932989127578,3.1
2015.0,4.0,3.0,6.0,36.0,59.02,21211.0,19.397544693104567,-155.2697643374448,8.189122124083685,3.2
2015.0,4.0,10.0,8.0,23.0,27.96,21213.0,19.416405954869,-155.40110807615528,24.708329212407047,2.6
1966.0,1.0,21.0,5.0,19.0,7.27,21215.0,19.831258511883743,-155.2409145495368,23.940387617661315,2.7
1989.0,3.0,8.0,7.0,34.0,43.8,21217.0,19.426426702177466,-155.87607986778494,19.791213899725605,3.3
1987.0,5.0,26.0,18.0,1.0,58.38,21220.0,19.44064559558788,-155.67656183980512,14.162909057828102,2.6
1987.0,5.0,30.0,11.0,6.0,49.62,21223.0,19.441511161863403,-155.6910251444532,34.417542714859835,2.6
1991.0,10.0,28.0,22.0,55.0,15.98,21224.0,19.43760981641705,-155.6974772689007,26.36652674638191,2.7
1987.0,3.0,20.0,12.0,8.0,17.44,21225.0,19.59713552507008,-155.56223697626976,29.25597958543895,2.6
1993.0,8.0,26.0,8.0,49.0,4.88,21233.0,19.5026847451355,-155.4957917652153,38.87909697100989,2.9
1993.0,7.0,23.0,11.0,25.0,27.81,21234.0,19.536330110031173,-155.4881233584796,13.812800161607512,3.6
1993.0,7.0,24.0,4.0,14.0,9.07,21235.0,19.51971089015153,-155.63969493664118,2.4054952807448124,3.3
2019.0,7.0,8.0,20.0,29.0,2.81,21245.0,19.830142032678257,-155.681726285429,44.995596485667576,2.5
2015.0,7.0,26.0,2.0,12.0,28.15,21249.0,19.48101733391195,-154.8672533371839,18.1105287254695,3.2
2015.0,6.0,3.0,17.0,20.0,59.6,21250.0,19.4791977619604,-154.81796881830104,13.720432850987754,2.6
2015.0,4.0,5.0,16.0,55.0,26.77,21255.0,19.544875492934377,-155.7060915412856,31.457758513432946,3.3
2015.0,4.0,9.0,17.0,58.0,18.47,21259.0,19.52619508936409,-155.3419969551254,7.580869427908363,4.1
1974.0,12.0,14.0,19.0,47.0,1.21,21261.0,20.09430252473431,-155.50117889763015,12.7972429377059,3.9
1987.0,6.0,3.0,4.0,38.0,22.22,21265.0,19.429324406683744,-155.69467292997317,31.231075557072742,2.8
1993.0,6.0,24.0,9.0,16.0,17.65,21266.0,19.39188486268801,-155.77151451065345,14.668138610963076,2.5
1987.0,12.0,16.0,3.0,12.0,11.34,21267.0,19.348129693438377,-155.7566422824796,31.994871915464856,2.9
1993.0,9.0,3.0,6.0,36.0,10.12,21269.0,19.533623274216097,-155.49900378916746,22.710086105378526,2.5
1993.0,7.0,23.0,13.0,28.0,38.79,21270.0,19.613504398840263,-155.15067214281217,24.268485992516553,2.7
2013.0,10.0,19.0,12.0,24.0,37.02,21274.0,19.99609174743419,-155.7898243105044,16.551518092669824,3.8
2015.0,12.0,6.0,7.0,12.0,50.91,21275.0,19.4360440314986,-154.9562037117043,12.94151460049856,3.1
2015.0,12.0,4.0,22.0,4.0,28.83,21276.0,19.43875414328692,-154.9071046243663,27.382294876842725,3.0
2015.0,9.0,28.0,20.0,20.0,22.02,21278.0,19.336220116910752,-155.268614099902,18.6495704663617,2.7
2015.0,4.0,12.0,16.0,25.0,36.57,21281.0,19.507754179046103,-155.71577944974882,22.19835943389927,2.6
2017.0,10.0,11.0,23.0,6.0,46.1,21284.0,19.41392024143069,-155.26961045426984,2.7635272610584387,2.8
1988.0,1.0,11.0,2.0,33.0,49.65,21296.0,19.421824319359004,-155.6875415207365,44.00675436925405,2.7
1988.0,5.0,21.0,13.0,8.0,28.32,21297.0,19.349022055388623,-155.75462487033036,1.8053155215704368,3.0
2015.0,9.0,30.0,17.0,41.0,5.61,21299.0,19.30572938503352,-155.3533322383773,20.515469431608857,2.7
2015.0,9.0,16.0,23.0,19.0,11.77,21300.0,19.42253559857396,-155.3080603419731,6.478697185599206,2.5
1975.0,2.0,26.0,7.0,21.0,35.16,21304.0,20.06781228538524,-155.5378386119891,14.936582189323586,2.8
2013.0,10.0,21.0,6.0,1.0,11.76,21307.0,19.97320020625868,-155.79528759342767,33.72373421586589,2.6
2015.0,4.0,21.0,22.0,21.0,21.29,21310.0,19.464113860022785,-155.34291879587755,9.485133644573294,2.5
1982.0,3.0,31.0,17.0,12.0,11.92,21311.0,20.17794609988909,-155.69637552238314,14.317404500588552,2.6
1982.0,5.0,3.0,12.0,0.0,55.83,21312.0,20.106665490224685,-155.61372010414033,32.085985383984436,2.8
1982.0,4.0,3.0,3.0,14.0,47.12,21313.0,20.077203689103293,-155.52299451001477,27.449082361018604,2.7
1982.0,3.0,31.0,21.0,29.0,27.78,21315.0,20.09305317418168,-155.48740712183596,30.605556630711423,2.7
1982.0,3.0,31.0,17.0,34.0,16.28,21316.0,20.163417986441168,-155.6520578384832,22.40783096595319,4.0
1982.0,3.0,31.0,17.0,2.0,54.01,21318.0,20.06359523711313,-155.51222300110203,11.466406464531616,2.7
2016.0,5.0,22.0,12.0,45.0,51.85,21319.0,19.451288944160275,-154.85065264513923,12.350302486911735,2.6
2016.0,7.0,13.0,13.0,26.0,49.18,21320.0,19.603608230361964,-155.0176800208701,29.188570205410795,2.6
1984.0,1.0,18.0,7.0,20.0,3.18,21321.0,20.07735488728545,-155.52240349515577,22.837038620223424,2.9
1982.0,4.0,8.0,22.0,42.0,4.9,21322.0,20.08937715026744,-155.4979687541816,42.45540375711069,3.5
1983.0,10.0,30.0,21.0,51.0,51.03,21326.0,19.98525053256082,-155.68104154419623,1.7434191238793062,3.0
1982.0,4.0,13.0,9.0,45.0,52.04,21328.0,19.92416733823037,-155.35117676230533,24.146011827245772,3.1
1982.0,4.0,2.0,12.0,14.0,47.39,21329.0,20.046923200076307,-155.48325964512597,8.009697184829223,2.8
1982.0,7.0,10.0,17.0,21.0,20.83,21330.0,19.954184905282045,-155.33970385845404,14.075232150873338,3.5
1982.0,6.0,13.0,7.0,37.0,11.28,21333.0,19.93837457554767,-155.34194805266097,9.469425805008227,2.7
1997.0,8.0,20.0,13.0,11.0,57.87,21335.0,20.114519359132423,-155.5465777968748,33.78312586084644,2.6
1982.0,4.0,27.0,0.0,10.0,33.6,21339.0,20.152148559394806,-155.73996652205136,6.123690070276432,4.1
1983.0,8.0,1.0,18.0,8.0,18.28,21340.0,19.94757152324476,-155.8483766634885,28.02812257261681,2.7
1985.0,8.0,10.0,22.0,27.0,21.88,21341.0,19.970563676108963,-155.80697272225197,16.57604206701748,2.5
1983.0,8.0,6.0,19.0,28.0,27.88,21342.0,19.88220505803996,-155.62681979482477,14.721923601982208,2.9
1983.0,7.0,14.0,8.0,18.0,40.79,21344.0,19.901504855166586,-155.879037963037,41.2876010887147,2.8
1983.0,8.0,3.0,18.0,17.0,37.76,21345.0,19.91740322464175,-155.8851117724992,2.1647479214896057,2.8
1983.0,9.0,21.0,3.0,50.0,59.86,21346.0,19.65354607566645,-155.90558242367558,23.07127526097991,3.1
1983.0,9.0,22.0,13.0,46.0,11.38,21348.0,19.85462864380224,-155.9136895287625,30.120260392143226,2.8
1983.0,9.0,20.0,23.0,43.0,11.24,21349.0,19.979790204364303,-155.77384975339345,33.773836480290605,2.9
1983.0,8.0,10.0,14.0,59.0,26.35,21350.0,19.944177658859765,-155.60127037323272,7.652746335644919,2.6
1983.0,10.0,8.0,2.0,6.0,41.83,21355.0,19.9609737316256,-155.8188113669852,42.705840542174506,2.9
1983.0,10.0,11.0,22.0,26.0,0.26,21357.0,19.8834302236936,-155.79590353561565,9.034220557222806,2.6
1983.0,12.0,9.0,0.0,51.0,26.74,21360.0,19.88989899145782,-155.88726432512146,20.031438189792095,2.6
1986.0,2.0,28.0,13.0,10.0,8.26,21362.0,20.23971534019291,-155.85457951032134,6.772781425276783,3.2
1983.0,10.0,29.0,2.0,55.0,48.2,21363.0,19.924481892773706,-155.62616792523266,13.277976624787316,4.6
1983.0,11.0,5.0,9.0,44.0,31.67,21365.0,19.90863291800065,-155.65623013027553,36.69393203916314,2.6
1983.0,10.0,12.0,1.0,16.0,15.19,21373.0,19.86414229075543,-155.85424172858797,23.239120751780877,3.5
1983.0,11.0,27.0,22.0,19.0,20.7,21377.0,19.87780799193905,-155.84440373243754,10.990283074651465,2.5
