,year,month,day,hour,minute,sec,N,latitude,longitude,depth,magnitude
0,1959.0,1.0,1.0,11.0,45.0,47.27,0.0,19.754159532899944,-155.740753880756,42.970592476605184,2.8
1,1959.0,1.0,3.0,14.0,0.0,43.01,1.0,18.98404373996223,-155.72782140257027,33.504224102261524,4.9
2,1959.0,1.0,3.0,19.0,26.0,0.96,2.0,19.389828569141663,-155.74730444664593,22.62530597146254,2.6
3,1959.0,1.0,4.0,12.0,55.0,54.73,3.0,19.811739561211446,-155.60667332001876,19.7332419567436,3.2
4,1959.0,1.0,5.0,0.0,10.0,37.53,4.0,19.82405515345112,-155.33895194589445,14.665526011216254,2.6
5,1959.0,1.0,5.0,7.0,6.0,8.35,5.0,19.547324044126217,-155.72632984464713,17.334697963427793,2.5
6,1959.0,1.0,7.0,8.0,11.0,16.04,6.0,19.15064019238189,-155.6474361593473,30.67684920323992,2.6
7,1959.0,1.0,9.0,7.0,1.0,24.06,7.0,19.66490194483653,-154.9874406773899,14.75759972936373,3.8
8,1959.0,1.0,10.0,9.0,45.0,20.3,8.0,19.3520076443784,-155.8301192565394,12.581927315067036,2.7
9,1959.0,1.0,25.0,2.0,34.0,29.11,9.0,19.59701153426229,-155.95426678027923,1.319145476018718,2.6
10,1959.0,1.0,28.0,18.0,8.0,35.17,10.0,19.264418588805263,-155.84411163475076,38.06529355197351,2.6
11,1959.0,2.0,2.0,1.0,43.0,7.24,11.0,19.762558046891424,-155.96329909494872,5.073563129902581,3.0
12,1959.0,2.0,3.0,23.0,40.0,58.35,12.0,19.574755831496173,-155.64253755854227,44.83521774718834,2.5
13,1959.0,2.0,11.0,7.0,30.0,22.42,13.0,19.837852752708923,-155.2589739961486,2.383872482966983,2.6
14,1959.0,2.0,17.0,22.0,28.0,24.76,14.0,19.99698274199563,-155.3025010282496,36.49331769353634,2.9
15,1959.0,2.0,22.0,6.0,16.0,51.32,15.0,19.83830412167338,-155.60229959694428,15.938080970032347,2.8
16,1959.0,2.0,26.0,10.0,40.0,51.76,16.0,19.63075714706152,-155.67855245751744,40.55212973286026,2.5
17,1959.0,3.0,14.0,7.0,23.0,49.3,17.0,19.61233725751295,-155.60777815760832,20.578547360209928,2.9
18,1959.0,3.0,21.0,11.0,14.0,49.1,18.0,19.56486310793941,-154.96478467542954,28.304893776293547,2.8
19,1959.0,3.0,28.0,11.0,0.0,49.44,19.0,19.669277124543456,-155.87965774592902,2.414575475732338,4.3
20,1959.0,3.0,28.0,21.0,50.0,26.01,20.0,19.445835892874435,-155.3631267198636,35.43662154940742,2.8
21,1959.0,3.0,31.0,9.0,22.0,11.46,21.0,19.761600341929626,-155.64708527680548,15.819254524397426,2.5
22,1959.0,4.0,2.0,6.0,23.0,20.45,22.0,19.70338472579319,-155.89520041015368,18.686560350572677,3.4
23,1959.0,4.0,4.0,3.0,33.0,15.91,23.0,19.361281153141658,-155.70254771932483,13.258827489418572,3.2
24,1959.0,4.0,9.0,20.0,54.0,41.28,24.0,19.709408555504613,-155.36039605200713,17.947355772920105,2.8
25,1959.0,4.0,17.0,4.0,38.0,20.95,25.0,19.663076776030817,-155.2527072871787,42.24074129347333,2.7
26,1959.0,4.0,24.0,8.0,0.0,12.54,26.0,19.75251098335349,-155.68212261957623,23.63961170200735,3.9
27,1959.0,4.0,24.0,14.0,45.0,5.97,27.0,19.572751144981662,-155.54773431333095,35.95847451057348,2.8
28,1959.0,5.0,4.0,3.0,40.0,52.53,28.0,19.698597493028057,-155.93275268965968,36.256677587651566,3.6
29,1959.0,5.0,4.0,15.0,47.0,48.03,29.0,19.5461404520578,-155.9240665010448,21.41660869598922,2.7
30,1959.0,5.0,10.0,7.0,30.0,56.26,30.0,19.93541619870992,-155.3072312301517,42.63306856535422,2.7
31,1959.0,5.0,11.0,15.0,51.0,12.33,31.0,19.82711748093009,-155.45637598537672,1.830547451597007,2.6
32,1959.0,5.0,17.0,2.0,5.0,45.71,32.0,19.539051343812712,-155.67012538809757,7.612530514876672,3.6
33,1959.0,5.0,18.0,16.0,34.0,57.36,33.0,19.69609520887332,-155.92874366893406,40.91659471326203,2.5
34,1959.0,5.0,21.0,4.0,19.0,8.4,34.0,19.10337744432572,-155.84269782053389,18.066760060977437,2.6
35,1959.0,5.0,25.0,3.0,46.0,14.46,35.0,19.747010310371586,-155.27670060260007,25.38666070835424,2.6
36,1959.0,5.0,26.0,16.0,57.0,48.67,36.0,19.96533257762461,-155.38671674002438,39.76481257292986,3.0
37,1959.0,6.0,4.0,8.0,44.0,4.17,37.0,19.91673101971833,-155.22891953018794,28.735370942242703,2.6
38,1959.0,6.0,6.0,3.0,16.0,42.98,38.0,19.840084581915576,-155.72193357150155,28.083614436149038,3.1
39,1959.0,6.0,15.0,5.0,56.0,30.04,39.0,19.57322784570831,-155.71425207484356,43.05206647284678,2.8
40,1959.0,6.0,16.0,13.0,16.0,48.46,40.0,19.45237807403665,-154.9419735752861,6.162451424571929,2.5
41,1959.0,6.0,22.0,18.0,32.0,3.89,41.0,19.836672563993435,-155.39712897810057,44.327701465734975,3.1
42,1959.0,6.0,23.0,17.0,21.0,59.05,42.0,19.416502942870835,-155.06275618327555,16.7207106655293,2.5
43,1959.0,6.0,24.0,9.0,7.0,38.8,43.0,19.599704628434065,-155.0665000473368,19.297475973072256,3.3
44,1959.0,7.0,18.0,8.0,47.0,18.84,44.0,19.46952829098824,-155.8168375591537,4.258570247544304,4.5
45,1959.0,7.0,21.0,11.0,21.0,38.22,45.0,19.49613200708656,-155.90053839160188,23.950563262007044,2.8
46,1959.0,7.0,25.0,23.0,45.0,7.89,46.0,19.958764764849693,-155.44933852585132,16.520877202700635,2.6
47,1959.0,8.0,5.0,23.0,16.0,40.36,47.0,19.263183623619305,-155.6012382633505,13.871392146112516,2.8
48,1959.0,8.0,15.0,18.0,37.0,53.59,48.0,19.388136445591595,-155.184892881015,1.6161202230561336,2.7
49,1959.0,8.0,18.0,0.0,28.0,12.48,49.0,19.59734694750855,-154.9939392007687,28.99934146663601,2.5
50,1959.0,8.0,23.0,15.0,45.0,6.69,50.0,20.096049681451657,-155.7216537707207,7.785074111002787,2.9
51,1959.0,8.0,28.0,12.0,18.0,15.0,51.0,19.083859729763567,-155.5889679225363,8.762293923558795,3.7
52,1959.0,9.0,2.0,0.0,8.0,9.61,52.0,19.9421743805664,-155.2156262277012,4.733064030842865,2.6
53,1959.0,9.0,2.0,2.0,27.0,1.86,53.0,19.55414233008615,-155.9159901050769,26.118256252824505,2.8
54,1959.0,9.0,6.0,20.0,19.0,4.63,54.0,19.854966141599217,-155.78113264978208,12.97807344972244,2.9
55,1959.0,9.0,19.0,23.0,47.0,12.35,55.0,19.58050864415111,-155.80065530740382,22.2941586757777,2.8
56,1959.0,9.0,23.0,19.0,42.0,21.32,56.0,19.74047234026432,-155.33859469479978,32.42368485703535,2.8
57,1959.0,9.0,28.0,3.0,6.0,6.52,57.0,19.46629779154566,-155.2993821653776,23.1583010343988,3.1
58,1959.0,10.0,2.0,19.0,42.0,45.11,58.0,19.689939562715526,-155.4182119355018,25.83130903385337,3.3
59,1959.0,10.0,18.0,15.0,56.0,57.54,59.0,19.36957430521661,-155.50554174458745,31.024894712315437,2.8
60,1959.0,10.0,21.0,18.0,0.0,28.58,60.0,19.48788131675535,-155.92088897704303,14.82465891283302,3.1
61,1959.0,10.0,24.0,20.0,38.0,8.13,61.0,18.992572386530806,-155.63530815535705,29.553109559541785,2.5
62,1959.0,11.0,8.0,5.0,46.0,8.76,62.0,20.0512776365054,-155.40350143937357,12.38152522731002,2.8
63,1959.0,11.0,10.0,14.0,0.0,26.86,63.0,19.611008745463,-155.43131916811765,42.20863231986544,3.0
64,1959.0,11.0,12.0,8.0,10.0,0.62,64.0,19.785203911331426,-155.72351967305843,20.86844541028277,2.5
65,1959.0,11.0,16.0,23.0,2.0,51.46,65.0,19.713672309183867,-155.22890140970466,19.14736039681212,2.6
66,1959.0,11.0,19.0,10.0,30.0,47.19,66.0,19.44941645653844,-155.61408360204652,3.4110957685626806,3.2
67,1959.0,11.0,26.0,0.0,17.0,29.56,67.0,19.585153669893185,-155.88075359083197,21.29411160824532,2.5
68,1959.0,11.0,29.0,23.0,26.0,5.27,68.0,19.633071842407524,-155.3686829103232,10.652330476180596,2.6
69,1959.0,11.0,30.0,19.0,3.0,41.32,69.0,19.63168359822196,-155.84971809038456,21.351771828431065,2.7
70,1959.0,12.0,5.0,8.0,53.0,44.05,70.0,19.27866111524679,-155.77676697194997,6.31628612014744,2.7
71,1959.0,12.0,6.0,15.0,7.0,57.62,71.0,20.0074652149492,-155.4164950044074,16.307395543129196,3.2
72,1959.0,12.0,7.0,10.0,14.0,53.72,72.0,19.494050407801755,-155.05562346259416,38.78869675486,4.1
73,1959.0,12.0,7.0,11.0,58.0,51.42,73.0,19.471978155771748,-154.99619396493011,40.34178046586567,2.6
74,1959.0,12.0,13.0,9.0,48.0,41.66,74.0,19.8077754066916,-155.3189213915782,7.373988532620875,3.6
75,1960.0,1.0,1.0,6.0,40.0,29.92,75.0,19.6297572421882,-155.83391168687572,38.2218923469982,2.5
76,1960.0,1.0,2.0,7.0,42.0,41.65,76.0,19.2828503271072,-155.6508225454415,39.88192075579832,2.6
77,1960.0,1.0,3.0,6.0,55.0,47.53,77.0,19.54744712230968,-155.37522313263523,31.405408759085397,2.7
78,1960.0,1.0,9.0,18.0,10.0,5.33,78.0,19.46318788873907,-155.5629054365633,32.102041283250045,2.5
79,1960.0,1.0,31.0,17.0,34.0,34.14,79.0,19.685398577932265,-155.59635346398542,32.25731864633636,2.5
80,1960.0,2.0,4.0,3.0,28.0,22.45,80.0,20.012658614723808,-155.71849075063747,12.085707149543046,2.6
81,1960.0,2.0,5.0,9.0,53.0,47.1,81.0,19.877598255301784,-155.8591702739622,38.91743654829887,3.3
82,1960.0,2.0,9.0,7.0,20.0,7.43,82.0,19.665057101101542,-155.79531641512307,43.193394163516224,2.6
83,1960.0,2.0,21.0,3.0,27.0,41.09,83.0,19.41806047955644,-155.07837177453226,30.12413686878382,3.0
84,1960.0,2.0,25.0,6.0,20.0,30.58,84.0,19.603485791551808,-155.56629262378743,10.313803183183415,2.7
85,1960.0,2.0,26.0,19.0,20.0,32.9,85.0,19.92891413892022,-155.57308079670617,15.519880387227584,3.3
86,1960.0,2.0,29.0,21.0,49.0,43.52,86.0,19.264140179420107,-155.85858663362157,36.36722820924778,2.8
87,1960.0,3.0,4.0,5.0,19.0,12.11,87.0,19.71866005517948,-155.32249786256838,20.038162891007712,2.6
88,1960.0,3.0,5.0,6.0,29.0,46.88,88.0,19.44053628314273,-155.15318457940054,30.952025240305097,5.2
89,1960.0,3.0,28.0,7.0,15.0,29.93,89.0,19.32173807815881,-155.74351257729876,12.212022584425494,3.1
90,1960.0,4.0,1.0,17.0,18.0,49.27,90.0,19.988003694513846,-155.67282503876922,13.64184626552323,3.2
91,1960.0,4.0,5.0,9.0,28.0,13.26,91.0,19.91993666124153,-155.62602617082342,27.86697612106628,2.6
92,1960.0,4.0,5.0,13.0,23.0,7.43,92.0,19.64999896362684,-155.0515212994345,36.35483768325772,2.5
93,1960.0,4.0,7.0,21.0,39.0,8.43,93.0,20.073145937846267,-155.69573264945953,14.997726183451938,2.5
94,1960.0,4.0,9.0,1.0,58.0,43.31,94.0,19.520935326455383,-155.21132937404488,14.47338882884532,2.8
95,1960.0,4.0,15.0,3.0,53.0,5.51,95.0,19.3442470739595,-155.53156078596166,3.293101898655129,2.5
96,1960.0,4.0,23.0,19.0,14.0,57.25,96.0,20.013306057556605,-155.56467672116784,7.0951324451968505,2.9
97,1960.0,4.0,25.0,19.0,14.0,42.29,97.0,19.579522042089128,-155.05927550895797,13.4451995265385,2.5
98,1960.0,4.0,26.0,3.0,57.0,9.82,98.0,19.480146462333483,-155.1081210869846,26.634599773325053,2.8
99,1960.0,5.0,3.0,8.0,7.0,24.72,99.0,19.106845772617707,-155.85957114177302,16.68409186244461,3.3
100,1960.0,5.0,13.0,11.0,41.0,41.71,100.0,19.701813358105795,-155.8263205350589,36.0109573940137,4.2
101,1960.0,5.0,21.0,5.0,10.0,57.2,101.0,19.253619610208585,-155.6076886236755,6.666295319730514,2.5
102,1960.0,5.0,29.0,6.0,45.0,37.02,102.0,19.83805749157329,-155.87268263023077,9.225042037261758,3.5
103,1960.0,5.0,30.0,22.0,51.0,27.66,103.0,20.102462220718824,-155.746041575381,7.907246704037686,2.7
104,1960.0,6.0,4.0,18.0,22.0,49.95,104.0,20.00314952888502,-155.7097685711723,38.419994771489776,2.9
105,1960.0,6.0,7.0,14.0,30.0,23.6,105.0,19.06685155314669,-155.8313941766181,43.013940306531055,2.9
106,1960.0,6.0,11.0,18.0,40.0,4.37,106.0,19.53370035472349,-155.23767775357229,12.887955950003608,2.7
107,1960.0,6.0,25.0,7.0,58.0,40.79,107.0,19.488840593244724,-155.7760820489291,18.28360090890609,2.5
108,1960.0,7.0,4.0,22.0,36.0,10.12,108.0,19.11442329345367,-155.6765993048164,30.8792782312838,2.5
109,1960.0,7.0,5.0,14.0,56.0,4.65,109.0,19.593258830247144,-155.6798631499863,28.98156125102871,2.5
110,1960.0,7.0,11.0,6.0,10.0,58.36,110.0,19.61005398072084,-155.9321801637182,35.99823288209401,3.4
111,1960.0,7.0,14.0,2.0,43.0,19.7,111.0,19.893255786873983,-155.4534122380903,42.6757269184437,2.5
112,1960.0,7.0,22.0,15.0,48.0,31.99,112.0,19.966842613857835,-155.26724865184434,28.28200744982915,2.6
113,1960.0,8.0,3.0,3.0,18.0,44.73,113.0,19.43211983739843,-155.1842766932416,5.922164437782626,3.0
114,1960.0,8.0,4.0,20.0,8.0,54.07,114.0,19.5621108469862,-155.17499922656785,37.65094329212352,2.5
115,1960.0,8.0,6.0,9.0,57.0,54.19,115.0,19.057650030462508,-155.72359175833282,20.34057800029576,4.2
116,1960.0,8.0,8.0,16.0,21.0,59.84,116.0,19.33842706137195,-155.01852651586373,16.020814916086234,2.5
117,1960.0,8.0,15.0,5.0,30.0,28.45,117.0,20.121833146754803,-155.68007152180803,10.144974822531877,2.6
118,1960.0,8.0,21.0,0.0,22.0,5.59,118.0,19.42512199021466,-155.83846193562286,29.23606490705673,2.6
119,1960.0,8.0,21.0,12.0,41.0,29.48,119.0,19.66578202534816,-155.59892502422272,3.646763996321277,2.7
120,1960.0,8.0,21.0,16.0,23.0,46.02,120.0,20.029157117175693,-155.7641209805012,17.078424456924452,2.6
121,1960.0,8.0,30.0,13.0,7.0,34.78,121.0,19.39727076932555,-155.44074935385518,30.09052561144465,4.3
122,1960.0,9.0,6.0,9.0,15.0,5.39,122.0,19.29815359277283,-155.16076613939148,16.805390690221703,2.5
123,1960.0,9.0,18.0,4.0,46.0,35.92,123.0,19.83965842358202,-155.79783341624895,33.69596074815396,2.9
124,1960.0,9.0,30.0,17.0,1.0,49.13,124.0,19.819625986692245,-155.15063656022485,33.03205810222325,3.8
125,1960.0,9.0,30.0,22.0,54.0,54.44,125.0,19.72358571304764,-155.7867694220284,39.18496328959284,2.5
126,1960.0,10.0,7.0,1.0,31.0,35.24,126.0,19.48896063968329,-154.93409851766214,28.03276024256632,3.6
127,1960.0,10.0,11.0,2.0,21.0,50.33,127.0,20.01172417794012,-155.6966152519976,35.947305511696875,3.1
128,1960.0,10.0,30.0,21.0,32.0,52.41,128.0,19.47976657045107,-155.81220338382522,14.073391793305218,2.5
129,1960.0,11.0,1.0,0.0,23.0,8.36,129.0,19.747861209470496,-155.5069955066255,15.247685825954743,4.1
130,1960.0,11.0,5.0,19.0,13.0,59.34,130.0,19.480628248641725,-155.31314917195638,32.18964115987512,3.7
131,1960.0,11.0,11.0,14.0,6.0,44.31,131.0,19.80464496735962,-156.00419341843494,39.52231216405057,2.7
132,1960.0,11.0,16.0,1.0,41.0,38.87,132.0,19.781364744891405,-155.73121214458075,32.51306671267302,3.3
133,1960.0,11.0,22.0,2.0,38.0,22.88,133.0,19.43222917604709,-155.824121042779,30.63662270621174,2.8
134,1960.0,11.0,25.0,9.0,12.0,15.01,134.0,20.08530150071153,-155.53712752498845,11.036645403681437,4.1
135,1960.0,11.0,25.0,22.0,33.0,29.71,135.0,19.334523239282152,-155.168546144657,10.259807638588148,2.6
136,1960.0,11.0,25.0,23.0,30.0,16.99,136.0,20.064296773274137,-155.81962182336974,41.997056843843104,2.5
137,1960.0,12.0,5.0,18.0,57.0,53.41,137.0,19.72414359344002,-155.2715744177774,3.999214538602744,2.5
138,1960.0,12.0,16.0,5.0,51.0,48.69,138.0,19.807782495051327,-155.37389585347617,23.884559090486604,2.6
139,1960.0,12.0,17.0,6.0,24.0,18.0,139.0,19.816357995374634,-155.55801956417812,29.71427784917601,2.6
140,1960.0,12.0,19.0,13.0,40.0,13.7,140.0,19.80451038424421,-155.60422994086264,43.168417384129874,2.7
141,1960.0,12.0,23.0,18.0,48.0,16.54,141.0,19.41119366165647,-155.84511792806128,15.426976105091583,2.5
142,1961.0,1.0,5.0,21.0,59.0,41.42,142.0,19.25190904180756,-155.29128465016024,34.972435916656714,2.5
143,1961.0,1.0,11.0,13.0,44.0,26.66,143.0,20.068702299349912,-155.38997722531607,10.70332489566407,2.7
144,1961.0,1.0,20.0,19.0,4.0,44.84,144.0,19.9090225350266,-155.50597648614982,18.551183812703528,2.5
145,1961.0,2.0,8.0,6.0,13.0,4.55,145.0,19.459123155144365,-155.5355391191228,44.55354154820738,2.9
146,1961.0,2.0,10.0,8.0,46.0,47.6,146.0,19.6808901726781,-155.81784096802218,38.26650005825837,2.6
147,1961.0,2.0,15.0,14.0,56.0,24.51,147.0,19.57095628809145,-155.63954614911435,37.74935569507436,2.5
148,1961.0,2.0,22.0,20.0,19.0,7.72,148.0,19.69749437035394,-155.83014394283933,43.17611077216343,3.2
149,1961.0,2.0,23.0,13.0,12.0,35.66,149.0,19.8876792891826,-155.27227536906943,17.542195885630655,2.5
150,1961.0,3.0,4.0,18.0,38.0,55.02,150.0,19.4855215415968,-155.0256539885753,29.050729588068663,2.5
151,1961.0,3.0,6.0,9.0,17.0,30.74,151.0,19.26366275670762,-155.25842270462408,37.006994200659605,2.6
152,1961.0,3.0,10.0,17.0,5.0,42.18,152.0,20.185298451684474,-155.829938301091,42.055277948460045,3.1
153,1961.0,3.0,17.0,21.0,0.0,48.96,153.0,19.77784102535979,-155.08373333753696,41.70414744914246,2.6
154,1961.0,3.0,19.0,11.0,59.0,28.68,154.0,19.364084560568987,-155.6064656280552,30.72869936022803,2.9
155,1961.0,3.0,23.0,10.0,59.0,2.36,155.0,19.33104220480521,-155.02372034653808,1.813422967498872,2.6
156,1961.0,3.0,30.0,6.0,34.0,9.77,156.0,19.272290581953232,-155.6758107728129,31.257377728233493,3.5
157,1961.0,3.0,31.0,11.0,37.0,39.33,157.0,19.353606773774903,-155.4256716493831,21.671748382307165,3.0
158,1961.0,4.0,1.0,11.0,15.0,38.79,158.0,19.099706783319924,-155.74943876578138,26.91926019743424,4.0
159,1961.0,4.0,3.0,11.0,27.0,1.36,159.0,20.07262827071663,-155.66149831167868,18.90822935031807,2.8
160,1961.0,4.0,18.0,8.0,5.0,43.85,160.0,19.062639853728967,-155.7762343785509,11.259754826641196,2.5
161,1961.0,4.0,20.0,17.0,34.0,9.3,161.0,19.71570513632264,-155.43086484480213,15.851047244349614,2.5
162,1961.0,4.0,23.0,18.0,23.0,16.62,162.0,19.32942231686525,-155.23141872114002,36.29534314762586,2.8
163,1961.0,4.0,25.0,12.0,41.0,37.44,163.0,19.51909417693311,-155.42045858502954,7.082054334006673,2.5
164,1961.0,4.0,26.0,10.0,36.0,38.35,164.0,19.48948495262512,-155.02537792819925,37.87989052801451,2.9
165,1961.0,4.0,28.0,21.0,21.0,29.52,165.0,19.534762606019008,-155.7663743674045,32.839986648357794,2.7
166,1961.0,4.0,29.0,3.0,26.0,17.38,166.0,19.559572691449866,-155.8893582016985,20.05601162096807,3.6
167,1961.0,5.0,11.0,17.0,31.0,3.29,167.0,19.13282470672717,-155.6475022473065,37.42863251817868,2.7
168,1961.0,5.0,12.0,12.0,11.0,49.11,168.0,19.189777340828105,-155.46423229144878,10.923043378018168,2.6
169,1961.0,5.0,13.0,16.0,50.0,57.66,169.0,19.36949463699564,-155.28711041571884,44.26415898566559,2.8
170,1961.0,5.0,26.0,21.0,39.0,3.19,170.0,19.0861643421129,-155.8698383323956,1.6567321844173142,2.9
171,1961.0,5.0,27.0,3.0,16.0,51.79,171.0,19.55654155415536,-155.06393692170855,5.034747686664796,3.1
172,1961.0,5.0,28.0,11.0,19.0,14.57,172.0,19.9204337347748,-155.1662127488706,31.037201154613424,3.3
173,1961.0,5.0,28.0,17.0,12.0,49.63,173.0,19.650518713729262,-155.05062175638673,9.868894280753466,2.8
174,1961.0,5.0,30.0,23.0,39.0,4.76,174.0,19.329091504332187,-155.26291389351195,26.882431354837653,3.5
175,1961.0,6.0,27.0,0.0,49.0,37.86,175.0,19.63112944095753,-155.37265506580815,31.35976858626025,3.5
176,1961.0,6.0,28.0,5.0,8.0,38.62,176.0,19.57688935744769,-155.14935449329565,10.692876461105277,2.8
177,1961.0,7.0,11.0,19.0,12.0,37.83,177.0,18.96534842283665,-155.62949596520392,27.64632018907121,3.1
178,1961.0,7.0,16.0,7.0,20.0,46.18,178.0,19.69741249069232,-155.68550736859615,10.116980760198087,3.4
179,1961.0,7.0,19.0,18.0,15.0,27.57,179.0,19.660232191082624,-155.76200334008846,25.005704836425657,2.6
180,1961.0,7.0,20.0,9.0,6.0,33.43,180.0,19.351048215419784,-155.33839933966857,11.403183519509229,3.1
181,1961.0,7.0,20.0,14.0,57.0,48.51,181.0,19.51419787290995,-155.06485916477445,12.238974512951136,2.8
182,1961.0,8.0,1.0,16.0,25.0,51.98,182.0,19.517799987811912,-155.95258551914827,10.281753904980071,2.8
183,1961.0,8.0,9.0,12.0,46.0,34.99,183.0,19.855646836832182,-155.94530177430508,43.91495270230344,3.4
184,1961.0,8.0,11.0,1.0,9.0,48.33,184.0,19.927341106268774,-155.63080411354855,16.214395164176324,2.7
185,1961.0,8.0,12.0,1.0,50.0,56.87,185.0,19.65459409135333,-155.74002054393293,3.108860172541646,4.5
186,1961.0,8.0,26.0,3.0,40.0,11.95,186.0,19.59280082570082,-155.5351583159403,15.505724791592648,2.5
187,1961.0,8.0,26.0,23.0,20.0,18.96,187.0,19.272228293850752,-155.63751022422235,5.8103472911547165,2.5
188,1961.0,9.0,7.0,11.0,14.0,47.26,188.0,20.0376721011604,-155.32612144570876,11.72672418598566,2.5
189,1961.0,9.0,10.0,9.0,17.0,47.45,189.0,19.94756184302765,-155.6814097374664,40.98782954981013,2.5
190,1961.0,9.0,13.0,20.0,34.0,22.62,190.0,19.10270892160252,-155.56785223257242,17.96880224905479,2.7
191,1961.0,9.0,13.0,21.0,17.0,55.59,191.0,19.79784741047829,-155.2781691281596,10.16506426917536,2.7
192,1961.0,9.0,25.0,5.0,29.0,58.69,192.0,20.08964518425124,-155.56939736896965,12.3307707319496,2.9
193,1961.0,10.0,3.0,6.0,19.0,13.21,193.0,19.320090416859124,-155.52154453202348,38.76988086899459,3.3
194,1961.0,10.0,4.0,4.0,44.0,55.71,194.0,19.89478477033116,-155.3514575794285,39.75041278478866,3.9
195,1961.0,10.0,14.0,10.0,7.0,0.92,195.0,19.54337575089865,-154.92111606883583,33.38403217918359,3.1
196,1961.0,10.0,16.0,0.0,28.0,6.14,196.0,19.682923949675978,-155.4751995040698,3.044324686831415,2.6
197,1961.0,10.0,28.0,4.0,52.0,49.56,197.0,19.589553962186383,-155.26244107097492,9.911850288737142,3.0
198,1961.0,10.0,31.0,21.0,36.0,21.14,198.0,19.77570563324264,-155.48571278514075,24.987950680025023,2.8
199,1961.0,11.0,14.0,5.0,18.0,29.81,199.0,19.532872102539105,-155.17643548729083,4.918866498279005,3.3
200,1961.0,11.0,16.0,1.0,23.0,16.49,200.0,19.15344866946828,-155.78477117111925,4.693432806651151,2.9
201,1961.0,11.0,22.0,5.0,15.0,20.07,201.0,20.06524454707405,-155.43813600282326,25.860433924857983,2.5
202,1961.0,11.0,23.0,3.0,45.0,22.15,202.0,19.86259994681742,-155.3139744890846,30.22981278640439,4.3
203,1961.0,11.0,24.0,11.0,31.0,3.82,203.0,19.68013190667858,-155.81522145532892,13.079435472398805,2.5
204,1961.0,12.0,3.0,5.0,3.0,46.17,204.0,19.900431678730023,-155.8953311330756,43.56475848639059,2.5
205,1961.0,12.0,6.0,22.0,53.0,47.05,205.0,19.662975794081824,-155.08245828174122,15.75423660749816,2.9
206,1961.0,12.0,11.0,16.0,45.0,4.37,206.0,19.588315049063528,-155.40015597924514,10.87338297925924,3.3
207,1961.0,12.0,17.0,9.0,44.0,47.34,207.0,19.01255052826418,-155.61934443903533,32.66205345323421,3.1
208,1961.0,12.0,23.0,17.0,7.0,49.33,208.0,19.50075778306031,-155.76154344465218,40.07913987518202,2.9
209,1961.0,12.0,25.0,14.0,39.0,46.16,209.0,19.931464303845047,-155.47265631756693,41.95856077582428,3.2
210,1961.0,12.0,31.0,0.0,54.0,12.44,210.0,19.23480243651758,-155.52663084078017,44.441067995573455,3.1
211,1962.0,1.0,16.0,16.0,48.0,52.48,211.0,19.26215954862233,-155.72168758864674,42.02018758022046,3.2
212,1962.0,1.0,26.0,2.0,10.0,21.41,212.0,19.77381809377581,-155.7715726666911,7.963437373751637,2.9
213,1962.0,1.0,27.0,6.0,18.0,7.72,213.0,20.12403866905624,-155.6878390903909,1.9342755236603053,2.9
214,1962.0,1.0,29.0,14.0,0.0,7.54,214.0,19.577813017046005,-155.50763587962751,15.895380915131469,2.8
215,1962.0,1.0,30.0,15.0,16.0,12.18,215.0,19.843129603605604,-155.6996916702942,14.802521391799218,2.8
216,1962.0,2.0,25.0,1.0,15.0,49.17,216.0,20.0415190533884,-155.4981894174477,16.895275663210956,2.7
217,1962.0,2.0,25.0,23.0,32.0,59.52,217.0,19.348166819391984,-155.2076910362445,3.647736749543935,2.5
218,1962.0,2.0,27.0,6.0,6.0,17.71,218.0,19.40759649802388,-155.30257858927664,15.205824714243176,3.2
219,1962.0,3.0,4.0,12.0,59.0,53.35,219.0,19.95637039531537,-155.76676996359996,21.673763489007012,2.5
220,1962.0,3.0,5.0,11.0,50.0,31.65,220.0,19.802817497175564,-155.80942913524004,34.68687385548668,2.8
221,1962.0,3.0,10.0,12.0,21.0,29.75,221.0,19.355491442692625,-155.65342993151572,38.11233539409173,2.6
222,1962.0,3.0,14.0,6.0,13.0,21.21,222.0,19.76455552043938,-155.25354747794,32.76411975210078,3.1
223,1962.0,3.0,17.0,22.0,58.0,52.71,223.0,19.755062220701618,-155.65885682886145,34.73681890710412,2.8
224,1962.0,3.0,20.0,5.0,51.0,0.96,224.0,19.012963262232496,-155.68261337698678,36.263489991054016,2.7
225,1962.0,3.0,26.0,12.0,54.0,50.61,225.0,19.485248478202124,-155.18586193269496,39.36528988013277,2.5
226,1962.0,4.0,3.0,4.0,34.0,48.4,226.0,19.60459867668292,-155.34494658068286,31.633541503396785,2.6
227,1962.0,4.0,5.0,16.0,20.0,19.71,227.0,20.00261294480345,-155.66919933589145,28.813304267232127,2.7
228,1962.0,4.0,18.0,4.0,11.0,11.92,228.0,19.392689045100383,-155.33873821385802,42.13171011527766,3.1
229,1962.0,4.0,18.0,6.0,57.0,51.31,229.0,19.51291688965813,-155.4169892567624,36.028213732611874,3.0
230,1962.0,4.0,24.0,13.0,23.0,54.55,230.0,19.98856957169311,-155.4177513665911,41.53203030822296,3.0
231,1962.0,4.0,27.0,16.0,45.0,34.67,231.0,19.328133811293792,-155.30315540070245,42.42970268155382,2.5
232,1962.0,5.0,4.0,11.0,21.0,12.02,232.0,19.902176982322526,-155.28393316070944,30.495012623557145,2.5
233,1962.0,5.0,12.0,8.0,42.0,9.08,233.0,19.70172182205416,-155.14796072220054,8.582923655214554,2.5
234,1962.0,5.0,13.0,21.0,47.0,16.16,234.0,19.677644925668737,-155.13590626852792,1.1557811589681046,3.3
235,1962.0,5.0,18.0,23.0,37.0,30.36,235.0,19.02563282500564,-155.8062633353314,30.2659512574654,3.0
236,1962.0,5.0,19.0,5.0,30.0,12.42,236.0,19.674225380365503,-155.9471244155239,23.850171528081503,2.7
237,1962.0,5.0,20.0,7.0,18.0,6.25,237.0,18.995941658828336,-155.74432840014225,2.492683545339756,2.6
238,1962.0,5.0,22.0,16.0,11.0,40.66,238.0,19.53690439196556,-155.85856459073776,25.35705696575864,2.8
239,1962.0,5.0,25.0,17.0,56.0,14.06,239.0,19.56962537875537,-155.72505720690296,14.106350795791007,2.5
240,1962.0,5.0,25.0,20.0,30.0,20.84,240.0,18.988114246758403,-155.62190436613378,40.90547314378407,2.5
241,1962.0,5.0,27.0,0.0,51.0,55.36,241.0,19.39267883245488,-155.44396632525363,21.474775864013377,3.0
242,1962.0,5.0,27.0,17.0,49.0,25.78,242.0,19.88232717530473,-155.89382164593138,28.830603284782203,2.5
243,1962.0,6.0,1.0,0.0,6.0,31.95,243.0,20.056431481618738,-155.65938691093115,44.297656075467714,2.6
244,1962.0,6.0,7.0,12.0,21.0,21.38,244.0,19.815676512620104,-155.92964420235307,38.16267027240856,3.3
245,1962.0,6.0,9.0,22.0,19.0,54.65,245.0,19.97840304679105,-155.60604165095765,25.854981795071215,3.3
246,1962.0,6.0,10.0,1.0,20.0,13.96,246.0,19.97955560951686,-155.56685624084523,3.177519598740807,2.9
247,1962.0,6.0,15.0,8.0,0.0,23.38,247.0,20.079501404667827,-155.762593485729,35.032879181785205,2.5
248,1962.0,6.0,21.0,14.0,51.0,28.1,248.0,19.74745728128167,-155.44900607274437,40.4424722957718,2.9
249,1962.0,6.0,22.0,21.0,49.0,28.44,249.0,19.751164926874537,-155.42995216092964,22.064774209778317,2.8
250,1962.0,6.0,26.0,20.0,33.0,13.75,250.0,19.734792981039284,-155.5134215168597,17.62554741610389,2.5
251,1962.0,6.0,28.0,14.0,54.0,54.47,251.0,20.14731189075064,-155.7905822756909,21.342916572785683,3.3
252,1962.0,7.0,4.0,17.0,31.0,0.13,252.0,19.35764121038522,-155.46964567822428,18.770510616375976,2.8
253,1962.0,7.0,6.0,19.0,1.0,24.11,253.0,19.50339265441534,-154.933830416302,27.913559567299234,2.7
254,1962.0,7.0,8.0,6.0,39.0,6.38,254.0,20.048428375014247,-155.78090654709496,42.25493798169904,2.6
255,1962.0,7.0,10.0,2.0,44.0,38.96,255.0,19.97980493771351,-155.83447372665873,22.36099751872799,2.6
256,1962.0,7.0,10.0,17.0,30.0,42.39,256.0,19.875716626573173,-155.6833521712963,26.278841171628823,2.5
257,1962.0,7.0,14.0,14.0,57.0,10.63,257.0,19.50809259410921,-155.19535654359706,32.90934779074404,3.6
258,1962.0,7.0,20.0,5.0,1.0,33.88,258.0,19.3078954610364,-155.72460980799676,27.68594388772084,3.0
259,1962.0,7.0,29.0,18.0,27.0,35.54,259.0,19.59576971987096,-154.91574054352293,38.63152968324899,2.8
260,1962.0,8.0,2.0,15.0,10.0,5.28,260.0,19.1307558919788,-155.7834899196034,22.226585980032333,2.6
261,1962.0,8.0,5.0,12.0,41.0,2.97,261.0,19.112034810523173,-155.64603288486512,14.265930567161366,2.6
262,1962.0,8.0,21.0,9.0,21.0,5.81,262.0,19.045007410799386,-155.8462400744452,12.948281507286708,2.5
263,1962.0,8.0,24.0,3.0,18.0,23.88,263.0,19.902501776396225,-155.45846424531,42.91937554713151,3.1
264,1962.0,9.0,6.0,0.0,59.0,40.96,264.0,19.84681809678676,-155.11865003702152,6.148537421700478,2.5
265,1962.0,9.0,10.0,10.0,32.0,25.6,265.0,19.23651852694114,-155.8158393254352,8.25835303397979,2.6
266,1962.0,9.0,14.0,20.0,15.0,6.58,266.0,19.882541530286744,-155.88878382878883,16.71591497680511,2.8
267,1962.0,9.0,15.0,12.0,10.0,28.59,267.0,19.87364724078596,-155.91612708652062,20.096594689784197,3.2
268,1962.0,9.0,19.0,3.0,53.0,20.26,268.0,19.697361333286,-155.92554210200396,16.264418787097597,2.8
269,1962.0,9.0,19.0,7.0,38.0,18.19,269.0,19.79170094833953,-155.68051521645594,26.412801048513973,3.0
270,1962.0,9.0,26.0,4.0,11.0,28.49,270.0,19.98308743998336,-155.55996717117048,13.83383051081079,3.0
271,1962.0,10.0,6.0,23.0,37.0,17.65,271.0,19.41593471784839,-155.82117955314897,43.26306476998073,2.6
272,1962.0,10.0,15.0,0.0,45.0,57.39,272.0,19.66946132707648,-155.1912756285211,43.113825213117366,3.3
273,1962.0,10.0,15.0,16.0,35.0,6.25,273.0,19.947820175728022,-155.62107894509418,44.7898020849444,2.7
274,1962.0,10.0,17.0,5.0,19.0,2.89,274.0,19.30834177304038,-155.86241363071977,29.076662385526053,2.7
275,1962.0,10.0,26.0,12.0,8.0,32.55,275.0,20.123356697165264,-155.7155752434477,43.82332130268912,2.7
276,1962.0,10.0,28.0,4.0,1.0,55.42,276.0,20.104811657290387,-155.81485857460035,26.44905230420232,2.9
277,1962.0,10.0,29.0,0.0,10.0,47.19,277.0,19.352628766612348,-155.38625595667065,40.97837415903402,3.0
278,1962.0,10.0,29.0,14.0,23.0,18.82,278.0,19.797338488918584,-155.9883912098706,43.369695259235954,3.1
279,1962.0,11.0,7.0,2.0,20.0,10.19,279.0,19.643373882909824,-154.98427066351076,42.646344420246606,2.6
280,1962.0,11.0,11.0,15.0,3.0,4.36,280.0,19.54952680411184,-155.82429698347113,17.57099786021638,3.1
281,1962.0,11.0,11.0,18.0,9.0,0.67,281.0,19.95071927098733,-155.55824881519408,20.22258150124941,2.8
282,1962.0,11.0,14.0,0.0,54.0,27.15,282.0,19.863169062133743,-155.22955773955877,6.703630789857384,3.3
283,1962.0,11.0,15.0,3.0,51.0,19.42,283.0,19.51004975923971,-155.10619505892743,9.632931377288864,2.5
284,1962.0,11.0,19.0,1.0,17.0,45.96,284.0,19.560672419363144,-155.31372567343902,23.10340765533752,2.6
285,1962.0,11.0,28.0,4.0,18.0,0.26,285.0,19.628958361393185,-154.94467615986898,43.76862482603272,2.8
286,1962.0,11.0,28.0,10.0,4.0,6.67,286.0,19.83843397380094,-155.75556521465896,42.90814346546331,2.5
287,1962.0,12.0,7.0,3.0,32.0,21.49,287.0,19.52680273807508,-155.45037272928104,38.482635223107735,2.6
288,1962.0,12.0,10.0,12.0,35.0,41.11,288.0,19.481776160758947,-155.5602027783871,6.543679567154663,3.6
289,1962.0,12.0,13.0,12.0,16.0,21.43,289.0,19.82443225379013,-155.4866169805648,41.41612075758645,2.7
290,1962.0,12.0,16.0,16.0,26.0,44.85,290.0,19.877353365045423,-155.23298345142047,21.41806053407095,3.2
291,1962.0,12.0,22.0,17.0,3.0,57.29,291.0,19.81856058446571,-155.88991566038118,8.834168102212622,3.3
292,1962.0,12.0,29.0,2.0,56.0,31.45,292.0,19.879996276064027,-155.17131430150314,6.353489933757083,3.5
293,1963.0,1.0,2.0,16.0,19.0,21.31,293.0,19.92161901289646,-155.81326859069145,32.36850223246922,2.5
294,1963.0,1.0,4.0,1.0,7.0,16.7,294.0,19.019042268854545,-155.6780829474839,38.114030198588026,2.7
295,1963.0,1.0,9.0,14.0,4.0,43.48,295.0,20.047615824590004,-155.41688360682238,17.7610705333128,2.9
296,1963.0,1.0,14.0,14.0,6.0,28.57,296.0,19.63979392463674,-155.1510509908244,33.05867221404657,4.2
297,1963.0,1.0,15.0,8.0,31.0,32.96,297.0,19.10061721217093,-155.80303710659342,11.0533390018455,2.7
298,1963.0,1.0,16.0,16.0,49.0,11.44,298.0,19.549412183167195,-155.41106754941757,22.00938191197477,2.9
299,1963.0,1.0,18.0,2.0,19.0,24.97,299.0,19.30634357032382,-155.41375458168883,9.935972761967747,3.3
300,1963.0,1.0,21.0,1.0,56.0,14.97,300.0,19.76424909616013,-155.68097930749283,41.59903329298962,3.1
301,1963.0,1.0,22.0,15.0,43.0,32.16,301.0,19.89494343153297,-155.72360312014374,4.710371313647405,2.6
302,1963.0,1.0,25.0,16.0,0.0,45.52,302.0,19.66114105126073,-155.34120086965297,4.250376580755686,2.6
303,1963.0,1.0,26.0,2.0,4.0,24.63,303.0,20.18754950439876,-155.8850016201431,33.722276016003576,2.8
304,1963.0,1.0,31.0,9.0,39.0,23.89,304.0,19.15233657476846,-155.76700419012116,4.2350230456773374,2.8
305,1963.0,1.0,31.0,23.0,28.0,42.76,305.0,19.652729217118893,-154.97827256047748,4.627722210506672,2.6
306,1963.0,2.0,17.0,0.0,16.0,4.35,306.0,19.937282006342365,-155.48862994145867,36.030764077388575,2.9
307,1963.0,3.0,2.0,22.0,56.0,30.73,307.0,18.98973236788417,-155.69361485254151,8.560632540953986,2.6
308,1963.0,3.0,6.0,8.0,26.0,17.03,308.0,19.26445351615432,-155.74174854059012,41.03801061472009,2.5
309,1963.0,3.0,17.0,22.0,48.0,54.74,309.0,19.91312190713657,-155.79553208983984,36.419351773381976,2.8
310,1963.0,3.0,21.0,3.0,35.0,29.83,310.0,19.611633499096968,-154.9318680260063,16.41668946016184,2.5
311,1963.0,3.0,25.0,18.0,27.0,33.05,311.0,19.773540615362588,-155.60035118145035,41.6112019131136,2.7
312,1963.0,3.0,27.0,20.0,7.0,25.03,312.0,19.39000524311556,-155.4867283462664,10.337021850846464,2.7
313,1963.0,4.0,3.0,16.0,7.0,38.47,313.0,19.70797952158337,-155.69206462999608,33.028985426838844,2.8
314,1963.0,4.0,8.0,3.0,57.0,52.36,314.0,19.367012884432107,-155.14499809747406,22.509831963026222,3.2
315,1963.0,4.0,12.0,3.0,27.0,35.36,315.0,19.6702872523851,-155.9465247704945,42.61792180320074,3.1
316,1963.0,4.0,19.0,3.0,56.0,2.45,316.0,19.45558235398713,-155.7266150000366,14.567749419470678,2.9
317,1963.0,4.0,21.0,11.0,33.0,47.3,317.0,19.981149559485523,-155.704553340077,29.741455327418915,3.2
318,1963.0,4.0,25.0,8.0,49.0,42.33,318.0,19.27203823632622,-155.23425467097618,16.65597931150191,2.6
319,1963.0,4.0,27.0,0.0,42.0,1.6,319.0,19.46249556910011,-154.9966985353545,40.61351695107896,3.7
320,1963.0,4.0,27.0,3.0,13.0,52.08,320.0,19.10936737967521,-155.87249704046627,35.63135416877493,2.7
321,1963.0,5.0,8.0,1.0,5.0,36.03,321.0,19.590330435626225,-155.4798490103403,15.841299205356526,3.0
322,1963.0,5.0,9.0,17.0,11.0,23.4,322.0,19.453640196631813,-155.45771345260906,37.69206133899321,2.8
323,1963.0,5.0,10.0,18.0,11.0,56.74,323.0,19.824063052828784,-155.32941285529006,18.232953426106565,2.7
324,1963.0,5.0,24.0,13.0,14.0,46.47,324.0,19.241771386823483,-155.36613523054015,13.856230771933948,2.8
325,1963.0,5.0,30.0,20.0,6.0,56.57,325.0,19.39575648015812,-155.17333101823635,40.16022740681164,2.6
326,1963.0,6.0,8.0,20.0,11.0,54.73,326.0,19.53232091308928,-154.84831157277193,36.94062694674749,2.6
327,1963.0,6.0,12.0,8.0,50.0,18.0,327.0,20.02188215721845,-155.7128318166044,11.35022615267596,2.7
328,1963.0,6.0,28.0,23.0,26.0,19.89,328.0,19.450521303896704,-155.5580565113363,19.902330841093463,3.0
329,1963.0,6.0,29.0,21.0,36.0,43.05,329.0,19.27908543645981,-155.281387164082,13.035341468504091,4.3
330,1963.0,7.0,3.0,0.0,15.0,34.94,330.0,19.70502480689558,-155.30170552834767,25.47144444330552,3.6
331,1963.0,7.0,3.0,13.0,35.0,35.62,331.0,19.5653832073001,-155.5970264545346,36.33486190064528,4.8
332,1963.0,7.0,4.0,0.0,1.0,23.74,332.0,19.39249517036932,-155.65471501758532,14.090750525921315,2.6
333,1963.0,7.0,5.0,3.0,42.0,30.15,333.0,19.54292867370665,-154.8683049529398,30.486279490372013,2.6
334,1963.0,7.0,23.0,19.0,35.0,16.89,334.0,20.09716272393589,-155.8199346182231,24.994833253394447,2.6
335,1963.0,7.0,25.0,2.0,45.0,6.09,335.0,19.636648996162883,-155.88411748317932,13.04045225552989,2.6
336,1963.0,7.0,26.0,13.0,2.0,22.77,336.0,19.311555166107468,-155.28135093457524,17.75535096676489,2.5
337,1963.0,7.0,27.0,8.0,7.0,32.52,337.0,19.79234443704311,-155.5849920918824,29.48903481616317,2.7
338,1963.0,7.0,30.0,1.0,57.0,47.22,338.0,19.88052686878393,-155.47822291978457,37.80275696187515,2.6
339,1963.0,7.0,30.0,21.0,38.0,37.08,339.0,19.960671458895423,-155.46256310835773,9.842973888813258,2.5
340,1963.0,8.0,1.0,15.0,37.0,4.93,340.0,19.107976421784706,-155.85267621400473,21.449614904516014,2.5
341,1963.0,8.0,7.0,2.0,22.0,26.87,341.0,19.24898156227356,-155.32584388735364,30.24903950284656,2.5
342,1963.0,8.0,7.0,7.0,6.0,21.08,342.0,19.26248957186584,-155.70314971745552,5.470132518079104,3.3
343,1963.0,8.0,7.0,10.0,20.0,9.74,343.0,19.09985954252119,-155.79727291189442,34.0335906983945,2.7
344,1963.0,8.0,8.0,12.0,20.0,42.48,344.0,19.73972280142264,-155.80832217720945,22.10880532885777,2.5
345,1963.0,8.0,10.0,13.0,36.0,14.39,345.0,20.077322274639982,-155.44194268647263,41.34004156837928,2.8
346,1963.0,8.0,23.0,9.0,45.0,9.7,346.0,19.890508046992085,-155.84616979367948,44.9975820745745,3.0
347,1963.0,8.0,26.0,20.0,39.0,18.91,347.0,19.962831429570656,-155.35358001351958,29.506774392310056,2.6
348,1963.0,8.0,30.0,14.0,20.0,17.13,348.0,19.51550833226904,-155.8197380491492,22.699387237947573,4.1
349,1963.0,9.0,2.0,13.0,43.0,23.66,349.0,19.49248058861486,-154.8941293706618,41.71615454225765,3.1
350,1963.0,9.0,3.0,13.0,20.0,2.44,350.0,19.18895551556272,-155.58168598886598,39.14820750777453,2.5
351,1963.0,9.0,14.0,4.0,36.0,45.02,351.0,19.801415456952103,-155.90661979369008,27.20855874070909,2.7
352,1963.0,9.0,14.0,9.0,1.0,5.18,352.0,19.886706690166697,-155.38638575101416,40.95274099438561,3.0
353,1963.0,9.0,20.0,19.0,56.0,17.06,353.0,20.01532101542337,-155.42461616313383,25.39521242827253,3.0
354,1963.0,9.0,21.0,21.0,18.0,22.09,354.0,19.342144099962752,-155.2031911675837,41.70200356698869,4.8
355,1963.0,9.0,25.0,15.0,35.0,3.25,355.0,19.38106889094902,-155.0824845877444,34.30707204541892,2.6
356,1963.0,10.0,1.0,21.0,14.0,23.8,356.0,19.35390740877305,-155.57930118390902,24.069523405657787,5.3
357,1963.0,10.0,2.0,3.0,37.0,27.1,357.0,19.32142440729437,-155.85381115995693,1.8667473874192797,2.5
358,1963.0,10.0,7.0,1.0,42.0,6.66,358.0,19.567430201620887,-155.82434486343672,37.93252033360235,2.6
359,1963.0,10.0,8.0,23.0,50.0,14.58,359.0,19.83951534578476,-155.78484788375567,25.344075340487827,3.9
360,1963.0,10.0,10.0,16.0,50.0,34.99,360.0,19.82099950426516,-155.63587410194825,37.22408875117856,3.3
361,1963.0,10.0,12.0,0.0,40.0,2.29,361.0,19.452916918550887,-154.95568275505323,31.03585164253065,2.5
362,1963.0,10.0,14.0,23.0,7.0,8.4,362.0,19.793160998733235,-155.445888593487,39.74992630069549,3.0
363,1963.0,10.0,15.0,1.0,19.0,24.25,363.0,19.54776955016926,-155.91908656119296,40.31625507422548,2.7
364,1963.0,10.0,27.0,2.0,40.0,27.84,364.0,19.835808107273085,-155.61441897664486,25.498549320344644,2.7
365,1963.0,10.0,31.0,13.0,31.0,0.41,365.0,19.69985552837607,-155.99904018182718,11.893980224885958,2.7
366,1963.0,11.0,4.0,8.0,50.0,3.87,366.0,19.683111515873065,-155.46975733020793,25.335159693628597,2.6
367,1963.0,11.0,6.0,15.0,36.0,32.13,367.0,19.937012539102703,-155.85796845786265,37.563449347185575,3.3
368,1963.0,11.0,14.0,23.0,23.0,10.89,368.0,19.556281693813908,-155.65122391097833,22.98774327258324,2.6
369,1963.0,11.0,16.0,9.0,52.0,32.4,369.0,19.82397254735428,-155.75020003350593,23.763944935634232,2.9
370,1963.0,11.0,17.0,22.0,7.0,54.24,370.0,20.164998996008737,-155.69708260996617,9.640452531079742,2.6
371,1963.0,11.0,18.0,13.0,7.0,30.87,371.0,19.51683805017161,-155.27135511980754,41.69337722801129,2.5
372,1963.0,11.0,19.0,17.0,41.0,40.5,372.0,20.017105945405863,-155.27164805558758,13.249256996851337,2.8
373,1963.0,11.0,20.0,12.0,28.0,20.61,373.0,19.54832125340576,-155.33038256344338,23.23956152153385,2.5
374,1963.0,11.0,22.0,2.0,40.0,5.57,374.0,19.47846817770748,-155.1123513231534,36.21989930780023,3.2
375,1963.0,11.0,22.0,15.0,59.0,34.5,375.0,19.545925222465048,-155.14984976114374,5.794956570767567,2.7
376,1963.0,12.0,4.0,3.0,11.0,58.14,376.0,19.285968643958952,-155.17544997464904,11.431651765392658,3.4
377,1963.0,12.0,5.0,14.0,51.0,23.02,377.0,19.63505929291884,-155.81779620712365,30.98781768816404,3.2
378,1963.0,12.0,7.0,7.0,47.0,57.59,378.0,19.458056058476497,-155.3409101002137,12.954989233821012,3.1
379,1963.0,12.0,13.0,16.0,38.0,18.85,379.0,20.022536634596023,-155.5039920876014,12.20637385849246,2.5
380,1963.0,12.0,17.0,21.0,20.0,29.16,380.0,19.64790050516017,-155.7729353192593,2.187214736540974,3.0
381,1963.0,12.0,21.0,19.0,26.0,28.81,381.0,19.29408054873249,-155.6394817204977,6.916655163444304,3.4
382,1963.0,12.0,26.0,19.0,20.0,42.42,382.0,19.80393618685041,-155.71011277838787,20.618861408873528,3.1
383,1963.0,12.0,29.0,13.0,44.0,35.31,383.0,19.48566917034192,-154.8877255900421,20.03871566315308,2.6
384,1964.0,1.0,9.0,20.0,23.0,17.94,384.0,19.379103716687567,-155.13031508757663,44.37409562106989,2.7
385,1964.0,1.0,18.0,1.0,23.0,23.88,385.0,19.885730632729206,-155.41873896515153,9.692020092664338,2.8
386,1964.0,1.0,22.0,2.0,58.0,30.41,386.0,19.3856586473673,-155.02211129364844,20.64312678456738,3.1
387,1964.0,1.0,30.0,20.0,54.0,48.26,387.0,19.015397604090424,-155.83016318833475,7.993675288453211,2.8
388,1964.0,2.0,6.0,7.0,45.0,49.58,388.0,19.568055082237304,-155.499004538422,19.10860273083088,2.8
389,1964.0,2.0,7.0,1.0,51.0,12.03,389.0,19.93685589153262,-155.23512813995026,1.2797938489351526,3.1
390,1964.0,2.0,9.0,22.0,10.0,20.34,390.0,19.86485688893074,-155.25928355622034,12.424598324196117,2.7
391,1964.0,2.0,13.0,14.0,35.0,54.47,391.0,19.82236957456274,-155.8079125301313,2.9174405718281413,2.9
392,1964.0,2.0,24.0,6.0,38.0,14.27,392.0,19.940270652005143,-155.5534468616716,26.75882986941313,2.5
393,1964.0,3.0,4.0,23.0,18.0,46.3,393.0,19.66911957351452,-155.28025911738652,42.64821984209588,2.7
394,1964.0,3.0,6.0,14.0,10.0,58.48,394.0,19.079729567739022,-155.58642439662842,12.63541912061446,3.6
395,1964.0,3.0,7.0,1.0,8.0,34.02,395.0,19.82543017262401,-155.76588474650924,3.24026291127948,3.0
396,1964.0,3.0,9.0,21.0,39.0,22.05,396.0,19.36611372063194,-155.83539348999253,10.39837073601821,3.0
397,1964.0,3.0,16.0,8.0,46.0,41.34,397.0,19.950077473325923,-155.17145094400243,3.924733745319442,2.5
398,1964.0,3.0,18.0,11.0,15.0,10.65,398.0,19.72440287244765,-155.41940821164513,20.78353656840549,2.9
399,1964.0,3.0,24.0,20.0,6.0,6.66,399.0,19.25416239157757,-155.34378845515732,26.751155612656067,2.8
400,1964.0,4.0,4.0,1.0,42.0,25.91,400.0,19.30856297181289,-155.80322647143527,8.86439582922215,2.9
401,1964.0,4.0,10.0,8.0,51.0,45.94,401.0,19.54131890580343,-155.1573378732424,13.471401447802297,3.7
402,1964.0,4.0,19.0,23.0,47.0,58.23,402.0,19.170537150299204,-155.8398965152258,42.50842736715865,2.7
403,1964.0,4.0,23.0,7.0,4.0,56.91,403.0,19.675649946131774,-155.38765834681928,30.82660301933052,3.8
404,1964.0,4.0,25.0,10.0,55.0,27.21,404.0,19.135649628520863,-155.7311196766766,24.828750051110728,2.6
405,1964.0,4.0,25.0,15.0,31.0,9.35,405.0,19.854025427354244,-155.44355690539962,10.79631626736404,2.5
406,1964.0,5.0,1.0,8.0,51.0,55.95,406.0,19.29706076720033,-155.68950709712158,26.34253566423826,3.5
407,1964.0,5.0,6.0,7.0,20.0,38.02,407.0,19.9800595880811,-155.18855695646593,15.413957564335918,2.7
408,1964.0,5.0,7.0,12.0,41.0,21.43,408.0,19.64205701073188,-155.86399992082275,18.69928295352713,2.5
409,1964.0,5.0,7.0,22.0,14.0,15.73,409.0,19.92680524067581,-155.33928007381314,9.02281888447762,2.7
410,1964.0,5.0,15.0,1.0,16.0,49.91,410.0,20.14743193587921,-155.69282367799383,32.516359003235095,2.5
411,1964.0,5.0,16.0,6.0,25.0,40.17,411.0,19.3746158441438,-155.86135233371152,42.61714095870506,2.6
412,1964.0,5.0,17.0,7.0,26.0,28.83,412.0,19.451806343706465,-155.8878473445074,40.89401947350378,2.6
413,1964.0,5.0,23.0,0.0,26.0,23.3,413.0,19.74015620269222,-155.18552992252978,44.07049728544641,2.5
414,1964.0,5.0,27.0,2.0,26.0,24.14,414.0,20.17321386569432,-155.78286718236157,9.367730041285306,2.5
415,1964.0,5.0,30.0,2.0,20.0,22.07,415.0,19.657175273448928,-155.68924287044493,25.270925524807804,2.9
416,1964.0,6.0,2.0,3.0,17.0,20.66,416.0,19.72241696334671,-155.8912657844396,18.69911576793685,2.6
417,1964.0,6.0,7.0,19.0,19.0,46.62,417.0,19.38923841808736,-155.39021313030202,11.057316051061118,3.0
418,1964.0,6.0,13.0,9.0,27.0,59.76,418.0,19.707217111611783,-155.12452845417013,19.7850240780168,2.5
419,1964.0,6.0,13.0,23.0,38.0,9.91,419.0,19.08474825812896,-155.743885605978,13.643106284138302,2.8
420,1964.0,6.0,15.0,12.0,34.0,47.04,420.0,19.34325810442057,-155.793764820403,23.90095534467269,2.7
421,1964.0,6.0,19.0,8.0,30.0,10.48,421.0,19.004232877078195,-155.60944878374457,44.97662462344351,2.7
422,1964.0,6.0,20.0,0.0,9.0,41.68,422.0,19.84185799071916,-155.77780444131253,24.95257550733505,2.8
423,1964.0,7.0,10.0,10.0,14.0,6.7,423.0,19.428626284807194,-155.28669401056027,28.080640673677895,2.8
424,1964.0,7.0,11.0,3.0,13.0,11.66,424.0,19.532045592789263,-154.9418860160554,39.75143737650588,2.9
425,1964.0,7.0,12.0,12.0,6.0,43.79,425.0,19.220818020803424,-155.6955397575354,32.32945137732098,3.0
426,1964.0,7.0,17.0,5.0,39.0,46.15,426.0,19.317077748160337,-155.5212221287379,6.987633268230718,2.6
427,1964.0,7.0,17.0,7.0,35.0,45.43,427.0,19.6186177086876,-155.68214977689536,12.265096148621575,2.7
428,1964.0,7.0,20.0,1.0,42.0,19.15,428.0,19.91710542473786,-155.4711380496571,32.08199239664433,2.7
429,1964.0,7.0,20.0,8.0,8.0,55.62,429.0,19.67498087869536,-155.09211440080034,34.14431502024732,3.0
430,1964.0,7.0,29.0,18.0,19.0,50.82,430.0,19.81429275162385,-155.10267095319438,39.49273669069278,2.7
431,1964.0,7.0,30.0,18.0,44.0,12.43,431.0,19.78383590653879,-155.55069910930527,23.01209922784668,2.6
432,1964.0,8.0,2.0,2.0,18.0,43.3,432.0,20.023312659407686,-155.47964586421446,11.428582830322986,3.3
433,1964.0,8.0,2.0,9.0,30.0,54.68,433.0,20.028607671933088,-155.34785057688788,35.643448696401805,2.8
434,1964.0,8.0,2.0,14.0,48.0,23.76,434.0,19.38238818894743,-155.35637142102854,7.709919856218559,3.8
435,1964.0,8.0,13.0,14.0,30.0,56.46,435.0,19.05895561592749,-155.70975928287453,15.130036345047984,2.9
436,1964.0,8.0,25.0,18.0,37.0,33.55,436.0,19.98252254598428,-155.43869930114323,6.115190724336607,4.5
437,1964.0,8.0,29.0,2.0,36.0,18.79,437.0,19.75564876370072,-155.35531019339533,32.09484261287696,2.5
438,1964.0,8.0,29.0,6.0,58.0,24.34,438.0,19.54168829766684,-154.9159559070605,15.904273942140538,2.6
439,1964.0,8.0,29.0,16.0,22.0,15.45,439.0,19.77171795267381,-156.02189282105792,13.361956142945932,3.0
440,1964.0,8.0,30.0,15.0,45.0,35.98,440.0,19.272208136513964,-155.31167606390454,6.98836826259092,3.1
441,1964.0,9.0,4.0,10.0,5.0,40.27,441.0,19.193665526045905,-155.70719277620216,43.81844429983512,2.5
442,1964.0,9.0,5.0,12.0,55.0,32.7,442.0,19.49913696922224,-155.32621080067236,39.24779979132114,3.0
443,1964.0,9.0,8.0,13.0,17.0,42.23,443.0,19.888824371238304,-155.73286285791082,35.543541870668136,3.2
444,1964.0,9.0,8.0,22.0,9.0,32.22,444.0,19.095679372855525,-155.74684496398865,8.316075048547003,3.5
445,1964.0,9.0,10.0,6.0,2.0,34.57,445.0,19.63782396433048,-155.77566435838142,16.186362972368393,3.0
446,1964.0,9.0,10.0,17.0,11.0,19.31,446.0,19.90731167291671,-155.60240960899768,37.805228042764746,3.6
447,1964.0,9.0,11.0,14.0,35.0,14.8,447.0,19.56310054841328,-155.6151246870129,42.43299681472391,4.1
448,1964.0,9.0,17.0,1.0,13.0,5.68,448.0,19.92694494150456,-155.2910364215761,16.871194398748976,3.0
449,1964.0,10.0,8.0,16.0,38.0,45.75,449.0,19.61345769119248,-155.80828301166574,6.815304851271932,3.4
450,1964.0,10.0,16.0,10.0,3.0,31.35,450.0,19.6670393252186,-155.1592178726165,36.0907430161515,3.0
451,1964.0,10.0,24.0,15.0,57.0,46.88,451.0,19.012976038738376,-155.83643428068646,9.73792920150127,2.8
452,1964.0,10.0,24.0,21.0,21.0,50.83,452.0,19.089037197359715,-155.81484010665432,1.1403796016660932,3.1
453,1964.0,11.0,13.0,0.0,12.0,8.82,453.0,19.74005590214662,-155.6734932043562,30.059517813082422,3.4
454,1964.0,11.0,18.0,3.0,57.0,55.28,454.0,19.53403471727929,-155.56054595888514,7.008026252458699,2.6
455,1964.0,11.0,21.0,14.0,46.0,53.06,455.0,19.91718752156609,-155.322986908063,2.593232904237535,3.0
456,1964.0,11.0,22.0,20.0,13.0,51.84,456.0,19.664104734221844,-155.15460229013098,38.148846627943,2.5
457,1964.0,11.0,25.0,1.0,32.0,37.37,457.0,19.42063496002852,-155.10634517131973,11.273099346300508,2.8
458,1964.0,12.0,1.0,6.0,57.0,19.92,458.0,19.40078999601497,-155.7718407530351,29.16140130779953,2.9
459,1964.0,12.0,8.0,16.0,58.0,58.26,459.0,19.46573285824613,-155.39404451619924,7.906615282273695,2.6
460,1964.0,12.0,8.0,18.0,29.0,21.34,460.0,19.72093923499189,-155.7770776815443,36.19552706894261,2.6
461,1964.0,12.0,9.0,20.0,0.0,44.96,461.0,19.32185095599569,-155.5533430118841,10.270919967815797,2.8
462,1964.0,12.0,13.0,8.0,18.0,0.41,462.0,19.438431166946184,-155.3350970483156,38.89682442491502,2.7
463,1964.0,12.0,14.0,14.0,58.0,7.34,463.0,19.78412577148596,-155.0901877324277,31.11234263512352,2.7
464,1964.0,12.0,15.0,4.0,39.0,40.79,464.0,19.474899692367497,-155.59531615759334,4.593788550656724,2.9
465,1964.0,12.0,15.0,19.0,54.0,35.73,465.0,19.476939105565044,-155.69922417495468,44.40153782122493,2.5
466,1964.0,12.0,16.0,3.0,23.0,37.12,466.0,19.621741871043863,-154.94749682746374,2.3536095140695275,3.1
467,1964.0,12.0,25.0,18.0,30.0,42.66,467.0,19.645752889773256,-155.6448005595206,42.30592966651384,2.8
468,1965.0,1.0,8.0,4.0,31.0,6.25,468.0,19.83914987044656,-155.35979054763803,17.12822058703942,2.7
469,1965.0,1.0,11.0,7.0,30.0,57.77,469.0,19.59826955152116,-155.04743130274798,15.4716699838254,2.5
470,1965.0,1.0,23.0,2.0,54.0,21.63,470.0,19.687681772705616,-155.56933493230497,21.792244499403008,3.0
471,1965.0,1.0,28.0,1.0,27.0,55.05,471.0,19.97675642612633,-155.74867439920504,18.17793176870164,2.6
472,1965.0,1.0,28.0,1.0,50.0,57.32,472.0,19.96833183622476,-155.5755041394106,18.004618445479277,2.6
473,1965.0,1.0,30.0,3.0,32.0,13.61,473.0,19.032508741088883,-155.56258891877326,9.927338053298772,2.8
474,1965.0,2.0,2.0,15.0,26.0,33.8,474.0,19.80583051341574,-155.86741047710797,23.43051120688917,2.6
475,1965.0,2.0,9.0,17.0,37.0,52.4,475.0,19.36582952851536,-155.02756045788468,6.530301776208143,3.1
476,1965.0,2.0,14.0,15.0,41.0,43.32,476.0,19.8367692561418,-155.7742155609457,10.89658582059127,2.6
477,1965.0,2.0,16.0,8.0,51.0,42.35,477.0,19.43875668761108,-155.47518550238777,3.0836783818704685,2.5
478,1965.0,2.0,16.0,18.0,27.0,38.05,478.0,19.626867328075697,-155.38785181758698,4.364207517140851,2.7
479,1965.0,2.0,20.0,20.0,50.0,52.37,479.0,19.935825923210505,-155.60805206863185,41.30525708816889,2.5
480,1965.0,2.0,21.0,14.0,8.0,23.17,480.0,19.38049685784849,-155.00836260224355,3.6684930053931697,3.4
481,1965.0,2.0,24.0,17.0,55.0,19.76,481.0,19.584854180309243,-155.38751795837737,39.439155161981,2.6
482,1965.0,3.0,3.0,3.0,38.0,29.03,482.0,19.110489975637705,-155.8262981742511,4.604254042517351,3.1
483,1965.0,3.0,3.0,10.0,48.0,51.17,483.0,19.57300799482764,-155.6083243079804,25.27388969161077,2.9
484,1965.0,3.0,10.0,3.0,29.0,36.28,484.0,19.11064798300872,-155.69450817096117,28.996232830226045,3.1
485,1965.0,3.0,12.0,14.0,18.0,38.15,485.0,19.66964002350304,-155.68005354502836,12.829319887331264,2.8
486,1965.0,3.0,18.0,18.0,25.0,48.48,486.0,19.58859408828576,-155.2016691369991,35.22613275605545,4.3
487,1965.0,3.0,20.0,3.0,49.0,19.46,487.0,19.687196669804777,-155.68488851694997,21.170436085647832,2.6
488,1965.0,3.0,21.0,12.0,36.0,4.19,488.0,19.8069963115976,-155.99300445267335,40.83990870506912,3.9
489,1965.0,3.0,29.0,8.0,19.0,16.32,489.0,19.325683516724222,-155.4331045402755,26.62664301018678,3.0
490,1965.0,4.0,3.0,11.0,53.0,10.49,490.0,19.94772141376155,-155.80275599454836,41.131040391912,2.8
491,1965.0,4.0,6.0,15.0,0.0,31.24,491.0,20.0507941333801,-155.69676284507727,13.731605741490451,3.2
492,1965.0,4.0,6.0,18.0,2.0,21.47,492.0,20.18148204317881,-155.85702626136168,32.431527682561914,2.5
493,1965.0,4.0,25.0,14.0,50.0,4.4,493.0,19.53417379140704,-155.18160507335296,38.80375991729539,2.6
494,1965.0,4.0,28.0,2.0,11.0,28.48,494.0,19.657993794742268,-155.05489082032855,29.52633829427089,2.8
495,1965.0,5.0,6.0,0.0,2.0,50.31,495.0,19.785063233702328,-155.14130548558012,27.874734435177437,2.7
496,1965.0,5.0,12.0,16.0,3.0,9.71,496.0,19.720457077173343,-155.48193124758646,24.97343980179604,2.7
497,1965.0,5.0,14.0,22.0,23.0,46.9,497.0,19.228820549204777,-155.6587352039665,44.24513091545761,2.7
498,1965.0,5.0,23.0,12.0,26.0,30.22,498.0,19.0176274342815,-155.7798198275551,31.404098250248666,2.6
499,1965.0,5.0,25.0,9.0,52.0,19.16,499.0,19.382885178447008,-155.58560158777698,4.879985345506156,2.6
500,1965.0,6.0,4.0,6.0,36.0,38.99,500.0,19.84477878211467,-155.696049304482,16.330658626980608,2.5
501,1965.0,6.0,5.0,11.0,52.0,3.95,501.0,19.54896603121,-155.21005226918496,23.012058764231643,2.7
502,1965.0,6.0,6.0,6.0,24.0,19.14,502.0,19.991811261862512,-155.40099860690285,20.217881877605954,2.5
503,1965.0,6.0,9.0,16.0,20.0,24.49,503.0,19.62081301790976,-155.68992377615635,27.96032270943689,2.7
504,1965.0,6.0,11.0,18.0,13.0,46.66,504.0,19.42059417885529,-155.12039412879403,1.6814794154922257,2.5
505,1965.0,6.0,12.0,20.0,21.0,48.37,505.0,19.97939018200996,-155.6784435220262,14.301428726985666,2.5
506,1965.0,6.0,19.0,18.0,52.0,14.16,506.0,19.686264357157945,-155.32990705670792,7.5073808450453345,2.5
507,1965.0,6.0,21.0,19.0,43.0,10.74,507.0,19.208475369325605,-155.82176817754095,42.33844303377067,2.7
508,1965.0,7.0,10.0,3.0,46.0,40.85,508.0,19.45197649561533,-155.1991138440784,6.200333010810866,3.2
509,1965.0,7.0,13.0,10.0,48.0,42.69,509.0,19.928201463603628,-155.25280583749117,2.3341925016771867,2.9
510,1965.0,7.0,15.0,22.0,12.0,2.53,510.0,19.89670093029569,-155.62999290896602,27.07173425275434,2.8
511,1965.0,7.0,18.0,19.0,33.0,19.56,511.0,20.000805766952084,-155.766037455395,44.99187505603073,2.5
512,1965.0,7.0,18.0,23.0,48.0,19.63,512.0,19.52166397237816,-155.09945386180033,24.33784122853947,3.3
513,1965.0,7.0,22.0,16.0,8.0,7.64,513.0,19.57145414572097,-155.74395517103997,28.45005339321617,2.7
514,1965.0,8.0,2.0,5.0,20.0,58.41,514.0,19.34944829770396,-155.42348772278913,44.5036423006335,2.9
515,1965.0,8.0,7.0,1.0,46.0,31.61,515.0,19.947348955673057,-155.70972838908602,21.01052131577105,2.5
516,1965.0,8.0,16.0,4.0,8.0,35.95,516.0,19.82578398333676,-155.08958662573923,28.7264963681147,2.5
517,1965.0,8.0,18.0,0.0,4.0,5.84,517.0,19.953029584383888,-155.39138359784786,21.42175020611825,2.9
518,1965.0,8.0,21.0,17.0,40.0,17.55,518.0,19.76201658648916,-155.31399569278477,11.822327190000992,2.5
519,1965.0,9.0,6.0,9.0,2.0,3.9,519.0,19.92908643906057,-155.34503383708915,14.547517371009876,2.6
520,1965.0,9.0,6.0,9.0,57.0,46.07,520.0,19.49332520681642,-155.03205799316396,29.8149492201737,2.9
521,1965.0,9.0,9.0,15.0,6.0,16.03,521.0,19.77548457633178,-155.9711800202368,24.34633574320437,3.0
522,1965.0,9.0,10.0,16.0,19.0,48.74,522.0,19.78134014239248,-155.68810906537735,2.8049411997267804,2.7
523,1965.0,9.0,11.0,9.0,6.0,28.55,523.0,19.57798247264109,-155.5525997435346,21.52813608570595,2.6
524,1965.0,9.0,15.0,16.0,30.0,11.76,524.0,19.52222946467087,-155.628526140317,25.64071887116786,3.1
525,1965.0,9.0,19.0,0.0,30.0,59.63,525.0,19.899809638634515,-155.6243558354561,32.28623247806036,2.8
526,1965.0,9.0,29.0,16.0,46.0,47.55,526.0,19.292376020166664,-155.32402394576087,42.58111002525264,2.5
527,1965.0,10.0,6.0,22.0,15.0,29.1,527.0,19.1010059531146,-155.59254193303727,21.424587686661148,2.9
528,1965.0,10.0,23.0,9.0,10.0,4.51,528.0,19.95231517882444,-155.28281865981063,10.917748525507871,2.7
529,1965.0,10.0,26.0,1.0,5.0,39.61,529.0,19.712257579268545,-155.41611714564652,1.9300155042628464,2.5
530,1965.0,10.0,28.0,23.0,59.0,20.9,530.0,19.49122572179676,-155.7516808024232,37.58993384974936,2.8
531,1965.0,10.0,31.0,9.0,20.0,46.11,531.0,19.598050183701275,-155.72766729300366,20.726820501411133,3.0
532,1965.0,11.0,7.0,8.0,25.0,39.64,532.0,19.437845449421765,-155.73705287238033,22.8241777126808,2.5
533,1965.0,11.0,7.0,12.0,27.0,48.12,533.0,19.784123856733743,-155.68552011380865,44.99782807714811,2.5
534,1965.0,11.0,13.0,1.0,35.0,28.96,534.0,19.508285664643303,-154.93545473488646,8.345109756518559,2.7
535,1965.0,11.0,13.0,22.0,1.0,54.61,535.0,19.81277528657493,-155.94830987570336,12.68422024422622,3.2
536,1965.0,12.0,6.0,19.0,46.0,54.0,536.0,19.62442706850068,-155.10306956491587,19.00862627109682,2.5
537,1965.0,12.0,8.0,5.0,19.0,19.07,537.0,19.68747460980104,-155.50112838859278,12.003538181288482,2.9
538,1965.0,12.0,8.0,13.0,3.0,0.67,538.0,20.069052885043824,-155.64815487513525,3.5463975010612776,3.5
539,1965.0,12.0,11.0,23.0,10.0,27.03,539.0,20.04372477244777,-155.4278086698105,26.029695386810232,3.4
540,1965.0,12.0,19.0,3.0,8.0,34.47,540.0,19.593271609399668,-155.1171586289974,17.427499880090814,2.9
541,1965.0,12.0,19.0,4.0,44.0,52.95,541.0,19.214309471124075,-155.70871592451192,7.409852429635134,2.5
542,1965.0,12.0,29.0,5.0,3.0,43.79,542.0,19.72227922679288,-155.40025319806583,16.908705034650637,2.6
543,1965.0,12.0,30.0,20.0,43.0,58.94,543.0,19.503467203037665,-155.94174069544644,35.16284971049791,2.5
544,1966.0,1.0,6.0,14.0,55.0,38.88,544.0,19.2714995537281,-155.68770206039946,6.267625657773709,3.2
545,1966.0,1.0,8.0,21.0,9.0,45.7,545.0,19.058742960741352,-155.6765114540459,11.683501317153969,3.3
546,1966.0,1.0,9.0,13.0,3.0,41.25,546.0,19.453282592088165,-155.29153018761866,38.21034463478012,2.6
547,1966.0,1.0,9.0,13.0,20.0,19.86,547.0,19.911813386671646,-155.56551471743578,43.83704145341776,2.9
548,1966.0,1.0,14.0,11.0,34.0,0.59,548.0,19.84171988268012,-155.55258972910624,33.52000402833546,3.1
549,1966.0,1.0,18.0,10.0,57.0,53.04,549.0,19.634762791482505,-155.8984906270217,10.355662578105772,2.7
550,1966.0,2.0,5.0,12.0,59.0,41.39,550.0,19.444128130173087,-155.4788201637126,19.35956032620755,2.7
551,1966.0,2.0,11.0,11.0,19.0,6.25,551.0,19.339440851718685,-155.72175288825483,38.38685102248199,2.7
552,1966.0,2.0,21.0,16.0,59.0,25.17,552.0,19.290425725024253,-155.31247438432948,15.338126859818184,3.9
553,1966.0,2.0,21.0,17.0,57.0,40.45,553.0,19.49921065412381,-155.17871440930088,5.722774935095924,2.7
554,1966.0,3.0,3.0,19.0,13.0,36.63,554.0,20.12576012162899,-155.70917561021824,14.044078373001716,3.7
555,1966.0,3.0,4.0,20.0,39.0,23.78,555.0,19.6519387502266,-155.45364485544172,28.313052144061604,3.0
556,1966.0,3.0,13.0,23.0,27.0,28.25,556.0,19.06607151653285,-155.61081727867517,22.584692051329903,2.6
557,1966.0,3.0,25.0,11.0,15.0,35.61,557.0,19.722050359657533,-155.34844012058906,8.538690686999516,2.5
558,1966.0,3.0,26.0,2.0,48.0,59.22,558.0,19.70624115321139,-155.01290251208505,12.7666644538256,3.8
559,1966.0,3.0,28.0,4.0,52.0,43.5,559.0,19.608521837862376,-154.95835866943222,26.00707992629355,2.7
560,1966.0,4.0,19.0,6.0,21.0,55.1,560.0,19.584576323543985,-154.9850985817487,29.64600906710249,2.8
561,1966.0,4.0,21.0,7.0,25.0,22.26,561.0,19.71631089821972,-155.09212797781544,33.0405826912088,3.3
562,1966.0,4.0,22.0,18.0,57.0,20.91,562.0,19.79574132603192,-155.67324408494252,44.84990080516134,3.0
563,1966.0,4.0,24.0,14.0,39.0,10.83,563.0,19.343874420963434,-155.38079408221213,22.21121534350361,2.8
564,1966.0,4.0,27.0,18.0,46.0,15.23,564.0,19.454188633872366,-155.32477230592264,43.09556741882625,2.6
565,1966.0,5.0,6.0,12.0,18.0,42.04,565.0,19.564301592786283,-155.70392643591194,7.132991789688806,2.5
566,1966.0,5.0,9.0,3.0,46.0,38.01,566.0,19.554034308858498,-154.8521094438886,36.621814775574975,3.5
567,1966.0,5.0,13.0,2.0,7.0,37.44,567.0,19.766761070927213,-155.8186765339852,14.129815492654352,2.9
568,1966.0,5.0,15.0,0.0,49.0,49.54,568.0,19.9521727944801,-155.6869778363572,21.647041978404445,2.5
569,1966.0,5.0,16.0,21.0,47.0,56.22,569.0,19.77194295080056,-156.0216140096901,22.396035004376337,2.6
570,1966.0,5.0,19.0,5.0,0.0,45.08,570.0,19.138144542501,-155.5621852247557,42.793933319813206,2.8
571,1966.0,5.0,19.0,20.0,30.0,11.5,571.0,19.23123276447057,-155.31510725683987,44.07310895010474,2.5
572,1966.0,5.0,27.0,10.0,37.0,47.8,572.0,19.95172003981984,-155.317501980975,7.813258776224831,2.5
573,1966.0,5.0,28.0,1.0,4.0,20.69,573.0,19.474565558849008,-155.5728478233743,3.111823774374063,3.0
574,1966.0,5.0,31.0,17.0,47.0,49.69,574.0,19.635512253253577,-155.09247231551748,3.892955980699329,2.6
575,1966.0,6.0,1.0,2.0,26.0,52.53,575.0,19.55592088865654,-155.91061507060198,8.438811107294251,2.5
576,1966.0,6.0,6.0,1.0,32.0,56.48,576.0,19.21128503342307,-155.62559692635463,10.249640044790944,2.6
577,1966.0,6.0,12.0,14.0,40.0,45.34,577.0,19.46935509388897,-155.3307145630097,37.875854380726096,2.8
578,1966.0,6.0,14.0,10.0,43.0,16.1,578.0,19.173430140931647,-155.83579311462617,23.653020777646507,3.1
579,1966.0,6.0,21.0,12.0,57.0,43.05,579.0,19.208597835714976,-155.5403411344227,31.667083834714685,3.0
580,1966.0,6.0,30.0,9.0,32.0,2.66,580.0,19.83254304270629,-155.30468749184325,43.5548116455622,2.5
581,1966.0,7.0,13.0,14.0,23.0,49.69,581.0,19.89007735093724,-155.48654238866777,24.17603225263319,2.5
582,1966.0,7.0,14.0,19.0,12.0,31.92,582.0,20.10650371353437,-155.57244772447638,36.990980533955,2.6
583,1966.0,7.0,22.0,11.0,34.0,27.94,583.0,19.53312139840366,-155.9467446266024,26.3537008399885,2.7
584,1966.0,8.0,1.0,14.0,17.0,49.24,584.0,19.57286565460996,-155.74448034994273,25.547458484155243,2.6
585,1966.0,8.0,3.0,0.0,15.0,46.01,585.0,19.72206929421372,-155.90723930375142,6.33338918951408,2.6
586,1966.0,8.0,3.0,22.0,1.0,3.15,586.0,19.579260779675234,-155.14861419744298,10.548359326515746,2.8
587,1966.0,8.0,11.0,23.0,40.0,57.52,587.0,19.44041233316005,-155.36783502869588,29.146186099161078,3.0
588,1966.0,8.0,13.0,12.0,12.0,52.21,588.0,19.410920981016226,-155.48857530275936,31.232481110664693,3.2
589,1966.0,8.0,13.0,21.0,51.0,46.77,589.0,20.056157472839555,-155.35633540095765,36.55636474456145,2.8
590,1966.0,8.0,19.0,14.0,9.0,50.85,590.0,19.590239508784755,-155.9324648197759,9.884493187020675,4.4
591,1966.0,8.0,19.0,17.0,48.0,51.52,591.0,19.51116907581374,-154.84710529192392,20.38560797417973,3.0
592,1966.0,8.0,25.0,18.0,5.0,37.37,592.0,19.593403381352893,-155.8188940493793,18.42941659605165,3.3
593,1966.0,8.0,29.0,20.0,44.0,58.3,593.0,20.20112597744569,-155.7840472014317,28.97951573835856,2.6
594,1966.0,9.0,16.0,13.0,10.0,21.41,594.0,19.31932300811379,-155.46115345081748,9.35197955879522,2.9
595,1966.0,9.0,18.0,12.0,46.0,29.35,595.0,19.458233223824188,-155.4388906046536,43.85388368091989,2.9
596,1966.0,9.0,20.0,21.0,57.0,13.8,596.0,19.294815061629347,-155.86123865916662,24.21245156731519,2.8
597,1966.0,10.0,5.0,0.0,50.0,52.55,597.0,19.730161721379066,-155.71523405025607,19.13195212852749,2.8
598,1966.0,10.0,7.0,19.0,6.0,2.52,598.0,19.057426983145103,-155.63462467771257,11.517833627329292,2.7
599,1966.0,10.0,9.0,20.0,57.0,45.51,599.0,19.407267315221844,-155.01475692624595,14.026738200826063,3.2
600,1966.0,10.0,11.0,18.0,19.0,16.28,600.0,19.56915804252482,-155.5340365599155,31.470671831222887,2.5
601,1966.0,10.0,18.0,18.0,31.0,59.55,601.0,19.518587696364303,-155.73991639696143,18.66194427177402,2.7
602,1966.0,10.0,19.0,7.0,45.0,39.43,602.0,19.76672451867045,-155.770464017024,3.111048419142276,2.5
603,1966.0,10.0,21.0,20.0,16.0,37.68,603.0,19.924914914257307,-155.30210831202865,13.609707691135371,3.0
604,1966.0,10.0,24.0,6.0,2.0,43.2,604.0,19.649412080856976,-155.33537415801936,43.32707045719507,3.0
605,1966.0,10.0,24.0,18.0,43.0,48.2,605.0,19.33533788309781,-155.20534998518352,1.1585998974648342,3.2
606,1966.0,10.0,25.0,12.0,33.0,15.58,606.0,19.623231111731613,-155.6776539367969,4.816327414474703,2.8
607,1966.0,10.0,26.0,7.0,28.0,18.69,607.0,19.79176027940646,-155.5984707597418,35.89544200922577,2.5
608,1966.0,11.0,4.0,23.0,24.0,22.35,608.0,19.988723684866315,-155.65837395285268,13.115454079910236,2.7
609,1966.0,11.0,28.0,11.0,9.0,56.36,609.0,19.94653305710341,-155.56343336767677,27.99324703440885,2.8
610,1966.0,12.0,3.0,21.0,40.0,20.99,610.0,19.789699701499018,-155.84014121679252,19.309941700706545,3.0
611,1966.0,12.0,4.0,2.0,0.0,55.71,611.0,19.221673973050937,-155.64378054991056,28.41975536815522,2.5
612,1966.0,12.0,6.0,5.0,6.0,44.29,612.0,19.51875433383649,-155.00902258185408,37.66724246320808,2.6
613,1966.0,12.0,11.0,20.0,24.0,21.81,613.0,19.54703745654389,-155.6057443327424,15.287218373255726,2.6
614,1966.0,12.0,12.0,21.0,32.0,18.94,614.0,19.53362502849515,-154.9548559026529,40.318364734163005,2.6
615,1966.0,12.0,17.0,12.0,42.0,28.12,615.0,19.60679843631952,-155.72591926728492,6.013148301362579,3.1
616,1966.0,12.0,19.0,17.0,0.0,7.76,616.0,19.60063911849966,-155.00422434079874,10.905304469774148,2.7
617,1966.0,12.0,23.0,7.0,47.0,34.68,617.0,19.7455306659322,-155.89501829765405,31.93657445578076,2.6
618,1966.0,12.0,28.0,16.0,23.0,42.75,618.0,20.091048813825584,-155.78413426632378,37.864009754265,2.9
619,1966.0,12.0,30.0,22.0,55.0,27.24,619.0,19.55206467364975,-155.77568248716392,17.472930101983277,3.4
620,1967.0,1.0,4.0,11.0,13.0,41.12,620.0,19.26126087293703,-155.53890922074515,27.37641748306616,3.0
621,1967.0,1.0,8.0,8.0,5.0,55.63,621.0,19.78798262370134,-155.1382149666789,31.389236950174496,2.9
622,1967.0,1.0,9.0,0.0,32.0,19.68,622.0,19.933972335155104,-155.39003089427894,29.06934535012321,2.5
623,1967.0,1.0,9.0,3.0,55.0,24.04,623.0,18.986898289465973,-155.6997685214992,21.807042291755952,4.0
624,1967.0,1.0,16.0,22.0,29.0,25.55,624.0,19.782071515370312,-155.90514002063705,13.366919308009916,2.9
625,1967.0,1.0,21.0,20.0,14.0,57.92,625.0,19.60353937325464,-155.5171565428037,23.374774303937507,2.6
626,1967.0,1.0,22.0,18.0,1.0,23.55,626.0,19.261152937847225,-155.57520685120923,10.66231361906151,3.1
627,1967.0,1.0,23.0,6.0,19.0,32.32,627.0,19.20416604944365,-155.83197344076137,41.56385260762909,2.6
628,1967.0,1.0,24.0,0.0,45.0,11.9,628.0,19.595955567090574,-155.39969008718126,19.86680234516548,2.8
629,1967.0,1.0,24.0,6.0,11.0,33.44,629.0,19.62701698995784,-155.81616828761256,15.557704012981372,2.5
630,1967.0,1.0,30.0,10.0,58.0,42.52,630.0,19.266083091347625,-155.84127121809985,34.871682680561285,2.5
631,1967.0,2.0,1.0,23.0,33.0,49.8,631.0,19.84921117597547,-155.42093000957442,1.89818704667787,2.9
632,1967.0,2.0,2.0,6.0,38.0,49.82,632.0,19.1453574970156,-155.84058143061182,17.001777449069643,3.6
633,1967.0,2.0,9.0,13.0,44.0,49.74,633.0,19.625972451107693,-155.03982781675307,26.944581784766463,2.9
634,1967.0,2.0,10.0,17.0,1.0,17.19,634.0,19.69886254412431,-155.95677391792273,30.658865019948887,2.7
635,1967.0,2.0,11.0,10.0,32.0,8.23,635.0,19.81898583854589,-155.24324634015667,36.98891075599531,2.6
636,1967.0,2.0,11.0,17.0,1.0,54.21,636.0,19.555493324936748,-154.91710856145772,34.48785711060738,2.9
637,1967.0,2.0,16.0,13.0,2.0,2.49,637.0,19.431761314951952,-155.51063135473987,42.16478092389635,2.7
638,1967.0,2.0,18.0,17.0,53.0,50.16,638.0,18.93639317323043,-155.65848680511502,3.780279556859025,3.5
639,1967.0,2.0,18.0,21.0,24.0,4.39,639.0,19.56727032859674,-155.71622845724875,5.49452405318275,2.5
640,1967.0,2.0,27.0,22.0,12.0,12.1,640.0,19.59225191870147,-155.56308716764735,24.938196714426216,2.6
641,1967.0,2.0,28.0,7.0,40.0,25.03,641.0,19.97624405622045,-155.72624341971883,19.146923829119608,4.3
642,1967.0,3.0,3.0,21.0,2.0,8.95,642.0,19.498422371900013,-155.58886895171042,5.3372675348360605,2.7
643,1967.0,3.0,6.0,1.0,43.0,49.11,643.0,19.47735660890409,-155.5767865927031,8.50472211552904,2.6
644,1967.0,3.0,8.0,23.0,59.0,49.65,644.0,19.40061464275988,-155.38209594398083,30.92916968832937,2.5
645,1967.0,3.0,11.0,3.0,25.0,11.57,645.0,19.1742035617086,-155.49664310534524,8.664515229072215,3.1
646,1967.0,3.0,17.0,0.0,7.0,29.71,646.0,19.14548158740339,-155.5763502035256,42.526836700021406,2.5
647,1967.0,3.0,22.0,5.0,14.0,7.87,647.0,19.88807649903891,-155.57854846184205,14.727377663866832,2.9
648,1967.0,3.0,24.0,7.0,35.0,0.77,648.0,19.3832661854056,-154.97548837222982,7.421363711840867,2.5
649,1967.0,3.0,29.0,20.0,7.0,20.2,649.0,19.416284495920905,-155.04929451930747,39.33953703757417,2.6
650,1967.0,4.0,2.0,4.0,49.0,31.08,650.0,19.80986476619056,-155.14319264278072,28.58437868326305,3.2
651,1967.0,4.0,5.0,9.0,48.0,52.19,651.0,19.442467108525967,-155.75516673817287,17.598832859239728,2.6
652,1967.0,4.0,9.0,10.0,9.0,24.2,652.0,19.86368121469888,-155.5194551158784,34.19132962631997,3.1
653,1967.0,4.0,14.0,6.0,14.0,36.52,653.0,19.32419627177529,-155.0819112728688,33.953203103903206,2.5
654,1967.0,4.0,18.0,6.0,28.0,8.04,654.0,19.75327664840224,-155.5791710350921,14.569645967404568,2.8
655,1967.0,4.0,30.0,6.0,47.0,44.39,655.0,19.71593945814604,-155.4835981071848,13.796686580097065,2.6
656,1967.0,5.0,6.0,11.0,50.0,31.99,656.0,19.32480200013664,-155.77179024213973,20.63898671076973,2.5
657,1967.0,5.0,16.0,5.0,57.0,9.0,657.0,19.616723264598463,-155.49750646963383,16.643319022166057,2.6
658,1967.0,5.0,23.0,0.0,2.0,18.15,658.0,19.278068295071225,-155.3508684518263,15.323568227011576,3.0
659,1967.0,5.0,24.0,18.0,25.0,40.5,659.0,19.855223195284747,-155.92984973880348,1.846443563906449,2.5
660,1967.0,6.0,3.0,22.0,25.0,56.54,660.0,19.81691802388304,-155.64274773341268,3.886460842138867,2.6
661,1967.0,6.0,4.0,1.0,43.0,51.7,661.0,19.568671815801206,-154.87916333581128,37.14076725060768,2.6
662,1967.0,6.0,23.0,0.0,14.0,59.44,662.0,19.440314422276057,-155.1190136296878,12.77807095194538,2.8
663,1967.0,6.0,30.0,6.0,28.0,45.61,663.0,19.7711861795997,-155.56723653679725,8.333064077537617,2.5
664,1967.0,6.0,30.0,14.0,3.0,50.26,664.0,19.62445251043729,-155.85875685519542,19.695623970687503,2.8
665,1967.0,7.0,2.0,5.0,16.0,8.63,665.0,20.034022705997355,-155.50405763409745,42.32640869954055,2.5
666,1967.0,7.0,5.0,18.0,11.0,36.86,666.0,19.0671453890432,-155.77069250360955,38.64877460020762,2.9
667,1967.0,7.0,7.0,14.0,51.0,39.04,667.0,19.600649799071004,-155.41995211185625,21.07877707256687,2.5
668,1967.0,7.0,14.0,7.0,12.0,56.07,668.0,19.83522188708026,-155.20342430214762,10.558176795899511,2.7
669,1967.0,7.0,15.0,9.0,23.0,5.51,669.0,19.63410051406047,-155.2181132085118,38.25721598549328,2.5
670,1967.0,7.0,17.0,2.0,34.0,43.18,670.0,19.79127452664783,-155.4244358778516,11.392359544863258,2.5
671,1967.0,7.0,21.0,5.0,8.0,43.7,671.0,19.801974692413587,-155.19820898243898,42.91829595089175,2.5
672,1967.0,7.0,24.0,20.0,31.0,31.16,672.0,18.97716760644319,-155.62815661778913,16.7157147698141,3.7
673,1967.0,8.0,2.0,14.0,51.0,44.94,673.0,19.28825948782595,-155.10999656868384,16.406532661112394,4.3
674,1967.0,8.0,12.0,0.0,33.0,47.27,674.0,19.454442718064097,-155.71832908926478,3.571772066975244,3.4
675,1967.0,8.0,24.0,0.0,36.0,23.64,675.0,19.044184924233008,-155.7074818720526,24.563499148222803,2.5
676,1967.0,8.0,28.0,11.0,13.0,30.91,676.0,19.133226405973137,-155.85156806614242,29.177525626773196,2.5
677,1967.0,9.0,6.0,8.0,57.0,22.97,677.0,19.635957652666068,-155.74516188900228,27.075929936614337,2.6
678,1967.0,9.0,8.0,18.0,55.0,32.67,678.0,20.076208624717665,-155.63658971612682,27.109342166575345,2.9
679,1967.0,9.0,20.0,4.0,54.0,22.48,679.0,19.550183769303555,-155.50513066045883,8.964906268500092,2.6
680,1967.0,9.0,29.0,17.0,29.0,26.82,680.0,19.37711223698449,-155.09181037046477,39.78241332218349,2.8
681,1967.0,10.0,2.0,21.0,0.0,56.29,681.0,19.8498579975214,-155.46467313588622,5.984512494591871,3.1
682,1967.0,10.0,4.0,21.0,14.0,6.39,682.0,19.53741911673442,-155.7151099607361,2.608269232307864,2.7
683,1967.0,10.0,5.0,3.0,11.0,34.56,683.0,19.68158766267139,-155.2229601774652,9.971715162947316,2.6
684,1967.0,10.0,7.0,19.0,34.0,48.87,684.0,19.589482573926443,-155.70131220458003,31.28178199825048,4.1
685,1967.0,10.0,11.0,13.0,49.0,9.55,685.0,19.79388673379968,-155.32996285492263,22.168377950216478,3.3
686,1967.0,10.0,13.0,21.0,33.0,39.65,686.0,19.562849357641344,-155.10975893542724,13.496056323559223,4.9
687,1967.0,10.0,17.0,12.0,25.0,18.1,687.0,19.47700131283875,-155.86385606857704,44.033185633675366,3.1
688,1967.0,10.0,18.0,8.0,4.0,50.65,688.0,19.58368153763653,-155.2563156836132,1.3519215597288023,2.7
689,1967.0,10.0,22.0,11.0,24.0,41.27,689.0,19.795986545128248,-155.53100053171195,29.32470831988542,2.8
690,1967.0,10.0,29.0,22.0,52.0,38.51,690.0,19.84745569501396,-155.51769118738548,14.387453436602105,3.2
691,1967.0,10.0,30.0,18.0,43.0,33.62,691.0,19.725881013658903,-155.35677985396185,12.144619212431053,4.1
692,1967.0,11.0,3.0,6.0,17.0,39.06,692.0,19.466422143687,-155.64129411261422,8.681954639621324,2.8
693,1967.0,11.0,8.0,11.0,5.0,28.22,693.0,19.52469314683988,-155.82679268159728,27.995667640606243,3.0
694,1967.0,11.0,11.0,7.0,25.0,10.47,694.0,19.691928078234444,-155.87411731511827,22.63479869097945,2.5
695,1967.0,11.0,12.0,5.0,46.0,8.65,695.0,19.752282996150125,-155.8820800777442,31.24941010319204,4.8
696,1967.0,11.0,28.0,12.0,33.0,33.55,696.0,19.46393504064176,-155.24375431487988,33.02627347233927,2.6
697,1967.0,11.0,29.0,20.0,34.0,54.99,697.0,19.490824333188176,-154.8197402155778,32.55451246905666,2.7
698,1967.0,12.0,2.0,19.0,28.0,42.85,698.0,19.12367983229703,-155.66892019333383,35.51415318026613,2.5
699,1967.0,12.0,19.0,23.0,21.0,15.71,699.0,19.31576678343741,-155.85669746320383,15.930555317186728,3.1
700,1967.0,12.0,20.0,20.0,55.0,13.78,700.0,20.08670396974462,-155.69991151614528,30.809831112034797,2.7
701,1967.0,12.0,21.0,20.0,18.0,6.98,701.0,19.95177960723128,-155.6625330618723,43.86851323584646,2.5
702,1967.0,12.0,22.0,9.0,40.0,53.48,702.0,19.83030789863861,-155.36265194565854,37.02060832944365,3.9
703,1968.0,1.0,7.0,17.0,39.0,5.6,703.0,19.373809889737647,-155.8034540478404,24.628502717106876,2.6
704,1968.0,1.0,14.0,12.0,51.0,58.86,704.0,19.607372144304776,-155.61542063059494,17.95671224109193,2.8
705,1968.0,1.0,17.0,5.0,0.0,27.78,705.0,19.823997135591508,-155.18812091634203,22.416082476568693,2.9
706,1968.0,1.0,21.0,0.0,32.0,0.03,706.0,19.31331869022908,-155.10132642952922,16.006151592960624,2.6
707,1968.0,1.0,25.0,20.0,22.0,9.97,707.0,19.295764350037626,-155.1559908673751,41.34457485334443,2.8
708,1968.0,1.0,31.0,1.0,48.0,56.46,708.0,19.36999309443535,-155.41413161350306,16.431016431283272,2.5
709,1968.0,2.0,13.0,23.0,32.0,41.81,709.0,19.479542370208044,-155.26665364223948,31.737091263486,2.8
710,1968.0,2.0,20.0,1.0,55.0,17.02,710.0,19.10013884098206,-155.71597038106592,41.17818396948914,2.7
711,1968.0,2.0,25.0,15.0,56.0,39.22,711.0,19.83238448106997,-155.89963861266324,44.38522186624554,3.5
712,1968.0,2.0,28.0,16.0,53.0,23.34,712.0,19.694953582157297,-155.9832702485827,24.11718083279442,2.6
713,1968.0,2.0,28.0,18.0,51.0,13.44,713.0,19.48272426104468,-155.31515834163977,8.081553085724755,2.5
714,1968.0,3.0,2.0,14.0,37.0,28.6,714.0,19.85407178754075,-155.81148098189996,24.8951664738561,2.9
715,1968.0,3.0,3.0,6.0,10.0,37.89,715.0,19.83232381978147,-155.45543348689526,19.580800905684757,3.8
716,1968.0,3.0,7.0,3.0,17.0,36.81,716.0,19.38102923490224,-155.38950353145142,33.16769435069211,2.7
717,1968.0,3.0,11.0,3.0,19.0,48.49,717.0,19.915620143169143,-155.37254974601177,35.79614994178322,2.6
718,1968.0,3.0,30.0,12.0,26.0,8.57,718.0,19.52964155288656,-155.79899061786136,5.785933977630648,2.5
719,1968.0,4.0,5.0,16.0,27.0,53.41,719.0,19.93699205739262,-155.46736047931407,7.662664951949269,2.8
720,1968.0,4.0,7.0,8.0,27.0,31.01,720.0,19.88847004307561,-155.30409594980796,44.93403997265763,3.1
721,1968.0,4.0,11.0,17.0,9.0,36.61,721.0,19.72427949603893,-155.12299657046793,1.722862183964414,2.5
722,1968.0,4.0,13.0,1.0,54.0,54.21,722.0,19.942421862791893,-155.6247059478348,23.580151575138327,2.8
723,1968.0,4.0,13.0,10.0,56.0,28.75,723.0,20.15431262284289,-155.6490460393998,4.039140912117782,3.6
724,1968.0,4.0,25.0,7.0,36.0,45.64,724.0,19.14917366989597,-155.56862846542694,18.57165853333092,2.9
725,1968.0,5.0,7.0,16.0,25.0,24.29,725.0,19.524325260435525,-155.16940717479844,21.043415699703807,2.5
726,1968.0,5.0,9.0,5.0,53.0,39.96,726.0,19.049791420728035,-155.5476190249776,28.97582550253979,2.5
727,1968.0,5.0,12.0,14.0,26.0,39.91,727.0,19.68315391233751,-155.5702727043183,5.788837590896756,2.6
728,1968.0,5.0,21.0,20.0,31.0,4.66,728.0,19.374951480591488,-155.28234352178046,1.2579666647360166,2.5
729,1968.0,5.0,23.0,20.0,38.0,53.97,729.0,19.23990780887717,-155.64722656751692,44.58423214199321,2.5
730,1968.0,5.0,23.0,21.0,53.0,14.44,730.0,19.701377185372102,-155.14314640942655,4.089786973197478,2.6
731,1968.0,5.0,29.0,10.0,26.0,22.81,731.0,19.481089732321223,-155.63248197631165,42.22286808682959,2.5
732,1968.0,6.0,1.0,4.0,38.0,36.51,732.0,19.93927234890605,-155.7875225566218,11.97250906848785,2.5
733,1968.0,6.0,5.0,13.0,31.0,16.14,733.0,19.59987234476068,-155.45494307280228,35.22330538628159,2.6
734,1968.0,6.0,18.0,8.0,36.0,6.33,734.0,19.725395711229275,-155.08756809623986,15.85987468960918,3.0
735,1968.0,6.0,25.0,5.0,26.0,4.13,735.0,20.086101799143464,-155.563583093338,40.80537660580596,2.6
736,1968.0,6.0,29.0,23.0,59.0,22.09,736.0,19.763809140754297,-155.8132241167333,14.778620895610036,2.5
737,1968.0,7.0,4.0,10.0,7.0,52.75,737.0,19.117245953129903,-155.87078034966038,28.818762997685667,3.3
738,1968.0,7.0,8.0,19.0,1.0,33.24,738.0,19.66066387600061,-155.7261191005995,30.84891054755209,2.8
739,1968.0,7.0,9.0,9.0,40.0,4.35,739.0,19.41850725112356,-155.57297563905556,29.97995131267698,3.7
740,1968.0,7.0,10.0,12.0,58.0,52.67,740.0,19.467556640521064,-155.54546625259138,28.18347407624853,2.6
741,1968.0,7.0,10.0,20.0,50.0,55.84,741.0,19.93437542533125,-155.24071028505253,3.4351955545514863,2.5
742,1968.0,7.0,12.0,22.0,47.0,18.23,742.0,19.72883603756995,-155.47664010596012,12.542212406960791,3.0
743,1968.0,7.0,16.0,20.0,53.0,16.1,743.0,20.10002795860327,-155.69422776028065,35.08805481400658,3.2
744,1968.0,7.0,20.0,22.0,30.0,47.22,744.0,19.754933896418404,-155.85454888268754,14.318703864418296,2.9
745,1968.0,8.0,2.0,0.0,50.0,43.51,745.0,18.98096965243552,-155.61930654480074,8.944601631098383,3.7
746,1968.0,8.0,2.0,19.0,18.0,56.51,746.0,19.38666737445551,-155.5815007267853,35.23789431280183,2.6
747,1968.0,8.0,21.0,13.0,0.0,50.8,747.0,19.647879839383965,-155.5103431982027,28.41865982982988,2.9
748,1968.0,8.0,23.0,10.0,19.0,3.62,748.0,19.82750912200525,-155.19683802796033,21.947470440675136,3.6
749,1968.0,9.0,5.0,4.0,21.0,53.6,749.0,19.285906271989496,-155.35011309535176,12.186642866295056,2.6
750,1968.0,9.0,6.0,2.0,51.0,35.35,750.0,19.703371583195384,-155.5437303050106,16.934154556066503,3.2
751,1968.0,9.0,11.0,20.0,53.0,24.38,751.0,19.470120130970045,-155.1586455979236,33.114770875164425,2.9
752,1968.0,10.0,7.0,5.0,39.0,41.74,752.0,19.635584887409312,-155.8442951706819,37.46818173413732,2.9
753,1968.0,10.0,10.0,20.0,32.0,44.56,753.0,19.648131835717724,-155.5871860465436,8.934058144889399,4.9
754,1968.0,10.0,15.0,11.0,54.0,43.3,754.0,19.138777169378496,-155.7774349372486,37.37425588048265,2.7
755,1968.0,10.0,21.0,21.0,56.0,15.58,755.0,19.85087681971006,-155.94107153544988,22.144488578634306,2.5
756,1968.0,10.0,22.0,20.0,38.0,51.31,756.0,19.212953005249464,-155.5587873112465,38.84021084676186,2.5
757,1968.0,10.0,25.0,20.0,56.0,22.99,757.0,19.56517944596405,-155.39645016693044,37.36549978586536,2.8
758,1968.0,10.0,31.0,7.0,12.0,27.64,758.0,19.462781318842985,-155.43088497997928,41.20624502671625,3.9
759,1968.0,11.0,6.0,21.0,37.0,16.21,759.0,19.870070340157163,-155.6342906831764,29.245545435850943,2.7
760,1968.0,11.0,12.0,11.0,12.0,18.22,760.0,19.858746135665967,-155.66127525097747,16.04470960555212,2.7
761,1968.0,11.0,16.0,20.0,4.0,21.72,761.0,19.501070570452704,-155.92530555577332,7.047092960437364,2.5
762,1968.0,11.0,20.0,15.0,28.0,18.24,762.0,19.8233695344973,-155.38831137181293,31.68965651101506,2.8
763,1968.0,11.0,25.0,15.0,13.0,38.99,763.0,19.626795704285,-155.34469472540573,27.10725797659008,2.9
764,1968.0,11.0,25.0,17.0,23.0,26.42,764.0,19.34085934756867,-155.7507137773849,38.02726052146157,2.5
765,1968.0,12.0,12.0,7.0,48.0,17.72,765.0,19.82435133235398,-155.87277193272726,38.73788910036661,2.6
766,1968.0,12.0,28.0,21.0,31.0,56.73,766.0,19.96333346000764,-155.6846079447251,3.714956245712964,3.0
767,1969.0,1.0,4.0,13.0,21.0,49.49,767.0,19.38432177381756,-155.06240000619383,11.277188106308396,2.6
768,1969.0,1.0,11.0,4.0,59.0,11.6,768.0,19.5030537503376,-155.6851546113982,42.69986232913795,2.9
769,1969.0,1.0,21.0,18.0,50.0,55.52,769.0,19.91315366494518,-155.53049025872596,7.508222873706664,3.0
770,1969.0,1.0,26.0,6.0,8.0,6.04,770.0,19.37283571599276,-155.5850783439668,42.136071307700064,3.9
771,1969.0,1.0,30.0,7.0,24.0,18.4,771.0,19.76324569696262,-155.64136427826625,23.695466058215064,3.3
772,1969.0,1.0,31.0,21.0,4.0,3.27,772.0,19.33781863058496,-155.7144210981807,39.47770147684823,2.7
773,1969.0,2.0,7.0,8.0,41.0,12.99,773.0,19.58754151608252,-155.51936808690283,10.023065547623313,3.1
774,1969.0,2.0,14.0,0.0,14.0,59.12,774.0,19.28622948166719,-155.5220562492999,14.513004323037462,3.9
775,1969.0,2.0,14.0,3.0,54.0,27.26,775.0,19.861653764849287,-155.30133795401025,20.21643925524577,4.8
776,1969.0,2.0,20.0,5.0,46.0,52.48,776.0,19.413646697346245,-155.61005676954423,43.319078438458405,2.7
777,1969.0,2.0,28.0,23.0,6.0,59.07,777.0,19.634856938289023,-155.3915434172655,21.889871583722897,3.7
778,1969.0,3.0,1.0,10.0,46.0,41.9,778.0,19.170110029133355,-155.72187844120128,14.957179108799682,3.9
779,1969.0,3.0,10.0,1.0,50.0,47.55,779.0,19.31418648552477,-155.58075905625435,12.105143132623908,3.0
780,1969.0,3.0,15.0,20.0,2.0,1.33,780.0,19.417854220695524,-155.25605312076598,13.467636205552235,3.0
781,1969.0,3.0,19.0,19.0,15.0,22.12,781.0,19.606683778054204,-155.0006166287506,14.981073460837974,2.5
782,1969.0,3.0,25.0,5.0,25.0,50.15,782.0,19.484734501233152,-155.8090981025714,28.103616659973422,2.9
783,1969.0,3.0,26.0,1.0,22.0,41.51,783.0,19.85424267829105,-155.6718293277108,25.07092170267599,2.9
784,1969.0,3.0,29.0,2.0,7.0,40.22,784.0,19.72993657239084,-155.93322264857397,16.403551207070606,3.3
785,1969.0,3.0,29.0,12.0,42.0,6.64,785.0,19.51189320382709,-155.55946146841313,2.61553779894193,3.2
786,1969.0,4.0,2.0,21.0,46.0,2.61,786.0,19.87054390992905,-155.34766439208977,30.297193737018205,2.6
787,1969.0,4.0,3.0,20.0,32.0,17.99,787.0,20.109065103622303,-155.80224082229887,25.949774640734365,2.7
788,1969.0,4.0,7.0,3.0,24.0,3.84,788.0,19.403018739994,-155.60396088442278,1.5000169899626892,3.0
789,1969.0,4.0,25.0,10.0,53.0,34.24,789.0,19.97370115627851,-155.1934205889946,43.85275502185925,2.6
790,1969.0,4.0,26.0,23.0,11.0,55.73,790.0,19.18691240240495,-155.50643560494908,34.03721883736432,3.4
791,1969.0,5.0,4.0,15.0,47.0,15.42,791.0,19.959201987711364,-155.54876592869897,21.677820067026072,2.5
792,1969.0,5.0,22.0,22.0,15.0,41.35,792.0,19.405782063465885,-155.53162857135828,42.16409844210274,3.6
793,1969.0,5.0,31.0,17.0,26.0,10.38,793.0,19.68168780174569,-155.42550940346328,23.683719546560745,2.8
794,1969.0,5.0,31.0,22.0,54.0,3.76,794.0,19.15192464553741,-155.6083749090856,23.49334046986217,3.8
795,1969.0,6.0,6.0,12.0,27.0,14.87,795.0,19.91975134440005,-155.7657517893746,14.441041823618145,2.7
796,1969.0,6.0,10.0,2.0,35.0,49.51,796.0,19.79231057304644,-155.4713107997286,43.59387995846953,3.9
797,1969.0,6.0,14.0,15.0,54.0,49.28,797.0,19.490046725525,-155.25980266386557,14.338591588442856,2.6
798,1969.0,6.0,21.0,23.0,41.0,52.95,798.0,19.60332162676343,-155.15061907307833,2.747117306804239,3.4
799,1969.0,6.0,26.0,21.0,32.0,36.52,799.0,19.95448047497904,-155.6562088587914,20.420427683744997,2.9
800,1969.0,7.0,8.0,20.0,50.0,48.72,800.0,19.43215744748656,-155.4942438696125,22.9399074706958,2.6
801,1969.0,7.0,10.0,1.0,52.0,13.14,801.0,19.931332631414733,-155.6264712776359,13.587635435766597,2.6
802,1969.0,7.0,11.0,17.0,15.0,25.86,802.0,19.73513226739172,-155.43825163267675,25.217757572090257,2.6
803,1969.0,7.0,13.0,21.0,59.0,40.83,803.0,19.37448632285072,-155.82248794113332,5.846012358929643,2.6
804,1969.0,7.0,15.0,6.0,59.0,53.87,804.0,19.591934571732548,-155.46806376275342,4.674789844131686,3.3
805,1969.0,7.0,15.0,13.0,12.0,54.91,805.0,19.825053316937524,-155.38030570603672,12.677191803257552,2.5
806,1969.0,7.0,16.0,23.0,3.0,45.42,806.0,19.432742684131306,-155.42113347795993,32.906547927255644,2.8
807,1969.0,7.0,20.0,20.0,43.0,41.41,807.0,19.89400872290292,-155.2735550130783,41.99817030873673,2.6
808,1969.0,7.0,24.0,10.0,12.0,2.71,808.0,19.77896169860163,-155.93653210763105,42.82351102151795,2.5
809,1969.0,7.0,26.0,12.0,29.0,34.41,809.0,19.46355251809464,-155.47227845065186,27.06174762879001,3.2
810,1969.0,7.0,26.0,14.0,38.0,14.18,810.0,19.345933874263054,-155.82592792285604,44.49986903227597,2.8
811,1969.0,8.0,3.0,19.0,36.0,55.53,811.0,19.114709672162046,-155.8449331075323,21.86336579271714,2.5
812,1969.0,8.0,31.0,12.0,32.0,40.09,812.0,19.642015730095626,-155.1559598553776,19.74748376894037,2.6
813,1969.0,9.0,1.0,14.0,41.0,45.1,813.0,19.62061581819461,-155.92146799412268,2.7837681892325272,4.3
814,1969.0,9.0,2.0,1.0,59.0,11.92,814.0,19.362912544044715,-155.82856874026348,22.658229611912446,2.5
815,1969.0,9.0,3.0,6.0,5.0,35.69,815.0,19.24224037515492,-155.62953832118347,29.693239144436166,2.7
816,1969.0,9.0,6.0,10.0,30.0,49.87,816.0,19.80259767469001,-155.51112493318735,21.36719128262233,2.7
817,1969.0,9.0,10.0,8.0,23.0,58.4,817.0,19.92907514636815,-155.71975791707328,24.9695331788385,2.8
818,1969.0,9.0,12.0,1.0,26.0,16.55,818.0,19.89065490437499,-155.4988988630596,33.61560337978619,2.5
819,1969.0,9.0,13.0,20.0,16.0,59.41,819.0,19.753103945303984,-155.21001530580256,23.331676292111247,3.0
820,1969.0,9.0,14.0,16.0,3.0,10.88,820.0,19.45394286823398,-154.96137741075077,30.291301745150765,2.8
821,1969.0,9.0,16.0,8.0,58.0,0.83,821.0,19.446842672132213,-155.85044754012637,38.404403307765634,2.6
822,1969.0,9.0,20.0,12.0,34.0,5.71,822.0,19.509897291382032,-154.9632070814204,43.78669411651343,2.9
823,1969.0,9.0,27.0,20.0,15.0,19.04,823.0,19.524759869547843,-155.3178545107996,32.35523238611236,4.4
824,1969.0,10.0,3.0,6.0,36.0,33.2,824.0,19.767014573752785,-155.95805217351403,39.12775247507557,2.8
825,1969.0,10.0,9.0,8.0,48.0,55.71,825.0,20.04794723111726,-155.7447308081117,12.635830032193192,2.9
826,1969.0,10.0,10.0,5.0,50.0,21.81,826.0,19.65844600040388,-155.81102689371536,32.08535847703549,2.9
827,1969.0,10.0,12.0,10.0,51.0,54.74,827.0,19.96294912923044,-155.5581461569879,17.078749181582342,3.6
828,1969.0,10.0,15.0,9.0,54.0,27.72,828.0,19.85525652454876,-155.21223122566212,14.01775493229724,3.3
829,1969.0,10.0,26.0,15.0,44.0,23.55,829.0,20.02495496818249,-155.4663110113927,20.051367134862375,3.2
830,1969.0,10.0,28.0,0.0,9.0,34.17,830.0,19.15657800772076,-155.48192871417288,11.74790199412381,2.9
831,1969.0,10.0,28.0,15.0,38.0,16.33,831.0,19.46873788381057,-155.28796612493807,17.951105054505433,3.7
832,1969.0,11.0,9.0,10.0,42.0,32.07,832.0,19.510088518481016,-154.90514587341562,39.45711866363239,2.7
833,1969.0,11.0,12.0,5.0,20.0,26.01,833.0,20.082311562358665,-155.6470081862885,1.003789792061081,4.8
834,1969.0,11.0,17.0,3.0,44.0,19.33,834.0,19.61833266490704,-155.8184420058154,30.044755147766924,2.6
835,1969.0,11.0,23.0,6.0,32.0,30.39,835.0,19.290262251247768,-155.8357277944204,23.34719767841009,2.6
836,1969.0,11.0,28.0,23.0,34.0,37.86,836.0,19.23689248896984,-155.86447974916132,24.470863510018084,2.5
837,1969.0,11.0,29.0,14.0,21.0,27.68,837.0,19.820706207339587,-155.15097281836088,10.841650413005665,2.7
838,1969.0,11.0,29.0,18.0,43.0,18.9,838.0,19.21472325744824,-155.70857091226796,27.371556477299507,3.2
839,1969.0,12.0,5.0,1.0,32.0,2.03,839.0,19.889559884988465,-155.9152228185086,11.61738967028913,2.6
840,1969.0,12.0,15.0,20.0,37.0,56.95,840.0,19.451856028483245,-155.1773146381462,38.98043386815037,2.7
841,1969.0,12.0,22.0,21.0,30.0,44.24,841.0,19.945244785390827,-155.43918184002362,10.939025171213157,2.6
842,1970.0,1.0,8.0,5.0,18.0,9.39,842.0,19.92399663746337,-155.46490777155677,39.93004538751752,2.9
843,1970.0,1.0,8.0,6.0,2.0,35.3,843.0,19.688319419870528,-155.93034312275327,4.7539487485015925,3.8
844,1970.0,1.0,12.0,22.0,9.0,40.86,844.0,19.983988049560875,-155.51577302995258,41.25086465696189,2.7
845,1970.0,1.0,13.0,18.0,36.0,50.57,845.0,19.383564288443925,-155.53958072531583,22.2210218083162,2.5
846,1970.0,1.0,16.0,10.0,6.0,14.29,846.0,19.913223182070123,-155.7513899104875,28.895175838518085,2.5
847,1970.0,1.0,19.0,22.0,38.0,42.61,847.0,19.66781259222373,-155.24307710005678,29.71063539424093,2.7
848,1970.0,2.0,3.0,12.0,43.0,23.12,848.0,19.74370736825695,-155.14273991063797,20.96910378620551,2.6
849,1970.0,2.0,19.0,5.0,33.0,22.1,849.0,19.494300580723408,-154.9666738915341,30.5952969091968,3.1
850,1970.0,2.0,24.0,13.0,27.0,46.68,850.0,19.271831559164603,-155.57978321667863,14.039029519613589,4.2
851,1970.0,2.0,25.0,10.0,49.0,19.48,851.0,19.888749058888383,-155.28165526729364,29.536101718092613,3.6
852,1970.0,2.0,28.0,5.0,51.0,46.65,852.0,19.95057836200712,-155.86424432468883,5.274142696122281,2.6
853,1970.0,2.0,28.0,8.0,11.0,44.37,853.0,20.069688469205,-155.72216975810264,10.910654605376848,2.7
854,1970.0,3.0,3.0,4.0,55.0,42.44,854.0,20.002458977665743,-155.62308931713565,41.0156535999074,2.6
855,1970.0,3.0,4.0,16.0,30.0,20.68,855.0,19.157873186183046,-155.80365934296498,26.120446660384776,2.6
856,1970.0,3.0,5.0,6.0,29.0,7.33,856.0,19.91071533365326,-155.33031429025647,10.11546320118015,2.5
857,1970.0,3.0,13.0,10.0,0.0,52.46,857.0,20.11262923597061,-155.60609101812105,37.43438499961129,2.5
858,1970.0,3.0,15.0,22.0,32.0,52.18,858.0,19.73908164291336,-155.279645389631,9.793497159216976,3.1
859,1970.0,3.0,17.0,1.0,49.0,8.05,859.0,19.24272956050444,-155.4822682662846,17.302068713198846,3.6
860,1970.0,3.0,25.0,2.0,28.0,0.98,860.0,19.74723651564064,-155.92594456221985,16.052099630295146,2.5
861,1970.0,3.0,31.0,3.0,33.0,3.33,861.0,19.97434228873489,-155.4464397102065,35.95674351602709,2.8
862,1970.0,4.0,3.0,7.0,31.0,17.67,862.0,19.97989304742061,-155.37135998273723,5.503145184815086,2.8
863,1970.0,5.0,2.0,6.0,39.0,24.08,863.0,19.534350393927973,-155.62061457798512,30.87598439993762,2.5
864,1970.0,5.0,14.0,0.0,34.0,11.67,864.0,20.15267494091969,-155.80781364906073,6.637466244325518,2.5
865,1970.0,5.0,18.0,16.0,41.0,26.89,865.0,19.36958683872604,-155.77165909979445,42.20969605326223,2.7
866,1970.0,5.0,21.0,23.0,32.0,19.46,866.0,19.46677213427416,-155.64131829448962,40.477310369526585,4.2
867,1970.0,5.0,23.0,8.0,51.0,11.06,867.0,19.38774143937685,-155.3259435456618,12.622025693065016,2.6
868,1970.0,6.0,3.0,17.0,25.0,17.2,868.0,19.547453719223743,-155.3145257571236,32.68826224565437,2.9
869,1970.0,6.0,6.0,7.0,42.0,3.42,869.0,19.90721104573341,-155.85018441639005,9.4292411531347,2.7
870,1970.0,6.0,16.0,18.0,23.0,7.07,870.0,19.15925320147018,-155.59199366999326,26.13170442260824,2.5
871,1970.0,6.0,23.0,22.0,10.0,46.63,871.0,20.05641001346384,-155.36978552572924,31.748562227185506,2.8
872,1970.0,7.0,2.0,0.0,26.0,23.29,872.0,19.64617408347856,-155.07054535261477,24.999744626556087,2.6
873,1970.0,7.0,3.0,10.0,55.0,8.24,873.0,19.065051037446644,-155.59603315749308,28.610757613782056,3.1
874,1970.0,7.0,20.0,4.0,57.0,9.1,874.0,19.191611859650653,-155.72295386273294,27.46877060655093,3.4
875,1970.0,7.0,23.0,4.0,50.0,38.45,875.0,19.49388742782074,-155.30277202175557,10.28967903374168,3.1
876,1970.0,7.0,25.0,5.0,39.0,7.27,876.0,19.40847543077499,-155.1947055042517,36.67786790609373,3.2
877,1970.0,8.0,6.0,21.0,9.0,28.85,877.0,19.760894838530334,-155.14325214148658,30.53103311024906,3.0
878,1970.0,8.0,13.0,4.0,56.0,27.55,878.0,19.882586626372376,-155.824462879775,44.39058428557192,2.5
879,1970.0,8.0,18.0,14.0,58.0,37.49,879.0,19.56175233496516,-155.8112902137531,32.20845069409792,2.6
880,1970.0,8.0,30.0,11.0,47.0,11.68,880.0,19.39859949126804,-155.3339155492206,15.887357241522768,2.9
881,1970.0,9.0,4.0,6.0,2.0,21.28,881.0,19.378833010078857,-155.5116622192993,2.2752433195843267,2.5
882,1970.0,9.0,7.0,23.0,33.0,55.54,882.0,19.79897570636509,-155.79557354533998,20.68292833910077,2.7
883,1970.0,9.0,8.0,18.0,31.0,22.23,883.0,19.54593270437101,-155.57634074746267,13.070854268974816,3.4
884,1970.0,9.0,16.0,17.0,3.0,0.79,884.0,18.961323130646484,-155.67455641239158,24.091435971819383,2.5
885,1970.0,9.0,24.0,13.0,57.0,34.85,885.0,19.072393629312028,-155.75702471632144,22.34259939379664,3.0
886,1970.0,9.0,27.0,1.0,2.0,22.31,886.0,19.77780229311933,-155.36989217656023,12.376266002404597,2.6
887,1970.0,10.0,5.0,1.0,21.0,58.63,887.0,19.921989984233942,-155.35683469755818,12.623469633351393,3.8
888,1970.0,10.0,7.0,6.0,21.0,44.23,888.0,19.84914575268101,-155.8898501175041,20.213806353243847,3.2
889,1970.0,10.0,8.0,10.0,55.0,4.2,889.0,19.412846694028005,-155.37673052638837,35.736620129783006,2.8
890,1970.0,10.0,10.0,8.0,30.0,26.81,890.0,19.04552793002097,-155.79381122634732,5.554298415597414,2.5
891,1970.0,10.0,20.0,2.0,39.0,26.15,891.0,19.3854130652965,-155.35524708105405,9.6576602882797,2.6
892,1970.0,10.0,24.0,16.0,16.0,21.93,892.0,19.764349472386563,-155.74146455404266,1.6403059600209495,2.5
893,1970.0,11.0,1.0,6.0,21.0,2.43,893.0,19.604644754293155,-155.6429399568175,41.52181215057262,3.1
894,1970.0,11.0,1.0,18.0,14.0,58.54,894.0,19.95702650114492,-155.79869611811068,13.5873883086607,2.9
895,1970.0,11.0,2.0,11.0,42.0,13.97,895.0,19.852205975068102,-155.30138635106096,44.45794037641874,2.5
896,1970.0,11.0,22.0,23.0,29.0,49.05,896.0,20.16534707582096,-155.79469055346345,43.74485410482757,2.5
897,1970.0,11.0,24.0,1.0,41.0,36.91,897.0,19.436195677947783,-155.55979884679647,17.707531505655474,2.5
898,1970.0,11.0,25.0,0.0,9.0,53.88,898.0,19.912545500952938,-155.1487366037326,13.857779130670192,3.1
899,1970.0,11.0,27.0,22.0,35.0,44.2,899.0,19.10273798862669,-155.587758969211,28.58034939283341,2.7
900,1970.0,11.0,29.0,12.0,16.0,19.31,900.0,19.97229051359145,-155.33842274901343,32.47497368005258,2.8
901,1970.0,11.0,29.0,19.0,22.0,30.85,901.0,19.09805156242539,-155.70916606466062,14.8571939371344,3.8
902,1970.0,12.0,2.0,4.0,42.0,12.89,902.0,19.84734430245817,-155.89028532008135,24.8304288918297,2.5
903,1970.0,12.0,4.0,8.0,12.0,9.19,903.0,19.536494057401825,-154.9776960455283,12.307306786178652,2.5
904,1970.0,12.0,12.0,10.0,32.0,1.51,904.0,19.41719823612901,-154.96804825097058,33.21962862653137,3.4
905,1970.0,12.0,13.0,1.0,5.0,8.19,905.0,20.14522859361198,-155.6375515657733,39.22486788639864,3.1
906,1970.0,12.0,21.0,9.0,28.0,33.09,906.0,19.779726248600408,-155.52845810868922,3.918706526076022,3.4
907,1970.0,12.0,23.0,18.0,58.0,37.12,907.0,19.802635900955792,-155.8432430178651,12.672744138412543,2.6
908,1970.0,12.0,27.0,18.0,0.0,15.79,908.0,19.468179243934863,-155.62407632679955,14.100976907489637,3.0
909,1971.0,1.0,12.0,7.0,47.0,47.3,909.0,19.86345810614084,-155.14136125308124,11.383806504715135,3.0
910,1971.0,1.0,12.0,13.0,21.0,48.26,910.0,19.16262098065804,-155.6854106238611,29.84729241013119,3.1
911,1971.0,1.0,13.0,5.0,55.0,25.55,911.0,19.014703830750182,-155.67093952239694,28.52084005147221,2.6
912,1971.0,1.0,13.0,14.0,51.0,9.83,912.0,19.83122699865862,-155.45851719791375,44.135633633462746,3.6
913,1971.0,1.0,22.0,16.0,22.0,49.2,913.0,20.050075813809705,-155.36112333051577,16.89988265905237,2.8
914,1971.0,2.0,10.0,8.0,53.0,29.01,914.0,19.3451223833741,-155.53045357145615,40.92575376748745,2.8
915,1971.0,2.0,13.0,9.0,46.0,35.68,915.0,19.657216559719927,-155.26235845820045,13.777012052140034,2.6
916,1971.0,2.0,17.0,19.0,52.0,52.81,916.0,19.91866673911794,-155.3131357291312,28.649157094979127,3.0
917,1971.0,2.0,22.0,10.0,53.0,5.36,917.0,19.248783944724547,-155.7584315681146,43.9143933320333,2.5
918,1971.0,3.0,5.0,15.0,57.0,35.66,918.0,19.487147182887643,-155.4021419737344,13.356202052471772,2.5
919,1971.0,3.0,23.0,12.0,42.0,2.97,919.0,19.65896336846808,-155.7593390688211,34.32205655507755,2.7
920,1971.0,3.0,26.0,10.0,2.0,39.04,920.0,19.925033713624217,-155.53554516731262,7.6529714369343536,2.7
921,1971.0,4.0,2.0,23.0,25.0,40.84,921.0,20.243475181033894,-155.82642146343076,9.98056212534314,3.0
922,1971.0,4.0,4.0,13.0,41.0,29.6,922.0,19.872639954558203,-155.2875674284223,27.28472033245618,2.5
923,1971.0,4.0,25.0,8.0,24.0,38.51,923.0,19.56393207476658,-155.36047415594976,19.873521465869864,2.7
924,1971.0,4.0,25.0,21.0,31.0,3.67,924.0,19.62052502004276,-155.12647211368076,42.931872968178055,2.7
925,1971.0,5.0,10.0,17.0,31.0,35.2,925.0,19.82375018168377,-155.25637133781356,34.764088604974084,2.6
926,1971.0,5.0,11.0,9.0,44.0,3.15,926.0,20.206387309488147,-155.75009462905575,9.579307749763382,3.1
927,1971.0,5.0,18.0,6.0,3.0,55.27,927.0,19.54480756592442,-155.24544298134,32.07576716782516,3.0
928,1971.0,5.0,25.0,22.0,49.0,3.55,928.0,20.02861299754481,-155.49930780974734,8.781889746364094,2.6
929,1971.0,5.0,27.0,8.0,23.0,27.81,929.0,19.675649336288224,-155.27908198452138,36.91346113559268,3.1
930,1971.0,5.0,31.0,10.0,36.0,32.36,930.0,19.94648723941916,-155.61713085709164,9.92925667083017,2.6
931,1971.0,6.0,1.0,0.0,51.0,45.47,931.0,20.11373632717465,-155.67860288839643,26.30530903508558,2.6
932,1971.0,6.0,2.0,4.0,18.0,20.92,932.0,19.059494570716183,-155.566478574851,27.37919708567292,3.2
933,1971.0,6.0,9.0,12.0,1.0,11.29,933.0,19.40277072702785,-155.48492628872498,34.563982640823504,3.1
934,1971.0,6.0,10.0,8.0,5.0,26.75,934.0,19.599557740538536,-155.1798771416603,29.60785315267411,3.6
935,1971.0,6.0,23.0,18.0,3.0,43.19,935.0,19.40343179627375,-154.95715198605728,12.026081900583163,2.6
936,1971.0,6.0,25.0,14.0,40.0,29.85,936.0,19.277865496860908,-155.23302963287534,31.623625754927417,2.8
937,1971.0,6.0,26.0,6.0,40.0,54.08,937.0,19.621330996709148,-155.76346317299658,40.346387141673226,3.7
938,1971.0,6.0,26.0,17.0,6.0,52.22,938.0,19.941637607966783,-155.82016618957584,40.2311431173214,2.6
939,1971.0,6.0,28.0,23.0,8.0,13.23,939.0,19.379345323606906,-155.7111303674227,12.986031252043556,4.1
940,1971.0,6.0,30.0,20.0,58.0,28.42,940.0,19.14092390790912,-155.7081671238025,19.935204562143216,2.9
941,1971.0,7.0,22.0,17.0,56.0,1.56,941.0,19.30101143332597,-155.56190373268026,14.513743174849663,2.5
942,1971.0,7.0,26.0,15.0,1.0,27.41,942.0,19.95732623450448,-155.6764205936309,2.704743882991573,2.5
943,1971.0,7.0,27.0,18.0,6.0,31.05,943.0,18.998255643224287,-155.6387358235324,3.4727348497865043,2.7
944,1971.0,7.0,28.0,7.0,15.0,45.73,944.0,20.10904643587162,-155.53814690992587,33.97281181944549,2.5
945,1971.0,7.0,30.0,13.0,10.0,38.21,945.0,19.329667754554844,-155.16367119092268,21.005252809363583,2.6
946,1971.0,8.0,6.0,3.0,50.0,54.95,946.0,19.53876815337835,-154.85648575302045,24.24156056445726,2.5
947,1971.0,8.0,9.0,20.0,41.0,8.46,947.0,20.03811130095693,-155.70539875486693,5.137461043115512,2.6
948,1971.0,8.0,19.0,2.0,7.0,25.46,948.0,19.67000959052983,-155.4124864326515,12.65323739895692,2.5
949,1971.0,8.0,27.0,15.0,53.0,4.61,949.0,19.53093120256051,-155.49709455472532,44.8921634454375,3.7
950,1971.0,8.0,29.0,7.0,23.0,52.22,950.0,19.203097734643748,-155.39783176348888,28.37164606632424,3.2
951,1971.0,9.0,2.0,4.0,30.0,1.56,951.0,19.94717830489028,-155.5864710599649,42.03086441857139,3.8
952,1971.0,9.0,7.0,1.0,48.0,47.65,952.0,19.2086617364645,-155.62788177196236,40.82293165478227,2.7
953,1971.0,9.0,22.0,20.0,3.0,18.36,953.0,19.041906072540336,-155.6622026580445,6.871679637950676,2.5
954,1971.0,10.0,1.0,14.0,30.0,43.78,954.0,19.886826427246994,-155.11731614468047,17.918360480710128,3.2
955,1971.0,10.0,8.0,22.0,1.0,1.63,955.0,19.69836030960397,-155.70932755525752,12.2158447139847,2.9
956,1971.0,10.0,10.0,20.0,3.0,45.06,956.0,19.3586908253947,-155.23509466188514,38.64828032028938,3.1
957,1971.0,10.0,19.0,3.0,12.0,51.36,957.0,19.48250914240662,-155.327892674388,6.206146445263608,2.6
958,1971.0,10.0,24.0,1.0,14.0,0.06,958.0,19.676987532410884,-155.7366014763835,5.6553980893189415,2.6
959,1971.0,10.0,27.0,16.0,12.0,10.03,959.0,19.75645412527276,-155.9420377943027,40.11877839871536,2.5
960,1971.0,10.0,30.0,22.0,28.0,38.72,960.0,19.367816052492284,-155.28892857451245,8.622205901839223,2.5
961,1971.0,11.0,5.0,6.0,58.0,4.42,961.0,19.77576006048454,-155.42790557374582,26.34584890896148,2.8
962,1971.0,11.0,6.0,0.0,30.0,25.49,962.0,19.43325135822231,-155.65303937139927,28.890426800305587,2.5
963,1971.0,11.0,10.0,17.0,52.0,1.0,963.0,19.057347534103595,-155.7926370925864,34.59915816334804,2.8
964,1971.0,11.0,17.0,8.0,1.0,36.19,964.0,19.99213431999101,-155.25822170935945,4.357038935096349,2.8
965,1971.0,11.0,23.0,20.0,14.0,18.5,965.0,19.49239277899271,-155.31220704717782,36.35140219064176,4.9
966,1971.0,11.0,28.0,0.0,2.0,42.64,966.0,19.40160476149855,-155.50447143464683,44.79710032748416,2.7
967,1971.0,12.0,8.0,6.0,28.0,39.64,967.0,19.671653675482684,-155.17644008443892,3.126800902082899,2.5
968,1971.0,12.0,14.0,23.0,38.0,4.04,968.0,19.794879190080987,-155.4733256870963,41.14529567683248,2.6
969,1971.0,12.0,15.0,12.0,41.0,6.26,969.0,19.260816351481985,-155.729443621559,22.72641473759856,3.0
970,1971.0,12.0,18.0,4.0,18.0,33.75,970.0,19.614128591879496,-154.93422638640834,23.693462556553573,2.8
971,1971.0,12.0,22.0,6.0,29.0,18.0,971.0,19.42805338181097,-154.93281054333949,7.783390436653324,3.6
972,1971.0,12.0,22.0,13.0,20.0,37.81,972.0,19.44338810743992,-155.74072415185665,12.314140042294175,2.9
973,1971.0,12.0,25.0,3.0,55.0,33.16,973.0,20.103435609937154,-155.77108380796616,20.130947237340887,3.9
974,1971.0,12.0,28.0,7.0,15.0,27.88,974.0,19.460947002983463,-155.35576329567775,1.9203024044494987,2.7
975,1971.0,12.0,30.0,10.0,44.0,9.86,975.0,20.044382800819022,-155.7839364790841,42.44724294156355,2.5
976,1972.0,1.0,2.0,12.0,38.0,10.31,976.0,19.358147045979752,-155.70270865050335,14.790021423411286,3.2
977,1972.0,1.0,2.0,20.0,1.0,49.55,977.0,19.587249863421484,-155.42682253027962,40.96812679031828,2.6
978,1972.0,1.0,6.0,13.0,58.0,4.84,978.0,19.7967916931984,-155.45842066751823,17.616058893671084,3.3
979,1972.0,1.0,8.0,5.0,3.0,22.25,979.0,19.58826303054677,-155.0292817151307,18.99944353116133,2.5
980,1972.0,1.0,8.0,10.0,28.0,21.09,980.0,19.562765486907296,-155.88371409224467,12.29229258849865,2.6
981,1972.0,1.0,8.0,15.0,44.0,38.54,981.0,19.677469243135004,-155.73202690856223,21.607020578006026,2.8
982,1972.0,1.0,10.0,1.0,13.0,10.08,982.0,19.92664229627704,-155.54257055386935,41.54530497162697,2.6
983,1972.0,1.0,11.0,4.0,2.0,50.17,983.0,19.665896351319688,-155.19854139154847,10.934994255445645,2.8
984,1972.0,1.0,11.0,10.0,41.0,4.83,984.0,19.97766897033492,-155.71505165244406,30.151504890804837,3.2
985,1972.0,1.0,13.0,3.0,41.0,55.48,985.0,19.91164719942697,-155.3918386853275,30.64325518922416,2.9
986,1972.0,1.0,19.0,10.0,24.0,23.02,986.0,19.49212896211002,-155.36678440706808,9.110964080470978,3.1
987,1972.0,1.0,20.0,14.0,52.0,57.21,987.0,19.25094571069293,-155.87584562539595,5.68083276923625,2.8
988,1972.0,1.0,30.0,2.0,59.0,37.55,988.0,19.072096472989017,-155.77135587178242,15.729633253632104,2.8
989,1972.0,2.0,3.0,22.0,40.0,25.38,989.0,19.913697334215023,-155.2668146968517,39.00015753990391,2.6
990,1972.0,2.0,12.0,23.0,4.0,31.49,990.0,19.49291269041945,-154.91705693027694,13.140519100227856,3.8
991,1972.0,2.0,16.0,1.0,12.0,58.52,991.0,19.76180623313503,-155.52229494210786,30.308570903952628,2.5
992,1972.0,2.0,19.0,0.0,15.0,21.9,992.0,20.106700524908163,-155.80784776698758,35.779638291203064,2.6
993,1972.0,2.0,28.0,20.0,4.0,32.54,993.0,19.663048178218325,-155.8782163547805,13.760647697925426,2.6
994,1972.0,3.0,6.0,8.0,20.0,4.7,994.0,19.853336453619765,-155.39358727417783,34.26433739894386,2.6
995,1972.0,3.0,8.0,7.0,50.0,30.56,995.0,19.38908804459356,-155.8198768432134,12.359744599525577,2.9
996,1972.0,3.0,8.0,11.0,49.0,5.02,996.0,19.58983709876831,-155.71390255291865,36.665660553217016,3.5
997,1972.0,3.0,9.0,7.0,25.0,55.8,997.0,19.85864682662336,-155.47177226680236,30.92125681067661,2.5
998,1972.0,3.0,13.0,7.0,52.0,57.67,998.0,19.72246564819835,-155.97351793005066,9.299900712099742,3.0
999,1972.0,3.0,21.0,22.0,55.0,37.04,999.0,19.40589741000717,-155.703328965028,34.94197035012946,2.7
1000,1972.0,3.0,22.0,9.0,53.0,3.53,1000.0,19.704362463466992,-155.07148266545926,25.00947595938333,2.5
1001,1972.0,3.0,29.0,13.0,3.0,18.3,1001.0,19.065241950659537,-155.63744783220463,13.11837958100662,2.5
1002,1972.0,4.0,7.0,0.0,6.0,20.29,1002.0,19.842494598198407,-155.36498308243245,21.73265289624614,2.6
1003,1972.0,5.0,11.0,15.0,47.0,14.54,1003.0,20.222168540246265,-155.80852354292304,23.449398571978136,2.6
1004,1972.0,5.0,13.0,11.0,32.0,4.54,1004.0,19.74289572817393,-155.38611817910015,26.97751023959831,2.5
1005,1972.0,5.0,16.0,13.0,48.0,19.19,1005.0,19.54049937751505,-155.8226907632347,35.65206763692489,3.3
1006,1972.0,5.0,21.0,15.0,43.0,28.55,1006.0,20.1313210793714,-155.78296026300504,25.44243874565978,3.7
1007,1972.0,5.0,22.0,7.0,17.0,24.1,1007.0,19.4508335542856,-155.57287374206922,18.70716614956784,2.7
1008,1972.0,5.0,23.0,13.0,27.0,30.04,1008.0,19.188497526913583,-155.47042149998404,34.624967537200355,2.7
1009,1972.0,5.0,29.0,21.0,38.0,34.78,1009.0,19.9965697549581,-155.80161800347142,40.463423702644064,2.6
1010,1972.0,6.0,1.0,14.0,41.0,42.98,1010.0,19.764469084426405,-155.51658103198474,41.089597899016695,2.9
1011,1972.0,6.0,8.0,10.0,43.0,59.99,1011.0,19.922477302944127,-155.1806475113592,21.01979031164066,4.1
1012,1972.0,6.0,13.0,4.0,58.0,20.8,1012.0,19.334828128256,-155.33448748225058,23.42792206633551,2.5
1013,1972.0,6.0,13.0,6.0,42.0,15.07,1013.0,20.11655246350273,-155.65380097257454,8.880515862335564,3.5
1014,1972.0,6.0,14.0,5.0,3.0,30.91,1014.0,19.32668653357769,-155.0496021315155,34.50269454843382,2.7
1015,1972.0,6.0,17.0,10.0,54.0,26.86,1015.0,20.03753637206612,-155.33153462451335,25.29147923532503,3.1
1016,1972.0,6.0,17.0,22.0,1.0,20.39,1016.0,19.49411187998001,-155.33345960043192,24.443435862009714,2.5
1017,1972.0,6.0,20.0,12.0,31.0,49.49,1017.0,19.589583169074142,-155.38175568678437,36.191905282822695,3.0
1018,1972.0,6.0,21.0,14.0,25.0,9.43,1018.0,19.41958055304579,-155.66533690511167,4.456342244881246,3.2
1019,1972.0,6.0,23.0,7.0,14.0,17.98,1019.0,19.281998978114142,-155.5880724078029,31.278555345539168,2.7
1020,1972.0,6.0,30.0,21.0,0.0,13.83,1020.0,19.49472123693984,-154.87150879993726,16.413648480697834,2.8
1021,1972.0,7.0,2.0,6.0,32.0,1.28,1021.0,19.74140428790185,-155.3232036547626,38.465706330214026,2.6
1022,1972.0,7.0,7.0,12.0,30.0,21.76,1022.0,20.19818872351432,-155.76790417554827,19.191791008064985,3.0
1023,1972.0,7.0,7.0,12.0,32.0,35.14,1023.0,19.368792935595145,-155.36446687914244,2.5181183844203514,2.9
1024,1972.0,7.0,12.0,9.0,16.0,40.38,1024.0,19.993883245624783,-155.457948420818,39.0004482559044,2.5
1025,1972.0,7.0,16.0,20.0,13.0,52.75,1025.0,19.53481077649129,-155.0605441211261,3.226131676530661,2.6
1026,1972.0,8.0,8.0,8.0,56.0,1.8,1026.0,19.664860830869618,-155.77782448989078,37.310221195168985,2.6
1027,1972.0,8.0,8.0,12.0,7.0,56.52,1027.0,20.05541052626248,-155.65722272842677,11.66600027650151,2.8
1028,1972.0,8.0,15.0,4.0,9.0,12.65,1028.0,19.240912992216,-155.53155799559732,15.497338113809192,2.5
1029,1972.0,8.0,25.0,15.0,21.0,50.48,1029.0,19.444537821579285,-155.279258029035,1.9585554089581243,2.8
1030,1972.0,8.0,27.0,22.0,27.0,11.36,1030.0,20.008028586959004,-155.40807687528002,17.80549253366391,2.6
1031,1972.0,9.0,3.0,22.0,7.0,48.77,1031.0,19.31958581490597,-155.54630669474625,34.89631108655959,2.5
1032,1972.0,9.0,7.0,15.0,12.0,20.87,1032.0,19.81449074245753,-155.66926911004234,41.59685484543864,2.7
1033,1972.0,9.0,11.0,12.0,54.0,32.03,1033.0,19.847521438205675,-155.7753558930782,35.42924361838912,2.5
1034,1972.0,9.0,12.0,23.0,51.0,37.12,1034.0,19.685295128041293,-155.61211004652282,17.026968401339712,2.6
1035,1972.0,9.0,28.0,2.0,10.0,3.85,1035.0,19.319391214022986,-155.6668785226238,14.922086308141026,2.5
1036,1972.0,10.0,1.0,4.0,55.0,19.87,1036.0,19.819820389823896,-155.93273586823983,7.714414434036144,2.9
1037,1972.0,10.0,4.0,13.0,57.0,37.3,1037.0,19.808891357308724,-155.66783335297666,41.78037136175202,2.8
1038,1972.0,10.0,5.0,9.0,25.0,7.83,1038.0,20.04821716155084,-155.58124341587015,39.777432404937024,3.0
1039,1972.0,10.0,11.0,19.0,15.0,45.82,1039.0,19.632250903514123,-155.53417122745344,18.18095465636614,3.2
1040,1972.0,10.0,12.0,17.0,22.0,22.43,1040.0,19.52331638926164,-155.76449095798242,43.4316539237775,3.4
1041,1972.0,10.0,20.0,0.0,53.0,39.21,1041.0,19.62735278036159,-155.53846429135444,26.02932617609818,2.8
1042,1972.0,10.0,22.0,11.0,33.0,5.91,1042.0,19.03268162400628,-155.82103800631907,31.95164868093813,2.6
1043,1972.0,10.0,24.0,11.0,3.0,14.48,1043.0,19.94684157195791,-155.74313805097918,16.310283049181443,2.7
1044,1972.0,10.0,30.0,7.0,2.0,41.11,1044.0,19.629849504081417,-155.9254459025835,12.012851537929958,2.5
1045,1972.0,11.0,1.0,4.0,7.0,8.91,1045.0,19.304238077313208,-155.74101589315907,44.19060327520219,2.5
1046,1972.0,11.0,12.0,18.0,29.0,36.62,1046.0,19.57189105629464,-155.88797817049866,40.77737215821617,2.6
1047,1972.0,11.0,15.0,23.0,34.0,41.25,1047.0,19.714890544846376,-155.31530096343656,40.12699819831862,2.8
1048,1972.0,11.0,16.0,18.0,16.0,0.96,1048.0,19.98989024874224,-155.49042973936892,22.18356756258656,3.4
1049,1972.0,11.0,18.0,7.0,39.0,45.3,1049.0,19.99210694649644,-155.43632549486648,8.219555235731143,4.4
1050,1972.0,11.0,21.0,12.0,58.0,18.04,1050.0,20.03472191218328,-155.384867859013,19.172181127532333,2.7
1051,1972.0,11.0,22.0,2.0,4.0,18.91,1051.0,19.789925155241463,-155.5626356127708,43.05804711144905,2.6
1052,1972.0,11.0,27.0,15.0,34.0,43.4,1052.0,19.87840475548617,-155.62785592967762,16.11571494069564,2.5
1053,1972.0,12.0,1.0,6.0,47.0,54.63,1053.0,19.69999181199015,-155.04438605869015,23.100151986271104,2.7
1054,1972.0,12.0,15.0,23.0,35.0,17.11,1054.0,19.71176585433235,-155.3442167452207,9.308778775814304,2.7
1055,1972.0,12.0,29.0,16.0,7.0,58.13,1055.0,19.50520226744248,-155.50338735749378,35.81126762122628,2.7
1056,1972.0,12.0,31.0,1.0,21.0,32.35,1056.0,20.01004400907923,-155.24928515891662,39.49540094325286,3.1
1057,1973.0,1.0,8.0,6.0,29.0,48.75,1057.0,19.320813128974784,-155.19892946335844,35.318248055623386,3.6
1058,1973.0,1.0,9.0,22.0,55.0,23.31,1058.0,19.19912939986525,-155.4534005865909,28.38154614264305,2.5
1059,1973.0,1.0,11.0,7.0,26.0,49.06,1059.0,19.641004461712548,-155.58574134372245,5.80001647048824,2.7
1060,1973.0,1.0,13.0,12.0,8.0,11.03,1060.0,20.19641906430668,-155.8779222629702,5.037679422076539,3.1
1061,1973.0,1.0,13.0,23.0,21.0,58.8,1061.0,19.10381945832964,-155.60404572678206,17.86803855371498,3.0
1062,1973.0,1.0,17.0,14.0,43.0,5.75,1062.0,19.913269375442912,-155.85363086219152,17.048578909068027,2.5
1063,1973.0,1.0,20.0,20.0,47.0,14.17,1063.0,19.61479873161018,-155.26886962247673,44.80617864849091,2.7
1064,1973.0,1.0,24.0,22.0,46.0,24.25,1064.0,19.588073720707666,-155.90389064044598,34.603432243484406,2.7
1065,1973.0,1.0,29.0,6.0,29.0,3.25,1065.0,19.205162739285505,-155.5686315009118,34.12251977112106,2.9
1066,1973.0,2.0,3.0,0.0,45.0,27.6,1066.0,19.55431791905,-154.9818403783238,11.683294063700863,2.5
1067,1973.0,2.0,8.0,7.0,27.0,51.24,1067.0,19.852345364573,-155.33944740840315,12.508043145433945,3.9
1068,1973.0,2.0,8.0,20.0,50.0,5.69,1068.0,19.31719028406623,-155.44576125653424,32.767185351469664,2.9
1069,1973.0,2.0,9.0,11.0,13.0,15.59,1069.0,19.750585854910536,-155.52428984848106,29.99951245974526,3.1
1070,1973.0,2.0,10.0,6.0,0.0,44.31,1070.0,19.48113063227407,-155.575568185311,20.685328553741336,2.6
1071,1973.0,2.0,14.0,21.0,26.0,25.06,1071.0,19.31447303363768,-155.84575668433283,29.740452101556208,2.7
1072,1973.0,2.0,14.0,21.0,45.0,12.79,1072.0,19.36383384552456,-155.21105588687865,34.14651152261095,3.2
1073,1973.0,2.0,15.0,0.0,40.0,57.22,1073.0,19.17982534652625,-155.8814793731745,36.61892998262692,2.5
1074,1973.0,2.0,19.0,11.0,15.0,23.3,1074.0,19.52144703362448,-155.3521786046856,9.411629681686351,2.6
1075,1973.0,2.0,28.0,19.0,7.0,18.89,1075.0,19.93561669101822,-155.20948830037835,28.147002716682398,3.3
1076,1973.0,3.0,1.0,1.0,14.0,39.61,1076.0,19.935684355497106,-155.6040277055648,2.154011995535326,2.6
1077,1973.0,3.0,1.0,17.0,48.0,54.33,1077.0,19.809271103091497,-155.59918834160246,21.34495803784132,3.6
1078,1973.0,3.0,1.0,21.0,59.0,39.8,1078.0,19.59889536589676,-155.8028600481562,41.04295356405347,2.7
1079,1973.0,3.0,13.0,0.0,47.0,0.05,1079.0,19.871471440515226,-155.67026956613526,19.72397360171586,2.5
1080,1973.0,3.0,16.0,12.0,13.0,54.69,1080.0,19.62766986919893,-155.51503628030628,20.579422512826984,3.2
1081,1973.0,3.0,17.0,4.0,53.0,56.25,1081.0,19.489046865033178,-155.63984686957704,33.834950671340884,3.0
1082,1973.0,3.0,17.0,6.0,50.0,1.8,1082.0,19.156714258508,-155.79452042067246,8.306196093340343,2.6
1083,1973.0,3.0,21.0,4.0,0.0,1.83,1083.0,19.313503870608315,-155.42960068796162,27.804270246160097,3.0
1084,1973.0,3.0,22.0,13.0,37.0,56.17,1084.0,19.86883458759371,-155.64479840379593,20.301408096359765,2.8
1085,1973.0,3.0,25.0,22.0,52.0,59.41,1085.0,20.06563025418219,-155.54228633602835,12.56341861173507,2.5
1086,1973.0,3.0,28.0,4.0,56.0,3.9,1086.0,19.60084458174685,-155.0329535086032,2.836264431758499,2.8
1087,1973.0,3.0,29.0,14.0,16.0,9.73,1087.0,19.879039122066185,-155.36156374884536,35.086128592881764,3.6
1088,1973.0,4.0,3.0,12.0,9.0,47.43,1088.0,19.353751009239144,-155.08534135581297,44.86524041234063,2.5
1089,1973.0,4.0,8.0,21.0,41.0,22.24,1089.0,19.58410247516128,-155.88074708644325,27.33857969503916,2.6
1090,1973.0,4.0,9.0,13.0,57.0,41.22,1090.0,19.53476000073796,-155.6081556506222,33.72318138107581,2.9
1091,1973.0,4.0,10.0,5.0,12.0,11.02,1091.0,19.21495736776468,-155.41397437657616,18.685637592862843,3.0
1092,1973.0,4.0,13.0,1.0,20.0,51.64,1092.0,19.54552781818504,-155.55306153329067,40.964477649459965,2.7
1093,1973.0,4.0,15.0,2.0,17.0,4.26,1093.0,19.42228443458543,-155.89420144096772,44.872866122793376,3.9
1094,1973.0,4.0,22.0,17.0,14.0,22.95,1094.0,19.625762637572794,-155.9083958247763,28.28210213605285,2.5
1095,1973.0,4.0,24.0,2.0,41.0,54.62,1095.0,19.41592092545212,-155.08190661887642,36.540383725033365,3.0
1096,1973.0,4.0,27.0,20.0,12.0,32.14,1096.0,19.698941330467715,-155.2964595531496,41.54681606453468,3.0
1097,1973.0,4.0,28.0,7.0,20.0,55.27,1097.0,20.21129668166384,-155.85302036285233,19.269881371840015,3.1
1098,1973.0,5.0,9.0,10.0,39.0,59.89,1098.0,19.19423036126533,-155.84737682379725,24.001889483213624,3.0
1099,1973.0,5.0,10.0,6.0,52.0,25.12,1099.0,19.28117504572345,-155.75352186501448,23.28379453665096,2.5
1100,1973.0,5.0,12.0,7.0,0.0,45.06,1100.0,19.732385834832137,-155.95926155455157,41.28307777048172,2.5
1101,1973.0,5.0,13.0,4.0,47.0,50.16,1101.0,19.55949380797788,-155.6705805688069,9.77993013449934,3.5
1102,1973.0,5.0,13.0,15.0,5.0,24.91,1102.0,19.984641063869294,-155.43791317138528,21.05884338574342,3.2
1103,1973.0,5.0,18.0,20.0,19.0,53.75,1103.0,20.203922434258303,-155.7941973775904,39.21684077743639,2.9
1104,1973.0,5.0,19.0,5.0,36.0,24.73,1104.0,19.996238964724284,-155.22054073428254,41.68213933847923,2.8
1105,1973.0,6.0,2.0,1.0,54.0,35.3,1105.0,19.200966797583625,-155.82401788351152,35.14307622632021,2.8
1106,1973.0,6.0,2.0,16.0,24.0,48.09,1106.0,19.458989834380446,-155.50220184285345,27.28404700225897,2.5
1107,1973.0,6.0,6.0,8.0,34.0,26.6,1107.0,19.424223317334985,-155.7815313495346,32.37484310020513,2.5
1108,1973.0,6.0,11.0,0.0,16.0,1.7,1108.0,19.82290077365048,-155.94985199314314,40.42389827474598,2.5
1109,1973.0,6.0,15.0,4.0,46.0,7.06,1109.0,19.64124422538976,-155.36485887933492,19.79078344991001,2.9
1110,1973.0,6.0,15.0,15.0,55.0,48.34,1110.0,19.556153334002968,-154.84382957965354,1.565989110520983,2.7
1111,1973.0,6.0,16.0,0.0,2.0,9.82,1111.0,19.6202303914864,-155.47037968288046,7.957332228376168,2.5
1112,1973.0,6.0,16.0,12.0,16.0,54.21,1112.0,19.80104897241648,-155.92422094360157,11.083140581315746,2.6
1113,1973.0,6.0,26.0,1.0,47.0,32.91,1113.0,19.19767957575071,-155.69175498110303,15.85320155386952,3.0
1114,1973.0,7.0,4.0,3.0,39.0,4.37,1114.0,20.084956939053622,-155.63527163820183,5.893688865003361,2.7
1115,1973.0,7.0,15.0,14.0,32.0,1.81,1115.0,19.993996816667234,-155.69381001247146,5.854771059321047,2.6
1116,1973.0,7.0,20.0,12.0,13.0,33.16,1116.0,19.370977842447594,-155.56727977565797,41.347318848969785,3.1
1117,1973.0,7.0,20.0,14.0,32.0,24.78,1117.0,19.31568958240745,-155.37404302341085,18.740451899444665,2.6
1118,1973.0,7.0,28.0,5.0,25.0,34.56,1118.0,19.55008573339177,-155.76691051749265,5.469100689826647,3.1
1119,1973.0,7.0,29.0,4.0,11.0,28.91,1119.0,19.84779223487339,-155.10101046271262,15.15729464654221,3.4
1120,1973.0,7.0,31.0,8.0,56.0,10.09,1120.0,19.31603177913139,-155.83484871321605,23.02657576338297,3.3
1121,1973.0,8.0,9.0,6.0,30.0,11.01,1121.0,20.123038728321227,-155.5701011245338,13.814029920910816,3.1
1122,1973.0,8.0,22.0,9.0,20.0,38.85,1122.0,19.63128558889668,-155.49825281324362,31.158481473521437,2.5
1123,1973.0,8.0,24.0,2.0,8.0,5.82,1123.0,19.738089072079475,-155.56450600642728,20.53075544417392,3.6
1124,1973.0,8.0,24.0,16.0,10.0,38.32,1124.0,19.77809443555263,-155.6551361053088,19.695587893490515,3.5
1125,1973.0,8.0,28.0,7.0,50.0,44.17,1125.0,19.70719463025396,-155.31680754227335,33.3683437856832,3.2
1126,1973.0,8.0,28.0,21.0,57.0,14.01,1126.0,19.74796773544978,-155.5460808947248,6.316101479729071,2.7
1127,1973.0,9.0,8.0,3.0,11.0,38.71,1127.0,19.61146705326294,-155.57354431418,38.617871575967,3.6
1128,1973.0,9.0,15.0,0.0,56.0,44.17,1128.0,20.12957224052535,-155.56568331958871,19.565090309485093,7.1
1129,1973.0,9.0,21.0,5.0,40.0,48.33,1129.0,19.749260922116548,-155.4860881109572,6.682438301171199,2.5
1130,1973.0,9.0,22.0,6.0,50.0,49.42,1130.0,19.7051703704717,-155.26225379885076,15.306432999178814,2.5
1131,1973.0,9.0,22.0,13.0,27.0,9.76,1131.0,19.52504400367549,-155.5683767306148,20.21793441653584,3.2
1132,1973.0,9.0,24.0,17.0,5.0,20.31,1132.0,19.19096789697424,-155.5066529705617,28.337637344893373,3.3
1133,1973.0,9.0,25.0,7.0,14.0,31.21,1133.0,19.68282687770664,-155.71159216580708,19.80836921436052,3.9
1134,1973.0,10.0,10.0,11.0,33.0,28.2,1134.0,19.45415361967797,-155.46172722457362,8.050835565502853,2.5
1135,1973.0,10.0,11.0,5.0,50.0,46.35,1135.0,19.26956864338679,-155.31659571182917,40.99558736872225,2.6
1136,1973.0,10.0,15.0,5.0,32.0,6.4,1136.0,19.388181073859684,-155.79447087220558,42.99520482584386,3.1
1137,1973.0,10.0,16.0,2.0,20.0,39.25,1137.0,19.64213763235449,-154.96929577360666,25.397198576168503,3.0
1138,1973.0,10.0,22.0,3.0,6.0,52.23,1138.0,19.58561421292372,-155.9254949117949,7.297623672858,2.9
1139,1973.0,10.0,25.0,15.0,50.0,51.89,1139.0,19.50143157472087,-155.31341045256835,13.418787928539857,3.2
1140,1973.0,10.0,31.0,9.0,33.0,54.14,1140.0,19.868406011352025,-155.38118914085007,15.013851054268434,2.9
1141,1973.0,11.0,5.0,9.0,10.0,31.5,1141.0,19.553108807282687,-155.4605709936045,31.01286194410675,2.7
1142,1973.0,11.0,10.0,0.0,33.0,25.44,1142.0,19.511228678856583,-155.41825173507644,42.338436708729205,2.7
1143,1973.0,11.0,13.0,10.0,10.0,10.77,1143.0,19.60245576345897,-155.63727884906478,34.6061309287175,2.6
1144,1973.0,11.0,13.0,20.0,27.0,55.19,1144.0,19.801478928720098,-155.58511410900994,44.24974716507816,2.8
1145,1973.0,11.0,13.0,23.0,26.0,7.52,1145.0,19.898604372657893,-155.54252766571864,20.297225889446807,3.1
1146,1973.0,11.0,14.0,4.0,38.0,19.17,1146.0,19.86785866923401,-155.8327222052717,22.71464762766424,3.0
1147,1973.0,11.0,23.0,0.0,18.0,23.21,1147.0,20.125953384135403,-155.72513060193452,27.21375593940474,3.7
1148,1973.0,11.0,23.0,8.0,33.0,7.76,1148.0,19.895000163801715,-155.2927445425834,7.011349907316335,2.6
1149,1973.0,11.0,27.0,23.0,54.0,17.14,1149.0,19.97231707612425,-155.4611045877133,24.144343573798416,2.8
1150,1973.0,12.0,2.0,13.0,44.0,35.99,1150.0,19.371562129723323,-155.49038695681185,1.2220946301667457,4.3
1151,1973.0,12.0,4.0,22.0,50.0,58.88,1151.0,19.748186604994387,-155.13813392538407,22.696532581054697,2.9
1152,1973.0,12.0,6.0,20.0,50.0,17.87,1152.0,19.542945588636425,-155.17815942275928,13.492762942397963,2.7
1153,1973.0,12.0,8.0,5.0,11.0,37.13,1153.0,19.82225461437585,-155.26066698070525,2.034239387258791,2.8
1154,1973.0,12.0,19.0,5.0,17.0,58.04,1154.0,19.44718503255772,-155.35028728607557,44.01792228890019,2.8
1155,1973.0,12.0,27.0,21.0,24.0,10.51,1155.0,19.76250182114933,-155.82214385835115,43.839284601323975,2.8
1156,1973.0,12.0,30.0,22.0,54.0,39.83,1156.0,19.4702652929695,-155.69572963765677,39.614214734996175,2.8
1157,1974.0,1.0,6.0,6.0,0.0,45.55,1157.0,20.156946341892294,-155.7440193574744,31.8544575975438,2.5
1158,1974.0,1.0,11.0,22.0,15.0,47.0,1158.0,19.35702341996868,-155.40510236383827,44.70044813967723,2.6
1159,1974.0,1.0,12.0,12.0,37.0,47.79,1159.0,19.46185603836089,-155.75728119610162,32.68953149585831,2.6
1160,1974.0,1.0,15.0,14.0,52.0,40.16,1160.0,19.735164713489457,-155.87283514158793,43.87597419072662,2.5
1161,1974.0,1.0,18.0,17.0,51.0,35.17,1161.0,19.7742014462719,-155.43538662342976,4.884308922101869,2.5
1162,1974.0,1.0,19.0,11.0,17.0,23.49,1162.0,19.440731814375084,-155.80958163521692,34.58025450539023,2.9
1163,1974.0,1.0,21.0,10.0,57.0,4.37,1163.0,19.53212589208455,-155.60610502449563,3.396747739348257,2.5
1164,1974.0,1.0,21.0,17.0,56.0,23.96,1164.0,19.421870770985915,-155.58779450328146,12.214591167763816,2.6
1165,1974.0,2.0,4.0,0.0,38.0,18.9,1165.0,20.045871605838965,-155.34143299104437,40.79634270582137,2.5
1166,1974.0,2.0,9.0,12.0,50.0,59.09,1166.0,19.43659499226188,-155.10747974472525,44.965642543715,4.5
1167,1974.0,2.0,14.0,9.0,35.0,30.45,1167.0,19.45213804375975,-155.57795712492805,37.43104393883307,3.2
1168,1974.0,3.0,3.0,4.0,29.0,6.85,1168.0,19.27980642859658,-155.48280731898245,22.15263757907849,3.2
1169,1974.0,3.0,13.0,23.0,8.0,11.47,1169.0,19.983864081334424,-155.25463910414686,4.796106696615975,2.9
1170,1974.0,3.0,18.0,21.0,52.0,57.46,1170.0,19.944174744464465,-155.40215404103324,21.504633745504,2.8
1171,1974.0,3.0,22.0,8.0,1.0,3.94,1171.0,19.613252442527795,-155.5291979807056,24.44656093881533,2.5
1172,1974.0,3.0,27.0,8.0,9.0,26.15,1172.0,19.15370240480628,-155.56041866940595,39.3601093780206,3.4
1173,1974.0,4.0,4.0,8.0,35.0,43.07,1173.0,19.579979007773726,-155.4273628129853,13.889281534398238,2.5
1174,1974.0,4.0,13.0,12.0,35.0,35.96,1174.0,19.63735124204622,-155.77060111035726,7.561683710871986,2.8
1175,1974.0,4.0,16.0,16.0,5.0,48.73,1175.0,19.601704743364127,-155.5594142399834,10.132884957744407,3.7
1176,1974.0,4.0,27.0,2.0,3.0,29.37,1176.0,19.553341261057952,-154.96717404289785,32.94217385300732,3.2
1177,1974.0,4.0,28.0,5.0,13.0,56.51,1177.0,19.697128537845344,-155.18065281039466,42.457937376966186,3.2
1178,1974.0,5.0,8.0,18.0,29.0,18.26,1178.0,19.91639086023765,-155.7990813403811,41.2959592958696,2.6
1179,1974.0,5.0,8.0,22.0,59.0,37.64,1179.0,19.13056191911319,-155.80321070042692,15.207622354780725,2.8
1180,1974.0,5.0,10.0,17.0,13.0,30.59,1180.0,19.43402574723424,-155.22678287594937,10.316994579679946,2.7
1181,1974.0,5.0,18.0,9.0,2.0,42.7,1181.0,19.52002505058969,-155.5355573521251,14.119794912510956,2.9
1182,1974.0,5.0,24.0,14.0,12.0,41.54,1182.0,19.370947282006625,-155.46996570049868,43.45925968319082,3.4
1183,1974.0,5.0,25.0,0.0,1.0,56.22,1183.0,19.372483443122107,-155.8369256805525,30.856473033556806,2.5
1184,1974.0,6.0,10.0,21.0,38.0,28.64,1184.0,19.169998876494763,-155.8875483753247,29.72955154253036,3.8
1185,1974.0,6.0,13.0,15.0,44.0,46.73,1185.0,20.091543747745813,-155.62359990555694,16.074164308453547,3.0
1186,1974.0,6.0,19.0,4.0,29.0,47.33,1186.0,19.358537740525406,-155.6348911292065,12.676316363208912,2.5
1187,1974.0,6.0,24.0,6.0,30.0,38.7,1187.0,20.03040662990016,-155.33294837612237,43.356446009708,3.1
1188,1974.0,6.0,27.0,10.0,11.0,57.58,1188.0,19.38093858630348,-155.28982784280922,37.05485556816532,2.5
1189,1974.0,6.0,28.0,2.0,2.0,49.86,1189.0,19.3133044627728,-155.498530922613,41.15421152757746,2.5
1190,1974.0,6.0,30.0,11.0,18.0,30.83,1190.0,19.627319894821497,-155.25291839201793,34.405482993524245,2.6
1191,1974.0,7.0,5.0,18.0,32.0,0.3,1191.0,20.010452713705625,-155.42048649045503,21.103900591144424,4.0
1192,1974.0,7.0,10.0,17.0,59.0,34.8,1192.0,19.540729976059787,-155.36943334088127,36.44554195963489,2.6
1193,1974.0,7.0,10.0,20.0,54.0,10.7,1193.0,20.138829206318047,-155.73532956307548,19.07070053957124,3.5
1194,1974.0,7.0,14.0,1.0,6.0,46.96,1194.0,19.622208207432525,-155.18407519119984,32.29848971394437,3.0
1195,1974.0,7.0,14.0,7.0,1.0,57.96,1195.0,19.760981547203155,-155.32147277885437,19.584948644853448,2.5
1196,1974.0,7.0,15.0,19.0,36.0,32.38,1196.0,19.96885839747465,-155.62226021061997,19.284772438568204,3.6
1197,1974.0,7.0,24.0,1.0,55.0,48.45,1197.0,19.379150552819024,-155.1543512836689,33.13344076460326,2.9
1198,1974.0,7.0,24.0,9.0,7.0,2.69,1198.0,19.6727058321346,-155.67792571267407,8.022303194509906,2.5
1199,1974.0,7.0,24.0,17.0,33.0,34.85,1199.0,19.038004112102275,-155.66644627938746,34.538954863695984,2.6
1200,1974.0,7.0,25.0,16.0,26.0,15.93,1200.0,19.4182475316364,-155.5278606577833,31.45671171543525,2.7
1201,1974.0,8.0,5.0,2.0,48.0,57.43,1201.0,20.00422209697556,-155.35501823472308,25.89332446265546,3.0
1202,1974.0,8.0,6.0,4.0,54.0,40.02,1202.0,19.05860681313404,-155.5522759348079,23.617690342594727,2.7
1203,1974.0,8.0,20.0,10.0,24.0,15.0,1203.0,19.34882650739244,-155.50486071193237,42.61818618612104,2.7
1204,1974.0,8.0,24.0,0.0,47.0,28.68,1204.0,20.052192035635272,-155.7127314864793,28.10121128307066,2.6
1205,1974.0,9.0,3.0,9.0,34.0,49.21,1205.0,19.64717352650801,-155.18779009107965,41.51199474032418,2.5
1206,1974.0,9.0,7.0,16.0,27.0,11.62,1206.0,19.503800648749035,-154.95576091573363,27.531147746615822,2.9
1207,1974.0,9.0,13.0,2.0,1.0,5.06,1207.0,19.995940752391263,-155.22672988086535,3.2174787485363083,2.7
1208,1974.0,9.0,16.0,11.0,44.0,10.15,1208.0,19.49188090586661,-155.18820276449975,15.103698212256154,2.6
1209,1974.0,9.0,27.0,1.0,45.0,56.79,1209.0,20.04627092199801,-155.7713720686988,13.69065935127334,2.7
1210,1974.0,10.0,1.0,0.0,3.0,28.96,1210.0,19.812346536783902,-155.59011683358756,4.942183407490979,4.2
1211,1974.0,10.0,4.0,1.0,2.0,21.1,1211.0,19.711037589521485,-155.63061611117365,8.11943195477716,3.5
1212,1974.0,10.0,11.0,8.0,15.0,47.19,1212.0,19.474028053690407,-155.21079783889004,44.2422958379554,2.5
1213,1974.0,10.0,16.0,23.0,4.0,35.09,1213.0,19.372071621575166,-155.559955889823,22.61388182413652,2.8
1214,1974.0,10.0,20.0,8.0,13.0,7.93,1214.0,19.182286609613843,-155.75782669600292,12.24808205425514,2.5
1215,1974.0,10.0,30.0,4.0,11.0,26.33,1215.0,19.386609689140656,-154.99616840871244,27.266324576315448,2.7
1216,1974.0,11.0,3.0,16.0,8.0,57.83,1216.0,19.778181404285554,-155.60860247332937,43.69958094065268,2.5
1217,1974.0,11.0,6.0,0.0,24.0,27.01,1217.0,19.179548718609336,-155.7905505050521,17.84253766129272,2.5
1218,1974.0,11.0,7.0,22.0,25.0,28.59,1218.0,19.30248948551668,-155.24582303476336,18.45387559143649,2.5
1219,1974.0,11.0,26.0,9.0,50.0,51.94,1219.0,19.82176648144934,-155.88852170521898,2.207792460691989,2.6
1220,1974.0,11.0,27.0,3.0,51.0,13.43,1220.0,19.7311484996929,-155.12898011088976,32.2966599517072,2.9
1221,1974.0,11.0,30.0,19.0,1.0,20.8,1221.0,19.168527012401388,-155.6619414932008,37.74960967387773,3.3
1222,1974.0,12.0,11.0,23.0,44.0,27.54,1222.0,19.928154066169046,-155.51737439971495,15.04826313948098,2.6
1223,1974.0,12.0,12.0,17.0,5.0,1.19,1223.0,19.89527381257188,-155.69666031646526,28.59268392510075,2.6
1224,1974.0,12.0,12.0,19.0,19.0,32.94,1224.0,19.390178114763167,-155.0248476340268,12.341131646084293,2.5
1225,1974.0,12.0,13.0,4.0,56.0,13.05,1225.0,19.46113904764771,-155.8723944868921,40.99331253250341,2.6
1226,1974.0,12.0,18.0,8.0,54.0,20.34,1226.0,19.632149802185467,-155.07305383277196,27.096396331739644,2.5
1227,1974.0,12.0,29.0,19.0,21.0,30.47,1227.0,19.087411838637333,-155.7799528409363,29.941031904556777,3.4
1228,1974.0,12.0,31.0,19.0,49.0,52.71,1228.0,19.91934937623548,-155.19879450932132,21.985450630393068,2.5
1229,1975.0,1.0,5.0,3.0,27.0,36.17,1229.0,19.515855356505043,-155.01469348880505,4.2641541805395295,2.5
1230,1975.0,1.0,8.0,9.0,9.0,15.08,1230.0,19.628765319668403,-155.36977590828843,8.935211644052142,3.2
1231,1975.0,1.0,10.0,11.0,10.0,13.21,1231.0,19.66221145123877,-155.23560785000885,22.845334158400373,3.1
1232,1975.0,1.0,13.0,20.0,32.0,1.21,1232.0,19.75750978811482,-155.27511708895557,35.58625364993867,3.2
1233,1975.0,1.0,20.0,7.0,58.0,13.08,1233.0,19.358442243009325,-155.47668160782302,43.5367243319376,3.1
1234,1975.0,1.0,24.0,21.0,2.0,36.88,1234.0,20.03662593183585,-155.70500587160382,18.218749961667772,2.6
1235,1975.0,1.0,27.0,23.0,31.0,46.15,1235.0,19.219352693754708,-155.64056027853667,34.0295543345916,2.5
1236,1975.0,1.0,28.0,22.0,11.0,17.99,1236.0,19.45621917916253,-155.73867048103483,40.328942793524725,2.6
1237,1975.0,2.0,3.0,0.0,44.0,45.17,1237.0,19.112710831937378,-155.57154137225513,44.05476833328437,2.6
1238,1975.0,2.0,15.0,3.0,15.0,12.92,1238.0,19.33860394980375,-155.2488459274021,22.635398520090074,2.5
1239,1975.0,2.0,15.0,9.0,14.0,13.27,1239.0,19.50976169240303,-155.23552645125656,20.68492698937272,3.9
1240,1975.0,2.0,22.0,17.0,14.0,9.29,1240.0,19.44774202877012,-155.49067352500276,25.158824149855786,3.3
1241,1975.0,2.0,22.0,20.0,37.0,59.11,1241.0,19.338198646127744,-155.67660501108452,12.696971724951124,2.6
1242,1975.0,2.0,25.0,14.0,5.0,9.5,1242.0,19.614667971923254,-155.30018068667215,14.228888445070323,2.9
1243,1975.0,2.0,27.0,6.0,39.0,3.58,1243.0,19.94439534268972,-155.20957841426693,43.62761550988117,2.5
1244,1975.0,2.0,28.0,2.0,53.0,44.44,1244.0,19.04724485421362,-155.76301111639643,30.05992026616904,2.5
1245,1975.0,3.0,3.0,16.0,29.0,53.84,1245.0,19.71651286430233,-155.01649497874325,10.959034393928691,4.5
1246,1975.0,3.0,3.0,21.0,37.0,14.8,1246.0,19.82135453489479,-155.6825596466483,24.3004980475787,3.5
1247,1975.0,3.0,7.0,15.0,27.0,44.17,1247.0,19.53025827881986,-154.86753257522815,10.488761605185513,2.5
1248,1975.0,3.0,11.0,1.0,3.0,40.58,1248.0,19.47153500876152,-155.06921034083192,14.252395125921934,3.2
1249,1975.0,3.0,13.0,19.0,9.0,39.8,1249.0,19.91447022237117,-155.8471654853481,15.306405955605952,2.7
1250,1975.0,3.0,17.0,21.0,8.0,0.69,1250.0,19.809419138657944,-155.29532417051823,7.2693267469970895,2.6
1251,1975.0,3.0,20.0,8.0,39.0,7.42,1251.0,20.04212817671983,-155.46810052622007,40.63678331946848,2.6
1252,1975.0,3.0,24.0,10.0,24.0,22.23,1252.0,19.01149148417652,-155.8284021540303,38.22622589136868,3.4
1253,1975.0,4.0,3.0,3.0,24.0,48.84,1253.0,19.56540950218905,-155.24934700590117,38.18454052496868,2.9
1254,1975.0,4.0,3.0,5.0,1.0,32.38,1254.0,19.64396480163767,-155.6701263932101,37.42833206594401,3.0
1255,1975.0,4.0,6.0,1.0,41.0,33.13,1255.0,19.41771415069012,-155.17923217107668,17.100766406862718,2.8
1256,1975.0,4.0,13.0,4.0,52.0,52.07,1256.0,19.647435237861632,-155.94707232643609,13.199224428340624,2.5
1257,1975.0,4.0,15.0,9.0,8.0,27.01,1257.0,19.289541625668072,-155.84744621129633,39.51409980301592,2.8
1258,1975.0,4.0,18.0,8.0,15.0,46.66,1258.0,19.555585904620333,-155.03372178625253,23.229723563914646,2.6
1259,1975.0,4.0,22.0,5.0,35.0,57.35,1259.0,19.90775780093881,-155.56611961760035,34.24105783238663,3.1
1260,1975.0,4.0,24.0,2.0,6.0,56.74,1260.0,19.46692908653232,-155.21517214391065,44.33952917913581,3.0
1261,1975.0,4.0,25.0,15.0,35.0,41.46,1261.0,19.802788401203628,-155.68838088675375,23.69646421410123,2.8
1262,1975.0,5.0,9.0,15.0,37.0,27.98,1262.0,19.663176563894183,-155.4749022185368,27.204341155212383,2.6
1263,1975.0,5.0,11.0,8.0,47.0,2.28,1263.0,19.630177231014173,-155.49498931719356,23.25212270499823,2.6
1264,1975.0,5.0,17.0,12.0,39.0,43.82,1264.0,19.99591257592484,-155.5768738765332,9.684653385435944,2.7
1265,1975.0,5.0,19.0,16.0,16.0,47.23,1265.0,19.88877599099682,-155.23461751606845,28.884340840489617,3.0
1266,1975.0,5.0,26.0,1.0,19.0,12.62,1266.0,19.58643767382589,-154.97021899290465,42.465919154899865,2.7
1267,1975.0,6.0,18.0,3.0,25.0,16.52,1267.0,19.55747075846412,-155.25159143054634,15.501419011219404,2.5
1268,1975.0,6.0,18.0,14.0,9.0,40.31,1268.0,19.992246790130903,-155.2756199422554,41.799963037628295,2.9
1269,1975.0,6.0,22.0,10.0,28.0,49.25,1269.0,19.06868434387607,-155.8777401402611,35.22565724747497,2.5
1270,1975.0,6.0,29.0,7.0,25.0,15.47,1270.0,19.41332362492359,-154.95327163246998,36.18675790861548,2.7
1271,1975.0,6.0,29.0,23.0,12.0,56.25,1271.0,19.435835226800823,-155.6916902375793,25.37439305364888,3.2
1272,1975.0,7.0,11.0,7.0,40.0,54.13,1272.0,19.67123857141784,-155.32489631225886,36.15354420679863,2.8
1273,1975.0,7.0,15.0,4.0,14.0,40.98,1273.0,19.39350921860821,-155.61166926394014,5.056874370873656,2.8
1274,1975.0,7.0,19.0,18.0,41.0,51.63,1274.0,19.4001164612257,-155.0126506547422,28.880988697626183,2.5
1275,1975.0,7.0,24.0,3.0,22.0,37.96,1275.0,19.42030584922585,-155.26838321980165,1.520888933950459,2.6
1276,1975.0,8.0,4.0,12.0,29.0,38.24,1276.0,18.979526186881124,-155.67673891862273,21.15966965215216,2.7
1277,1975.0,8.0,9.0,14.0,46.0,57.76,1277.0,19.786653725655693,-155.2827257921042,15.010994035225082,2.8
1278,1975.0,9.0,1.0,6.0,56.0,3.28,1278.0,19.35856681920611,-155.39652592182173,25.76398503700857,3.2
1279,1975.0,9.0,11.0,14.0,18.0,55.16,1279.0,19.93725366697429,-155.47167038949763,44.39680600713942,2.6
1280,1975.0,9.0,12.0,9.0,20.0,54.23,1280.0,19.513073378596623,-155.25642189780572,36.029871372467646,2.5
1281,1975.0,9.0,27.0,13.0,45.0,11.16,1281.0,19.84286933441146,-155.691143228833,6.440802490023887,2.6
1282,1975.0,9.0,30.0,12.0,50.0,24.32,1282.0,19.90545342526308,-155.72966910333562,27.214611862488077,2.5
1283,1975.0,10.0,4.0,1.0,26.0,28.41,1283.0,19.723969121712017,-155.84934933949185,25.740021845686364,2.8
1284,1975.0,10.0,6.0,19.0,40.0,59.19,1284.0,19.868823248506125,-155.1059757713996,30.513633823480475,2.6
1285,1975.0,10.0,9.0,14.0,1.0,58.04,1285.0,19.451406038213,-155.59889886251045,8.569604019614486,2.5
1286,1975.0,10.0,12.0,13.0,32.0,39.92,1286.0,19.55942150267568,-155.35040385380793,37.68056781576171,2.5
1287,1975.0,10.0,13.0,23.0,12.0,12.34,1287.0,20.144068226788143,-155.6997436486992,17.804566253998853,2.8
1288,1975.0,10.0,30.0,14.0,15.0,45.34,1288.0,19.50409349007956,-155.29432929647086,21.53661648837816,3.2
1289,1975.0,11.0,22.0,15.0,39.0,34.06,1289.0,19.7421005760424,-155.63008299444937,19.169394654435827,2.9
1290,1975.0,11.0,24.0,17.0,45.0,55.6,1290.0,19.25209993110109,-155.74399828012957,16.650149037386146,2.5
1291,1975.0,12.0,2.0,11.0,17.0,34.71,1291.0,19.61582242200725,-155.90485711164496,33.810853761680306,2.7
1292,1975.0,12.0,5.0,6.0,18.0,49.3,1292.0,19.91063124827675,-155.86937544450183,22.914332784367318,2.8
1293,1975.0,12.0,5.0,8.0,38.0,52.1,1293.0,19.808604040052696,-155.86068454834052,34.82517979210866,3.4
1294,1975.0,12.0,6.0,9.0,54.0,24.17,1294.0,19.74248328290845,-155.95192732839828,29.407413042099314,2.6
1295,1975.0,12.0,8.0,18.0,9.0,11.05,1295.0,19.23501251666688,-155.82786700613707,38.166884517810026,2.9
1296,1975.0,12.0,18.0,9.0,18.0,36.1,1296.0,20.10891998382818,-155.76052877164216,27.330609700514064,2.6
1297,1975.0,12.0,25.0,12.0,35.0,17.63,1297.0,19.88870831599712,-155.66524774106398,23.07145698628137,2.9
1298,1975.0,12.0,26.0,4.0,46.0,43.07,1298.0,19.02277536862174,-155.77771361641055,44.080506058097896,2.5
1299,1976.0,1.0,4.0,20.0,37.0,25.73,1299.0,20.041618155559128,-155.61581812861078,25.18260599253979,2.9
1300,1976.0,1.0,5.0,6.0,59.0,32.35,1300.0,20.21827465264762,-155.8104322998626,41.10444468745351,2.7
1301,1976.0,1.0,15.0,22.0,39.0,33.88,1301.0,19.93723047743822,-155.3881099043421,5.994834226748265,2.6
1302,1976.0,1.0,21.0,4.0,26.0,22.92,1302.0,19.42019503280102,-155.82201333198432,34.596169397352725,2.8
1303,1976.0,1.0,22.0,15.0,44.0,15.3,1303.0,19.9286290374146,-155.7672422286611,34.96847863034371,2.5
1304,1976.0,1.0,23.0,9.0,57.0,59.88,1304.0,19.43167249194737,-155.23988754800448,27.670334384728797,2.5
1305,1976.0,1.0,25.0,12.0,18.0,47.89,1305.0,19.908683299736897,-155.20308671506515,38.17997179837434,2.7
1306,1976.0,1.0,25.0,12.0,50.0,5.0,1306.0,19.340886250415444,-155.01084027848012,24.242142091672168,2.7
1307,1976.0,1.0,27.0,12.0,13.0,50.36,1307.0,19.78213877167905,-155.1954672850503,27.30026711998417,2.6
1308,1976.0,2.0,12.0,18.0,24.0,2.13,1308.0,19.18787703397395,-155.47561256988288,36.23262951700551,2.6
1309,1976.0,2.0,14.0,9.0,56.0,43.07,1309.0,19.41989686533208,-154.9587630750258,40.16098437408633,2.5
1310,1976.0,2.0,16.0,1.0,28.0,58.22,1310.0,19.372039007242183,-155.03076644160782,24.25990681062592,2.8
1311,1976.0,2.0,16.0,22.0,29.0,14.1,1311.0,19.46962613118737,-155.01517991104657,1.7830885295264398,3.4
1312,1976.0,2.0,18.0,20.0,0.0,9.34,1312.0,19.33780495120055,-155.72424182528175,34.03358537454275,3.1
1313,1976.0,2.0,19.0,18.0,53.0,56.21,1313.0,19.591046377732948,-155.5434654535157,10.753979551297826,2.8
1314,1976.0,2.0,21.0,14.0,47.0,35.1,1314.0,19.036589745816546,-155.6713116702283,39.07802545536896,3.1
1315,1976.0,2.0,22.0,12.0,57.0,56.47,1315.0,19.243842673801627,-155.8837391328827,11.405540599825386,2.7
1316,1976.0,3.0,9.0,17.0,10.0,50.56,1316.0,19.440836789319007,-155.89291299863163,11.198879648215236,2.8
1317,1976.0,3.0,11.0,8.0,7.0,10.62,1317.0,19.43126832289673,-154.96727048922875,33.97362951687904,4.1
1318,1976.0,3.0,16.0,7.0,11.0,52.29,1318.0,19.82181470018673,-155.88547648963663,23.05542890426146,2.7
1319,1976.0,3.0,18.0,11.0,41.0,26.6,1319.0,19.75703994825681,-155.41336384200113,42.637032982012855,2.6
1320,1976.0,3.0,29.0,4.0,17.0,29.3,1320.0,19.699160284711088,-155.34608587737975,4.3759757436371896,2.5
1321,1976.0,3.0,30.0,10.0,27.0,11.55,1321.0,19.500553525553627,-155.42738247652787,12.309243950140264,3.1
1322,1976.0,3.0,31.0,18.0,35.0,49.06,1322.0,19.434820124198787,-155.27424811893638,1.677710039426107,3.0
1323,1976.0,4.0,1.0,23.0,50.0,52.17,1323.0,19.82220360450831,-155.49219555522757,30.38215384895401,2.9
1324,1976.0,4.0,3.0,10.0,34.0,4.89,1324.0,19.7048048345347,-155.2333428357584,20.496776341494737,4.9
1325,1976.0,4.0,6.0,22.0,8.0,2.15,1325.0,19.39459490407216,-155.6494042539225,41.135237724975546,2.6
1326,1976.0,4.0,15.0,5.0,25.0,16.63,1326.0,19.29975527412056,-155.5835975140637,35.799996218150575,3.0
1327,1976.0,4.0,17.0,17.0,28.0,10.01,1327.0,19.778607880839168,-155.35178380950126,27.157100215631864,2.6
1328,1976.0,4.0,27.0,1.0,23.0,20.22,1328.0,19.52664511174953,-154.85824663382553,31.196390527814952,3.0
1329,1976.0,5.0,4.0,16.0,12.0,42.98,1329.0,19.66827830885331,-155.07567317624358,42.2878622851766,3.2
1330,1976.0,5.0,6.0,14.0,13.0,1.15,1330.0,19.46978214015421,-155.04357688583113,14.535215162567548,2.6
1331,1976.0,5.0,12.0,7.0,13.0,57.27,1331.0,19.51330227860312,-154.92532486073836,18.93670918147617,2.7
1332,1976.0,5.0,22.0,9.0,53.0,14.92,1332.0,19.69092011587049,-155.095593215702,19.82271610536999,2.6
1333,1976.0,6.0,1.0,9.0,33.0,15.64,1333.0,19.825105055714808,-155.16061625436473,14.759529359414543,3.1
1334,1976.0,6.0,5.0,21.0,24.0,8.81,1334.0,19.50622242775929,-155.08682301382177,23.421732215040464,2.8
1335,1976.0,6.0,8.0,22.0,5.0,47.8,1335.0,19.64618734344001,-155.67970758072028,4.397264032784393,2.8
1336,1976.0,6.0,11.0,8.0,16.0,38.38,1336.0,19.42740315688176,-155.62488528711563,39.1352759622293,2.6
1337,1976.0,6.0,19.0,11.0,56.0,13.27,1337.0,19.1263588262138,-155.77140011053956,6.652198794832236,2.6
1338,1976.0,6.0,25.0,2.0,34.0,45.33,1338.0,19.185025444435183,-155.55471109758798,44.9881446882992,3.3
1339,1976.0,7.0,1.0,1.0,5.0,53.66,1339.0,19.796105691300635,-155.75890168213968,6.16775715486258,2.8
1340,1976.0,7.0,7.0,21.0,35.0,3.41,1340.0,19.64108492839696,-155.12933827220837,8.338894876308624,2.6
1341,1976.0,7.0,11.0,3.0,54.0,28.93,1341.0,19.33206004953426,-155.2643957609654,10.371996501933683,2.8
1342,1976.0,7.0,16.0,9.0,30.0,47.12,1342.0,19.89010672742946,-155.33203710611048,10.345549261540535,2.5
1343,1976.0,7.0,17.0,6.0,15.0,18.05,1343.0,19.590003587126976,-155.54146360334568,44.68144750458832,4.2
1344,1976.0,7.0,25.0,15.0,18.0,38.35,1344.0,19.598991384566567,-155.64142644524443,27.2821373704916,2.5
1345,1976.0,7.0,29.0,11.0,57.0,22.69,1345.0,19.44718822661165,-155.56400954920858,18.19857892911765,3.0
1346,1976.0,8.0,15.0,10.0,27.0,39.24,1346.0,19.848375108212323,-155.41298177741547,42.99184878136315,4.3
1347,1976.0,8.0,16.0,9.0,26.0,16.72,1347.0,19.91192473319181,-155.44472545509754,12.191607540667205,2.9
1348,1976.0,8.0,17.0,17.0,37.0,44.59,1348.0,19.288776690403378,-155.23976769557768,43.853566540018,2.5
1349,1976.0,8.0,19.0,4.0,33.0,50.15,1349.0,19.765802172948035,-155.31443441271918,39.990518080494375,2.9
1350,1976.0,8.0,20.0,12.0,14.0,46.0,1350.0,19.95066880266877,-155.54470857476747,16.087971079500306,2.7
1351,1976.0,8.0,23.0,19.0,9.0,24.64,1351.0,19.37742263004761,-155.28593475114238,26.45768931137875,3.2
1352,1976.0,8.0,25.0,22.0,40.0,25.32,1352.0,19.683399257959785,-155.06360864369506,3.3074722709540056,2.5
1353,1976.0,8.0,27.0,18.0,49.0,29.6,1353.0,19.558821410542,-154.89531239167823,15.2396697017555,3.0
1354,1976.0,8.0,29.0,5.0,26.0,21.71,1354.0,19.679956372285417,-155.73440408853372,12.235227026109198,2.8
1355,1976.0,9.0,6.0,15.0,54.0,39.83,1355.0,20.15213466622796,-155.83115265227045,5.957868881209548,3.2
1356,1976.0,9.0,13.0,10.0,8.0,32.74,1356.0,19.96813363726412,-155.6442824492073,39.02104030214412,2.5
1357,1976.0,9.0,18.0,15.0,18.0,34.09,1357.0,19.412259883974,-155.0222628445522,2.640111635515531,3.9
1358,1976.0,9.0,21.0,6.0,49.0,21.44,1358.0,19.614665970248424,-155.64309352047974,4.476710617817611,3.1
1359,1976.0,9.0,22.0,14.0,24.0,23.29,1359.0,19.57645517586673,-155.91819374930836,26.73530647359829,2.6
1360,1976.0,9.0,23.0,21.0,12.0,5.79,1360.0,19.735660622648293,-155.2714342667967,31.089199471104347,2.7
1361,1976.0,9.0,29.0,3.0,28.0,3.3,1361.0,19.25098060139745,-155.26723195177894,9.855631113057672,2.6
1362,1976.0,10.0,2.0,9.0,30.0,49.3,1362.0,19.25653527445731,-155.64366172289218,13.511593699718585,2.5
1363,1976.0,10.0,5.0,22.0,29.0,27.28,1363.0,19.5499366408112,-155.848915709043,7.94983983115632,2.9
1364,1976.0,10.0,7.0,16.0,22.0,44.09,1364.0,19.794946435278604,-155.53782645983904,23.178295097276926,3.5
1365,1976.0,10.0,10.0,6.0,47.0,51.57,1365.0,19.21713959144608,-155.72405316422504,9.243249037364071,2.5
1366,1976.0,10.0,12.0,8.0,12.0,51.44,1366.0,19.39144553625682,-155.149250447601,18.7610953134466,3.3
1367,1976.0,10.0,18.0,14.0,42.0,53.41,1367.0,19.7206785231079,-155.70568037298472,12.30521561842578,3.0
1368,1976.0,10.0,19.0,11.0,12.0,59.64,1368.0,19.754349560016763,-156.01665074108465,26.648537327050704,3.1
1369,1976.0,11.0,7.0,2.0,10.0,56.59,1369.0,19.407313246753088,-155.64214123888368,13.478326073058426,2.7
1370,1976.0,11.0,7.0,18.0,44.0,30.73,1370.0,19.691024962085084,-155.66765565086217,32.24628675895576,2.6
1371,1976.0,11.0,13.0,6.0,9.0,0.76,1371.0,19.45186625252431,-155.88282583989215,5.832239334649596,3.1
1372,1976.0,11.0,23.0,5.0,41.0,52.24,1372.0,19.505094632747987,-154.85437169191636,44.11769022949954,3.2
1373,1976.0,12.0,11.0,7.0,3.0,5.78,1373.0,19.07103570862361,-155.5821201731449,16.889994108288207,3.4
1374,1976.0,12.0,12.0,2.0,4.0,22.2,1374.0,19.958134032852296,-155.8351027400544,29.170882843055765,3.4
1375,1976.0,12.0,13.0,0.0,46.0,28.61,1375.0,19.69503902222991,-155.85153235701364,18.48460357218149,2.5
1376,1976.0,12.0,17.0,21.0,30.0,51.81,1376.0,19.6815920738528,-155.03871230849722,1.1000577073223243,3.3
1377,1976.0,12.0,18.0,0.0,51.0,58.43,1377.0,19.313337186637465,-155.131561215444,26.597993621317634,2.5
1378,1976.0,12.0,31.0,10.0,0.0,47.67,1378.0,19.22699508429068,-155.40659676683524,15.150355498575616,2.8
1379,1977.0,1.0,13.0,13.0,53.0,10.27,1379.0,20.03421448102612,-155.5260983968497,3.4998691243575157,2.6
1380,1977.0,1.0,14.0,8.0,12.0,38.94,1380.0,19.77213848711039,-155.1263839166733,44.412980417676245,2.8
1381,1977.0,1.0,19.0,10.0,57.0,48.17,1381.0,19.711457345767457,-155.46851628245537,12.690233651293866,2.6
1382,1977.0,1.0,21.0,18.0,7.0,39.48,1382.0,19.726825048600325,-155.65706368705955,35.08744273579196,3.6
1383,1977.0,2.0,3.0,12.0,20.0,42.94,1383.0,19.170159266567264,-155.6930171730056,36.16239282183462,2.7
1384,1977.0,2.0,5.0,8.0,6.0,38.37,1384.0,19.13528499922716,-155.74800768990374,9.165815575534944,2.6
1385,1977.0,2.0,6.0,9.0,53.0,35.64,1385.0,19.733063256067144,-155.87261272142464,36.9446517882119,2.9
1386,1977.0,2.0,6.0,12.0,26.0,31.06,1386.0,19.31961584862697,-155.11288381718035,22.92335089534897,2.5
1387,1977.0,2.0,7.0,6.0,37.0,3.3,1387.0,19.460527855042024,-155.28782126831558,1.845424010156852,2.6
1388,1977.0,2.0,8.0,1.0,8.0,15.95,1388.0,19.37159262136913,-155.2092455082619,35.05145372460553,3.0
1389,1977.0,2.0,10.0,10.0,2.0,21.23,1389.0,19.40288649648504,-155.36025040322966,35.561919886654934,2.7
1390,1977.0,2.0,18.0,12.0,0.0,50.29,1390.0,19.09104625121172,-155.73563621310996,3.429480235823761,3.1
1391,1977.0,2.0,23.0,15.0,42.0,48.69,1391.0,19.400349063372868,-155.68562619078267,26.054106263150057,2.5
1392,1977.0,2.0,24.0,1.0,7.0,22.19,1392.0,19.55945361865941,-155.15591486603276,37.42842552379194,2.8
1393,1977.0,3.0,7.0,0.0,48.0,30.52,1393.0,19.53387981706034,-155.47006167653686,39.38392874298879,2.9
1394,1977.0,3.0,14.0,16.0,59.0,29.14,1394.0,19.454303426380253,-155.1956050218906,27.451127364472928,2.8
1395,1977.0,3.0,16.0,16.0,18.0,54.3,1395.0,19.9122600868251,-155.15113402981768,11.560989618374329,3.2
1396,1977.0,3.0,26.0,5.0,47.0,57.55,1396.0,19.057025799497204,-155.66495726894686,22.81816874014285,2.8
1397,1977.0,3.0,30.0,6.0,12.0,20.75,1397.0,19.63860573401766,-155.1832865513857,1.328599030590786,2.7
1398,1977.0,4.0,2.0,15.0,35.0,18.17,1398.0,19.69663453540233,-155.9737785902076,24.07896223375424,2.5
1399,1977.0,4.0,6.0,14.0,57.0,27.41,1399.0,19.99591723331197,-155.36994073115977,34.86316555273999,3.0
1400,1977.0,4.0,8.0,0.0,37.0,43.03,1400.0,20.19799018368435,-155.79096644604903,13.701530122516896,3.3
1401,1977.0,4.0,9.0,19.0,13.0,7.81,1401.0,19.42159936053649,-155.42130380582492,3.797316070034399,3.1
1402,1977.0,4.0,9.0,20.0,46.0,54.47,1402.0,19.406791505306103,-155.7687719882831,25.27574105391749,2.8
1403,1977.0,4.0,15.0,13.0,5.0,37.12,1403.0,19.94364059016513,-155.6996935305185,4.569043678096522,3.4
1404,1977.0,4.0,17.0,23.0,3.0,23.19,1404.0,19.259562531493348,-155.47551247945125,24.805518067631187,2.8
1405,1977.0,4.0,22.0,18.0,51.0,25.27,1405.0,19.47990960328839,-155.1975945929288,41.62260837028817,2.9
1406,1977.0,4.0,25.0,16.0,35.0,47.5,1406.0,19.22418797015566,-155.78886177559468,11.99177206341279,2.6
1407,1977.0,4.0,27.0,16.0,39.0,14.44,1407.0,19.89114856741092,-155.26316039514649,34.726715615671296,2.6
1408,1977.0,4.0,27.0,18.0,6.0,59.92,1408.0,19.436529846790584,-155.07215170471173,30.1542562510766,3.3
1409,1977.0,5.0,10.0,9.0,31.0,51.77,1409.0,19.82853487752867,-155.85648878411394,27.370924840356874,2.9
1410,1977.0,5.0,10.0,17.0,36.0,58.5,1410.0,19.55069413816264,-154.97482722802226,7.772510236006672,2.6
1411,1977.0,5.0,21.0,19.0,54.0,41.35,1411.0,19.738907459007645,-155.24936334685353,19.32037381322485,3.5
1412,1977.0,5.0,23.0,11.0,8.0,41.1,1412.0,19.30240675058156,-155.58545303520063,32.52391464695441,2.7
1413,1977.0,5.0,25.0,3.0,18.0,48.11,1413.0,19.273883716861626,-155.74096648097827,37.78153240273251,2.8
1414,1977.0,5.0,25.0,18.0,35.0,12.55,1414.0,19.263375473276486,-155.37889467489902,13.926265951754546,2.8
1415,1977.0,5.0,31.0,6.0,45.0,49.01,1415.0,19.785379757440705,-155.70474939722558,33.150101708967526,2.7
1416,1977.0,6.0,17.0,23.0,38.0,10.78,1416.0,19.44369057148578,-155.4838934594484,37.2085916199786,2.8
1417,1977.0,6.0,18.0,15.0,9.0,19.73,1417.0,19.80823710269761,-155.2520225918226,35.65633652626404,2.6
1418,1977.0,6.0,19.0,9.0,37.0,0.66,1418.0,19.77342520476672,-155.1900077487009,37.198863574625086,3.4
1419,1977.0,6.0,21.0,16.0,50.0,30.71,1419.0,20.103287899894404,-155.5928470872855,16.838032584105427,2.9
1420,1977.0,6.0,28.0,13.0,46.0,27.49,1420.0,19.282631435071504,-155.4990081206181,33.68585296480252,2.5
1421,1977.0,6.0,28.0,14.0,17.0,56.48,1421.0,19.68956325912266,-155.35071423291288,2.072953429566343,2.7
1422,1977.0,7.0,2.0,3.0,40.0,40.78,1422.0,19.68674759730757,-155.0725722736095,1.064499677866979,2.9
1423,1977.0,7.0,6.0,5.0,2.0,0.33,1423.0,19.52132768306341,-155.3030496384975,3.906985429307261,3.5
1424,1977.0,7.0,7.0,23.0,46.0,32.93,1424.0,18.942451435767783,-155.65818718567468,33.328575455591945,3.8
1425,1977.0,7.0,8.0,17.0,59.0,28.85,1425.0,19.682794680209327,-155.7163504133297,28.57439141285075,2.5
1426,1977.0,7.0,11.0,10.0,11.0,41.61,1426.0,19.50433884705662,-155.35723236811305,7.728637183437305,2.7
1427,1977.0,7.0,27.0,9.0,43.0,23.86,1427.0,19.466253253680083,-155.00241785116253,29.39579412076749,2.5
1428,1977.0,7.0,31.0,16.0,10.0,42.96,1428.0,19.300841784260022,-155.50216113265827,3.2368242419069664,2.5
1429,1977.0,7.0,31.0,16.0,57.0,14.72,1429.0,19.91808804314132,-155.57241196431502,44.45887628975702,2.7
1430,1977.0,8.0,3.0,9.0,24.0,22.39,1430.0,19.217686009040623,-155.52762805393127,13.007743290376334,3.3
1431,1977.0,8.0,8.0,8.0,7.0,31.32,1431.0,19.34786000179532,-155.32862308484272,39.50272319833074,2.6
1432,1977.0,8.0,9.0,21.0,6.0,11.74,1432.0,19.02882575629431,-155.60904717356777,2.9927587758697225,2.5
1433,1977.0,8.0,19.0,10.0,21.0,23.75,1433.0,19.50519182835719,-155.0222164957896,14.430955940887486,3.3
1434,1977.0,8.0,22.0,18.0,48.0,33.05,1434.0,19.329295018251344,-155.7133056551693,19.190971038451124,3.4
1435,1977.0,8.0,23.0,1.0,37.0,13.41,1435.0,19.773382161793865,-155.99314621208006,13.856350347730707,2.5
1436,1977.0,8.0,26.0,4.0,6.0,42.04,1436.0,19.952586323310168,-155.66327275805796,43.03383803918299,2.7
1437,1977.0,8.0,30.0,16.0,41.0,2.31,1437.0,19.55091184865515,-155.6441687765446,43.29394046805913,3.4
1438,1977.0,9.0,2.0,10.0,38.0,35.52,1438.0,19.54118642338916,-154.88413131678655,41.47412980140162,2.6
1439,1977.0,9.0,12.0,1.0,11.0,4.6,1439.0,19.768752436389228,-155.12157270834956,22.767218455516065,2.9
1440,1977.0,9.0,12.0,6.0,14.0,6.54,1440.0,19.69399035529418,-155.01493135821303,31.398035052003237,3.0
1441,1977.0,9.0,17.0,14.0,10.0,58.82,1441.0,19.79109111582322,-155.64886059902454,5.02026565698293,2.6
1442,1977.0,9.0,18.0,4.0,47.0,53.48,1442.0,19.539623709768712,-155.46021261255157,11.30916578225886,2.5
1443,1977.0,9.0,21.0,11.0,33.0,59.26,1443.0,19.770190294057294,-155.4754628335702,25.10031635426737,3.8
1444,1977.0,10.0,2.0,23.0,33.0,8.43,1444.0,19.553813756423896,-155.68457348532743,37.6502238435484,2.6
1445,1977.0,10.0,6.0,12.0,6.0,48.74,1445.0,20.13343290735924,-155.75778860587457,8.414957334373918,2.7
1446,1977.0,10.0,9.0,8.0,4.0,19.74,1446.0,20.15367966753788,-155.87139297483802,12.493064886520203,2.8
1447,1977.0,10.0,12.0,20.0,30.0,53.38,1447.0,19.39759879960696,-155.12797506217788,27.947450542801292,2.6
1448,1977.0,10.0,15.0,15.0,9.0,40.67,1448.0,19.02334804588057,-155.74095360496528,1.191660681862325,3.8
1449,1977.0,10.0,21.0,8.0,54.0,39.38,1449.0,19.17220603264086,-155.68471463585425,3.2069346685540125,2.5
1450,1977.0,10.0,21.0,23.0,2.0,45.1,1450.0,19.81747084288575,-155.41144670562224,20.388011739381543,2.5
1451,1977.0,10.0,22.0,22.0,25.0,51.27,1451.0,19.42462772236396,-155.02467878104883,6.554235763023865,2.7
1452,1977.0,10.0,24.0,0.0,10.0,58.81,1452.0,19.0406427994998,-155.85071734833318,44.74799337819459,2.7
1453,1977.0,10.0,26.0,19.0,3.0,18.72,1453.0,19.616596128432544,-155.2312600009845,9.90239994890844,2.5
1454,1977.0,10.0,28.0,9.0,44.0,46.05,1454.0,19.880160325067024,-155.1189219710945,37.87029301593964,3.1
1455,1977.0,10.0,29.0,0.0,59.0,31.89,1455.0,19.37492716987576,-155.0614635715895,38.24480316916353,3.4
1456,1977.0,11.0,2.0,17.0,10.0,1.32,1456.0,19.7515722138876,-155.107775878968,7.88566970298835,2.8
1457,1977.0,11.0,8.0,20.0,32.0,31.85,1457.0,19.74538775271533,-155.14765508111688,8.705045018610484,3.1
1458,1977.0,11.0,12.0,22.0,48.0,28.19,1458.0,20.04587747594216,-155.44383815358245,40.297822319145325,2.6
1459,1977.0,11.0,19.0,12.0,30.0,56.78,1459.0,19.109417498975112,-155.5934864045113,1.5390997127514958,2.5
1460,1977.0,11.0,26.0,15.0,19.0,32.29,1460.0,19.2771324134395,-155.4588508911649,26.825551676331497,2.8
1461,1977.0,11.0,28.0,2.0,32.0,20.02,1461.0,19.518107502813663,-154.855052488944,30.230998977340583,2.8
1462,1977.0,12.0,5.0,1.0,1.0,2.27,1462.0,19.466051193922265,-155.30790473910304,19.501179647575643,3.5
1463,1977.0,12.0,21.0,19.0,38.0,18.8,1463.0,19.542094848871884,-155.17457583250612,10.62250608033312,2.5
1464,1977.0,12.0,25.0,4.0,31.0,44.08,1464.0,19.399043930448027,-155.17949069423463,13.12710609820592,3.2
1465,1977.0,12.0,27.0,16.0,0.0,53.0,1465.0,19.42394085476328,-154.91914601158476,21.540265092160386,2.8
1466,1978.0,1.0,2.0,12.0,45.0,10.24,1466.0,19.10989177429432,-155.64472769687515,21.902959754826284,2.6
1467,1978.0,1.0,7.0,13.0,38.0,34.8,1467.0,19.537659349558496,-155.16258654127796,16.63034119138537,3.8
1468,1978.0,1.0,18.0,14.0,45.0,45.77,1468.0,19.34498356012064,-155.086339424544,10.696471697128423,2.8
1469,1978.0,1.0,29.0,11.0,52.0,17.01,1469.0,19.22861731470675,-155.33132024311226,27.211824101203035,2.6
1470,1978.0,2.0,1.0,4.0,0.0,13.34,1470.0,19.877036922905965,-155.14772386754416,24.760835165128444,2.9
1471,1978.0,2.0,5.0,15.0,36.0,53.5,1471.0,19.26810218986084,-155.4319428075332,32.574407332206746,3.9
1472,1978.0,2.0,6.0,10.0,17.0,53.1,1472.0,19.446991515129483,-155.75360992810724,27.757292172314152,3.1
1473,1978.0,2.0,6.0,12.0,38.0,51.88,1473.0,19.932349881257604,-155.64461208189533,9.285698986803284,2.5
1474,1978.0,2.0,11.0,10.0,53.0,17.95,1474.0,19.478881324953065,-155.90039244966974,12.847460918020271,4.2
1475,1978.0,2.0,20.0,8.0,1.0,6.89,1475.0,19.44285871997692,-155.66044877624768,26.010960311002965,2.9
1476,1978.0,3.0,2.0,6.0,7.0,38.06,1476.0,19.45413981454998,-155.50067442595463,19.750630220482037,3.3
1477,1978.0,3.0,11.0,13.0,47.0,56.94,1477.0,19.230135898671737,-155.55381261926613,19.53998046774745,2.7
1478,1978.0,3.0,13.0,6.0,37.0,7.89,1478.0,19.163024840837505,-155.75683703446558,9.350516418025794,2.5
1479,1978.0,3.0,13.0,10.0,15.0,55.52,1479.0,19.648643149040943,-155.97401818092132,9.10677148452339,2.7
1480,1978.0,3.0,13.0,18.0,57.0,47.51,1480.0,19.575914941728136,-155.15668557399545,39.50566373346408,2.8
1481,1978.0,3.0,15.0,4.0,53.0,44.41,1481.0,19.837856472126447,-155.8093186737479,12.796624278850633,3.6
1482,1978.0,3.0,18.0,20.0,18.0,40.43,1482.0,19.613805746684243,-155.18837321198177,44.297863105856784,3.4
1483,1978.0,3.0,26.0,21.0,59.0,42.38,1483.0,19.824919885798103,-155.55082863552266,31.633709289975062,3.1
1484,1978.0,4.0,1.0,19.0,21.0,36.89,1484.0,19.040121020263136,-155.86835954708937,18.71649247289622,2.6
1485,1978.0,4.0,7.0,6.0,6.0,6.84,1485.0,19.42099391986364,-155.27524781228323,28.423075480969818,2.9
1486,1978.0,4.0,9.0,11.0,50.0,48.43,1486.0,19.33789680521562,-155.0718099367923,20.632590889811755,3.1
1487,1978.0,4.0,12.0,3.0,26.0,44.05,1487.0,19.183580664733817,-155.842873716155,44.24041177888106,2.9
1488,1978.0,4.0,12.0,15.0,17.0,17.07,1488.0,19.97277631545941,-155.84193779706885,19.43513042932945,3.0
1489,1978.0,4.0,14.0,15.0,28.0,40.76,1489.0,19.46267481519876,-155.8777663162569,13.224554339070842,2.8
1490,1978.0,4.0,21.0,4.0,47.0,14.03,1490.0,19.675273384149342,-154.98620888203396,12.62014222064358,2.5
1491,1978.0,4.0,22.0,10.0,19.0,43.27,1491.0,19.442814770948328,-154.9953135421289,19.50775269281815,3.4
1492,1978.0,4.0,29.0,14.0,56.0,8.53,1492.0,19.670893696684715,-155.17542608445763,35.66706882993334,2.6
1493,1978.0,5.0,3.0,3.0,0.0,43.63,1493.0,20.038308566420906,-155.549806904039,36.81661395331714,2.5
1494,1978.0,5.0,11.0,21.0,46.0,29.42,1494.0,18.94540394654763,-155.65525254256798,44.89033190428141,2.5
1495,1978.0,5.0,15.0,20.0,30.0,57.42,1495.0,19.66760981569028,-155.69817894367662,20.6995926673102,2.5
1496,1978.0,5.0,16.0,12.0,20.0,8.21,1496.0,20.10149509072836,-155.6127303581209,15.257647358480847,2.6
1497,1978.0,6.0,3.0,2.0,21.0,54.42,1497.0,19.734862948322125,-155.6715592277382,16.60906813668715,2.9
1498,1978.0,6.0,3.0,6.0,54.0,52.2,1498.0,19.53446849105276,-154.8564896826067,8.546417880417817,2.5
1499,1978.0,6.0,12.0,13.0,45.0,6.31,1499.0,19.67700134271873,-155.6816261655386,1.182618761745854,3.4
1500,1978.0,6.0,18.0,17.0,28.0,45.77,1500.0,19.165576173704657,-155.7074103472248,37.22596858020727,2.5
1501,1978.0,6.0,21.0,3.0,24.0,7.63,1501.0,19.235136181906874,-155.5921516453166,22.221773023348163,2.8
1502,1978.0,6.0,23.0,9.0,47.0,8.93,1502.0,20.020002712172268,-155.46651124607104,22.807595098892097,3.5
1503,1978.0,7.0,6.0,13.0,11.0,41.13,1503.0,19.59829887236338,-155.17833480790753,38.37696709675104,2.5
1504,1978.0,7.0,7.0,0.0,57.0,31.61,1504.0,19.82487732895996,-155.31988982152262,30.579349292702712,2.5
1505,1978.0,7.0,8.0,16.0,54.0,28.05,1505.0,19.30536051216901,-155.44030109846378,24.212160188501866,3.1
1506,1978.0,7.0,14.0,16.0,39.0,44.32,1506.0,19.495485209546903,-155.07779524344386,36.35586161822874,3.4
1507,1978.0,7.0,15.0,13.0,43.0,17.93,1507.0,20.065777044874444,-155.598690553482,29.352841583041677,2.7
1508,1978.0,7.0,16.0,0.0,25.0,4.14,1508.0,19.47941975969892,-155.7460523614626,13.522339937179323,2.5
1509,1978.0,7.0,21.0,22.0,43.0,56.67,1509.0,19.573203186486094,-155.00260519971795,2.0731088113080944,2.5
1510,1978.0,7.0,31.0,23.0,12.0,17.3,1510.0,19.86719889313273,-155.17005039886152,24.1821816355114,2.9
1511,1978.0,8.0,5.0,2.0,58.0,15.51,1511.0,19.53546633370162,-155.7972137461157,40.50533028813079,3.0
1512,1978.0,8.0,9.0,2.0,55.0,38.02,1512.0,19.57440101568891,-155.8211375411305,34.592550421538064,2.6
1513,1978.0,8.0,12.0,6.0,42.0,50.48,1513.0,19.45926551378369,-155.87077720129668,35.58704422308525,2.5
1514,1978.0,8.0,17.0,1.0,28.0,40.01,1514.0,19.203309941793183,-155.3712566354938,6.602500264765386,4.4
1515,1978.0,8.0,18.0,10.0,31.0,55.9,1515.0,19.76559568516156,-155.21016719593146,26.00096953039557,2.7
1516,1978.0,8.0,26.0,21.0,15.0,3.51,1516.0,19.6711478213604,-155.24406072917753,44.83470956928466,3.2
1517,1978.0,9.0,1.0,21.0,8.0,30.86,1517.0,19.520770017407603,-155.85843340842308,15.883739864074968,2.8
1518,1978.0,9.0,2.0,9.0,18.0,23.16,1518.0,19.271324839926336,-155.1800414756639,27.69597255564214,2.6
1519,1978.0,9.0,22.0,10.0,10.0,57.52,1519.0,20.10207704930465,-155.600127009714,27.424198334333465,2.6
1520,1978.0,9.0,30.0,3.0,38.0,19.55,1520.0,19.695772768197763,-155.38766540107272,39.904072989974175,2.6
1521,1978.0,10.0,7.0,6.0,32.0,5.53,1521.0,19.49603066932844,-154.8882851307247,1.8449051259351743,3.9
1522,1978.0,10.0,7.0,11.0,19.0,25.45,1522.0,19.9080752751574,-155.56574673090597,29.46063406071645,2.5
1523,1978.0,10.0,7.0,12.0,7.0,24.67,1523.0,19.76331442008664,-155.09006013661133,20.13031500990405,3.8
1524,1978.0,10.0,8.0,18.0,41.0,10.12,1524.0,19.182867705375926,-155.5197951093441,17.13049031238258,2.7
1525,1978.0,10.0,9.0,19.0,10.0,40.22,1525.0,19.505439576630103,-155.60658553874967,15.715687283219715,3.2
1526,1978.0,10.0,22.0,17.0,57.0,39.69,1526.0,20.022334445564727,-155.60739417466212,37.48634470430432,2.8
1527,1978.0,10.0,24.0,3.0,55.0,47.52,1527.0,20.058181277067188,-155.59719376687798,3.87262146117702,2.6
1528,1978.0,11.0,6.0,18.0,9.0,28.81,1528.0,19.298571822824872,-155.543959580351,23.9184477488406,2.7
1529,1978.0,11.0,7.0,4.0,11.0,57.27,1529.0,19.63486703186,-155.84060332549106,1.334893632225045,2.7
1530,1978.0,11.0,8.0,21.0,28.0,46.31,1530.0,19.42651515017805,-155.44038976196651,32.93754095879581,2.9
1531,1978.0,11.0,15.0,19.0,51.0,24.51,1531.0,19.28414712280194,-155.4519627825343,41.35087281689858,2.7
1532,1978.0,11.0,18.0,0.0,36.0,40.27,1532.0,19.99083017558862,-155.76460868909874,39.74735753100006,2.5
1533,1978.0,11.0,20.0,17.0,43.0,9.99,1533.0,19.530386291443136,-155.5499281920115,42.92384997909785,3.4
1534,1978.0,11.0,26.0,7.0,28.0,4.2,1534.0,19.55544719491919,-155.27865577989726,30.122316151490462,2.7
1535,1978.0,12.0,3.0,3.0,16.0,32.69,1535.0,19.38031320928496,-155.4005144956968,7.177913466954927,2.9
1536,1978.0,12.0,3.0,11.0,16.0,26.71,1536.0,19.55103755878121,-155.30705193695474,12.784508842692464,3.2
1537,1978.0,12.0,5.0,11.0,20.0,8.15,1537.0,19.799836807917828,-155.1435294340611,1.7836774079936633,2.7
1538,1978.0,12.0,16.0,19.0,25.0,12.55,1538.0,19.72435648129875,-155.54486292417965,3.44383831573566,2.9
1539,1978.0,12.0,17.0,21.0,24.0,36.52,1539.0,19.438911714133383,-155.20719341315944,15.762756178154188,2.5
1540,1979.0,1.0,3.0,19.0,39.0,23.21,1540.0,19.658806776137844,-155.00527763149316,37.44346260932112,2.7
1541,1979.0,1.0,3.0,22.0,28.0,49.14,1541.0,19.83810944237615,-155.54072315106646,36.10713934308039,2.7
1542,1979.0,1.0,5.0,3.0,3.0,35.73,1542.0,19.40319310058305,-154.95344963408033,44.42380793206007,2.5
1543,1979.0,1.0,10.0,10.0,42.0,42.33,1543.0,19.37728139022157,-155.0289040285187,34.35778369962381,2.7
1544,1979.0,1.0,23.0,5.0,3.0,21.95,1544.0,19.964333071004088,-155.54947154808295,42.84533792422525,3.1
1545,1979.0,1.0,31.0,21.0,48.0,58.15,1545.0,19.902499990766223,-155.89309420069233,2.0233869954819346,3.1
1546,1979.0,2.0,2.0,21.0,51.0,3.77,1546.0,20.166342166522128,-155.7782639625461,31.74380411783245,2.6
1547,1979.0,2.0,4.0,11.0,35.0,19.08,1547.0,19.567204311058017,-155.77771968886236,4.8836251922226825,2.6
1548,1979.0,2.0,5.0,15.0,15.0,15.67,1548.0,19.23316228129373,-155.82889946057114,39.58773790355786,3.4
1549,1979.0,2.0,5.0,16.0,8.0,6.16,1549.0,19.71217014777488,-155.34352380784432,7.684316167452463,3.1
1550,1979.0,2.0,6.0,6.0,30.0,21.21,1550.0,19.35524608824999,-155.0916310527524,31.434202697688725,2.7
1551,1979.0,3.0,1.0,18.0,25.0,12.28,1551.0,19.68006529575689,-155.5707026148879,7.823079676034822,3.2
1552,1979.0,3.0,13.0,17.0,48.0,35.21,1552.0,19.173652105878126,-155.51045863806766,6.295506012186708,2.5
1553,1979.0,3.0,16.0,4.0,27.0,25.57,1553.0,19.46279184625747,-155.1558468152043,8.091554005211638,2.5
1554,1979.0,3.0,16.0,23.0,3.0,5.5,1554.0,19.71464581733,-155.8920674031014,13.742557078223578,3.4
1555,1979.0,3.0,17.0,11.0,48.0,27.39,1555.0,19.722432613395814,-155.8864473980129,38.21000148816186,2.8
1556,1979.0,3.0,17.0,17.0,45.0,46.18,1556.0,20.036105748192853,-155.452851651905,31.93544366356393,2.9
1557,1979.0,3.0,26.0,6.0,48.0,54.8,1557.0,20.024721937360248,-155.57028589422444,5.8878963256153085,2.5
1558,1979.0,3.0,30.0,7.0,41.0,26.75,1558.0,20.0047109250797,-155.81661342373766,34.566142921550814,3.4
1559,1979.0,4.0,9.0,8.0,18.0,5.64,1559.0,19.989031584396614,-155.55426207906328,36.57678017750358,2.5
1560,1979.0,4.0,18.0,21.0,3.0,10.82,1560.0,19.360792236683785,-155.49509104737552,7.921209913015254,3.0
1561,1979.0,4.0,19.0,15.0,50.0,2.03,1561.0,19.57209799619165,-155.9478597686741,31.689526342716853,2.5
1562,1979.0,4.0,27.0,3.0,35.0,9.33,1562.0,19.432533802664707,-155.8761220033043,25.88402320867293,2.8
1563,1979.0,4.0,27.0,22.0,28.0,59.93,1563.0,19.240910562066343,-155.8612326385456,23.025217139131158,2.6
1564,1979.0,5.0,2.0,14.0,45.0,55.86,1564.0,19.513877062048422,-154.80606158007623,25.81919726069506,2.6
1565,1979.0,5.0,4.0,14.0,28.0,24.46,1565.0,19.45658598591068,-155.60554180342857,37.69383754312936,2.6
1566,1979.0,5.0,11.0,14.0,42.0,30.19,1566.0,19.41593249393496,-155.10344734785255,44.88456283117995,2.6
1567,1979.0,5.0,15.0,12.0,5.0,9.62,1567.0,19.388283267054483,-155.040866969644,1.5925476395941054,3.0
1568,1979.0,5.0,21.0,12.0,58.0,3.02,1568.0,19.39544791709727,-154.98119475385727,44.36027440190756,2.5
1569,1979.0,5.0,23.0,3.0,7.0,24.01,1569.0,19.87316455136457,-155.91147731179151,40.594172669903394,2.5
1570,1979.0,5.0,30.0,19.0,1.0,33.57,1570.0,19.41558234958206,-155.40543908870055,17.711019847060406,2.5
1571,1979.0,6.0,19.0,10.0,2.0,19.57,1571.0,19.476981650214373,-155.9300687522493,43.17380129033716,3.0
1572,1979.0,6.0,19.0,14.0,0.0,4.69,1572.0,20.12279432170636,-155.7298134550324,41.38937171706935,2.5
1573,1979.0,6.0,21.0,9.0,29.0,54.26,1573.0,20.146286464120863,-155.7286346771948,18.379114218584263,3.2
1574,1979.0,6.0,30.0,18.0,5.0,55.41,1574.0,19.76095837288473,-155.94795498463324,1.3483070828788637,3.2
1575,1979.0,7.0,3.0,5.0,23.0,11.96,1575.0,19.40336915592451,-155.46150382202674,9.95396075141161,2.5
1576,1979.0,7.0,7.0,8.0,47.0,49.45,1576.0,19.01259504824704,-155.72812249077796,36.82284503161353,2.9
1577,1979.0,7.0,8.0,2.0,40.0,35.58,1577.0,19.63495873211617,-155.92530826823725,39.18473978387384,2.5
1578,1979.0,7.0,11.0,12.0,15.0,52.86,1578.0,19.75723572252624,-155.6245357851859,19.41561618056931,3.0
1579,1979.0,7.0,17.0,0.0,35.0,23.9,1579.0,19.42530215063965,-155.7183960549025,1.9437876695821767,3.0
1580,1979.0,7.0,21.0,20.0,44.0,21.46,1580.0,19.48191986552824,-155.3839727021627,27.172968017676578,3.9
1581,1979.0,8.0,3.0,23.0,3.0,59.33,1581.0,20.190744212182366,-155.86996946709726,17.812587221879205,2.5
1582,1979.0,8.0,4.0,20.0,1.0,23.9,1582.0,19.59963935118704,-155.91338069702502,35.829233128727175,3.1
1583,1979.0,8.0,15.0,5.0,50.0,18.92,1583.0,19.531969097869457,-155.30309201237523,28.437650732643085,2.5
1584,1979.0,8.0,17.0,10.0,11.0,17.47,1584.0,19.745186487203288,-155.4051349743028,18.29208275765888,2.5
1585,1979.0,8.0,18.0,7.0,4.0,44.42,1585.0,19.38975569872148,-155.20917040769828,25.64082633104148,2.5
1586,1979.0,8.0,28.0,22.0,13.0,2.31,1586.0,20.065441189998875,-155.50190481029315,41.744983629877325,2.7
1587,1979.0,8.0,30.0,18.0,51.0,39.52,1587.0,19.540710628512294,-155.16710744198937,2.4980583444219198,2.8
1588,1979.0,8.0,31.0,20.0,35.0,12.84,1588.0,19.929588274080373,-155.2044420957263,15.16879020679971,2.5
1589,1979.0,9.0,7.0,16.0,32.0,14.64,1589.0,20.02034849379548,-155.8039173727575,27.65235125564921,3.9
1590,1979.0,9.0,9.0,9.0,8.0,42.46,1590.0,19.393068854426883,-155.32719179811917,27.902402610715875,2.5
1591,1979.0,9.0,9.0,19.0,23.0,28.07,1591.0,19.151699260214624,-155.79832240653465,39.66492555845243,2.5
1592,1979.0,9.0,14.0,12.0,11.0,39.07,1592.0,20.104161439260977,-155.76683102494871,16.098833848856632,2.8
1593,1979.0,9.0,24.0,7.0,46.0,31.63,1593.0,19.75976255103673,-156.0279277124063,12.015078794176224,2.8
1594,1979.0,9.0,28.0,16.0,28.0,16.0,1594.0,19.882934340288305,-155.1033133359899,39.704955464675606,3.0
1595,1979.0,10.0,2.0,9.0,18.0,24.71,1595.0,19.398318190405952,-155.04187753746336,19.63557678348761,2.9
1596,1979.0,10.0,12.0,8.0,0.0,18.69,1596.0,19.19376933831981,-155.3952350922967,33.48765527285541,3.7
1597,1979.0,10.0,15.0,13.0,28.0,17.14,1597.0,19.528367772179887,-155.22542122025783,32.72576054474247,3.1
1598,1979.0,10.0,20.0,1.0,56.0,54.15,1598.0,19.67628805579709,-155.40802063971492,7.593417820517745,2.5
1599,1979.0,10.0,23.0,16.0,57.0,33.75,1599.0,19.01002808806184,-155.64736716112736,7.731210432323017,3.0
1600,1979.0,10.0,29.0,13.0,57.0,3.44,1600.0,20.032640768412165,-155.6629196610472,7.939805042463933,4.0
1601,1979.0,11.0,1.0,3.0,52.0,44.27,1601.0,19.574250205098515,-155.32258857696576,42.998989452548805,2.6
1602,1979.0,11.0,3.0,12.0,29.0,33.74,1602.0,19.79840304959416,-155.10519423888238,8.702390069700755,2.5
1603,1979.0,11.0,5.0,11.0,36.0,37.72,1603.0,19.9930248787108,-155.6101140345405,16.010250083951867,2.5
1604,1979.0,11.0,8.0,22.0,59.0,50.6,1604.0,19.684203068305266,-155.743150412939,20.88509114628761,2.8
1605,1979.0,11.0,9.0,3.0,7.0,53.15,1605.0,19.80683337125293,-155.86801437598618,23.79791588618884,2.5
1606,1979.0,11.0,11.0,1.0,6.0,47.9,1606.0,19.630313704345184,-155.1645644224832,22.865088967908733,2.5
1607,1979.0,11.0,15.0,5.0,13.0,44.99,1607.0,19.750155295454828,-155.08431672573528,22.658920996248693,2.6
1608,1979.0,11.0,16.0,13.0,39.0,5.04,1608.0,19.94665163229523,-155.81503180056018,37.10850637305522,2.6
1609,1979.0,11.0,20.0,23.0,49.0,23.17,1609.0,19.2269656588572,-155.66918424555377,5.812091934514312,3.6
1610,1979.0,11.0,21.0,7.0,57.0,36.06,1610.0,19.978544767514435,-155.62384992021882,11.310662091159717,2.5
1611,1979.0,12.0,6.0,20.0,32.0,34.81,1611.0,19.638808164587825,-155.86108147555493,35.72322791057784,3.4
1612,1979.0,12.0,8.0,13.0,2.0,49.24,1612.0,19.912109289394767,-155.213321029935,28.87517956986218,4.2
1613,1979.0,12.0,10.0,12.0,18.0,34.8,1613.0,19.38366130527324,-155.82782689946953,10.42388481439878,2.5
1614,1979.0,12.0,11.0,5.0,24.0,46.17,1614.0,19.444259474152283,-155.9044121440256,31.95655406625285,3.5
1615,1979.0,12.0,15.0,4.0,3.0,44.63,1615.0,19.5916105544375,-155.11169933199247,15.64671368500162,2.7
1616,1979.0,12.0,15.0,15.0,7.0,37.36,1616.0,19.643147086515736,-155.5686514830056,37.14376205380211,2.8
1617,1979.0,12.0,19.0,17.0,13.0,47.4,1617.0,19.66170545443481,-155.77357018964244,12.684777253858249,2.5
1618,1979.0,12.0,24.0,11.0,9.0,41.88,1618.0,19.06007730049823,-155.65056796078122,19.727942526375685,3.0
1619,1980.0,1.0,28.0,19.0,59.0,48.61,1619.0,19.65770231571413,-155.69297794919387,21.62921059234729,2.5
1620,1980.0,1.0,31.0,17.0,10.0,22.61,1620.0,19.86805978350804,-155.7819866153609,32.188295591068254,2.6
1621,1980.0,2.0,2.0,21.0,11.0,14.26,1621.0,19.952904396715365,-155.44641630090763,19.215189797927277,2.6
1622,1980.0,2.0,7.0,9.0,45.0,24.26,1622.0,19.612054078058712,-155.51488954455684,15.468740069934476,2.5
1623,1980.0,2.0,10.0,15.0,18.0,12.19,1623.0,19.02178392759495,-155.58940199517525,23.30349558881392,2.6
1624,1980.0,2.0,12.0,12.0,12.0,20.16,1624.0,19.768743672470546,-155.78844311104103,18.337960675035397,2.6
1625,1980.0,2.0,17.0,1.0,37.0,34.57,1625.0,19.905846474919063,-155.4090338130368,32.57958174820993,2.7
1626,1980.0,2.0,18.0,21.0,59.0,12.92,1626.0,20.10072059668093,-155.83922636107368,44.62534530632054,2.6
1627,1980.0,2.0,27.0,1.0,53.0,13.41,1627.0,19.883495978296075,-155.21727976355547,43.18974005642616,2.6
1628,1980.0,2.0,27.0,20.0,42.0,22.88,1628.0,19.58803266712831,-155.5930432320941,29.02562441537198,2.5
1629,1980.0,3.0,3.0,0.0,48.0,12.46,1629.0,20.00922790990084,-155.54554035181224,2.458960055345316,2.9
1630,1980.0,3.0,4.0,14.0,21.0,1.76,1630.0,18.94498623884488,-155.6688633837444,18.78478871315265,3.3
1631,1980.0,3.0,4.0,15.0,34.0,52.87,1631.0,19.54263022083409,-155.55736235609734,32.42832639901866,2.8
1632,1980.0,3.0,5.0,23.0,1.0,20.27,1632.0,19.62216456146072,-155.6931762422989,17.356227591824993,2.6
1633,1980.0,3.0,8.0,23.0,46.0,39.06,1633.0,19.70094878521488,-155.08665832622833,30.011740102562214,3.3
1634,1980.0,3.0,11.0,10.0,33.0,1.79,1634.0,19.81462570107724,-155.72476988048803,43.83972033331773,2.7
1635,1980.0,3.0,11.0,17.0,27.0,37.01,1635.0,19.816794062428404,-155.59333377729948,18.76966753033591,2.6
1636,1980.0,3.0,12.0,19.0,11.0,44.3,1636.0,19.85863399655508,-155.62535090271325,3.5932550360926547,2.6
1637,1980.0,3.0,12.0,22.0,24.0,40.17,1637.0,19.44130574150828,-155.46844810769903,26.590244107408147,2.7
1638,1980.0,3.0,20.0,0.0,34.0,18.13,1638.0,19.90728501798573,-155.47610050043727,8.56201457462426,2.6
1639,1980.0,3.0,20.0,16.0,9.0,16.87,1639.0,20.040684045455045,-155.69752451646198,1.732603033646127,3.3
1640,1980.0,3.0,21.0,20.0,18.0,30.76,1640.0,19.328274684712493,-155.4999564812017,24.08179984451795,3.4
1641,1980.0,3.0,24.0,18.0,17.0,28.86,1641.0,19.153887539118347,-155.47483764001916,43.22176352810224,3.2
1642,1980.0,3.0,26.0,16.0,24.0,53.32,1642.0,19.4368888405084,-155.36751635106006,40.71278534765828,3.4
1643,1980.0,3.0,26.0,23.0,27.0,12.76,1643.0,19.399187714011124,-155.84174229176335,40.81151467479376,2.5
1644,1980.0,3.0,29.0,11.0,24.0,31.23,1644.0,19.87359895339285,-155.8255814545306,25.427919919635205,2.5
1645,1980.0,3.0,29.0,19.0,0.0,20.88,1645.0,19.30806402835203,-155.1757464297261,36.69990818560287,2.9
1646,1980.0,4.0,2.0,20.0,0.0,30.6,1646.0,19.440045078520832,-155.7054593903945,26.0640351371989,2.5
1647,1980.0,4.0,3.0,12.0,50.0,21.49,1647.0,19.39343937938812,-155.74582367398554,7.564489605608001,2.8
1648,1980.0,4.0,5.0,3.0,48.0,49.42,1648.0,18.988337607329235,-155.62450296002504,41.75704488071297,2.9
1649,1980.0,4.0,17.0,23.0,40.0,22.13,1649.0,19.71852549261778,-154.9864827462991,38.424070485930784,3.1
1650,1980.0,5.0,12.0,20.0,49.0,28.23,1650.0,19.86499371910075,-155.93622332364038,14.673795553410049,2.5
1651,1980.0,5.0,14.0,22.0,59.0,11.13,1651.0,19.42631774292322,-155.26008685722016,19.082469399365063,2.5
1652,1980.0,5.0,17.0,2.0,3.0,56.17,1652.0,19.84613507710152,-155.66378113608317,36.727425683013465,4.5
1653,1980.0,5.0,17.0,6.0,45.0,24.85,1653.0,19.474151584265027,-155.09816117137746,29.121875034666523,3.2
1654,1980.0,5.0,20.0,20.0,44.0,10.65,1654.0,19.941671712398325,-155.2272435860478,7.46563627960267,2.6
1655,1980.0,5.0,22.0,2.0,1.0,5.66,1655.0,19.97663803233769,-155.59244772559643,29.00127229971821,2.5
1656,1980.0,5.0,27.0,1.0,26.0,20.27,1656.0,19.194394156937545,-155.738438554142,29.40668583545578,2.9
1657,1980.0,5.0,27.0,18.0,34.0,45.22,1657.0,19.35173069826084,-155.19172142890883,4.214089502456141,2.7
1658,1980.0,5.0,28.0,16.0,56.0,38.49,1658.0,19.87133102349765,-155.89384808210093,12.456195405661468,2.6
1659,1980.0,5.0,31.0,17.0,21.0,46.71,1659.0,19.331960243692127,-155.20742739034,23.70198699734905,2.9
1660,1980.0,6.0,2.0,1.0,2.0,37.02,1660.0,19.787677737074294,-155.76796331265368,38.91926507400234,2.7
1661,1980.0,6.0,4.0,3.0,8.0,28.76,1661.0,19.29480648361668,-155.23956984132445,10.300433590412624,2.7
1662,1980.0,6.0,12.0,0.0,13.0,48.7,1662.0,19.63109463377913,-155.497174223258,34.7601950717598,2.6
1663,1980.0,6.0,13.0,4.0,18.0,43.18,1663.0,19.45564998625953,-154.93080153219165,6.877697913637787,3.6
1664,1980.0,6.0,14.0,4.0,29.0,43.02,1664.0,19.819916652892164,-155.68989536328027,8.846384950967245,2.8
1665,1980.0,6.0,23.0,16.0,47.0,7.44,1665.0,19.03092174454772,-155.56638949385226,17.09414977145015,3.7
1666,1980.0,6.0,27.0,9.0,49.0,38.21,1666.0,19.862761751953645,-155.3670470343821,11.829385177507383,3.2
1667,1980.0,7.0,4.0,23.0,35.0,38.44,1667.0,19.512456086180144,-155.7053734236702,28.05398131344204,3.0
1668,1980.0,7.0,24.0,17.0,18.0,58.86,1668.0,19.703250320769165,-155.95681318898855,12.965029689886014,2.5
1669,1980.0,7.0,26.0,11.0,33.0,22.1,1669.0,19.170818715678067,-155.7278679798992,7.1000479866094,3.1
1670,1980.0,7.0,26.0,13.0,1.0,3.2,1670.0,19.57088038228504,-154.8510477011095,15.450788893410284,2.6
1671,1980.0,8.0,3.0,20.0,16.0,31.42,1671.0,20.137235961912385,-155.807538207965,31.010244561802487,3.0
1672,1980.0,8.0,6.0,0.0,59.0,34.04,1672.0,19.28892483845522,-155.2404974082005,2.233121902640639,2.5
1673,1980.0,8.0,9.0,20.0,57.0,50.63,1673.0,19.575152988195168,-155.78493098504876,3.6550043176617946,2.8
1674,1980.0,8.0,26.0,3.0,57.0,8.85,1674.0,19.322657882814287,-155.06887670359563,27.593584525751567,2.7
1675,1980.0,8.0,26.0,14.0,40.0,1.98,1675.0,19.77845078588936,-155.46584552052937,31.00076327782297,2.6
1676,1980.0,8.0,27.0,20.0,14.0,9.92,1676.0,19.673463697851904,-155.07290300395326,17.893688199672315,3.0
1677,1980.0,8.0,28.0,19.0,33.0,11.13,1677.0,19.51513404361576,-155.39531642261366,1.420084797796063,3.1
1678,1980.0,8.0,29.0,2.0,7.0,27.11,1678.0,20.22452311458721,-155.87092676069312,36.04760113480342,3.1
1679,1980.0,8.0,29.0,11.0,9.0,53.81,1679.0,20.07865295581191,-155.64524648878762,26.04805167204893,2.5
1680,1980.0,9.0,1.0,11.0,11.0,23.65,1680.0,19.864719787035604,-155.81917591932802,31.3460250878317,2.6
1681,1980.0,9.0,4.0,10.0,22.0,10.67,1681.0,19.122494760950115,-155.89294629941588,29.93645782990685,2.8
1682,1980.0,9.0,8.0,0.0,41.0,35.82,1682.0,19.906892573364587,-155.7173707307785,42.17613812576949,2.5
1683,1980.0,9.0,11.0,7.0,45.0,32.33,1683.0,19.88051634608064,-155.51259429852243,13.263224396132586,2.5
1684,1980.0,9.0,13.0,1.0,50.0,46.87,1684.0,19.53001056691726,-155.71606163819325,31.652808551526483,3.0
1685,1980.0,9.0,13.0,2.0,9.0,29.17,1685.0,19.61262152316609,-154.96053392187133,24.94747124832993,2.9
1686,1980.0,9.0,16.0,18.0,51.0,54.33,1686.0,19.69157634504745,-155.80963181359212,38.28598703138724,2.8
1687,1980.0,9.0,17.0,1.0,36.0,9.13,1687.0,19.41892181974853,-155.47753922224646,12.644648445794752,3.3
1688,1980.0,9.0,21.0,4.0,17.0,0.71,1688.0,19.52019703119856,-154.96122740213008,28.50551510474894,3.8
1689,1980.0,9.0,25.0,1.0,51.0,14.17,1689.0,19.276168809536674,-155.49926873933623,44.051688766537794,3.0
1690,1980.0,9.0,30.0,1.0,33.0,18.28,1690.0,19.2585423676701,-155.88468443381754,9.304535276424602,2.6
1691,1980.0,10.0,2.0,22.0,35.0,3.4,1691.0,20.001430450966765,-155.73259107291076,3.2994839188959797,2.6
1692,1980.0,10.0,8.0,15.0,55.0,44.02,1692.0,19.80976432292336,-155.7802370235934,23.35978798157872,2.5
1693,1980.0,10.0,11.0,9.0,16.0,48.18,1693.0,19.511114913828607,-154.84090601812332,15.668326942419371,2.8
1694,1980.0,10.0,14.0,4.0,49.0,31.51,1694.0,19.861490940638493,-155.73539920815392,21.0613973573626,3.2
1695,1980.0,10.0,18.0,8.0,42.0,27.1,1695.0,19.55713225434426,-155.23841024802755,1.812686197347178,3.5
1696,1980.0,10.0,18.0,15.0,1.0,40.21,1696.0,19.20924446703991,-155.4948192759189,35.52906294724959,2.5
1697,1980.0,10.0,19.0,3.0,43.0,45.06,1697.0,19.434358628261123,-155.6291971000811,33.64235421841435,2.5
1698,1980.0,10.0,21.0,12.0,0.0,33.7,1698.0,19.574060561021334,-155.00445042888043,6.245754822247465,2.8
1699,1980.0,10.0,24.0,13.0,11.0,24.3,1699.0,19.45344240129012,-154.83706201334675,10.19062188119975,2.9
1700,1980.0,11.0,1.0,14.0,15.0,39.84,1700.0,19.358354587749524,-155.43575226124668,30.707171088638542,2.9
1701,1980.0,11.0,8.0,5.0,40.0,5.99,1701.0,19.51455139318172,-154.97535503219063,37.21606200844073,3.1
1702,1980.0,11.0,13.0,3.0,11.0,6.63,1702.0,19.780724862469537,-155.82601417192976,8.609752731302425,2.8
1703,1980.0,11.0,13.0,21.0,36.0,54.58,1703.0,19.049778101796782,-155.7746516373942,13.91363813008216,2.5
1704,1980.0,11.0,21.0,19.0,16.0,5.69,1704.0,19.940527142074338,-155.7477338405267,9.212013193140946,2.6
1705,1980.0,11.0,23.0,16.0,37.0,37.49,1705.0,19.66839620134062,-155.04827441522943,37.27217432604915,2.7
1706,1980.0,11.0,25.0,13.0,4.0,38.75,1706.0,19.25916201938303,-155.27183207875953,26.43060459005553,3.5
1707,1980.0,12.0,3.0,3.0,15.0,52.88,1707.0,20.16928487729842,-155.6979401344834,27.21163568469193,2.8
1708,1980.0,12.0,11.0,3.0,47.0,22.32,1708.0,19.880538854401703,-155.79145397145678,36.25082232222727,2.5
1709,1980.0,12.0,11.0,4.0,13.0,36.96,1709.0,19.80655471598995,-155.7033292876245,12.078124033853571,2.5
1710,1980.0,12.0,14.0,2.0,7.0,9.0,1710.0,19.86900540261931,-155.1333569367765,14.981709014960588,2.9
1711,1980.0,12.0,15.0,2.0,51.0,1.06,1711.0,19.81159791608558,-155.75455236247757,35.3607518629782,2.6
1712,1980.0,12.0,21.0,4.0,28.0,29.38,1712.0,19.568830961276863,-155.73633624739594,22.10779461226025,2.5
1713,1980.0,12.0,27.0,12.0,25.0,46.08,1713.0,19.829959416325103,-155.5733802841103,8.254660070703487,2.7
1714,1980.0,12.0,29.0,5.0,27.0,34.88,1714.0,19.424964508300004,-155.4638446450839,26.21443352561927,2.7
1715,1980.0,12.0,29.0,15.0,47.0,53.53,1715.0,19.99568942398417,-155.23382425687797,40.01846139980469,2.8
1716,1981.0,1.0,7.0,1.0,47.0,27.43,1716.0,19.48907285114505,-155.85136956358488,38.69533319671904,2.8
1717,1981.0,1.0,10.0,22.0,23.0,39.87,1717.0,19.8817336019932,-155.60605594938016,11.95729724004615,2.5
1718,1981.0,1.0,17.0,17.0,55.0,41.83,1718.0,19.512740011139226,-155.1826373749069,23.55651187538985,3.3
1719,1981.0,1.0,18.0,18.0,49.0,41.36,1719.0,19.62482314284404,-154.97868836280563,4.777059032096194,3.9
1720,1981.0,1.0,28.0,2.0,33.0,20.23,1720.0,19.19913158771603,-155.6371247790955,31.56482958555896,2.7
1721,1981.0,2.0,4.0,2.0,11.0,55.47,1721.0,20.0638585540699,-155.81082609482183,35.19035846177026,2.7
1722,1981.0,2.0,5.0,12.0,2.0,47.46,1722.0,19.40004954511909,-155.67266438280555,6.465596333692299,2.6
1723,1981.0,2.0,11.0,23.0,17.0,20.04,1723.0,19.144867036643934,-155.76974056927483,38.48521647608646,2.8
1724,1981.0,2.0,19.0,0.0,33.0,17.58,1724.0,19.42902246363544,-155.59077899253197,42.31268198415553,2.5
1725,1981.0,2.0,19.0,11.0,58.0,55.06,1725.0,19.841183042351613,-155.4401985076893,33.777820135330536,2.6
1726,1981.0,2.0,20.0,8.0,2.0,26.68,1726.0,20.14679835215452,-155.72441774096737,43.18517168696386,2.8
1727,1981.0,2.0,22.0,11.0,12.0,29.81,1727.0,19.22881419796165,-155.7901077662565,18.076390698723174,2.7
1728,1981.0,2.0,26.0,20.0,55.0,19.12,1728.0,20.110970775273103,-155.59061917272453,6.003165056048535,2.6
1729,1981.0,2.0,27.0,3.0,25.0,13.33,1729.0,19.215689073197574,-155.3903572418725,11.615991758620307,2.7
1730,1981.0,2.0,28.0,23.0,39.0,57.24,1730.0,19.848505023074352,-155.8871184233158,37.29989801224184,2.5
1731,1981.0,3.0,12.0,8.0,55.0,56.75,1731.0,20.01260070140672,-155.43463015947032,33.1902028864928,2.5
1732,1981.0,3.0,20.0,15.0,14.0,26.75,1732.0,19.255452844339008,-155.4714772339043,8.221100596308252,2.6
1733,1981.0,3.0,22.0,4.0,12.0,27.74,1733.0,19.37444149364321,-155.5659470626481,26.06151758785355,3.1
1734,1981.0,3.0,22.0,5.0,31.0,9.74,1734.0,19.27260032402013,-155.6823229502191,16.570312585326626,3.8
1735,1981.0,3.0,28.0,2.0,28.0,57.96,1735.0,19.630898215296853,-155.4274994163474,9.23870232995226,3.6
1736,1981.0,3.0,29.0,20.0,32.0,53.88,1736.0,19.07546216802104,-155.76964814032598,21.618000205977733,2.9
1737,1981.0,4.0,13.0,9.0,33.0,29.61,1737.0,19.35113778813979,-155.19663158566635,22.22021246765208,2.6
1738,1981.0,4.0,13.0,21.0,14.0,22.59,1738.0,19.4669254989634,-155.83691179325928,27.178223587712857,2.9
1739,1981.0,4.0,16.0,8.0,19.0,2.69,1739.0,20.01691708511668,-155.517565956511,42.8400391488284,3.0
1740,1981.0,4.0,21.0,4.0,17.0,13.96,1740.0,19.747713906259527,-155.24396838506885,19.75840472985628,2.6
1741,1981.0,4.0,24.0,16.0,22.0,23.4,1741.0,19.583663206242928,-154.92403853810265,33.315440028158875,2.6
1742,1981.0,4.0,25.0,21.0,56.0,19.48,1742.0,19.613928416625864,-155.33893474830626,8.373734117799534,2.5
1743,1981.0,5.0,5.0,9.0,40.0,0.61,1743.0,20.125322321101248,-155.7741647644458,39.39959148122758,3.2
1744,1981.0,5.0,9.0,11.0,1.0,57.11,1744.0,19.4640858004792,-155.2995780637591,27.078945911878822,3.0
1745,1981.0,5.0,14.0,16.0,9.0,24.03,1745.0,19.642476194164907,-155.61699445789208,41.92793744475806,3.3
1746,1981.0,5.0,22.0,21.0,58.0,55.5,1746.0,19.598281928922308,-155.9533717178892,4.540246248647556,2.8
1747,1981.0,5.0,23.0,5.0,24.0,19.21,1747.0,19.526895869431105,-154.85746597506608,13.99783312541818,3.4
1748,1981.0,5.0,25.0,8.0,40.0,59.32,1748.0,19.32698797373392,-155.4522459267749,5.708921268119059,2.8
1749,1981.0,5.0,30.0,10.0,35.0,24.6,1749.0,19.16203456119728,-155.7129765664589,26.83966870453215,2.6
1750,1981.0,5.0,30.0,15.0,13.0,9.87,1750.0,19.45695069936168,-155.41903040434823,15.515672131145925,2.6
1751,1981.0,6.0,4.0,9.0,53.0,35.82,1751.0,19.53691950820641,-155.0763430876154,17.627256045990578,2.5
1752,1981.0,6.0,6.0,17.0,8.0,9.74,1752.0,19.63520360613112,-155.54142941985688,31.24834046242918,2.7
1753,1981.0,6.0,7.0,8.0,31.0,37.67,1753.0,19.760530742272653,-155.54925787929602,34.7330887236676,2.5
1754,1981.0,6.0,9.0,3.0,33.0,41.01,1754.0,19.48994206226508,-155.2456865440193,40.71169447391315,2.7
1755,1981.0,6.0,13.0,22.0,2.0,10.96,1755.0,19.488157143427195,-155.36746412004848,2.978993342758761,2.5
1756,1981.0,6.0,15.0,3.0,29.0,9.05,1756.0,19.48564984314605,-155.7923190913055,22.539125031720385,3.4
1757,1981.0,6.0,24.0,10.0,26.0,58.03,1757.0,19.36629734247141,-155.3392174010269,13.106456361590434,3.2
1758,1981.0,6.0,29.0,10.0,32.0,30.94,1758.0,19.644881983407124,-155.42465236706042,19.89688637895698,2.6
1759,1981.0,6.0,30.0,3.0,21.0,20.55,1759.0,19.607335844316264,-155.82704477218292,34.196212950531155,3.8
1760,1981.0,6.0,30.0,11.0,9.0,1.34,1760.0,20.01718909904872,-155.29693139356297,5.958832305296111,2.5
1761,1981.0,7.0,3.0,23.0,15.0,10.79,1761.0,19.81130166639916,-155.7707196352557,38.49432243524704,3.3
1762,1981.0,7.0,9.0,15.0,55.0,58.08,1762.0,19.74090874848311,-155.30836152317693,12.67820465197473,2.6
1763,1981.0,7.0,11.0,0.0,34.0,35.54,1763.0,19.280198562641925,-155.84571895270193,22.615512426486685,2.6
1764,1981.0,7.0,11.0,19.0,23.0,43.67,1764.0,19.97323551327796,-155.65208767701176,39.58242139848954,3.0
1765,1981.0,7.0,18.0,10.0,1.0,29.56,1765.0,19.34848112986954,-155.19419301100373,34.787125553256814,2.6
1766,1981.0,7.0,20.0,1.0,27.0,48.99,1766.0,18.991528125598126,-155.61610415366127,13.7392360696348,2.9
1767,1981.0,7.0,25.0,3.0,17.0,13.9,1767.0,19.88501609213481,-155.19839810927232,12.363517510276925,2.6
1768,1981.0,7.0,28.0,9.0,12.0,40.81,1768.0,19.59948415729818,-155.002547193705,25.14339746852824,3.1
1769,1981.0,8.0,6.0,19.0,25.0,48.39,1769.0,19.35539126662272,-155.34689250702604,3.867851919108384,3.5
1770,1981.0,8.0,27.0,7.0,51.0,51.16,1770.0,19.40246855268744,-155.37687680337612,23.528711448915423,3.0
1771,1981.0,8.0,28.0,21.0,23.0,33.58,1771.0,19.673253066074032,-155.68601512466117,28.547519219728933,2.8
1772,1981.0,9.0,2.0,3.0,27.0,49.67,1772.0,19.2208420801831,-155.59713231331875,7.440002269208643,2.9
1773,1981.0,9.0,2.0,21.0,4.0,34.12,1773.0,19.423899743137,-155.8294174211141,10.907407012810026,2.5
1774,1981.0,9.0,2.0,23.0,56.0,31.69,1774.0,19.354600144084547,-155.52040742807836,17.672430407619693,2.8
1775,1981.0,9.0,4.0,12.0,38.0,54.23,1775.0,19.47201888571219,-155.00362887110262,2.584719428354504,2.5
1776,1981.0,9.0,6.0,7.0,1.0,49.64,1776.0,19.55939572830278,-155.32482848724626,18.10502731893645,2.5
1777,1981.0,9.0,11.0,19.0,45.0,32.43,1777.0,19.83794049914819,-155.38435940598265,18.25944257842241,3.0
1778,1981.0,9.0,12.0,4.0,0.0,13.1,1778.0,19.66868393872896,-155.50652999757432,4.957412837741568,2.7
1779,1981.0,9.0,12.0,12.0,50.0,29.01,1779.0,19.854109964183763,-155.60035172403676,15.20633531611767,2.8
1780,1981.0,9.0,14.0,17.0,58.0,42.0,1780.0,19.51276163431761,-154.82151567676905,12.216228055781276,2.7
1781,1981.0,9.0,29.0,10.0,10.0,48.62,1781.0,19.251401692636826,-155.44134503198052,21.639165191521,2.5
1782,1981.0,9.0,30.0,0.0,22.0,0.32,1782.0,19.105785090086645,-155.85152829445175,23.355838855623404,3.3
1783,1981.0,10.0,13.0,16.0,55.0,22.56,1783.0,19.90945358372169,-155.29658260616327,11.070098409396522,2.5
1784,1981.0,10.0,15.0,19.0,8.0,7.69,1784.0,19.771636813611096,-155.16910224490337,17.127322271712195,2.6
1785,1981.0,10.0,19.0,10.0,38.0,5.12,1785.0,19.480391892392515,-155.9238740309869,44.32920914140412,2.6
1786,1981.0,10.0,20.0,8.0,50.0,26.7,1786.0,19.876148378395325,-155.2991409661458,34.715209791856694,2.5
1787,1981.0,10.0,24.0,18.0,29.0,18.61,1787.0,19.308332584745564,-155.21375012815096,35.59025862912854,2.6
1788,1981.0,10.0,26.0,12.0,41.0,22.52,1788.0,19.49544809314533,-155.02812082431356,25.940572315373164,3.0
1789,1981.0,10.0,27.0,15.0,27.0,43.74,1789.0,19.622880975237635,-155.40839929927608,35.849104769672444,2.7
1790,1981.0,10.0,28.0,4.0,41.0,34.19,1790.0,19.26258437151446,-155.24545388213593,40.54015242195847,2.7
1791,1981.0,10.0,28.0,10.0,14.0,46.32,1791.0,19.6873911203398,-155.0547891871547,26.757702162778344,3.3
1792,1981.0,11.0,4.0,0.0,49.0,18.22,1792.0,19.26189222746307,-155.3877722498275,5.8149437929596655,3.3
1793,1981.0,11.0,8.0,3.0,34.0,24.91,1793.0,19.423391250642368,-155.49269261345003,11.471624104364016,2.7
1794,1981.0,11.0,12.0,0.0,20.0,43.91,1794.0,19.74015249744038,-155.44492872438985,40.100271559293546,3.1
1795,1981.0,11.0,18.0,11.0,38.0,16.4,1795.0,19.75559095187411,-155.08872254360548,43.979046800718336,2.8
1796,1981.0,11.0,20.0,10.0,42.0,31.0,1796.0,19.64106818227996,-155.65874444541444,9.129600592876582,3.2
1797,1981.0,11.0,23.0,3.0,35.0,10.3,1797.0,19.443577276228424,-155.4990919404471,25.03593750557265,2.8
1798,1981.0,11.0,23.0,12.0,43.0,12.9,1798.0,19.24317571969453,-155.8802142560196,13.57944618771483,2.5
1799,1981.0,11.0,27.0,11.0,3.0,11.0,1799.0,19.8764182744308,-155.3155627190829,13.597261802506692,2.5
1800,1981.0,12.0,1.0,10.0,4.0,1.62,1800.0,19.31755950071226,-155.81344628894308,33.54077053807,2.5
1801,1981.0,12.0,8.0,19.0,20.0,25.62,1801.0,19.4712190404472,-155.5912309834806,36.17957055695091,2.8
1802,1981.0,12.0,12.0,7.0,26.0,5.33,1802.0,19.016359247791563,-155.82857787536793,8.485416221450073,3.1
1803,1981.0,12.0,13.0,18.0,16.0,54.18,1803.0,20.040564210795434,-155.70245626683132,42.75983594999856,2.9
1804,1981.0,12.0,16.0,15.0,49.0,40.41,1804.0,19.32832958054277,-155.4129826456241,39.186620429463865,2.7
1805,1981.0,12.0,18.0,7.0,34.0,3.87,1805.0,19.6132271445228,-155.00388190033414,23.71790609774133,3.2
1806,1981.0,12.0,22.0,4.0,3.0,30.96,1806.0,19.05229260578034,-155.638320639855,33.48249182207328,2.5
1807,1981.0,12.0,26.0,10.0,43.0,29.48,1807.0,20.20094721584308,-155.81568291579234,4.805258343146171,2.5
1808,1982.0,1.0,2.0,19.0,11.0,56.66,1808.0,19.26471881836271,-155.24591556688463,22.68704154272987,2.8
1809,1982.0,1.0,10.0,19.0,53.0,11.97,1809.0,19.84439868109428,-155.7735723746859,37.988881855015336,3.3
1810,1982.0,1.0,12.0,14.0,7.0,6.33,1810.0,19.04685436956976,-155.77287758748597,4.056021178972616,4.2
1811,1982.0,1.0,15.0,21.0,50.0,56.74,1811.0,19.37805919479523,-155.73699812944218,15.604575300860096,2.9
1812,1982.0,1.0,16.0,20.0,27.0,18.41,1812.0,19.356349303535787,-155.3208210983457,32.62961335369181,2.7
1813,1982.0,1.0,17.0,3.0,15.0,51.04,1813.0,19.36708252488341,-155.7855613702878,23.38043873581321,2.5
1814,1982.0,1.0,22.0,21.0,38.0,49.03,1814.0,19.30269343587135,-155.77565159900794,18.595461805826396,2.8
1815,1982.0,1.0,23.0,1.0,12.0,29.78,1815.0,19.82563812368515,-155.3070155286479,3.818627006751746,2.5
1816,1982.0,1.0,23.0,21.0,25.0,37.77,1816.0,19.41220204417144,-155.2857778046202,13.440188511163214,2.5
1817,1982.0,1.0,29.0,17.0,0.0,48.92,1817.0,19.34033978313616,-155.4796722907378,29.75352307245835,2.9
1818,1982.0,1.0,29.0,19.0,24.0,2.46,1818.0,19.79462794871513,-155.8371584275,8.023459063498645,3.0
1819,1982.0,1.0,30.0,17.0,3.0,22.08,1819.0,19.77044797708706,-155.2266400039881,8.836117092139585,2.5
1820,1982.0,2.0,6.0,7.0,14.0,3.89,1820.0,19.34703853419889,-155.07478822524922,15.482255202446822,2.7
1821,1982.0,2.0,8.0,9.0,27.0,13.26,1821.0,19.459868039255525,-155.85009722749498,7.68799815182925,2.6
1822,1982.0,2.0,13.0,23.0,7.0,30.45,1822.0,19.09568096019669,-155.79006432419277,5.302848222682337,3.3
1823,1982.0,2.0,16.0,2.0,2.0,34.58,1823.0,19.881405583259124,-155.1228686230577,19.88371739590676,2.6
1824,1982.0,2.0,16.0,7.0,42.0,18.71,1824.0,19.5633720986458,-155.93992485933825,34.823166958999884,2.8
1825,1982.0,2.0,17.0,20.0,11.0,24.33,1825.0,19.95382901753599,-155.49498110952862,40.22105230042925,2.8
1826,1982.0,2.0,20.0,1.0,45.0,43.65,1826.0,19.525792875578933,-155.27223389011843,42.4842361909454,2.5
1827,1982.0,2.0,23.0,2.0,59.0,9.35,1827.0,19.6334262211679,-155.1922436073458,8.720110688202038,4.3
1828,1982.0,2.0,28.0,13.0,42.0,47.09,1828.0,19.866726342298143,-155.11534402289993,44.88646889592977,2.5
1829,1982.0,3.0,2.0,21.0,42.0,28.76,1829.0,19.57016011510182,-154.8862636657479,28.027087131521245,3.4
1830,1982.0,3.0,6.0,12.0,26.0,23.88,1830.0,19.36857720900241,-155.0514760666129,38.86242235974864,2.8
1831,1982.0,3.0,6.0,18.0,53.0,10.38,1831.0,19.426424993722023,-154.95569557055333,30.487111172921978,2.7
1832,1982.0,3.0,18.0,14.0,13.0,19.11,1832.0,19.91111580555812,-155.29318404289992,43.63976170923401,2.6
1833,1982.0,3.0,22.0,0.0,56.0,21.41,1833.0,20.04527678907216,-155.79713347389654,8.878200643690237,2.8
1834,1982.0,3.0,29.0,17.0,7.0,13.48,1834.0,19.43922610831731,-155.03294673754732,5.5543150329658095,2.9
1835,1982.0,3.0,30.0,15.0,13.0,27.84,1835.0,19.046779752942985,-155.71956296803148,5.355502017974457,3.0
1836,1982.0,4.0,6.0,12.0,17.0,5.28,1836.0,19.328328869824272,-155.18000946841298,20.395422735818848,2.5
1837,1982.0,4.0,10.0,15.0,17.0,12.38,1837.0,20.00061399457748,-155.69830224873868,4.996347930047492,3.4
1838,1982.0,4.0,11.0,18.0,34.0,9.62,1838.0,19.78940214827186,-155.82504358738754,18.011806097994278,2.9
1839,1982.0,4.0,28.0,23.0,20.0,4.87,1839.0,19.749789346656105,-155.3606176847154,35.69811310769345,2.5
1840,1982.0,5.0,1.0,3.0,36.0,1.76,1840.0,19.676278730694463,-155.42376869803942,2.649065122882389,3.3
1841,1982.0,5.0,2.0,9.0,8.0,59.88,1841.0,19.646934209340973,-155.64164483406668,20.817267138338103,2.8
1842,1982.0,5.0,5.0,8.0,35.0,1.18,1842.0,19.386840594117853,-155.75320130061382,6.790372014345147,2.6
1843,1982.0,5.0,14.0,21.0,35.0,52.68,1843.0,19.501179268615683,-155.37466295147303,31.827075701987795,2.7
1844,1982.0,5.0,19.0,14.0,20.0,51.39,1844.0,19.93431777522498,-155.27330567691274,4.537281214787035,2.7
1845,1982.0,5.0,22.0,2.0,32.0,24.9,1845.0,19.620593949643936,-155.32011142684132,24.499072607485417,2.8
1846,1982.0,5.0,22.0,18.0,13.0,12.52,1846.0,19.244984736140136,-155.4412141478865,18.274327820750045,3.2
1847,1982.0,5.0,24.0,6.0,55.0,33.13,1847.0,19.543137566568504,-155.9395374384757,29.635189286565573,2.8
1848,1982.0,5.0,28.0,14.0,53.0,16.85,1848.0,19.176942373468584,-155.52728056772938,13.612424476661335,2.9
1849,1982.0,5.0,29.0,22.0,14.0,17.93,1849.0,19.98756543680416,-155.3508336727366,35.03152704220491,3.2
1850,1982.0,6.0,14.0,8.0,5.0,13.05,1850.0,19.6821432520074,-155.19427409891514,39.84029430933578,2.7
1851,1982.0,6.0,22.0,12.0,31.0,42.68,1851.0,19.86807871247272,-155.52537776657522,23.621044372943885,2.6
1852,1982.0,7.0,2.0,18.0,51.0,20.1,1852.0,19.7924917244091,-155.9603701323914,40.20394408182898,2.6
1853,1982.0,7.0,2.0,19.0,5.0,46.18,1853.0,19.327566995396573,-155.53136623562662,11.958102444468736,2.7
1854,1982.0,7.0,12.0,9.0,46.0,6.07,1854.0,19.884257799809085,-155.28725597684942,16.274362243392382,2.7
1855,1982.0,7.0,12.0,13.0,9.0,19.24,1855.0,19.5307063373427,-155.79180912035991,42.76968550885511,3.3
1856,1982.0,7.0,12.0,20.0,46.0,39.75,1856.0,19.21597678683792,-155.67769376108757,5.0355290187710775,2.7
1857,1982.0,7.0,14.0,1.0,17.0,14.39,1857.0,19.67107268660414,-155.28190899771977,21.83218358794929,2.8
1858,1982.0,7.0,21.0,0.0,4.0,1.72,1858.0,19.39818902760865,-155.44464171556527,19.88677338891381,2.5
1859,1982.0,7.0,22.0,16.0,22.0,3.57,1859.0,19.520455220350744,-155.4439653294795,27.22627405781185,3.2
1860,1982.0,7.0,24.0,12.0,54.0,39.7,1860.0,19.58397228456219,-155.78977642719963,5.202449321093187,2.5
1861,1982.0,7.0,31.0,0.0,52.0,29.67,1861.0,19.601571635831736,-155.89013852699478,14.046295082062969,2.6
1862,1982.0,8.0,2.0,11.0,26.0,16.79,1862.0,19.58177110325585,-155.50456673871255,13.765161386179193,2.6
1863,1982.0,8.0,5.0,18.0,36.0,5.75,1863.0,19.58273756301444,-155.43314273117062,43.6115474042102,3.0
1864,1982.0,8.0,5.0,21.0,43.0,1.52,1864.0,19.513298735980744,-155.53368343519188,19.66129356637349,3.3
1865,1982.0,8.0,8.0,8.0,57.0,36.26,1865.0,19.23109623292636,-155.67013019886008,33.027188111403746,2.5
1866,1982.0,8.0,13.0,9.0,15.0,56.84,1866.0,20.01083548905126,-155.3034010188803,28.755792957428472,2.5
1867,1982.0,8.0,16.0,21.0,39.0,17.25,1867.0,19.229793713870777,-155.7331254447278,35.807415863483726,2.7
1868,1982.0,8.0,18.0,3.0,8.0,16.94,1868.0,20.077118566622225,-155.44586945185267,5.663076201076223,2.5
1869,1982.0,8.0,19.0,16.0,0.0,38.0,1869.0,19.33456014294187,-155.37029240174363,13.543525770917489,3.4
1870,1982.0,8.0,22.0,14.0,33.0,31.78,1870.0,20.091783750619182,-155.6159451513231,8.240948527990465,2.5
1871,1982.0,8.0,23.0,15.0,19.0,9.17,1871.0,19.67577019510804,-155.11877335476697,14.05110691809454,2.6
1872,1982.0,8.0,31.0,3.0,40.0,14.34,1872.0,19.741594091661657,-155.09145592774638,29.70667067507744,2.6
1873,1982.0,9.0,2.0,2.0,13.0,52.43,1873.0,19.359354196765448,-155.78178585809297,34.306167122249136,3.0
1874,1982.0,9.0,4.0,18.0,14.0,32.63,1874.0,19.781443768735567,-155.2555440510551,43.33092548605413,2.6
1875,1982.0,9.0,6.0,8.0,2.0,29.28,1875.0,19.282300713327285,-155.58074249895984,16.08002538597465,2.8
1876,1982.0,9.0,10.0,20.0,10.0,2.84,1876.0,19.58863553041581,-155.0493057567329,34.502378556271616,2.8
1877,1982.0,9.0,24.0,14.0,9.0,0.53,1877.0,20.00762192848428,-155.80944398806147,38.03895324354845,3.4
1878,1982.0,10.0,8.0,13.0,26.0,39.23,1878.0,19.59070275973377,-155.38645528463886,18.427589886106627,2.7
1879,1982.0,10.0,17.0,23.0,33.0,37.37,1879.0,19.71841950410065,-155.23623870307654,19.369025376570317,2.9
1880,1982.0,10.0,18.0,5.0,6.0,26.24,1880.0,19.7074031623173,-155.7358246360639,1.417057575057345,3.1
1881,1982.0,10.0,23.0,7.0,19.0,37.88,1881.0,19.107625932637827,-155.65058037896202,32.51320178306882,2.5
1882,1982.0,10.0,29.0,4.0,58.0,23.38,1882.0,19.14926340903702,-155.51028295527854,21.24813125593123,3.4
1883,1982.0,11.0,1.0,9.0,21.0,28.46,1883.0,19.73099732106328,-155.8181039619164,42.33302606790964,2.9
1884,1982.0,11.0,2.0,10.0,12.0,45.09,1884.0,19.981090974946888,-155.46307415445747,27.19085475359753,2.9
1885,1982.0,11.0,5.0,3.0,32.0,0.23,1885.0,19.14325882835743,-155.90016409267187,1.5373887417112382,3.2
1886,1982.0,11.0,6.0,11.0,0.0,19.74,1886.0,20.04076798376968,-155.48943957479128,6.268450082265755,2.7
1887,1982.0,11.0,7.0,12.0,59.0,0.82,1887.0,19.48709836999036,-154.90165256118854,44.57588666279079,3.1
1888,1982.0,11.0,22.0,19.0,33.0,29.27,1888.0,19.67048423111916,-155.08739909987648,33.11304416985651,2.9
1889,1982.0,11.0,28.0,13.0,56.0,4.17,1889.0,19.13531385769985,-155.6144697861064,23.941883488940466,2.7
1890,1982.0,12.0,4.0,17.0,7.0,29.97,1890.0,19.23262189093424,-155.80645305754896,8.157390895825616,2.7
1891,1982.0,12.0,5.0,14.0,47.0,47.7,1891.0,19.008202433226742,-155.62266133236437,37.984035051771976,4.0
1892,1982.0,12.0,6.0,12.0,57.0,54.52,1892.0,19.65363079894597,-155.52019516042287,5.154641099800633,3.1
1893,1982.0,12.0,8.0,11.0,56.0,42.53,1893.0,19.644766315649253,-155.72407916745928,25.308089910642742,2.6
1894,1982.0,12.0,8.0,22.0,51.0,11.8,1894.0,19.750348771628943,-155.91096934353396,7.876813926513457,2.6
1895,1982.0,12.0,9.0,22.0,0.0,32.02,1895.0,19.408287485003545,-155.5492844415641,25.09123044385609,4.4
1896,1982.0,12.0,16.0,6.0,51.0,39.62,1896.0,19.72122374253249,-155.18048399896884,23.249871999379337,2.9
1897,1982.0,12.0,17.0,4.0,17.0,19.83,1897.0,19.12395095407016,-155.77645568080013,12.409550399206871,2.8
1898,1982.0,12.0,20.0,3.0,27.0,5.6,1898.0,19.12130423921099,-155.6265132849479,1.3460889296679488,2.5
1899,1982.0,12.0,20.0,17.0,40.0,28.67,1899.0,19.876404841714944,-155.89911126573176,43.848154495688085,2.5
1900,1982.0,12.0,22.0,0.0,48.0,52.52,1900.0,19.775590542729944,-155.6193013230265,36.86096979546485,3.2
1901,1982.0,12.0,23.0,2.0,29.0,12.13,1901.0,19.445304946740563,-155.1995787073374,8.70510473954228,2.5
1902,1982.0,12.0,27.0,12.0,20.0,45.15,1902.0,19.387508857026827,-155.16722488358795,1.3943544870551658,3.1
1903,1983.0,1.0,4.0,5.0,7.0,48.03,1903.0,19.747138721403434,-155.73204171109626,30.85597073645971,2.8
1904,1983.0,1.0,7.0,22.0,9.0,37.98,1904.0,19.512843609639365,-155.8823406625929,1.249269809834583,2.5
1905,1983.0,1.0,15.0,22.0,1.0,49.4,1905.0,19.754231999614568,-155.20506185203055,38.02988164469055,2.5
1906,1983.0,1.0,26.0,18.0,51.0,4.5,1906.0,19.41346492671006,-155.69748810499053,5.774910433092298,3.9
1907,1983.0,1.0,29.0,3.0,50.0,51.62,1907.0,20.13717913537628,-155.81803825164943,2.770872014722549,2.6
1908,1983.0,1.0,30.0,1.0,49.0,38.9,1908.0,20.03512597917182,-155.31931979365822,42.03911504134031,2.7
1909,1983.0,1.0,31.0,9.0,16.0,16.13,1909.0,19.83789772304385,-155.72076183653542,11.931700755393653,2.7
1910,1983.0,2.0,3.0,15.0,51.0,55.4,1910.0,19.52339759281828,-155.75032509861677,33.4186560309516,2.7
1911,1983.0,2.0,3.0,20.0,41.0,26.32,1911.0,19.769336621126865,-155.8626739646021,41.81840757570741,2.8
1912,1983.0,2.0,4.0,17.0,43.0,18.33,1912.0,19.839054444076822,-155.1906479884139,20.52661347452805,2.9
1913,1983.0,2.0,11.0,8.0,15.0,25.56,1913.0,19.362890309516445,-155.50997505927236,17.535682235218445,2.5
1914,1983.0,2.0,21.0,22.0,35.0,34.31,1914.0,19.59870544301872,-155.7476525006768,26.3871787092728,2.5
1915,1983.0,2.0,22.0,7.0,40.0,1.78,1915.0,19.821037585632272,-155.8081033057027,22.623735563565106,2.9
1916,1983.0,2.0,25.0,19.0,4.0,0.3,1916.0,20.09998700105692,-155.68286725763903,19.152725349209565,2.5
1917,1983.0,3.0,6.0,7.0,58.0,2.96,1917.0,19.84799313865969,-155.26380243741502,13.338146157924871,3.0
1918,1983.0,3.0,18.0,14.0,15.0,23.63,1918.0,20.029112094964145,-155.8117016189348,41.24124280187983,3.3
1919,1983.0,3.0,18.0,16.0,44.0,27.93,1919.0,20.04356789075124,-155.6191389955028,26.951533171112175,2.5
1920,1983.0,3.0,18.0,20.0,26.0,57.67,1920.0,19.303691249989047,-155.8260946588989,15.587803086613164,2.8
1921,1983.0,3.0,21.0,11.0,36.0,29.81,1921.0,19.75397210690888,-155.41992893463382,22.975393382998256,3.4
1922,1983.0,3.0,23.0,8.0,34.0,23.15,1922.0,19.28106816543539,-155.5586380618442,9.970595723652178,3.1
1923,1983.0,4.0,2.0,12.0,1.0,38.32,1923.0,19.557107401141813,-154.96573920116887,40.60042338718371,3.0
1924,1983.0,4.0,3.0,21.0,6.0,37.13,1924.0,19.59340986476064,-155.14306234110273,33.957498105963616,3.0
1925,1983.0,4.0,9.0,13.0,41.0,28.24,1925.0,19.51146411274117,-154.96364523062226,6.311794867959804,2.6
1926,1983.0,4.0,10.0,0.0,41.0,31.53,1926.0,20.01612860455697,-155.60482929827978,12.140117989736863,2.5
1927,1983.0,4.0,14.0,13.0,21.0,15.38,1927.0,19.926803190679635,-155.30055078734762,6.018283337196427,3.8
1928,1983.0,4.0,20.0,1.0,49.0,7.12,1928.0,19.18559320974304,-155.60746808431938,37.156758269113126,2.8
1929,1983.0,5.0,4.0,2.0,21.0,18.7,1929.0,19.38376980201953,-155.316791099154,35.06502405478283,2.8
1930,1983.0,5.0,9.0,4.0,56.0,58.2,1930.0,19.34250745633725,-155.4539004182508,1.533132363415434,2.5
1931,1983.0,5.0,11.0,14.0,14.0,26.95,1931.0,19.472746231828577,-155.5866221897367,30.804055069109936,3.3
1932,1983.0,5.0,19.0,9.0,1.0,29.8,1932.0,19.4051719258806,-155.20924753981387,25.432913606618264,2.5
1933,1983.0,5.0,19.0,13.0,46.0,59.58,1933.0,20.11266196680026,-155.64659836743485,11.402457831934791,3.5
1934,1983.0,6.0,6.0,8.0,25.0,24.01,1934.0,20.00281807655428,-155.5270118299582,40.48358902908561,3.5
1935,1983.0,6.0,8.0,7.0,57.0,22.52,1935.0,19.424130343752044,-155.4725764737307,28.660564127761223,2.5
1936,1983.0,6.0,12.0,11.0,14.0,46.72,1936.0,19.8514009150342,-155.7526060668898,20.336675626355337,3.4
1937,1983.0,6.0,13.0,10.0,38.0,40.23,1937.0,19.178321071438333,-155.68126376999996,32.27277958880913,2.5
1938,1983.0,6.0,14.0,15.0,56.0,7.74,1938.0,19.413171996993093,-155.04172067963094,27.15602859914837,4.9
1939,1983.0,6.0,16.0,17.0,34.0,22.71,1939.0,19.539032923580464,-154.8087662421862,2.8412348198443307,2.9
1940,1983.0,6.0,24.0,0.0,12.0,42.21,1940.0,19.9919807564964,-155.8079029960606,33.254752947956646,3.0
1941,1983.0,6.0,30.0,0.0,10.0,58.54,1941.0,19.386634034399933,-155.43993277552497,13.112872939541832,2.8
1942,1983.0,6.0,30.0,0.0,59.0,31.07,1942.0,19.17916360872891,-155.80671155976447,43.92788036305544,3.6
1943,1983.0,6.0,30.0,15.0,49.0,5.12,1943.0,19.794944764539032,-155.2349696945175,37.63269686209435,2.6
1944,1983.0,6.0,30.0,18.0,0.0,28.53,1944.0,19.12596393529721,-155.6763317357657,8.291095865788666,2.5
1945,1983.0,7.0,3.0,19.0,1.0,16.23,1945.0,19.2093605099192,-155.4128143711967,39.7542790986929,3.2
1946,1983.0,7.0,5.0,22.0,11.0,27.47,1946.0,19.696903067030227,-155.1569660457273,41.38064455159852,2.6
1947,1983.0,7.0,5.0,22.0,34.0,36.56,1947.0,19.6741458361867,-155.25102280371786,41.1675766014589,2.7
1948,1983.0,7.0,15.0,8.0,25.0,56.39,1948.0,19.560299877961075,-155.0453211873701,13.894129861471502,2.5
1949,1983.0,7.0,23.0,10.0,45.0,17.18,1949.0,19.736396973722385,-155.20779688177947,29.20005977908591,2.8
1950,1983.0,8.0,4.0,18.0,4.0,35.94,1950.0,20.020932758198512,-155.68842407538517,35.93239543916143,2.5
1951,1983.0,8.0,9.0,14.0,5.0,41.33,1951.0,19.927103389984563,-155.2489372529271,28.893002686832048,2.6
1952,1983.0,8.0,30.0,2.0,12.0,24.8,1952.0,19.666763537405217,-155.0225790258402,24.57711471093844,3.1
1953,1983.0,9.0,1.0,1.0,11.0,58.63,1953.0,19.51057535014845,-155.3048768809906,29.56427884183096,2.8
1954,1983.0,9.0,2.0,18.0,24.0,9.32,1954.0,19.529665253180298,-155.54131332178304,11.95263299001513,3.4
1955,1983.0,9.0,2.0,20.0,36.0,4.52,1955.0,19.354189905733307,-155.3107399968711,41.12103180530372,3.0
1956,1983.0,9.0,8.0,19.0,24.0,53.23,1956.0,19.433843575769988,-155.0841819384425,14.6917784254853,2.5
1957,1983.0,9.0,20.0,7.0,56.0,45.77,1957.0,19.29662948460385,-155.31732990702912,2.051365715474423,3.2
1958,1983.0,9.0,27.0,12.0,16.0,45.58,1958.0,19.9194552088156,-155.1729629467222,15.04974085938416,2.8
1959,1983.0,10.0,4.0,13.0,46.0,40.34,1959.0,19.525518699701024,-155.71581264522507,8.00977724469324,4.3
1960,1983.0,10.0,14.0,19.0,8.0,50.94,1960.0,19.309710487837943,-155.22218473548668,22.27120262242172,3.5
1961,1983.0,10.0,22.0,22.0,29.0,23.92,1961.0,19.749127117449834,-155.27699646976092,39.093808547360126,3.8
1962,1983.0,10.0,26.0,16.0,29.0,45.55,1962.0,19.50061306899171,-155.3032287940059,2.7442352428546,2.5
1963,1983.0,10.0,31.0,6.0,16.0,10.18,1963.0,19.12367820650368,-155.64596742757757,22.504945984154585,2.6
1964,1983.0,11.0,4.0,6.0,15.0,20.8,1964.0,19.649134409226697,-155.82617864599814,28.028824770977423,2.9
1965,1983.0,11.0,5.0,3.0,23.0,59.0,1965.0,19.45625847008448,-155.73689242350343,38.18738303135241,3.2
1966,1983.0,11.0,7.0,23.0,37.0,0.16,1966.0,19.34827586232864,-155.4222245959343,23.532879869854693,2.7
1967,1983.0,11.0,13.0,11.0,17.0,42.61,1967.0,19.558030292314147,-154.83639786892078,39.64767412651558,2.6
1968,1983.0,11.0,15.0,20.0,8.0,60.0,1968.0,19.824280857026057,-155.91414357445453,5.374405725259685,2.9
1969,1983.0,11.0,21.0,5.0,50.0,46.79,1969.0,19.94432788762023,-155.56688463574358,19.83184149542029,2.5
1970,1983.0,11.0,25.0,10.0,41.0,52.73,1970.0,19.894856987667936,-155.1503916874125,40.988107903069874,3.5
1971,1983.0,11.0,26.0,10.0,5.0,10.76,1971.0,19.88617564645508,-155.71242441961795,37.49031519167804,2.7
1972,1983.0,11.0,28.0,15.0,6.0,12.22,1972.0,19.89876184083682,-155.1458389567752,32.851726892241125,3.4
1973,1983.0,12.0,7.0,1.0,46.0,37.5,1973.0,19.2519099632106,-155.7768516750922,44.53002946645622,2.5
1974,1983.0,12.0,22.0,3.0,35.0,12.93,1974.0,19.98013865713861,-155.3169887054025,5.206547997463133,2.9
1975,1983.0,12.0,22.0,4.0,32.0,12.75,1975.0,19.52643648913224,-155.90739052554153,19.3107527499107,2.6
1976,1983.0,12.0,25.0,8.0,29.0,46.86,1976.0,19.864710452650552,-155.5688943413099,7.488273523499517,2.8
1977,1983.0,12.0,30.0,0.0,33.0,29.52,1977.0,19.890511706094813,-155.82629384217694,36.9784886674955,2.6
1978,1984.0,1.0,5.0,4.0,8.0,49.4,1978.0,19.54704142751744,-155.14451893856594,2.659442206010648,3.8
1979,1984.0,1.0,7.0,23.0,43.0,37.46,1979.0,19.753193123733418,-155.65081112191274,33.84200111517062,2.9
1980,1984.0,1.0,11.0,14.0,41.0,11.45,1980.0,19.92923563940098,-155.75912785341396,9.882421801149846,3.4
1981,1984.0,2.0,1.0,10.0,44.0,39.86,1981.0,19.9280970823811,-155.1900794714754,12.160739793903131,3.6
1982,1984.0,2.0,8.0,1.0,3.0,25.54,1982.0,19.312443564408817,-155.2026851599545,38.58005918322867,2.8
1983,1984.0,2.0,9.0,8.0,50.0,46.16,1983.0,19.49456636097313,-155.1725270774973,12.061806710136349,2.8
1984,1984.0,2.0,14.0,3.0,45.0,25.53,1984.0,19.21030917715779,-155.6098426248787,10.965427853434925,3.3
1985,1984.0,2.0,17.0,3.0,16.0,33.77,1985.0,19.516000355879296,-155.25788263669688,19.573921278573582,4.3
1986,1984.0,2.0,22.0,1.0,57.0,1.71,1986.0,19.098654555918262,-155.72164751316313,32.827462837044955,2.6
1987,1984.0,3.0,1.0,9.0,55.0,56.52,1987.0,19.73886993303936,-155.86383134527588,9.247724007523114,2.5
1988,1984.0,3.0,7.0,3.0,6.0,45.18,1988.0,19.1976326597161,-155.5022392023833,29.275096267907195,2.7
1989,1984.0,3.0,10.0,19.0,11.0,14.28,1989.0,19.092633539529977,-155.7782611900804,37.93440515446176,2.7
1990,1984.0,3.0,18.0,0.0,34.0,44.68,1990.0,19.53141776686397,-155.0308132510793,42.67181063873459,2.5
1991,1984.0,3.0,31.0,21.0,33.0,34.06,1991.0,19.65762902071981,-155.50849047266124,12.039088768172224,2.8
1992,1984.0,4.0,3.0,1.0,3.0,9.03,1992.0,20.08765505321208,-155.81448099934858,36.44991551107213,2.5
1993,1984.0,4.0,3.0,1.0,7.0,50.43,1993.0,19.899262657726112,-155.19537878265314,10.384116024460656,2.6
1994,1984.0,4.0,4.0,17.0,5.0,58.27,1994.0,19.740164222899427,-154.97629189688678,22.23404871938483,2.7
1995,1984.0,4.0,14.0,21.0,14.0,39.99,1995.0,20.03930298962006,-155.41911973859757,35.15210711086966,2.7
1996,1984.0,4.0,23.0,14.0,45.0,0.16,1996.0,19.547428998510263,-155.66741692515208,25.65593376670573,2.8
1997,1984.0,4.0,24.0,2.0,45.0,36.79,1997.0,19.95421892094036,-155.26849925090534,10.939615558377795,2.6
1998,1984.0,4.0,25.0,0.0,9.0,32.49,1998.0,19.68448745005491,-155.5591792553539,13.615057976848604,2.5
1999,1984.0,4.0,25.0,13.0,4.0,15.14,1999.0,19.61632849209997,-155.96087226352142,26.92971863677996,3.0
2000,1984.0,4.0,27.0,17.0,10.0,25.34,2000.0,19.15432802503172,-155.53968786177907,9.355182048925355,2.5
2001,1984.0,5.0,20.0,16.0,39.0,1.04,2001.0,19.067015852487835,-155.57518571650178,42.379532953697,2.6
2002,1984.0,5.0,27.0,7.0,45.0,59.59,2002.0,19.112667107845564,-155.63172218585143,19.896887107742053,3.1
2003,1984.0,6.0,2.0,16.0,4.0,44.62,2003.0,19.13371497324163,-155.7364911476579,33.81109414298526,2.6
2004,1984.0,6.0,12.0,3.0,34.0,5.34,2004.0,20.07232777955852,-155.68004642815163,18.40932812155154,2.7
2005,1984.0,6.0,19.0,4.0,4.0,16.39,2005.0,19.94344233710565,-155.3085822881495,44.26329665683262,2.5
2006,1984.0,6.0,26.0,16.0,33.0,39.43,2006.0,20.074692879746085,-155.70767311008018,11.374777766264677,2.5
2007,1984.0,7.0,9.0,2.0,29.0,43.25,2007.0,19.82345130828796,-155.8492656354988,14.214498110727654,2.5
2008,1984.0,7.0,16.0,5.0,13.0,56.6,2008.0,20.16580555071875,-155.82690450578605,9.179641761395573,2.5
2009,1984.0,7.0,16.0,20.0,15.0,42.4,2009.0,19.77060660457073,-155.6455695496574,18.795857397762678,2.7
2010,1984.0,7.0,27.0,10.0,3.0,9.82,2010.0,19.49622203108724,-155.2109094332574,42.8566450417836,2.6
2011,1984.0,8.0,5.0,0.0,52.0,34.29,2011.0,19.404452847589145,-155.19288225796592,31.249008848798084,2.9
2012,1984.0,8.0,6.0,23.0,24.0,33.3,2012.0,19.56552723349241,-155.64634310762403,6.823336158909653,2.7
2013,1984.0,8.0,9.0,19.0,2.0,26.01,2013.0,19.63353083093284,-155.57969413620728,37.95396276215251,2.5
2014,1984.0,8.0,10.0,2.0,50.0,15.59,2014.0,19.55563385087429,-155.3012132642219,12.595868205918732,2.5
2015,1984.0,8.0,12.0,22.0,23.0,17.29,2015.0,19.90836091638032,-155.37788850570567,31.521804073680983,3.0
2016,1984.0,8.0,18.0,8.0,25.0,30.22,2016.0,19.24352755094521,-155.60295717365022,14.191442584387971,2.8
2017,1984.0,8.0,20.0,10.0,39.0,20.33,2017.0,19.778843079042748,-155.40676726595967,35.654095540025914,3.1
2018,1984.0,8.0,24.0,12.0,59.0,35.36,2018.0,19.56595981997917,-155.70621641904205,14.699185790064734,3.4
2019,1984.0,8.0,27.0,2.0,55.0,17.33,2019.0,19.59709619067863,-154.98149389189768,43.66162513907242,2.6
2020,1984.0,8.0,28.0,17.0,20.0,12.14,2020.0,19.075887980832768,-155.6370284622586,9.808460577031116,2.5
2021,1984.0,8.0,29.0,13.0,19.0,3.93,2021.0,20.152725615943066,-155.6476421099348,7.222567240693133,3.0
2022,1984.0,9.0,10.0,4.0,40.0,51.68,2022.0,19.77448759921518,-155.2235721274067,44.769003643340646,2.5
2023,1984.0,9.0,13.0,23.0,10.0,48.12,2023.0,19.817996170137707,-155.55811191747804,29.458414614152268,2.8
2024,1984.0,9.0,14.0,9.0,40.0,59.05,2024.0,19.141079268085328,-155.85140778724428,28.36435058628312,3.7
2025,1984.0,9.0,19.0,22.0,54.0,57.0,2025.0,19.421295199991583,-155.70307775086812,22.245315957537716,2.7
2026,1984.0,9.0,21.0,23.0,42.0,17.96,2026.0,19.85221674517532,-155.8603097194041,31.780475005479783,2.6
2027,1984.0,9.0,22.0,18.0,11.0,4.39,2027.0,19.40056013290012,-155.057740699341,25.46262498800901,3.0
2028,1984.0,9.0,23.0,0.0,59.0,35.41,2028.0,19.251912368072222,-155.63920763035298,24.45605938105581,2.5
2029,1984.0,9.0,24.0,6.0,25.0,18.09,2029.0,19.667209346999503,-155.88517868669695,33.93335523520789,2.6
2030,1984.0,10.0,2.0,22.0,11.0,30.26,2030.0,19.15312600673949,-155.54734101877295,5.324792591180569,2.5
2031,1984.0,10.0,3.0,7.0,4.0,18.49,2031.0,19.52807450349656,-155.93927501576982,22.240644141051902,3.6
2032,1984.0,10.0,9.0,14.0,6.0,9.94,2032.0,19.755768927621425,-155.23597671411892,12.865555322238368,2.8
2033,1984.0,10.0,9.0,14.0,38.0,37.02,2033.0,19.37200009648962,-155.3238198895597,8.121233650586747,2.5
2034,1984.0,10.0,15.0,15.0,52.0,49.5,2034.0,20.0141049292436,-155.68076012161856,35.36441546354237,2.6
2035,1984.0,10.0,17.0,16.0,37.0,26.72,2035.0,19.297720323526253,-155.24523275501522,11.36962455894207,2.9
2036,1984.0,10.0,23.0,2.0,31.0,43.28,2036.0,19.590634938484506,-155.85001419995623,22.613576434995515,3.5
2037,1984.0,10.0,23.0,22.0,17.0,51.08,2037.0,19.449470983047227,-155.72248083924234,30.492150932590217,2.7
2038,1984.0,10.0,25.0,8.0,30.0,33.22,2038.0,19.84497932438069,-155.48919775085793,33.64727499854332,2.7
2039,1984.0,11.0,1.0,17.0,23.0,41.97,2039.0,19.591483297780723,-155.95325064622344,22.012173554565614,2.9
2040,1984.0,11.0,6.0,5.0,56.0,46.78,2040.0,19.180232690531582,-155.78097913425302,21.863716107312204,2.7
2041,1984.0,11.0,9.0,22.0,53.0,9.71,2041.0,19.52447076904068,-155.04747592646385,39.22233852562896,2.9
2042,1984.0,11.0,10.0,14.0,31.0,8.31,2042.0,19.880172494083165,-155.69489466725383,19.554727735377487,3.1
2043,1984.0,11.0,13.0,5.0,29.0,36.31,2043.0,19.20634855822914,-155.73798592868317,40.06691348535628,2.6
2044,1984.0,11.0,15.0,7.0,49.0,30.84,2044.0,19.632150988158173,-155.4364184879465,34.33105006696174,3.5
2045,1984.0,11.0,17.0,3.0,40.0,45.69,2045.0,19.359678232375742,-155.6812167590005,29.620851559971708,2.7
2046,1984.0,11.0,17.0,13.0,38.0,14.44,2046.0,19.96353034891404,-155.3208946144717,21.481422471206663,3.7
2047,1984.0,11.0,18.0,13.0,13.0,57.59,2047.0,19.29405883004461,-155.701311778453,17.83423230030523,2.6
2048,1984.0,11.0,20.0,4.0,19.0,17.76,2048.0,19.472755288183155,-155.10672963875635,33.59206995289828,2.8
2049,1984.0,11.0,20.0,18.0,2.0,32.97,2049.0,19.11925634080757,-155.72002892779332,23.264122221274736,2.5
2050,1984.0,11.0,24.0,16.0,45.0,44.43,2050.0,19.257448958057136,-155.241292198077,18.20830107271602,2.6
2051,1984.0,11.0,25.0,13.0,40.0,26.25,2051.0,20.07569124785514,-155.70215494166834,23.80079142319757,3.1
2052,1984.0,11.0,28.0,11.0,51.0,51.31,2052.0,19.46387155717968,-154.8646935467125,33.72001025859233,2.6
2053,1984.0,11.0,30.0,15.0,54.0,29.28,2053.0,19.15173315411948,-155.82932724692958,38.08038025414835,3.4
2054,1984.0,12.0,2.0,14.0,28.0,10.57,2054.0,19.014301359692283,-155.7093386176648,20.515197887961744,2.7
2055,1984.0,12.0,20.0,0.0,9.0,17.2,2055.0,19.39747702654927,-154.9803118306472,44.29043043308255,3.3
2056,1984.0,12.0,27.0,16.0,44.0,57.39,2056.0,19.443020106420583,-154.97494391430038,5.179292780185584,2.7
2057,1984.0,12.0,28.0,4.0,19.0,20.87,2057.0,19.535965886516923,-155.1545573659938,26.50846197853289,3.3
2058,1984.0,12.0,28.0,13.0,36.0,36.55,2058.0,19.4679900500962,-155.8596153242085,42.87123477374993,3.2
2059,1984.0,12.0,28.0,15.0,54.0,26.97,2059.0,19.59908523757123,-155.08628010799288,38.92109493469195,3.4
2060,1985.0,1.0,6.0,6.0,3.0,28.8,2060.0,19.559685546834505,-155.45098114818734,20.88704808339631,3.0
2061,1985.0,1.0,7.0,17.0,5.0,32.24,2061.0,19.34658942664198,-155.85770922268924,5.391981347918145,2.8
2062,1985.0,1.0,10.0,12.0,45.0,58.1,2062.0,19.983556996569177,-155.2061547489537,25.76689365271335,2.8
2063,1985.0,1.0,14.0,3.0,29.0,1.23,2063.0,19.2889864019812,-155.45067354565847,33.219108943129484,2.6
2064,1985.0,1.0,21.0,6.0,0.0,54.71,2064.0,19.354841593431047,-155.3754770282914,4.768806895266758,2.5
2065,1985.0,1.0,21.0,6.0,33.0,42.56,2065.0,19.303215964098968,-155.79961127783508,4.185925750972991,2.6
2066,1985.0,1.0,24.0,14.0,44.0,3.36,2066.0,19.58773385195213,-154.94599465464748,26.878615207533606,2.9
2067,1985.0,2.0,8.0,8.0,7.0,19.65,2067.0,19.24562916857797,-155.74369078287748,17.930756122185795,3.0
2068,1985.0,2.0,23.0,19.0,29.0,13.62,2068.0,19.48337923436746,-154.9335964187624,26.36705507163556,2.5
2069,1985.0,3.0,5.0,6.0,21.0,30.74,2069.0,20.02369744584152,-155.3396624079682,17.68378726076503,2.8
2070,1985.0,3.0,9.0,17.0,31.0,28.84,2070.0,19.485681341784804,-155.11656491024962,21.099131615856365,2.7
2071,1985.0,3.0,10.0,4.0,40.0,31.68,2071.0,19.18360369270245,-155.84568900287954,4.343344124308056,4.4
2072,1985.0,3.0,13.0,18.0,8.0,43.26,2072.0,19.677995707584696,-155.2072618946044,27.065284198554185,2.5
2073,1985.0,3.0,20.0,21.0,59.0,53.37,2073.0,19.898425035534583,-155.217128672718,14.30939965356219,2.7
2074,1985.0,3.0,21.0,9.0,29.0,35.67,2074.0,19.732914811802708,-155.42198065662149,3.816690982533106,2.6
2075,1985.0,4.0,2.0,17.0,6.0,15.72,2075.0,20.03527158598152,-155.50564261707282,43.50005973467159,2.7
2076,1985.0,4.0,4.0,2.0,36.0,53.89,2076.0,19.868766086412016,-155.65279915180696,15.756215019233034,2.5
2077,1985.0,4.0,5.0,1.0,57.0,2.76,2077.0,19.34628925585589,-155.43586548347193,8.592744944812326,3.3
2078,1985.0,4.0,20.0,5.0,17.0,24.12,2078.0,20.00304213606057,-155.67663182861708,14.472647899381617,2.8
2079,1985.0,5.0,2.0,5.0,33.0,38.47,2079.0,19.36286148398012,-155.12485581372783,28.171195847079684,2.9
2080,1985.0,5.0,7.0,23.0,52.0,42.54,2080.0,20.08364431533701,-155.56918213980526,34.12967507145338,2.7
2081,1985.0,5.0,8.0,4.0,27.0,42.52,2081.0,19.32924824922133,-155.03178401815103,1.679903244824783,2.7
2082,1985.0,5.0,10.0,18.0,57.0,47.38,2082.0,19.897683235131,-155.6762132745803,27.932273633494816,3.1
2083,1985.0,5.0,28.0,8.0,36.0,40.94,2083.0,19.78677683377818,-155.70288579623974,15.83664592030694,2.6
2084,1985.0,5.0,31.0,14.0,8.0,6.2,2084.0,19.612509932613133,-155.26430074086173,26.542704531588758,2.7
2085,1985.0,6.0,6.0,23.0,40.0,16.58,2085.0,19.596645384526344,-155.44832896229434,8.839165806865125,2.5
2086,1985.0,6.0,9.0,1.0,36.0,25.23,2086.0,19.702846591624944,-155.7456801356765,33.3817199928784,2.5
2087,1985.0,6.0,22.0,0.0,40.0,25.74,2087.0,19.35442930247924,-155.12793858447873,26.16861597344336,2.9
2088,1985.0,6.0,30.0,6.0,59.0,35.28,2088.0,19.27719244611749,-155.4203143441933,40.5551536687838,2.6
2089,1985.0,7.0,4.0,12.0,55.0,40.77,2089.0,19.863551255647234,-155.15722916238627,22.44056540261277,3.3
2090,1985.0,7.0,7.0,4.0,21.0,44.46,2090.0,19.9806028149858,-155.72036426691326,9.554296285333434,3.2
2091,1985.0,7.0,8.0,13.0,39.0,30.0,2091.0,19.80882683744083,-155.38642301774675,36.04272186272256,2.6
2092,1985.0,7.0,11.0,7.0,48.0,42.72,2092.0,19.728893745530964,-155.1060396730036,25.105309385923707,2.6
2093,1985.0,7.0,17.0,3.0,46.0,10.89,2093.0,19.349639824215217,-155.55334183580408,13.57321717720469,3.1
2094,1985.0,7.0,24.0,1.0,33.0,43.09,2094.0,19.904421094021124,-155.7654376887384,31.48932082121111,2.5
2095,1985.0,7.0,26.0,11.0,6.0,14.68,2095.0,19.96759895058995,-155.31764084038238,22.22674110678836,2.6
2096,1985.0,7.0,29.0,0.0,3.0,58.63,2096.0,19.47088418783621,-155.45962440025525,5.878178728579801,2.6
2097,1985.0,7.0,29.0,22.0,23.0,56.83,2097.0,19.62969183304456,-155.09256857833108,18.09942215879587,2.7
2098,1985.0,7.0,31.0,16.0,12.0,8.59,2098.0,19.47019358115952,-155.5562523943935,26.749026255508426,2.6
2099,1985.0,8.0,3.0,12.0,45.0,32.21,2099.0,19.408813844425755,-155.84605373313187,3.694709451763281,2.7
2100,1985.0,8.0,4.0,16.0,10.0,32.08,2100.0,19.835786425858185,-155.25742401776347,5.886821576997083,2.5
2101,1985.0,8.0,7.0,16.0,31.0,18.31,2101.0,19.404703155036763,-155.43784597789454,9.014115928955055,2.8
2102,1985.0,8.0,7.0,20.0,1.0,5.07,2102.0,19.630766885468702,-155.23839975919992,27.875173987260617,2.8
2103,1985.0,8.0,14.0,16.0,21.0,1.57,2103.0,19.36849242119113,-155.2948503402693,40.63118673737976,3.0
2104,1985.0,8.0,26.0,0.0,29.0,30.37,2104.0,19.548238949537268,-155.05259373447288,28.927644383641866,2.8
2105,1985.0,8.0,31.0,13.0,15.0,12.9,2105.0,19.515882259940845,-155.0052611002595,34.470420235493485,2.7
2106,1985.0,9.0,5.0,23.0,16.0,49.07,2106.0,19.50237213722701,-154.94763789487277,27.95188454458137,2.7
2107,1985.0,9.0,6.0,23.0,47.0,9.73,2107.0,19.36358511969579,-155.34687891968468,39.53251603611221,3.2
2108,1985.0,9.0,12.0,0.0,34.0,51.18,2108.0,19.96033213688947,-155.56887895483888,42.481552219981616,2.6
2109,1985.0,9.0,16.0,11.0,8.0,29.7,2109.0,19.030490791381705,-155.71975805132584,27.015551242456542,3.0
2110,1985.0,9.0,16.0,16.0,56.0,56.4,2110.0,19.24360970399617,-155.57704010189252,15.314599457173488,2.9
2111,1985.0,9.0,21.0,15.0,19.0,40.64,2111.0,19.700411402287727,-155.288511170849,10.98161918435135,2.9
2112,1985.0,9.0,21.0,22.0,45.0,3.51,2112.0,19.9314240633542,-155.2751635577659,43.31307262609676,3.7
2113,1985.0,9.0,24.0,5.0,11.0,59.67,2113.0,19.436561585720565,-155.0890309412038,28.44026176358344,2.5
2114,1985.0,9.0,27.0,15.0,43.0,22.12,2114.0,19.36778475533936,-155.66744353552926,15.961784120112208,2.6
2115,1985.0,9.0,29.0,2.0,35.0,28.13,2115.0,19.76822928903258,-155.47588993281258,23.56342467221261,2.6
2116,1985.0,10.0,6.0,8.0,12.0,50.58,2116.0,19.72027901800157,-155.33594899651473,1.2501058077986933,2.5
2117,1985.0,10.0,8.0,23.0,1.0,23.92,2117.0,19.53472337825452,-155.35093268041535,4.098446408701127,2.7
2118,1985.0,10.0,23.0,18.0,13.0,33.35,2118.0,19.323545031911152,-155.22496980086265,1.3608871303621126,2.8
2119,1985.0,10.0,26.0,13.0,16.0,56.37,2119.0,19.43426712919916,-155.7488709952258,1.1426455780116207,2.5
2120,1985.0,10.0,28.0,5.0,12.0,55.44,2120.0,20.12242645227599,-155.5444896514518,3.2188170494995294,3.5
2121,1985.0,11.0,2.0,13.0,26.0,37.71,2121.0,19.644547671293186,-155.14636041370758,20.447332641968224,3.0
2122,1985.0,11.0,4.0,11.0,17.0,56.98,2122.0,19.0066481480074,-155.62416151650578,5.963718081817282,2.7
2123,1985.0,11.0,10.0,5.0,22.0,39.63,2123.0,19.323657977108944,-155.0585875968738,27.941657174496548,3.6
2124,1985.0,11.0,11.0,17.0,11.0,47.59,2124.0,19.8356658067,-155.4247205721704,21.32230033972286,2.5
2125,1985.0,11.0,18.0,11.0,49.0,32.18,2125.0,19.687631847713355,-155.6230937148154,22.29333687435391,2.7
2126,1985.0,11.0,18.0,17.0,47.0,1.97,2126.0,19.71302494550271,-155.01822057519718,21.02261697060826,2.5
2127,1985.0,11.0,23.0,12.0,8.0,48.26,2127.0,19.154117161701684,-155.75333382942247,27.751746065547053,2.6
2128,1985.0,11.0,28.0,2.0,54.0,21.54,2128.0,19.85849943453977,-155.90224935323667,11.84942919221434,2.5
2129,1985.0,11.0,29.0,15.0,9.0,32.29,2129.0,19.81034495897365,-155.23624698640128,15.612517574709248,3.4
2130,1985.0,12.0,7.0,6.0,29.0,40.53,2130.0,19.899276145715707,-155.32824649141554,18.183279335986377,2.6
2131,1985.0,12.0,12.0,3.0,29.0,2.11,2131.0,19.728166186610512,-155.86130233137663,16.684611641248914,3.4
2132,1985.0,12.0,17.0,17.0,36.0,14.29,2132.0,19.670574169784256,-155.7193137845205,44.78841625151077,2.8
2133,1985.0,12.0,21.0,3.0,52.0,13.91,2133.0,19.04218148580405,-155.73794331637558,25.87090890916349,3.2
2134,1985.0,12.0,28.0,2.0,16.0,22.23,2134.0,19.519001431371507,-155.42537998186816,9.429014962941062,2.5
2135,1986.0,1.0,6.0,0.0,41.0,56.55,2135.0,19.3727170315504,-155.46795985064372,37.578732120734514,2.5
2136,1986.0,1.0,6.0,23.0,11.0,32.42,2136.0,19.63778211555688,-155.78531171144695,4.810763619544967,2.8
2137,1986.0,1.0,9.0,2.0,25.0,38.85,2137.0,19.64623614718264,-155.27084841321314,27.12745995827182,2.9
2138,1986.0,1.0,24.0,20.0,15.0,26.74,2138.0,19.03712749903842,-155.85954732198556,7.43418408227533,4.0
2139,1986.0,1.0,26.0,12.0,17.0,44.77,2139.0,19.581692198306257,-155.07491431811172,4.4863058023084434,3.0
2140,1986.0,1.0,28.0,2.0,18.0,37.72,2140.0,19.0610624313771,-155.6488155193452,17.54080693605738,2.9
2141,1986.0,1.0,29.0,9.0,1.0,39.55,2141.0,19.805405438099832,-155.35170713095658,15.969031716318096,2.5
2142,1986.0,2.0,4.0,3.0,51.0,22.91,2142.0,19.584622837673017,-155.33519784466623,11.427289112605582,3.5
2143,1986.0,2.0,6.0,5.0,39.0,18.83,2143.0,19.46946124127868,-155.75716543900788,15.341680066672437,3.0
2144,1986.0,2.0,14.0,6.0,39.0,42.73,2144.0,20.116277065734725,-155.6787721731951,21.85922889607393,3.0
2145,1986.0,2.0,16.0,12.0,48.0,25.59,2145.0,19.78624069011333,-155.1616706710229,4.52753665558695,2.6
2146,1986.0,2.0,24.0,8.0,6.0,37.29,2146.0,20.054809768805764,-155.58671566188406,4.2901247952373085,2.7
2147,1986.0,2.0,27.0,2.0,12.0,2.32,2147.0,19.064621051756166,-155.79417512894258,12.336657700878096,2.8
2148,1986.0,2.0,27.0,23.0,17.0,33.41,2148.0,19.868442974415263,-155.27388706879486,40.34172236362189,2.7
2149,1986.0,2.0,28.0,3.0,17.0,3.39,2149.0,19.732635635092,-155.2982555182531,16.579453126013647,2.6
2150,1986.0,2.0,28.0,22.0,0.0,1.27,2150.0,20.25742801634574,-155.84408376019505,2.311221352284936,2.9
2151,1986.0,3.0,3.0,11.0,17.0,26.41,2151.0,19.55825891447037,-154.89823917748743,10.146965148870736,2.5
2152,1986.0,3.0,5.0,14.0,1.0,41.68,2152.0,19.333347800055154,-155.3719391567771,23.16413584424365,2.8
2153,1986.0,3.0,6.0,9.0,35.0,20.49,2153.0,19.438017329140152,-155.27457991428903,27.179022159556236,2.5
2154,1986.0,3.0,6.0,14.0,12.0,4.53,2154.0,19.77047522161405,-155.5607556386767,10.914519172166038,2.9
2155,1986.0,3.0,9.0,14.0,49.0,53.06,2155.0,20.03759284510364,-155.59799775638749,16.308764390442818,2.9
2156,1986.0,3.0,12.0,10.0,12.0,33.27,2156.0,19.16077043138021,-155.45865962785558,41.53573530094521,3.2
2157,1986.0,3.0,12.0,14.0,4.0,40.11,2157.0,19.68264347364277,-155.1120718445969,23.09072143372357,3.1
2158,1986.0,3.0,15.0,21.0,53.0,57.15,2158.0,19.13281931872257,-155.54269655733722,36.99081642176689,2.8
2159,1986.0,4.0,2.0,17.0,51.0,36.1,2159.0,19.05701993198388,-155.57528834569334,5.734193700061056,2.6
2160,1986.0,4.0,9.0,10.0,41.0,36.96,2160.0,19.46968153736184,-155.78174524689794,2.0736870400082426,2.9
2161,1986.0,4.0,11.0,3.0,9.0,21.43,2161.0,19.83776695546446,-155.4372512749364,13.658548767807105,3.3
2162,1986.0,4.0,13.0,3.0,21.0,4.78,2162.0,19.520638934322065,-155.82504400275477,7.660369624578462,2.7
2163,1986.0,4.0,16.0,14.0,13.0,47.09,2163.0,19.71511960573657,-155.54145416625406,28.14655401721556,2.5
2164,1986.0,4.0,21.0,1.0,21.0,20.24,2164.0,19.964806340996645,-155.41245752254054,37.26038471196322,2.5
2165,1986.0,4.0,21.0,7.0,15.0,44.42,2165.0,19.14189055188396,-155.5614029534939,3.010255960929334,2.5
2166,1986.0,5.0,4.0,15.0,11.0,17.0,2166.0,19.51960036426468,-154.96632473871503,31.239587015756342,2.9
2167,1986.0,5.0,6.0,22.0,17.0,54.58,2167.0,19.037911015011908,-155.7073292411531,43.772428735996655,2.6
2168,1986.0,5.0,11.0,13.0,33.0,13.18,2168.0,19.6664813785291,-155.76782077277016,20.416566002870525,3.7
2169,1986.0,5.0,21.0,19.0,58.0,35.25,2169.0,19.20782671485301,-155.84095838989074,40.518931298671006,2.6
2170,1986.0,6.0,2.0,10.0,56.0,26.56,2170.0,19.86553715239364,-155.72880554108244,11.461414598428362,2.6
2171,1986.0,6.0,7.0,13.0,8.0,31.47,2171.0,19.71223588582053,-155.47999542141864,2.5188288140952046,3.2
2172,1986.0,6.0,21.0,14.0,26.0,59.73,2172.0,19.6720262307919,-155.22019124151004,7.53906888138553,2.5
2173,1986.0,6.0,21.0,19.0,31.0,23.74,2173.0,19.317829608087948,-155.1468328488488,37.11052640929344,2.7
2174,1986.0,6.0,25.0,2.0,16.0,34.08,2174.0,20.148825292569327,-155.6665269912594,38.03630088100024,3.2
2175,1986.0,6.0,26.0,1.0,48.0,50.86,2175.0,19.275283553469297,-155.82529846462108,32.48857074250857,2.6
2176,1986.0,6.0,27.0,11.0,31.0,3.2,2176.0,19.782900561692458,-155.42130056824027,31.77121504361001,3.3
2177,1986.0,6.0,28.0,17.0,11.0,25.18,2177.0,19.175287174051256,-155.8272530001027,16.04629156401007,3.0
2178,1986.0,7.0,2.0,12.0,7.0,20.9,2178.0,19.55106281892424,-155.73676392837882,17.78605520243462,2.7
2179,1986.0,7.0,3.0,18.0,21.0,25.61,2179.0,19.28722200683441,-155.472736801464,12.716617477907452,2.5
2180,1986.0,7.0,7.0,8.0,48.0,17.0,2180.0,19.46751808003184,-155.57296946563582,4.199359968494225,3.3
2181,1986.0,7.0,7.0,10.0,40.0,26.46,2181.0,19.467145596884244,-155.09065646379574,18.62651393150808,2.6
2182,1986.0,7.0,7.0,22.0,56.0,42.69,2182.0,20.14266871894697,-155.7301337663255,43.86602801129377,3.4
2183,1986.0,7.0,9.0,17.0,23.0,35.21,2183.0,19.870515136382448,-155.1366993412384,11.97143999776086,2.6
2184,1986.0,7.0,19.0,10.0,41.0,1.64,2184.0,19.59572036949704,-155.55909287267113,17.54756385043549,2.5
2185,1986.0,8.0,22.0,17.0,8.0,3.04,2185.0,19.754007204356963,-155.84425231060663,42.88427295129958,2.5
2186,1986.0,8.0,25.0,2.0,31.0,45.55,2186.0,19.70471821270388,-155.01568061589523,8.606531636740973,2.8
2187,1986.0,8.0,30.0,12.0,50.0,17.89,2187.0,19.951049915479377,-155.5670017747979,44.93794231604058,3.1
2188,1986.0,9.0,3.0,19.0,11.0,33.9,2188.0,19.50983857513353,-154.9725386042297,23.145192672376783,2.8
2189,1986.0,9.0,4.0,13.0,40.0,36.55,2189.0,19.465321036624463,-155.24939124393595,28.43438536423753,2.7
2190,1986.0,9.0,16.0,20.0,25.0,32.44,2190.0,19.572198194873188,-155.14388772720022,11.44063235612063,3.3
2191,1986.0,9.0,25.0,16.0,10.0,39.41,2191.0,19.451030800635003,-155.1921914623688,33.86698684168303,2.7
2192,1986.0,9.0,29.0,18.0,37.0,32.94,2192.0,19.99002964330045,-155.29537296841954,29.69762463677866,3.1
2193,1986.0,10.0,6.0,23.0,53.0,19.07,2193.0,19.64659098351512,-155.36420401055514,34.822231694201975,2.9
2194,1986.0,10.0,11.0,9.0,1.0,17.44,2194.0,19.80902710180852,-155.18921921240656,8.51010284908912,3.0
2195,1986.0,10.0,13.0,14.0,40.0,10.99,2195.0,19.584242084214512,-154.901131016704,32.123365038841214,2.8
2196,1986.0,10.0,15.0,22.0,22.0,12.55,2196.0,19.60021641146277,-155.33182374804193,30.416537651170653,2.5
2197,1986.0,10.0,24.0,15.0,0.0,35.28,2197.0,19.464475627061336,-155.6167040856718,41.88984801085215,3.6
2198,1986.0,10.0,24.0,23.0,15.0,43.12,2198.0,20.149537641132472,-155.63029285182714,34.143686329476346,2.7
2199,1986.0,10.0,26.0,9.0,53.0,2.3,2199.0,19.08663900804145,-155.76571506446552,27.89435299990504,3.9
2200,1986.0,10.0,29.0,23.0,8.0,6.3,2200.0,19.949529797549133,-155.86995946636688,32.906333379915424,2.6
2201,1986.0,10.0,31.0,2.0,40.0,0.32,2201.0,19.05470312864669,-155.68812466011147,13.03024217648926,2.7
2202,1986.0,11.0,2.0,4.0,21.0,15.37,2202.0,19.878248617984006,-155.399257957263,38.01412746699608,4.5
2203,1986.0,11.0,6.0,17.0,4.0,26.63,2203.0,19.9164116966002,-155.4355111538925,41.35309546918064,3.5
2204,1986.0,11.0,10.0,13.0,26.0,3.91,2204.0,19.61352456664312,-155.16924870247735,33.306400433118505,3.6
2205,1986.0,11.0,11.0,22.0,25.0,18.22,2205.0,19.9632937480098,-155.3236405491177,16.388262316265035,3.3
2206,1986.0,11.0,12.0,2.0,29.0,49.05,2206.0,19.937384379056844,-155.25907447023295,24.947798246123696,3.3
2207,1986.0,11.0,21.0,17.0,27.0,32.96,2207.0,19.158335337800622,-155.52304927563364,29.991085034645845,2.5
2208,1986.0,11.0,30.0,0.0,24.0,31.12,2208.0,19.216341747006823,-155.36597282564807,19.51391972397872,3.5
2209,1986.0,12.0,4.0,15.0,50.0,4.95,2209.0,19.66391843091277,-155.05081807703016,43.238775473131525,2.5
2210,1986.0,12.0,7.0,16.0,33.0,0.34,2210.0,19.599300348793065,-155.24616550690124,4.585900006359481,2.8
2211,1986.0,12.0,19.0,20.0,38.0,12.22,2211.0,19.244704131032385,-155.49236670739376,13.882345920341358,2.7
2212,1986.0,12.0,21.0,2.0,3.0,52.54,2212.0,20.16704495177436,-155.69761993640802,3.017519163847074,2.5
2213,1986.0,12.0,21.0,13.0,46.0,31.98,2213.0,19.920555583761967,-155.57135782262966,19.13903732808808,2.6
2214,1987.0,1.0,3.0,6.0,12.0,56.28,2214.0,20.07119476733071,-155.77361338103978,24.09242816983996,2.6
2215,1987.0,1.0,11.0,12.0,29.0,6.67,2215.0,19.85535531106676,-155.55107917914603,11.784886446384906,3.0
2216,1987.0,1.0,14.0,6.0,32.0,53.03,2216.0,20.079821239251977,-155.48300552081278,29.749147637693152,3.7
2217,1987.0,1.0,14.0,16.0,1.0,50.86,2217.0,19.856701012466388,-155.58264038851365,14.59137234213775,3.1
2218,1987.0,1.0,16.0,17.0,11.0,21.79,2218.0,19.933427335574223,-155.74192426792493,26.225844943536075,2.7
2219,1987.0,1.0,18.0,10.0,7.0,23.15,2219.0,19.8687748541066,-155.85892646319687,26.955561545116343,2.5
2220,1987.0,1.0,20.0,7.0,31.0,40.36,2220.0,19.750849833542446,-155.56985634434437,41.51352327649502,2.9
2221,1987.0,1.0,23.0,16.0,9.0,3.73,2221.0,19.55958253176617,-155.8915142019962,39.955161081401634,2.6
2222,1987.0,1.0,24.0,0.0,47.0,24.8,2222.0,20.011541067074656,-155.46450334755,31.49286387515939,5.2
2223,1987.0,1.0,26.0,6.0,30.0,0.67,2223.0,19.52345711714817,-155.13046998429232,27.38640808129225,2.6
2224,1987.0,2.0,11.0,6.0,46.0,17.25,2224.0,19.708694739348942,-155.9189123199205,41.13938623451724,2.8
2225,1987.0,2.0,17.0,4.0,57.0,18.26,2225.0,19.69206316750596,-155.32846299908394,30.712036675633648,2.7
2226,1987.0,2.0,17.0,23.0,12.0,38.53,2226.0,19.351794012564497,-155.78354622437925,40.925289464758926,2.7
2227,1987.0,2.0,19.0,12.0,29.0,51.61,2227.0,19.44944041513037,-155.82052969210085,16.1463916730536,2.5
2228,1987.0,2.0,21.0,0.0,11.0,10.98,2228.0,20.17194850182585,-155.68132048016173,32.437841116925384,3.7
2229,1987.0,3.0,11.0,2.0,1.0,52.91,2229.0,19.656659098670684,-155.8315066303733,8.012299230762828,3.4
2230,1987.0,3.0,11.0,6.0,21.0,20.9,2230.0,20.1913780397985,-155.79476868614492,29.914183708417557,3.1
2231,1987.0,3.0,11.0,9.0,26.0,44.37,2231.0,19.75647827119588,-155.1030408473977,35.14185682331544,3.6
2232,1987.0,3.0,22.0,15.0,9.0,59.74,2232.0,19.452041600840364,-155.10010962485973,14.036050490796203,3.0
2233,1987.0,3.0,23.0,11.0,36.0,50.14,2233.0,19.600862745871147,-155.65626883264187,9.21163319410872,3.2
2234,1987.0,3.0,24.0,20.0,57.0,43.33,2234.0,19.288469553636244,-155.44150626441427,2.5077847250184595,2.9
2235,1987.0,3.0,25.0,13.0,43.0,49.07,2235.0,19.751223102963607,-155.19821430808275,18.312939469267285,3.2
2236,1987.0,3.0,27.0,3.0,20.0,16.67,2236.0,19.78489565618268,-155.45011646924226,27.500273265270955,2.6
2237,1987.0,3.0,30.0,11.0,35.0,42.93,2237.0,19.63954861884327,-155.53168729046482,7.703109452151244,2.5
2238,1987.0,4.0,3.0,1.0,12.0,26.64,2238.0,19.8789558518206,-155.18460154508273,3.318356790518353,2.5
2239,1987.0,4.0,3.0,17.0,58.0,22.82,2239.0,19.111605975533266,-155.83943134077137,9.703522261588574,3.1
2240,1987.0,4.0,16.0,1.0,31.0,50.63,2240.0,20.003032416320863,-155.7504672067619,33.47573067457246,2.6
2241,1987.0,4.0,20.0,2.0,15.0,58.52,2241.0,20.109577264153664,-155.73324124300095,27.44674378639728,4.2
2242,1987.0,4.0,20.0,11.0,50.0,52.82,2242.0,19.111365808153888,-155.63684604538963,10.282412144595265,3.6
2243,1987.0,4.0,22.0,11.0,34.0,1.71,2243.0,19.533177944029188,-155.24349749358691,15.61253923434916,3.2
2244,1987.0,5.0,2.0,2.0,50.0,5.43,2244.0,19.378255909881386,-155.2258745784483,38.30578598680206,3.3
2245,1987.0,5.0,6.0,16.0,22.0,5.37,2245.0,19.36589330820892,-155.03458167085532,32.87500493594291,2.9
2246,1987.0,5.0,9.0,15.0,50.0,8.14,2246.0,19.16038260973736,-155.7532492923113,42.87542756143473,3.4
2247,1987.0,5.0,14.0,14.0,18.0,19.57,2247.0,19.82745183548708,-155.3067637315849,8.511833781381728,3.6
2248,1987.0,5.0,18.0,18.0,50.0,38.03,2248.0,19.85057914867864,-155.13509625233038,35.32103232833337,2.8
2249,1987.0,5.0,18.0,19.0,46.0,57.84,2249.0,19.55943985187188,-155.6281415068264,11.154180091706852,2.8
2250,1987.0,5.0,19.0,22.0,4.0,42.22,2250.0,19.396606156236608,-155.13856532770205,40.02530565714688,2.9
2251,1987.0,5.0,21.0,4.0,54.0,45.4,2251.0,19.8522737711722,-155.1887842220435,27.213480391438985,3.0
2252,1987.0,6.0,1.0,14.0,19.0,30.25,2252.0,19.559955247125696,-155.51391596502734,3.9948759443813167,2.8
2253,1987.0,6.0,6.0,6.0,50.0,45.89,2253.0,19.16998845974471,-155.4910140844769,15.804258909263316,2.7
2254,1987.0,6.0,7.0,17.0,27.0,15.5,2254.0,19.585701132627715,-155.7971025761593,34.80979786624787,3.6
2255,1987.0,6.0,11.0,21.0,1.0,1.62,2255.0,19.602799534691044,-155.24723571022744,9.316237466535618,2.7
2256,1987.0,6.0,13.0,15.0,13.0,3.28,2256.0,19.50413104765025,-155.5421102047477,8.11231580300363,2.5
2257,1987.0,6.0,15.0,20.0,27.0,14.09,2257.0,19.31713050902895,-155.16146343053967,17.959729916803017,2.8
2258,1987.0,6.0,20.0,9.0,5.0,2.46,2258.0,19.797086231529,-155.255477121738,1.0353613207412722,2.9
2259,1987.0,6.0,23.0,8.0,19.0,31.11,2259.0,19.067428090788304,-155.53790744378423,18.66270175815142,2.9
2260,1987.0,6.0,23.0,17.0,2.0,54.71,2260.0,19.53562398042929,-155.07420115154042,38.65043036714545,2.9
2261,1987.0,6.0,25.0,21.0,56.0,24.82,2261.0,19.51191456494111,-155.71827871755832,21.567937541954816,2.5
2262,1987.0,6.0,28.0,1.0,22.0,14.1,2262.0,19.857367390219142,-155.36301446802236,18.663866387620025,3.0
2263,1987.0,7.0,7.0,19.0,53.0,48.05,2263.0,19.8936084866176,-155.23855602115702,11.95765426918146,2.7
2264,1987.0,7.0,8.0,3.0,56.0,3.8,2264.0,20.156569043911368,-155.72707814562028,26.0476781087452,4.1
2265,1987.0,7.0,9.0,8.0,58.0,17.8,2265.0,19.666133982703823,-155.75220238956712,30.183273168749658,3.2
2266,1987.0,7.0,12.0,21.0,10.0,7.7,2266.0,19.800623558154427,-155.75424788556364,7.283672824043627,2.6
2267,1987.0,7.0,20.0,19.0,0.0,49.37,2267.0,19.652707600737536,-155.81723155354746,42.15258755142823,2.9
2268,1987.0,7.0,23.0,2.0,30.0,54.69,2268.0,19.774898987110163,-155.91698648880327,33.70641846842268,3.4
2269,1987.0,7.0,26.0,17.0,40.0,52.86,2269.0,19.472583578385407,-155.2399457440856,16.844802863732316,2.5
2270,1987.0,7.0,28.0,5.0,25.0,29.88,2270.0,19.322897350661368,-155.17263081717832,16.608221531715202,3.5
2271,1987.0,8.0,3.0,5.0,14.0,52.75,2271.0,20.103189521376823,-155.57543405299387,11.170899743802902,2.8
2272,1987.0,8.0,9.0,9.0,28.0,50.78,2272.0,19.582643894153147,-155.02080722034484,28.802569971446573,3.7
2273,1987.0,8.0,11.0,22.0,5.0,41.1,2273.0,19.22168237921164,-155.85856192756302,16.185058057338097,2.7
2274,1987.0,8.0,13.0,6.0,25.0,16.81,2274.0,20.16439047035672,-155.70550461727404,16.33481806619354,2.9
2275,1987.0,8.0,22.0,22.0,12.0,25.86,2275.0,19.684632583436088,-155.17274993491657,24.384337365514256,2.7
2276,1987.0,8.0,23.0,11.0,36.0,11.17,2276.0,19.69602228589073,-155.7003760067801,13.309747264983528,2.8
2277,1987.0,8.0,24.0,21.0,46.0,38.47,2277.0,19.51271250955913,-155.3468001088059,28.74324487485874,3.2
2278,1987.0,8.0,26.0,15.0,6.0,32.98,2278.0,19.324896952935,-155.28541782507867,10.821544780189694,2.5
2279,1987.0,8.0,26.0,20.0,17.0,31.62,2279.0,19.576182877945342,-155.33856214539944,15.191668838451074,3.8
2280,1987.0,9.0,3.0,16.0,46.0,33.19,2280.0,19.772558622521924,-155.46055451364327,17.92357943020291,3.5
2281,1987.0,9.0,4.0,13.0,16.0,40.97,2281.0,19.435736799646808,-155.67605073751395,10.438597029253268,2.5
2282,1987.0,9.0,5.0,10.0,32.0,18.14,2282.0,20.02534452133994,-155.7600456494045,12.194623287713243,2.5
2283,1987.0,9.0,12.0,21.0,37.0,26.62,2283.0,19.99735790410386,-155.44447834105682,4.704930201513799,3.0
2284,1987.0,9.0,30.0,13.0,54.0,21.04,2284.0,20.03506510776047,-155.31432535316375,43.99852023866196,2.9
2285,1987.0,10.0,2.0,4.0,8.0,34.0,2285.0,19.613807037074363,-155.52426404129565,7.983057715301838,2.6
2286,1987.0,10.0,18.0,13.0,38.0,9.34,2286.0,19.05158866106049,-155.828144880836,14.97203391325838,3.5
2287,1987.0,10.0,19.0,5.0,22.0,6.52,2287.0,19.53337000388652,-155.1207405685113,40.82030191843306,2.5
2288,1987.0,11.0,11.0,7.0,42.0,5.87,2288.0,19.96667374115569,-155.4298439850697,3.5617219231828026,2.5
2289,1987.0,11.0,12.0,20.0,42.0,0.33,2289.0,19.57422394254874,-155.67035782213176,1.3241004527873383,2.9
2290,1987.0,11.0,14.0,19.0,42.0,4.62,2290.0,19.389402424950507,-155.39841831303417,1.5872940808774834,2.8
2291,1987.0,11.0,18.0,4.0,21.0,38.33,2291.0,19.34085722437747,-155.70197046005745,22.366493492822425,2.6
2292,1987.0,11.0,18.0,6.0,16.0,0.72,2292.0,19.712537598171345,-155.4479907362235,12.982705244168228,2.5
2293,1987.0,11.0,18.0,23.0,11.0,35.07,2293.0,19.759586562360425,-155.94339730505422,3.643422584141871,3.1
2294,1987.0,11.0,26.0,17.0,20.0,42.75,2294.0,19.45560895252408,-155.4826213563105,10.699282990376544,2.7
2295,1987.0,12.0,2.0,11.0,46.0,53.64,2295.0,19.332034869501328,-155.2341227280169,7.612689296536412,2.9
2296,1987.0,12.0,3.0,20.0,27.0,55.76,2296.0,19.717347515123304,-155.39956818899998,34.78514195458944,2.7
2297,1987.0,12.0,5.0,1.0,32.0,51.62,2297.0,19.567196505582487,-155.31493282117768,14.15247438211528,2.8
2298,1987.0,12.0,9.0,3.0,58.0,49.87,2298.0,19.96710152487208,-155.34061176100843,10.838610207264551,2.9
2299,1987.0,12.0,9.0,12.0,10.0,33.15,2299.0,19.598709374281192,-155.32550603675054,33.08087551670767,3.4
2300,1987.0,12.0,14.0,13.0,41.0,31.14,2300.0,20.081474605281475,-155.43865948768425,34.082076041543964,3.6
2301,1987.0,12.0,17.0,14.0,36.0,38.1,2301.0,19.18343293872855,-155.49783775427815,37.20134864078124,4.1
2302,1987.0,12.0,18.0,16.0,45.0,5.75,2302.0,19.732364738314445,-155.3088392620596,33.13499930361139,2.9
2303,1987.0,12.0,25.0,9.0,34.0,40.84,2303.0,19.50062617382521,-155.5408897288782,14.212200549816805,2.5
2304,1987.0,12.0,29.0,5.0,32.0,7.9,2304.0,19.577319764312573,-155.0581490596831,17.1777071599017,2.7
2305,1987.0,12.0,30.0,16.0,22.0,57.73,2305.0,19.559234242510296,-155.0074074012396,4.661637678847937,2.5
2306,1988.0,1.0,1.0,0.0,10.0,6.0,2306.0,19.38947963712806,-155.388880086233,36.50846296924252,5.1
2307,1988.0,1.0,2.0,10.0,34.0,51.29,2307.0,19.388881381866337,-155.7319405111556,9.584941087672815,3.2
2308,1988.0,1.0,11.0,0.0,29.0,8.73,2308.0,19.6070311526652,-155.3281294843142,5.305183273383234,2.9
2309,1988.0,1.0,18.0,10.0,35.0,50.26,2309.0,19.826636711544303,-155.24139373503604,33.5191324275432,3.0
2310,1988.0,1.0,25.0,0.0,37.0,57.08,2310.0,19.899601527455737,-155.25620799590587,11.014442774712789,2.5
2311,1988.0,1.0,26.0,17.0,59.0,18.05,2311.0,19.970142259928515,-155.20994457384828,25.818766711944896,2.9
2312,1988.0,2.0,4.0,22.0,45.0,55.68,2312.0,19.752450789473546,-155.46187480297056,10.473901936207008,2.7
2313,1988.0,2.0,7.0,13.0,26.0,33.43,2313.0,19.843630690050745,-155.2148743801212,34.95075996099898,3.3
2314,1988.0,2.0,10.0,9.0,34.0,5.17,2314.0,19.55061675418992,-155.95424501117904,16.957048782472405,2.5
2315,1988.0,2.0,14.0,22.0,16.0,59.14,2315.0,19.845388613441173,-155.90725110535516,20.920614566529405,2.7
2316,1988.0,2.0,15.0,8.0,14.0,43.72,2316.0,19.202757467467634,-155.41904850204637,29.025964820866573,2.6
2317,1988.0,2.0,16.0,17.0,38.0,54.23,2317.0,19.93514928331067,-155.1641401974136,44.20789457898918,2.7
2318,1988.0,2.0,22.0,9.0,17.0,53.01,2318.0,19.31265622182988,-155.37069490171322,20.124560518103856,3.0
2319,1988.0,2.0,23.0,3.0,42.0,46.18,2319.0,19.51270780878148,-155.65185833653857,2.120323676238816,2.6
2320,1988.0,3.0,14.0,20.0,12.0,7.56,2320.0,19.954617884478782,-155.32213108373392,14.186331025420277,3.2
2321,1988.0,3.0,20.0,16.0,27.0,0.42,2321.0,20.000217364876203,-155.49834197934652,34.6931460481935,3.4
2322,1988.0,3.0,22.0,11.0,53.0,9.18,2322.0,20.077052627587783,-155.7325106871733,29.004645627492803,2.9
2323,1988.0,4.0,2.0,0.0,35.0,31.12,2323.0,19.61614324745044,-155.36079606716413,14.35728626943112,2.7
2324,1988.0,4.0,8.0,7.0,16.0,42.85,2324.0,19.709390418890194,-155.81518869900842,26.535647627287403,2.6
2325,1988.0,4.0,9.0,5.0,17.0,37.68,2325.0,19.34037706593977,-155.05788869882284,2.696538834137345,2.6
2326,1988.0,4.0,11.0,3.0,26.0,3.4,2326.0,19.05017073625656,-155.5966192758356,11.382319704791165,3.5
2327,1988.0,4.0,18.0,12.0,11.0,20.38,2327.0,19.390863540942565,-155.1357524473139,24.996596061741613,2.5
2328,1988.0,4.0,19.0,11.0,56.0,25.5,2328.0,19.24715245116836,-155.37920481314467,41.0088814810825,3.0
2329,1988.0,4.0,19.0,22.0,57.0,8.31,2329.0,19.49748186348281,-155.1645902199483,20.72367823655009,3.2
2330,1988.0,4.0,22.0,6.0,42.0,0.65,2330.0,19.378729097443017,-155.5574157735963,25.87476929923023,3.1
2331,1988.0,4.0,22.0,17.0,14.0,5.43,2331.0,19.056049183252096,-155.7960648913853,32.530425082555986,3.2
2332,1988.0,4.0,23.0,16.0,52.0,4.98,2332.0,19.89439127992136,-155.5388107442531,9.95620726603026,3.7
2333,1988.0,4.0,24.0,14.0,49.0,17.41,2333.0,20.025938925972067,-155.68910539564382,4.497901916625847,2.5
2334,1988.0,4.0,25.0,0.0,36.0,36.44,2334.0,19.97265975152562,-155.29287589629445,24.770861289307437,2.6
2335,1988.0,5.0,8.0,3.0,5.0,11.76,2335.0,19.09563412341669,-155.5818505325053,18.689374424100347,2.9
2336,1988.0,5.0,8.0,18.0,6.0,29.21,2336.0,19.479279592721834,-155.702831388493,5.720364452150927,2.5
2337,1988.0,5.0,10.0,8.0,39.0,35.15,2337.0,19.16169444987398,-155.887259459549,9.532175212954938,2.8
2338,1988.0,5.0,11.0,2.0,58.0,28.7,2338.0,19.777662622599625,-155.87752302450124,15.301843456172309,2.5
2339,1988.0,5.0,31.0,3.0,47.0,39.01,2339.0,19.3711362812993,-155.4009005290916,16.35565255524632,2.7
2340,1988.0,6.0,1.0,7.0,44.0,43.6,2340.0,19.86438665171669,-155.5998535633167,39.82837644151235,2.6
2341,1988.0,6.0,5.0,0.0,13.0,9.04,2341.0,19.39997070036384,-155.2125245151773,8.766649894322132,3.0
2342,1988.0,6.0,13.0,4.0,7.0,10.97,2342.0,19.32410524945147,-155.42616079258602,23.71778355023287,2.8
2343,1988.0,6.0,16.0,21.0,56.0,27.07,2343.0,19.694202280054004,-155.1583133920841,4.529079787246795,3.2
2344,1988.0,6.0,20.0,13.0,28.0,39.47,2344.0,19.4732546423351,-155.6026600708897,27.022583047548675,2.5
2345,1988.0,6.0,22.0,6.0,9.0,11.54,2345.0,19.93908371795405,-155.68393064953003,14.17673638598492,2.6
2346,1988.0,6.0,22.0,18.0,52.0,29.74,2346.0,19.803740982588884,-155.71022992739415,13.029281338472105,3.1
2347,1988.0,6.0,27.0,17.0,1.0,23.57,2347.0,19.52276013256141,-155.6709291292699,15.981343321976066,2.5
2348,1988.0,7.0,1.0,1.0,9.0,59.79,2348.0,19.123714362961834,-155.67581994413698,6.919606836489551,2.5
2349,1988.0,7.0,1.0,5.0,11.0,26.25,2349.0,19.202412307118365,-155.49802032539148,22.13581539502526,2.6
2350,1988.0,7.0,6.0,6.0,8.0,20.03,2350.0,19.534868874664543,-155.8788008284453,36.83637400616286,2.9
2351,1988.0,7.0,7.0,13.0,40.0,19.01,2351.0,19.224660975838585,-155.61546600926778,22.704599521777904,2.6
2352,1988.0,7.0,12.0,4.0,44.0,30.24,2352.0,19.52552919156416,-155.20835528594012,34.310747764817975,2.8
2353,1988.0,7.0,15.0,22.0,53.0,54.31,2353.0,20.08528675966873,-155.60916527726602,42.39232458292221,2.5
2354,1988.0,7.0,22.0,4.0,17.0,16.08,2354.0,19.88668538550893,-155.9044878725142,34.19415755017934,2.9
2355,1988.0,7.0,23.0,14.0,58.0,27.44,2355.0,19.11046491937961,-155.6597168550964,8.84909130910145,2.5
2356,1988.0,7.0,27.0,20.0,59.0,17.27,2356.0,20.080235056559705,-155.58596801030689,11.178620962567546,2.7
2357,1988.0,8.0,3.0,4.0,48.0,52.07,2357.0,19.44484072862268,-154.88373570091926,20.86576494122161,2.6
2358,1988.0,8.0,7.0,6.0,46.0,5.9,2358.0,19.851941083055376,-155.6212790903788,35.86688530127083,2.7
2359,1988.0,8.0,11.0,23.0,45.0,8.34,2359.0,20.02939879008916,-155.73895097824612,27.377528473920385,2.5
2360,1988.0,8.0,18.0,20.0,58.0,16.48,2360.0,19.29782733185568,-155.1165976012802,41.53624246943274,2.9
2361,1988.0,8.0,21.0,13.0,41.0,45.88,2361.0,20.087013407338723,-155.5198036472587,12.975153112408382,2.5
2362,1988.0,8.0,26.0,6.0,11.0,52.76,2362.0,19.333542793152382,-155.28896647018996,24.35837011688121,3.0
2363,1988.0,9.0,6.0,8.0,53.0,57.76,2363.0,19.74038546470917,-155.2039700919032,17.33592480866794,2.5
2364,1988.0,9.0,6.0,23.0,30.0,11.71,2364.0,19.581775923847168,-155.28436063390765,21.431879624261267,2.5
2365,1988.0,9.0,7.0,6.0,32.0,59.31,2365.0,20.003791962474487,-155.5923414525837,3.134188687122288,3.0
2366,1988.0,9.0,15.0,0.0,44.0,26.93,2366.0,19.73490195070305,-155.6591098628332,43.54745999117398,2.5
2367,1988.0,9.0,22.0,3.0,48.0,20.37,2367.0,19.421998941944445,-155.58216811610993,30.6757604624246,2.6
2368,1988.0,9.0,28.0,4.0,54.0,12.73,2368.0,19.798324688602708,-155.85623493310123,7.213454950571027,2.5
2369,1988.0,9.0,30.0,20.0,42.0,34.53,2369.0,19.772486847758497,-155.43032141333137,3.869106497383878,2.7
2370,1988.0,10.0,2.0,22.0,51.0,35.81,2370.0,19.642955648799084,-155.18789666332324,10.194232393303036,2.9
2371,1988.0,10.0,5.0,2.0,37.0,52.9,2371.0,19.897872111099787,-155.41007247468326,22.88800648356642,3.1
2372,1988.0,10.0,7.0,8.0,10.0,47.08,2372.0,19.4728732723698,-154.97539584236117,14.296838417249557,3.2
2373,1988.0,10.0,11.0,16.0,47.0,10.12,2373.0,19.425755950385525,-155.05385146419283,37.16090796966047,2.5
2374,1988.0,10.0,15.0,8.0,8.0,2.93,2374.0,19.04769687357036,-155.60958948697228,36.25394095195958,2.7
2375,1988.0,11.0,7.0,4.0,37.0,28.95,2375.0,19.533005585715284,-155.41134954757766,10.472866538155348,2.8
2376,1988.0,11.0,12.0,23.0,32.0,46.23,2376.0,19.687443724297303,-155.80415254768718,8.43699916405458,2.5
2377,1988.0,11.0,21.0,21.0,59.0,46.13,2377.0,19.44559012801068,-155.46616157419865,30.542587940754583,3.7
2378,1988.0,11.0,23.0,20.0,18.0,57.33,2378.0,19.430378502338808,-154.89728810416602,24.63463950807677,3.2
2379,1988.0,11.0,30.0,6.0,31.0,17.88,2379.0,19.71857483898977,-155.09385544204383,25.82224428121216,2.5
2380,1988.0,12.0,20.0,5.0,40.0,38.01,2380.0,19.14816928024329,-155.57631935943488,22.799973270632183,3.2
2381,1988.0,12.0,22.0,10.0,42.0,17.25,2381.0,19.68783528967968,-155.09611508958437,20.51044665773791,2.6
2382,1988.0,12.0,23.0,14.0,20.0,37.84,2382.0,19.846865127197884,-155.12425040172508,41.16713074642553,2.6
2383,1988.0,12.0,25.0,6.0,5.0,1.62,2383.0,19.85833894309267,-155.40080031837792,28.61017268529356,3.2
2384,1988.0,12.0,26.0,14.0,27.0,1.62,2384.0,19.46832777419773,-155.52616178409545,2.5809633806121286,2.7
2385,1988.0,12.0,29.0,13.0,45.0,17.15,2385.0,19.593935517262743,-155.80656274706934,36.44898353349836,2.7
2386,1989.0,1.0,2.0,11.0,31.0,58.08,2386.0,20.09062156508048,-155.76574288017576,17.739903183895404,2.9
2387,1989.0,1.0,3.0,2.0,5.0,17.62,2387.0,19.458943390229788,-155.71944385608575,31.219931025382355,2.5
2388,1989.0,1.0,4.0,13.0,18.0,8.07,2388.0,19.841437224780705,-155.35545233744978,35.91243410489569,3.7
2389,1989.0,1.0,4.0,19.0,0.0,6.77,2389.0,19.34488129352227,-155.5855378631316,23.762553471348,2.8
2390,1989.0,1.0,8.0,16.0,8.0,40.72,2390.0,20.1026900505124,-155.84526865185947,19.72849435163499,2.8
2391,1989.0,1.0,9.0,0.0,58.0,57.99,2391.0,19.45011741829764,-155.3071781649131,43.228469866632274,2.5
2392,1989.0,1.0,11.0,14.0,34.0,54.24,2392.0,20.01725570229264,-155.62688232745757,11.60444233328904,2.7
2393,1989.0,1.0,15.0,9.0,29.0,36.13,2393.0,19.579886820445,-155.21113178084025,18.58166462451967,3.4
2394,1989.0,1.0,20.0,16.0,17.0,30.72,2394.0,19.617819347633485,-155.23993331972295,23.59779850544396,2.5
2395,1989.0,1.0,21.0,22.0,23.0,6.69,2395.0,19.528379931168413,-155.2642528832272,14.396376460737102,3.0
2396,1989.0,1.0,22.0,14.0,18.0,34.86,2396.0,19.872867974608614,-155.12289670133924,43.48856320629356,3.1
2397,1989.0,1.0,26.0,16.0,16.0,32.25,2397.0,19.360374769866727,-155.65644155463474,8.198924609732458,3.6
2398,1989.0,2.0,13.0,18.0,12.0,27.28,2398.0,19.342285308328048,-155.13029466045407,5.113855446028197,3.0
2399,1989.0,2.0,14.0,13.0,46.0,25.83,2399.0,19.603271016736137,-155.6317411114929,32.29288849307285,2.6
2400,1989.0,2.0,18.0,0.0,33.0,34.66,2400.0,19.99859895981668,-155.34408665332413,3.018535283467068,2.5
2401,1989.0,2.0,18.0,4.0,32.0,53.66,2401.0,19.801178019495225,-155.33342192687795,13.30709845992538,2.5
2402,1989.0,2.0,26.0,12.0,50.0,44.45,2402.0,19.45856327496149,-155.15706956495896,5.348250407107587,2.9
2403,1989.0,3.0,3.0,22.0,59.0,9.57,2403.0,20.17002867594672,-155.71385014255208,43.58345077399416,4.4
2404,1989.0,3.0,14.0,6.0,12.0,45.56,2404.0,19.60493890722832,-155.07983045086056,11.278339728837995,2.6
2405,1989.0,3.0,17.0,22.0,53.0,11.4,2405.0,19.559596088113125,-155.92657771353387,6.474167767707282,2.7
2406,1989.0,3.0,21.0,6.0,47.0,8.79,2406.0,19.597736817502827,-155.17503901886153,34.90107087742852,2.5
2407,1989.0,3.0,21.0,10.0,15.0,0.01,2407.0,19.325924184221343,-155.24234658344105,21.71188048697956,2.6
2408,1989.0,3.0,25.0,5.0,55.0,2.59,2408.0,19.5923149921806,-155.04526317914588,25.604775074096825,2.5
2409,1989.0,4.0,4.0,10.0,33.0,31.3,2409.0,19.600007335453004,-155.73525369173578,11.83314667355401,3.2
2410,1989.0,4.0,10.0,10.0,41.0,39.7,2410.0,19.26668070082946,-155.74691481522737,42.00745910355612,2.5
2411,1989.0,4.0,11.0,8.0,45.0,16.02,2411.0,20.023586897022803,-155.5643951255639,28.974058798541616,2.6
2412,1989.0,4.0,14.0,10.0,48.0,33.81,2412.0,19.30177126915195,-155.830606387624,19.312951414056727,2.6
2413,1989.0,4.0,24.0,9.0,52.0,22.98,2413.0,19.027662276270863,-155.77853727266404,18.90991339747436,2.5
2414,1989.0,5.0,2.0,13.0,32.0,36.41,2414.0,19.84915479282968,-155.68130297957055,10.281108882756335,2.8
2415,1989.0,5.0,3.0,23.0,57.0,25.09,2415.0,19.343346496833544,-155.55783578503687,1.3133875005909812,2.5
2416,1989.0,5.0,8.0,16.0,53.0,11.33,2416.0,19.49541613848745,-155.08369170672484,32.9070185871903,2.6
2417,1989.0,5.0,13.0,0.0,58.0,48.11,2417.0,19.49144633074125,-155.5334432800579,11.012273593880574,2.5
2418,1989.0,5.0,19.0,2.0,12.0,13.89,2418.0,19.720145402043684,-155.16918850658664,37.838289587525615,3.3
2419,1989.0,5.0,20.0,23.0,21.0,18.85,2419.0,19.48691031901113,-155.70934473445726,3.5509392126690784,2.5
2420,1989.0,5.0,23.0,19.0,8.0,58.02,2420.0,19.62481212244592,-155.62879228390065,15.806152414816012,4.8
2421,1989.0,5.0,24.0,8.0,48.0,9.62,2421.0,19.44118834363132,-155.12969221231646,17.611151098399112,2.6
2422,1989.0,5.0,26.0,4.0,10.0,45.67,2422.0,19.308944348421136,-155.57328393093786,12.512055848136155,3.2
2423,1989.0,5.0,28.0,3.0,29.0,50.76,2423.0,20.13550468419926,-155.6264941862612,10.347597255649436,2.7
2424,1989.0,6.0,7.0,1.0,12.0,43.03,2424.0,19.16932046889634,-155.7313707809477,2.7472314315258,2.6
2425,1989.0,6.0,14.0,5.0,58.0,1.08,2425.0,19.47762512373184,-154.9336082920099,20.02466682834964,2.7
2426,1989.0,6.0,16.0,13.0,57.0,22.9,2426.0,19.494254938006296,-155.65204973372846,22.727931038804087,3.0
2427,1989.0,6.0,22.0,15.0,35.0,11.36,2427.0,19.83355197675333,-155.6041857127464,43.6025168008497,3.1
2428,1989.0,6.0,27.0,1.0,57.0,33.22,2428.0,19.258525185124714,-155.59166996123724,2.379007302694524,3.9
2429,1989.0,7.0,1.0,20.0,30.0,42.0,2429.0,19.56258600420866,-155.2121144636038,36.97158925978227,4.7
2430,1989.0,7.0,4.0,7.0,58.0,39.53,2430.0,19.42653046903055,-155.7638191437156,7.823816461610693,2.5
2431,1989.0,7.0,14.0,8.0,39.0,23.75,2431.0,20.145168014886803,-155.63555021674978,33.08611646678542,2.7
2432,1989.0,7.0,14.0,23.0,7.0,7.93,2432.0,19.611349663166862,-155.25182497255196,26.298970745973183,2.9
2433,1989.0,7.0,19.0,7.0,12.0,32.39,2433.0,19.79525800409658,-155.30205495119222,12.025509762690245,2.5
2434,1989.0,7.0,23.0,16.0,9.0,19.22,2434.0,19.329469124923328,-155.86396274735088,12.833844244312573,3.6
2435,1989.0,7.0,26.0,9.0,39.0,22.62,2435.0,19.0278483133427,-155.6986182083052,39.224552843035056,4.0
2436,1989.0,7.0,28.0,7.0,59.0,27.14,2436.0,19.64858142193495,-154.98958355061166,33.69455511014623,2.6
2437,1989.0,7.0,29.0,5.0,34.0,5.89,2437.0,19.094833861251537,-155.78298901696556,29.931246638799003,2.7
2438,1989.0,8.0,1.0,5.0,43.0,12.91,2438.0,19.44474963124786,-155.5781768373877,6.782618640239752,2.9
2439,1989.0,8.0,5.0,1.0,1.0,58.46,2439.0,19.814228888645623,-155.91049629017266,8.431933484759128,4.1
2440,1989.0,8.0,7.0,8.0,55.0,16.08,2440.0,19.14573375701232,-155.82822418714687,10.76556775429778,3.4
2441,1989.0,8.0,7.0,12.0,40.0,2.75,2441.0,19.902851532933056,-155.3135102785189,32.901011590945416,2.7
2442,1989.0,8.0,11.0,1.0,32.0,37.28,2442.0,20.00554996827942,-155.5926025477048,38.92046281558584,3.5
2443,1989.0,8.0,20.0,1.0,15.0,36.63,2443.0,19.51416518427109,-155.66566197712424,32.24377960226279,2.5
2444,1989.0,8.0,22.0,22.0,33.0,14.0,2444.0,19.33132506797088,-155.23761146966473,11.512690225724548,2.5
2445,1989.0,8.0,26.0,3.0,43.0,37.22,2445.0,19.97362231237272,-155.23543908660656,12.6544259753761,2.8
2446,1989.0,8.0,31.0,7.0,50.0,42.18,2446.0,19.524950782910693,-155.81874795066744,21.73832963965914,2.8
2447,1989.0,9.0,6.0,5.0,32.0,49.0,2447.0,19.60767543972316,-155.3922122879596,21.205857630264333,2.5
2448,1989.0,9.0,8.0,10.0,11.0,33.93,2448.0,19.392353476026443,-155.886838902522,6.841840887076087,2.6
2449,1989.0,9.0,20.0,8.0,25.0,5.89,2449.0,19.476051343644603,-155.0427859177876,26.23497643460517,3.4
2450,1989.0,9.0,21.0,18.0,46.0,37.93,2450.0,19.89983491098815,-155.83874236674993,11.969688282301588,2.6
2451,1989.0,9.0,27.0,9.0,3.0,37.83,2451.0,19.69183936391066,-155.1393933691441,1.5686906047988542,2.6
2452,1989.0,10.0,5.0,3.0,33.0,57.38,2452.0,19.551580951732326,-155.54401644047476,10.39688869505312,3.3
2453,1989.0,10.0,5.0,17.0,59.0,43.9,2453.0,20.04856349859297,-155.33872437928204,19.57025017370802,2.7
2454,1989.0,10.0,13.0,13.0,15.0,42.23,2454.0,19.362203928290743,-155.5111781754038,39.265864259288136,2.6
2455,1989.0,10.0,28.0,16.0,22.0,31.15,2455.0,19.40381062580957,-155.68380477833247,10.489186056634171,3.0
2456,1989.0,10.0,30.0,9.0,44.0,44.4,2456.0,19.70029836852644,-155.0931908025112,5.790733087559119,2.5
2457,1989.0,11.0,8.0,15.0,44.0,10.91,2457.0,19.4830547107564,-155.20822455397254,42.00535572841624,3.6
2458,1989.0,11.0,23.0,6.0,38.0,47.11,2458.0,19.92717660930811,-155.256616590431,1.3453324598979195,2.8
2459,1989.0,11.0,27.0,2.0,35.0,57.23,2459.0,19.57775919802517,-155.44817288791194,1.9018005096448385,2.8
2460,1989.0,12.0,3.0,1.0,38.0,39.55,2460.0,19.50950500233767,-155.65181979649378,8.590759600543246,3.6
2461,1989.0,12.0,3.0,12.0,5.0,20.09,2461.0,19.968637727147968,-155.50787655132171,11.11838179119455,2.9
2462,1989.0,12.0,3.0,18.0,53.0,6.72,2462.0,19.28055104791478,-155.7091451937241,12.70065237160517,2.8
2463,1989.0,12.0,22.0,2.0,33.0,38.16,2463.0,19.06087667091839,-155.58706024906863,33.73058262505813,2.5
2464,1989.0,12.0,25.0,17.0,58.0,12.96,2464.0,19.81744263317368,-155.48050476728346,29.27575109041581,2.6
2465,1989.0,12.0,27.0,1.0,21.0,5.84,2465.0,19.496823609527816,-155.66267773444775,28.40060997726026,3.6
2466,1990.0,1.0,2.0,19.0,42.0,10.76,2466.0,19.523496252186536,-155.1406962127404,29.184211160935774,2.6
2467,1990.0,1.0,10.0,11.0,40.0,9.87,2467.0,19.378476850608937,-155.53969046161546,23.476131881121844,2.7
2468,1990.0,1.0,13.0,14.0,38.0,41.41,2468.0,19.426547108155443,-155.67257476687297,3.864563116778292,2.6
2469,1990.0,1.0,14.0,23.0,24.0,3.98,2469.0,19.80988471578568,-155.46260507016456,38.47852857877852,3.5
2470,1990.0,1.0,15.0,18.0,32.0,25.76,2470.0,19.82163422371221,-155.59145064815868,16.390275435861135,2.7
2471,1990.0,1.0,16.0,9.0,33.0,33.28,2471.0,20.14543916523764,-155.67778485478922,9.826917196391664,2.5
2472,1990.0,1.0,17.0,18.0,49.0,11.14,2472.0,19.22634454237414,-155.79156674208235,19.170239526211148,2.5
2473,1990.0,1.0,21.0,23.0,37.0,19.76,2473.0,20.16686315309356,-155.6959600251474,11.21048539519172,3.5
2474,1990.0,1.0,30.0,18.0,59.0,30.87,2474.0,19.27152666569537,-155.41500330789634,4.481533167973746,3.2
2475,1990.0,2.0,5.0,13.0,10.0,9.73,2475.0,19.908493997938294,-155.48564777165024,20.93728300707273,2.8
2476,1990.0,2.0,7.0,6.0,13.0,22.88,2476.0,19.647885711061186,-155.9213048147942,39.33845515967995,2.7
2477,1990.0,2.0,11.0,12.0,43.0,33.43,2477.0,20.09156468984122,-155.84671993910294,26.95660349876351,2.5
2478,1990.0,2.0,16.0,10.0,59.0,49.27,2478.0,19.99713710201437,-155.51287890871205,24.60227464468388,2.9
2479,1990.0,2.0,23.0,8.0,17.0,51.7,2479.0,20.010258302326463,-155.6478594770319,23.904293225552117,2.9
2480,1990.0,2.0,26.0,14.0,2.0,45.12,2480.0,19.958795846705016,-155.43567228097018,20.079917459312632,3.0
2481,1990.0,2.0,27.0,19.0,44.0,9.52,2481.0,19.37966821679484,-155.23591821076593,34.13211328650139,3.8
2482,1990.0,2.0,28.0,15.0,32.0,11.29,2482.0,18.98225751676833,-155.69456505493935,21.586257556753917,2.7
2483,1990.0,3.0,8.0,2.0,29.0,6.63,2483.0,19.69871049503768,-155.62973899530522,14.4279871155389,3.7
2484,1990.0,4.0,5.0,7.0,41.0,43.09,2484.0,19.259471299957585,-155.7437282996722,22.22271539868068,2.8
2485,1990.0,4.0,9.0,8.0,43.0,38.82,2485.0,20.091158432829182,-155.77351638943108,23.794466942849382,2.9
2486,1990.0,4.0,15.0,13.0,21.0,31.51,2486.0,19.903278944439126,-155.3524283601178,43.79692270583232,2.6
2487,1990.0,4.0,20.0,10.0,31.0,3.67,2487.0,19.795682507631675,-155.08887042074616,17.9105423311764,2.5
2488,1990.0,4.0,24.0,15.0,16.0,30.35,2488.0,18.963001568891844,-155.6279670049966,33.059543004903,3.7
2489,1990.0,4.0,29.0,17.0,8.0,39.33,2489.0,19.529561567602176,-155.0208783083183,41.57309984741482,2.8
2490,1990.0,5.0,5.0,8.0,4.0,26.6,2490.0,19.522988007141542,-155.4009662263342,3.805025496638588,2.5
2491,1990.0,5.0,6.0,11.0,37.0,46.37,2491.0,19.39983746091029,-155.47571175001042,5.059618098054404,2.6
2492,1990.0,5.0,11.0,7.0,29.0,22.14,2492.0,19.27101521292462,-155.31073863059103,8.589751829274743,3.0
2493,1990.0,5.0,29.0,0.0,25.0,23.9,2493.0,19.434317482194672,-155.10099185403865,16.4055979101086,2.8
2494,1990.0,5.0,29.0,1.0,1.0,44.34,2494.0,19.82208955626956,-155.87731591379196,31.23636315179409,2.6
2495,1990.0,5.0,31.0,7.0,39.0,53.99,2495.0,19.376056012533265,-155.08079057283942,8.166600446201505,2.5
2496,1990.0,6.0,3.0,8.0,15.0,25.33,2496.0,19.87731106265565,-155.19484622813104,27.085839328628648,2.7
2497,1990.0,6.0,6.0,15.0,45.0,22.45,2497.0,19.85879305651801,-155.34616728140762,26.39496709562556,2.6
2498,1990.0,6.0,8.0,22.0,8.0,24.21,2498.0,20.04599373791416,-155.64168113977462,20.41919136371144,3.0
2499,1990.0,6.0,23.0,10.0,41.0,22.14,2499.0,18.97973609003178,-155.63531708133334,32.07224192381854,2.5
2500,1990.0,6.0,29.0,7.0,8.0,4.74,2500.0,20.08733402308828,-155.71522674525025,37.0165272179205,3.4
2501,1990.0,7.0,3.0,9.0,36.0,26.4,2501.0,19.838685289117777,-155.48832392621773,21.465145054563344,2.7
2502,1990.0,7.0,10.0,10.0,59.0,10.26,2502.0,19.8117257646316,-155.7805453687437,9.518365194076106,2.5
2503,1990.0,7.0,13.0,8.0,36.0,43.37,2503.0,20.11762274545925,-155.63265521454105,6.9211909407707,2.9
2504,1990.0,7.0,14.0,17.0,20.0,21.05,2504.0,20.14844134525158,-155.77840930279908,25.43515093845792,3.4
2505,1990.0,7.0,21.0,12.0,35.0,35.65,2505.0,19.84143222543883,-155.51061180556957,22.247094392981214,2.5
2506,1990.0,7.0,22.0,8.0,46.0,15.04,2506.0,19.76843051624716,-155.21575170871304,4.360445585189688,2.8
2507,1990.0,7.0,23.0,23.0,23.0,29.45,2507.0,19.58900336622965,-155.657836684573,9.629109530144635,2.5
2508,1990.0,7.0,27.0,15.0,8.0,19.3,2508.0,19.92491679255332,-155.32598745139427,15.163490201611642,2.8
2509,1990.0,8.0,22.0,15.0,29.0,16.3,2509.0,19.62867279914511,-155.17257294695904,2.588758148878454,2.6
2510,1990.0,8.0,24.0,21.0,58.0,58.08,2510.0,20.011660103652268,-155.5308914960979,44.101972296465874,2.8
2511,1990.0,8.0,25.0,13.0,5.0,35.44,2511.0,20.126138952685032,-155.77472852345625,32.64294414540672,2.5
2512,1990.0,9.0,1.0,10.0,5.0,23.36,2512.0,18.96025857172452,-155.67075133753372,24.770889259387104,2.9
2513,1990.0,9.0,5.0,22.0,3.0,30.98,2513.0,19.06768387354096,-155.7810317563626,28.006654965024463,3.7
2514,1990.0,9.0,11.0,21.0,20.0,28.39,2514.0,20.15920963065981,-155.63637235288604,24.801191150171213,2.9
2515,1990.0,9.0,12.0,11.0,47.0,16.4,2515.0,19.26575349977372,-155.74875502827118,36.32850162816698,2.8
2516,1990.0,9.0,16.0,8.0,27.0,47.58,2516.0,19.319294013796867,-155.41744065985455,8.745867195185266,4.9
2517,1990.0,9.0,17.0,3.0,12.0,14.36,2517.0,19.668933233075585,-155.05590244859945,10.976662574800194,3.9
2518,1990.0,10.0,11.0,3.0,48.0,24.15,2518.0,19.802931676610044,-155.6536462953142,5.106227740062728,3.3
2519,1990.0,10.0,18.0,20.0,1.0,5.36,2519.0,19.58103575880845,-155.5833229845859,31.591976001109533,2.6
2520,1990.0,10.0,31.0,22.0,12.0,8.19,2520.0,19.026271061983152,-155.62847808020743,2.200009988035239,2.5
2521,1990.0,11.0,2.0,8.0,42.0,53.03,2521.0,19.492398364193445,-155.9447376918414,27.09369309815434,2.6
2522,1990.0,11.0,2.0,9.0,35.0,35.18,2522.0,19.62497387489784,-155.3687724631309,29.127698053574928,2.5
2523,1990.0,11.0,8.0,11.0,24.0,38.83,2523.0,19.80776073228317,-155.57242346065684,15.883135699678386,2.6
2524,1990.0,11.0,9.0,14.0,4.0,50.01,2524.0,19.289221037954896,-155.38411260558826,16.982272647577723,3.2
2525,1990.0,11.0,11.0,2.0,0.0,6.67,2525.0,19.393716418479208,-155.46378128034007,40.209178908781865,2.5
2526,1990.0,11.0,16.0,15.0,58.0,9.53,2526.0,19.81365117044264,-155.4438891455478,9.684335622708812,3.1
2527,1990.0,11.0,16.0,16.0,48.0,16.01,2527.0,19.710704994307807,-155.29581897056408,32.956158536759304,2.9
2528,1990.0,11.0,21.0,2.0,3.0,41.88,2528.0,20.072981796052645,-155.52665773501863,39.65799968871228,2.6
2529,1990.0,11.0,21.0,23.0,43.0,42.9,2529.0,19.008436840466647,-155.76653187575204,11.413813267153069,2.5
2530,1990.0,11.0,26.0,9.0,58.0,30.56,2530.0,19.21181871442468,-155.365227747767,33.17918520617787,2.5
2531,1990.0,11.0,30.0,19.0,49.0,51.27,2531.0,19.304074734942617,-155.82305385453984,39.815000871803846,2.9
2532,1990.0,12.0,6.0,14.0,23.0,0.74,2532.0,19.736969776461294,-155.98579080818388,22.923672581409384,3.1
2533,1990.0,12.0,20.0,12.0,6.0,9.83,2533.0,19.959168027710724,-155.582484132255,43.31900621291588,2.5
2534,1990.0,12.0,28.0,10.0,37.0,21.34,2534.0,20.08366681329376,-155.76238843574671,2.3944150143553604,3.4
2535,1990.0,12.0,29.0,23.0,17.0,25.57,2535.0,19.47259088015817,-155.19221759461504,7.426858690505947,2.9
2536,1990.0,12.0,31.0,5.0,59.0,57.73,2536.0,19.48150020012173,-155.36849442824183,23.098052834078544,5.1
2537,1990.0,12.0,31.0,17.0,24.0,18.13,2537.0,19.27668767476496,-155.4488852367755,34.978967458890054,2.7
2538,1991.0,1.0,6.0,6.0,58.0,37.54,2538.0,20.077455659267244,-155.49295426263876,42.71933586890637,2.7
2539,1991.0,1.0,15.0,11.0,51.0,36.95,2539.0,19.443999502609564,-155.3864553001007,27.43795046612074,2.6
2540,1991.0,1.0,15.0,21.0,37.0,25.19,2540.0,19.38271817018075,-155.596273881873,19.062963839818124,3.2
2541,1991.0,1.0,26.0,22.0,13.0,21.72,2541.0,19.301450410077905,-155.15762588887983,27.032565780611627,3.1
2542,1991.0,1.0,30.0,12.0,9.0,25.05,2542.0,20.01001113155565,-155.32504257233057,2.802973808635102,3.6
2543,1991.0,1.0,31.0,13.0,9.0,28.58,2543.0,19.30492861125338,-155.58784489379914,43.98591115120984,2.5
2544,1991.0,1.0,31.0,22.0,56.0,45.62,2544.0,19.232553013216005,-155.66767828927516,4.274354663125987,2.7
2545,1991.0,2.0,2.0,21.0,18.0,19.75,2545.0,19.079079558130044,-155.67059463412232,7.25676463216438,2.5
2546,1991.0,2.0,8.0,22.0,54.0,16.07,2546.0,19.91439396626197,-155.16120436174853,3.3697697286208874,3.5
2547,1991.0,2.0,12.0,14.0,4.0,1.67,2547.0,19.641227518541854,-155.62636777757055,37.81864606113249,3.3
2548,1991.0,2.0,27.0,19.0,55.0,44.68,2548.0,19.397060851448373,-155.11037668371372,18.17319761115115,3.1
2549,1991.0,2.0,28.0,9.0,33.0,20.54,2549.0,19.72109848327663,-155.72782979159243,9.858042065202593,2.8
2550,1991.0,3.0,10.0,10.0,30.0,15.58,2550.0,19.17806007839498,-155.47128240906954,13.036951420972644,2.7
2551,1991.0,3.0,11.0,10.0,27.0,43.61,2551.0,19.386311741934627,-155.70638777864377,32.8400374108679,2.6
2552,1991.0,3.0,12.0,9.0,6.0,22.0,2552.0,19.64135017607573,-154.9713961621704,1.3741087391471698,3.9
2553,1991.0,3.0,19.0,14.0,53.0,29.56,2553.0,19.77957808878115,-155.16998182365418,9.41227667922496,2.7
2554,1991.0,3.0,27.0,1.0,4.0,16.79,2554.0,19.45189515604617,-155.88928170095514,12.423837159690446,2.6
2555,1991.0,3.0,27.0,4.0,55.0,10.75,2555.0,19.89812385014667,-155.14989339622528,19.2927471477002,2.6
2556,1991.0,4.0,2.0,5.0,33.0,1.63,2556.0,19.18131211803848,-155.8485312633547,29.335769443713342,2.5
2557,1991.0,4.0,3.0,7.0,25.0,38.11,2557.0,19.70233904391081,-155.46868927646753,5.89807514404119,2.8
2558,1991.0,4.0,3.0,20.0,10.0,34.11,2558.0,19.14048422764398,-155.56092440599525,42.66033207879717,2.5
2559,1991.0,4.0,4.0,3.0,2.0,4.19,2559.0,19.30341797753904,-155.72600918162107,19.74633879950681,2.6
2560,1991.0,4.0,4.0,8.0,42.0,43.79,2560.0,19.45759122508327,-155.3694336206236,10.590897401514416,2.6
2561,1991.0,4.0,4.0,20.0,43.0,16.7,2561.0,20.23215906386108,-155.83437562113306,18.008379397912815,2.7
2562,1991.0,4.0,5.0,2.0,55.0,32.02,2562.0,19.63665388370741,-155.96062884988038,7.602290218233085,4.2
2563,1991.0,4.0,7.0,2.0,34.0,6.23,2563.0,19.66054487250389,-155.20019648892557,42.87178300961611,2.5
2564,1991.0,4.0,8.0,14.0,39.0,31.81,2564.0,19.88772948316129,-155.45636999389626,13.97435365838128,3.7
2565,1991.0,4.0,10.0,12.0,50.0,44.62,2565.0,19.22562263592268,-155.35603112997123,10.026937926928388,2.8
2566,1991.0,4.0,12.0,3.0,50.0,31.32,2566.0,19.10061953290793,-155.8462499135894,33.99045237745571,3.1
2567,1991.0,4.0,15.0,11.0,53.0,46.56,2567.0,19.895235034347007,-155.14633619153747,43.76456480737636,2.7
2568,1991.0,4.0,17.0,5.0,16.0,11.02,2568.0,19.650472187622054,-155.09942440215812,12.398938195163264,2.9
2569,1991.0,4.0,20.0,5.0,28.0,11.66,2569.0,19.667767078671705,-155.65773586144044,41.77859645909781,2.5
2570,1991.0,4.0,20.0,12.0,47.0,51.76,2570.0,19.377265325718483,-155.86306134029752,14.004324397832113,3.3
2571,1991.0,4.0,24.0,8.0,12.0,10.2,2571.0,19.84492779806416,-155.81983638149697,21.30594449330213,3.0
2572,1991.0,4.0,28.0,18.0,10.0,21.67,2572.0,20.12620160573944,-155.68686926273324,15.249188655742616,2.6
2573,1991.0,4.0,29.0,0.0,47.0,6.52,2573.0,20.07530009610343,-155.47571348713453,43.577961075487536,2.9
2574,1991.0,5.0,8.0,3.0,52.0,44.46,2574.0,19.33169785199341,-155.02829876473427,6.436935424074189,2.7
2575,1991.0,5.0,20.0,13.0,38.0,11.83,2575.0,19.06109616539345,-155.68370458997217,12.295379240393862,3.0
2576,1991.0,5.0,31.0,17.0,5.0,6.52,2576.0,19.250054191432287,-155.2431803216963,37.62648442810415,2.5
2577,1991.0,6.0,4.0,3.0,53.0,25.63,2577.0,19.82015136640647,-155.88127063344868,18.721654831814565,2.6
2578,1991.0,6.0,9.0,6.0,44.0,18.67,2578.0,19.42006848906874,-155.7285075856161,41.21719495789625,2.7
2579,1991.0,6.0,12.0,23.0,39.0,42.49,2579.0,19.77716032242894,-155.35093559011014,28.17605829588649,2.6
2580,1991.0,6.0,15.0,0.0,42.0,30.57,2580.0,19.63662063371934,-155.24976917824583,23.16202231207934,2.8
2581,1991.0,6.0,16.0,0.0,0.0,57.03,2581.0,19.446669737863576,-155.63772153542058,38.06452581135526,2.6
2582,1991.0,6.0,24.0,19.0,23.0,48.12,2582.0,19.22867732855502,-155.50560700477948,13.036562118490153,3.2
2583,1991.0,6.0,29.0,12.0,39.0,22.05,2583.0,19.747641171406688,-155.76676249577528,1.2362269326501734,3.0
2584,1991.0,7.0,1.0,4.0,37.0,42.99,2584.0,19.44367133860941,-155.11509034674842,28.558561259546533,2.5
2585,1991.0,7.0,20.0,7.0,55.0,49.53,2585.0,19.182778016514952,-155.7564131836071,24.45812795393972,2.8
2586,1991.0,7.0,23.0,13.0,19.0,41.49,2586.0,19.54217038348872,-155.58309162923553,5.326699463098511,2.8
2587,1991.0,8.0,5.0,19.0,30.0,17.43,2587.0,19.57086224479077,-155.5559487299452,7.83243914090226,2.7
2588,1991.0,8.0,8.0,1.0,19.0,35.04,2588.0,19.433584180103296,-155.75871377897369,12.99020343722281,2.7
2589,1991.0,8.0,9.0,15.0,58.0,3.4,2589.0,19.464663507333093,-155.66747122365356,14.375842240022882,2.8
2590,1991.0,8.0,11.0,14.0,41.0,45.58,2590.0,19.557575409167534,-155.22198934444506,2.6689847515857945,2.6
2591,1991.0,8.0,18.0,1.0,33.0,19.58,2591.0,19.98339306474438,-155.6697988377955,6.475568959794357,2.8
2592,1991.0,8.0,18.0,13.0,41.0,40.02,2592.0,19.52867083689798,-154.85768546563688,4.567114402594806,2.7
2593,1991.0,8.0,24.0,11.0,0.0,49.52,2593.0,19.83576123142136,-155.65917211860983,24.371541403086415,3.1
2594,1991.0,8.0,25.0,3.0,32.0,16.45,2594.0,19.799045337960443,-155.27806245738722,36.58439878264072,2.5
2595,1991.0,8.0,30.0,1.0,42.0,8.99,2595.0,20.042146867835463,-155.44847637440714,23.252369800983093,3.0
2596,1991.0,8.0,30.0,15.0,5.0,25.06,2596.0,19.504572440119844,-155.53065555687655,41.17132103281166,2.8
2597,1991.0,9.0,10.0,1.0,40.0,0.01,2597.0,19.611134791825044,-155.04434018745258,5.152297611026618,2.5
2598,1991.0,10.0,4.0,0.0,41.0,25.93,2598.0,19.60117849571981,-155.8156065043015,35.726844187503765,2.9
2599,1991.0,10.0,9.0,14.0,44.0,56.95,2599.0,19.95563095906152,-155.29175757765415,10.936015253184236,2.6
2600,1991.0,10.0,18.0,11.0,12.0,29.45,2600.0,19.45766529635193,-155.74655503461972,29.47367876186538,2.6
2601,1991.0,10.0,29.0,12.0,42.0,51.75,2601.0,19.41276724669561,-155.70620693655405,35.69375078926213,4.0
2602,1991.0,11.0,6.0,15.0,42.0,38.76,2602.0,19.58620710489219,-155.94966712367432,12.000732838066831,3.3
2603,1991.0,11.0,6.0,20.0,43.0,41.85,2603.0,19.50792086797464,-155.8047603626453,23.607623040076,3.3
2604,1991.0,11.0,8.0,16.0,27.0,11.26,2604.0,19.80540828342589,-155.97279008358274,22.42137613106829,4.2
2605,1991.0,11.0,15.0,0.0,47.0,24.68,2605.0,19.106923424361884,-155.74316593350733,5.093531511910261,2.8
2606,1991.0,11.0,26.0,20.0,52.0,16.77,2606.0,19.445756820742684,-155.3529291337812,5.937994616707156,2.7
2607,1991.0,12.0,2.0,10.0,51.0,26.86,2607.0,19.422197403369736,-155.89620890589734,29.38079950784721,2.7
2608,1991.0,12.0,2.0,20.0,16.0,34.14,2608.0,19.44037109989797,-155.77227404267472,26.5655945567501,2.8
2609,1991.0,12.0,8.0,19.0,47.0,32.27,2609.0,19.429170189478526,-155.34687114064096,12.686407108982891,2.5
2610,1991.0,12.0,9.0,16.0,14.0,19.9,2610.0,19.901000882581112,-155.80491276457803,17.943123151197057,3.0
2611,1991.0,12.0,10.0,19.0,47.0,33.94,2611.0,19.68499354641424,-155.40332896412252,27.58380907776784,3.2
2612,1991.0,12.0,23.0,0.0,23.0,47.1,2612.0,19.61354398879441,-155.5180856597024,29.43382303369664,3.5
2613,1991.0,12.0,28.0,0.0,21.0,35.43,2613.0,19.480945019655405,-155.44002172281884,3.2232971550472747,2.5
2614,1992.0,1.0,3.0,9.0,55.0,17.0,2614.0,19.410547650422423,-154.95773632322866,4.546793307038653,2.5
2615,1992.0,1.0,10.0,8.0,57.0,56.06,2615.0,19.349176237620096,-155.0783899758533,20.021606897751216,2.8
2616,1992.0,1.0,27.0,10.0,14.0,12.34,2616.0,19.604347700573577,-155.500453103782,8.415770694100782,2.6
2617,1992.0,1.0,31.0,9.0,21.0,35.75,2617.0,20.223597821340405,-155.87070376121295,24.81497560397745,3.2
2618,1992.0,2.0,1.0,4.0,41.0,16.76,2618.0,19.000330720312345,-155.73899693988946,22.619498624273508,3.2
2619,1992.0,2.0,8.0,5.0,59.0,47.96,2619.0,19.4133278858766,-155.57031383728005,9.0683633363291,2.9
2620,1992.0,2.0,11.0,5.0,32.0,17.58,2620.0,19.19149299618005,-155.8633485721263,37.83688698468844,2.9
2621,1992.0,2.0,13.0,2.0,51.0,5.97,2621.0,19.043136037030088,-155.76494767823402,14.089638255889184,2.5
2622,1992.0,2.0,14.0,6.0,9.0,59.16,2622.0,19.2456357608306,-155.67203485371735,40.36352710646767,2.9
2623,1992.0,2.0,16.0,6.0,33.0,22.86,2623.0,19.23966274753001,-155.65222477006418,34.710282745415824,2.7
2624,1992.0,2.0,16.0,21.0,0.0,30.17,2624.0,19.553785516114388,-155.9317000894231,21.13456187708113,2.7
2625,1992.0,2.0,27.0,22.0,52.0,21.77,2625.0,19.821169044576653,-155.5567164349475,6.8364519221959705,2.6
2626,1992.0,3.0,5.0,12.0,25.0,25.8,2626.0,19.72621567742508,-155.607328468098,8.084665486446328,2.6
2627,1992.0,3.0,7.0,18.0,6.0,44.79,2627.0,19.638091715548537,-155.38694699825717,28.51812186419357,2.8
2628,1992.0,3.0,7.0,21.0,16.0,57.57,2628.0,19.86118910345921,-155.86930557836902,23.19913664197326,2.7
2629,1992.0,4.0,4.0,15.0,24.0,50.37,2629.0,19.52568747567716,-155.89917608768724,3.741536354256494,2.5
2630,1992.0,4.0,15.0,19.0,35.0,17.78,2630.0,19.878211414632663,-155.7521267007231,18.36199513860892,2.7
2631,1992.0,4.0,20.0,15.0,41.0,11.73,2631.0,19.498458314076693,-155.80346614893006,12.265033376933314,2.5
2632,1992.0,4.0,22.0,19.0,26.0,9.79,2632.0,19.38898109305947,-155.63097952773066,34.46386651508929,3.5
2633,1992.0,4.0,28.0,16.0,18.0,46.29,2633.0,19.494715384064843,-155.15529856734116,18.97224801364255,2.7
2634,1992.0,5.0,13.0,16.0,37.0,7.83,2634.0,19.13688827071373,-155.51584090526288,38.595250708782295,4.1
2635,1992.0,5.0,21.0,19.0,49.0,20.13,2635.0,19.79248471036784,-155.22922710187277,24.81697767885333,3.2
2636,1992.0,5.0,22.0,21.0,27.0,49.99,2636.0,19.981602507660952,-155.744074976808,23.40085956691223,3.4
2637,1992.0,5.0,27.0,17.0,51.0,37.98,2637.0,19.94382082945807,-155.87426591707293,33.86142188111187,2.9
2638,1992.0,5.0,30.0,4.0,10.0,24.0,2638.0,19.622495609299257,-155.03533831554816,17.182775258278244,2.7
2639,1992.0,6.0,1.0,9.0,11.0,14.61,2639.0,19.402281694190474,-155.55620372888137,40.98991756211524,2.5
2640,1992.0,6.0,3.0,12.0,41.0,19.0,2640.0,19.78710208618134,-155.63109864071237,37.228603923778735,2.6
2641,1992.0,6.0,5.0,12.0,38.0,33.45,2641.0,19.262621437776072,-155.36623190985603,28.35793364310724,2.9
2642,1992.0,6.0,14.0,15.0,22.0,26.0,2642.0,19.09433560294506,-155.78861030277196,16.317281450528508,2.5
2643,1992.0,6.0,15.0,2.0,6.0,37.39,2643.0,19.79251235931569,-155.169196002131,1.753140194160593,2.5
2644,1992.0,6.0,16.0,0.0,16.0,22.98,2644.0,19.377524657319498,-155.5717023897852,26.595229924559163,2.6
2645,1992.0,6.0,16.0,5.0,15.0,8.51,2645.0,19.14542429766931,-155.64789204832303,34.882943053542576,2.5
2646,1992.0,6.0,25.0,19.0,11.0,16.11,2646.0,19.86492640972671,-155.43960351043606,26.83888918379569,2.8
2647,1992.0,6.0,28.0,17.0,36.0,38.69,2647.0,19.706750751838925,-155.9423458992307,42.90414868347618,2.6
2648,1992.0,7.0,2.0,0.0,41.0,26.78,2648.0,19.18201994447132,-155.8734940319407,21.693292154946533,2.6
2649,1992.0,7.0,5.0,15.0,48.0,6.48,2649.0,19.943741960071662,-155.57995215021046,39.59186406639504,3.0
2650,1992.0,7.0,18.0,20.0,46.0,58.65,2650.0,19.52888368637628,-155.67886149658315,4.571929190168055,3.3
2651,1992.0,7.0,24.0,7.0,39.0,22.94,2651.0,19.62880150058448,-155.82262166601075,32.18536203309696,2.9
2652,1992.0,7.0,26.0,12.0,51.0,40.6,2652.0,19.54959813488487,-155.128049034987,22.76955620248631,2.6
2653,1992.0,8.0,9.0,0.0,25.0,3.89,2653.0,19.949829432307386,-155.69701866341973,23.22969125883097,2.7
2654,1992.0,8.0,12.0,21.0,4.0,40.66,2654.0,19.418806483073617,-155.14707806387224,37.98110058260417,2.6
2655,1992.0,8.0,19.0,1.0,11.0,22.26,2655.0,19.41946216264958,-155.1565819319077,34.14808144090196,2.5
2656,1992.0,8.0,19.0,20.0,17.0,55.3,2656.0,19.53237983336758,-155.31707668760592,25.02484235941377,2.6
2657,1992.0,8.0,20.0,14.0,34.0,53.56,2657.0,19.41371040563488,-155.81150667830676,31.229327764315872,2.6
2658,1992.0,9.0,6.0,20.0,55.0,36.93,2658.0,20.23734703645123,-155.86888178050788,41.81196245005855,2.8
2659,1992.0,9.0,7.0,13.0,56.0,32.55,2659.0,19.17027558465353,-155.74676419328793,18.99521650139508,4.3
2660,1992.0,9.0,8.0,0.0,52.0,51.15,2660.0,19.27337963529241,-155.35826017913092,43.31387667723199,3.0
2661,1992.0,9.0,8.0,3.0,30.0,52.19,2661.0,19.560922563295385,-155.15410664892605,24.453664106317127,2.5
2662,1992.0,9.0,8.0,7.0,51.0,53.23,2662.0,19.942685880501266,-155.48118152524938,27.80530861827443,2.7
2663,1992.0,9.0,18.0,8.0,41.0,58.82,2663.0,19.247884332529253,-155.6975328413945,13.9224192020429,3.0
2664,1992.0,9.0,21.0,9.0,1.0,42.54,2664.0,19.59749685315303,-155.0375779263056,25.39958917112275,2.7
2665,1992.0,10.0,5.0,9.0,37.0,45.52,2665.0,19.357241027398643,-155.395524040191,43.55018230058289,3.5
2666,1992.0,10.0,7.0,10.0,19.0,21.98,2666.0,19.618979986656107,-155.40960957145532,19.786776942089908,3.1
2667,1992.0,10.0,14.0,7.0,38.0,14.99,2667.0,19.73062786901482,-155.88856623896496,13.410611943062012,3.1
2668,1992.0,10.0,19.0,5.0,38.0,43.28,2668.0,20.012495235196404,-155.56891359520054,42.66966683041039,2.6
2669,1992.0,10.0,25.0,19.0,22.0,44.32,2669.0,19.96017700739924,-155.52735124517574,44.9908468737008,2.7
2670,1992.0,11.0,1.0,9.0,46.0,13.6,2670.0,19.254558999744024,-155.7973691391385,9.303847774702623,2.6
2671,1992.0,11.0,4.0,10.0,9.0,18.89,2671.0,19.875023831390767,-155.53919902369938,41.00348003352559,3.4
2672,1992.0,11.0,4.0,13.0,6.0,12.98,2672.0,19.68306202097711,-155.008205302903,26.53172435786211,2.5
2673,1992.0,11.0,5.0,14.0,34.0,40.54,2673.0,19.256023099595847,-155.49647323699332,24.588577200261263,2.5
2674,1992.0,11.0,8.0,13.0,1.0,10.61,2674.0,20.034401668561507,-155.3235382175728,38.54643229107817,3.1
2675,1992.0,11.0,12.0,8.0,27.0,46.01,2675.0,19.88084306988436,-155.57673919948647,3.927104462819697,2.6
2676,1992.0,11.0,13.0,17.0,26.0,14.91,2676.0,19.64977817016964,-155.14185158377737,7.873191293849549,2.5
2677,1992.0,11.0,20.0,14.0,40.0,33.42,2677.0,20.049581893958464,-155.6160168438985,41.013301807674544,2.5
2678,1992.0,11.0,20.0,23.0,52.0,25.8,2678.0,19.037080849044568,-155.57451758792772,32.67633984598504,2.5
2679,1992.0,11.0,24.0,22.0,30.0,41.81,2679.0,19.798169217250013,-155.96672214627844,15.168132907191383,2.6
2680,1992.0,12.0,11.0,19.0,52.0,31.97,2680.0,19.581647573280755,-155.25399143006388,40.76053192114742,2.6
2681,1992.0,12.0,17.0,6.0,3.0,13.1,2681.0,19.6738069516338,-155.5697204768135,41.63789158811833,3.4
2682,1992.0,12.0,21.0,19.0,48.0,34.38,2682.0,19.359897402004727,-155.60982635736735,22.837717607259552,3.0
2683,1992.0,12.0,22.0,7.0,57.0,27.11,2683.0,19.78599248348525,-155.180024314734,22.81464440025865,2.7
2684,1992.0,12.0,22.0,10.0,54.0,54.14,2684.0,19.684737773328813,-155.2315702980079,29.96026546009777,2.6
2685,1992.0,12.0,23.0,23.0,6.0,35.12,2685.0,19.76402364851517,-155.6814649571064,44.39155145269624,2.7
2686,1992.0,12.0,25.0,6.0,12.0,59.05,2686.0,20.0618982833438,-155.4695583258497,16.747548302693318,3.3
2687,1993.0,1.0,22.0,3.0,27.0,45.85,2687.0,20.011773737117988,-155.46381483693943,15.646861211129082,2.9
2688,1993.0,1.0,24.0,21.0,21.0,56.78,2688.0,19.01987277533093,-155.62528227817796,43.11334216146764,2.6
2689,1993.0,1.0,26.0,6.0,22.0,23.9,2689.0,19.46376714398276,-155.60725505142827,5.671886754959781,2.9
2690,1993.0,1.0,29.0,19.0,16.0,59.17,2690.0,19.99734141211226,-155.79906663566217,33.09164537608536,2.5
2691,1993.0,2.0,10.0,19.0,18.0,11.19,2691.0,19.85138430682276,-155.4242865632173,4.662152369231313,2.7
2692,1993.0,2.0,16.0,4.0,45.0,32.91,2692.0,19.834664722491105,-155.82400789183387,41.38293806579341,2.5
2693,1993.0,2.0,17.0,1.0,33.0,35.99,2693.0,20.1396807819456,-155.71164402097585,7.473223642939084,2.5
2694,1993.0,2.0,25.0,9.0,43.0,40.16,2694.0,19.841951301036865,-155.88609600842227,9.178143701591708,3.2
2695,1993.0,3.0,8.0,12.0,51.0,56.9,2695.0,19.58803922686599,-155.51145200195188,17.95770236895439,3.2
2696,1993.0,3.0,22.0,5.0,50.0,23.2,2696.0,19.867759181001755,-155.89171156074002,26.823482500322477,3.1
2697,1993.0,3.0,25.0,21.0,39.0,24.59,2697.0,19.41813202182741,-155.62600258292665,39.83954908396553,2.7
2698,1993.0,3.0,26.0,19.0,3.0,16.36,2698.0,19.616179874095675,-155.9059875619228,19.31956729100552,2.6
2699,1993.0,4.0,5.0,4.0,46.0,17.05,2699.0,19.54264003385953,-155.86649744699622,39.01705364540928,2.7
2700,1993.0,4.0,6.0,10.0,35.0,43.42,2700.0,19.271589263007705,-155.58045010725766,28.25455038772865,2.5
2701,1993.0,4.0,8.0,12.0,51.0,0.59,2701.0,19.80939466598054,-155.37172485001764,40.43194950095282,2.5
2702,1993.0,4.0,9.0,8.0,1.0,46.22,2702.0,19.40637827157738,-155.41722816972535,11.385288854220736,2.5
2703,1993.0,4.0,10.0,10.0,29.0,44.67,2703.0,19.721270341620503,-155.06261760341843,24.34858884871402,2.6
2704,1993.0,4.0,10.0,22.0,21.0,19.87,2704.0,19.635210084927344,-155.31947317410723,17.505862450234204,2.5
2705,1993.0,4.0,13.0,21.0,35.0,35.22,2705.0,20.16715244404109,-155.722345148796,9.443693615795285,2.5
2706,1993.0,4.0,16.0,11.0,54.0,14.67,2706.0,19.72319303565469,-155.2307338110342,21.41730950794413,2.9
2707,1993.0,4.0,19.0,19.0,28.0,30.69,2707.0,19.9392819773859,-155.4898391065113,13.98197784018202,2.6
2708,1993.0,4.0,21.0,10.0,18.0,17.51,2708.0,19.882323831176624,-155.6223633275443,12.118822168023064,2.8
2709,1993.0,4.0,26.0,19.0,4.0,49.46,2709.0,19.331196529525428,-155.81243170405614,12.364078369925169,3.1
2710,1993.0,4.0,27.0,20.0,42.0,5.69,2710.0,20.18037435951173,-155.74315096246036,34.33931654450694,2.8
2711,1993.0,5.0,3.0,7.0,55.0,41.18,2711.0,19.59557499487472,-154.9602070225233,41.42002658296396,2.7
2712,1993.0,5.0,28.0,15.0,18.0,52.86,2712.0,19.74475578332774,-155.29325320256092,12.60325893675693,2.5
2713,1993.0,6.0,3.0,17.0,36.0,3.62,2713.0,19.425568521235338,-155.76444259573006,15.803558806569118,3.3
2714,1993.0,6.0,4.0,14.0,47.0,37.01,2714.0,19.47487809374131,-155.90194810157465,27.137867734454424,2.9
2715,1993.0,6.0,13.0,8.0,30.0,46.49,2715.0,19.919121524506306,-155.85730412197975,9.97238989437338,2.5
2716,1993.0,6.0,17.0,2.0,47.0,25.98,2716.0,19.249379976107424,-155.62960754001207,6.517447007738686,2.7
2717,1993.0,6.0,19.0,20.0,39.0,15.06,2717.0,19.322991632972847,-155.55327182297694,44.246932410997424,2.6
2718,1993.0,6.0,21.0,17.0,43.0,54.74,2718.0,19.35260436434013,-155.78441857585773,14.78027691223827,2.7
2719,1993.0,6.0,22.0,2.0,41.0,20.38,2719.0,19.00052925602036,-155.72978288027062,13.598527332690551,3.2
2720,1993.0,7.0,5.0,9.0,45.0,43.67,2720.0,19.58807095249355,-155.1039331284567,13.780861294000315,2.9
2721,1993.0,7.0,16.0,8.0,27.0,14.77,2721.0,19.938402566748,-155.77423063744536,4.475641448031812,3.5
2722,1993.0,7.0,21.0,14.0,29.0,14.39,2722.0,19.17513278551199,-155.46091047962975,14.706108985275613,2.7
2723,1993.0,7.0,25.0,21.0,28.0,48.45,2723.0,19.972051399125,-155.5020269859506,43.05036049016408,3.5
2724,1993.0,7.0,28.0,23.0,20.0,18.84,2724.0,19.571279605353368,-155.75144188158367,19.529933024173307,2.6
2725,1993.0,8.0,3.0,5.0,45.0,3.71,2725.0,20.199244052497427,-155.73673155077427,9.375268592709562,2.8
2726,1993.0,8.0,10.0,5.0,22.0,33.87,2726.0,19.18070973021014,-155.82533805031198,4.713392443252239,2.7
2727,1993.0,8.0,14.0,0.0,3.0,41.42,2727.0,19.47589556492841,-155.5698607485872,27.34574860691044,2.5
2728,1993.0,8.0,20.0,16.0,46.0,35.2,2728.0,19.53524396651664,-154.93453905898758,2.2612235267096583,2.7
2729,1993.0,8.0,24.0,15.0,27.0,10.29,2729.0,19.37891288973425,-155.7945077638854,34.24097043509838,2.6
2730,1993.0,8.0,27.0,9.0,9.0,54.07,2730.0,20.01694850984133,-155.520601088035,5.2075893104131925,2.8
2731,1993.0,8.0,29.0,4.0,35.0,18.41,2731.0,19.26513958175292,-155.39024391585411,6.572740453950182,2.6
2732,1993.0,8.0,29.0,19.0,58.0,4.82,2732.0,19.43397468120666,-155.73519540455882,4.4006944159646135,3.3
2733,1993.0,9.0,3.0,8.0,8.0,37.23,2733.0,19.55593879306065,-155.27810952757173,31.007440435942684,3.0
2734,1993.0,9.0,13.0,20.0,21.0,40.89,2734.0,19.37472534323462,-154.97885452414442,23.520884092988087,3.1
2735,1993.0,9.0,14.0,1.0,4.0,56.02,2735.0,19.74473276311428,-155.97015602312774,43.08064738017541,2.6
2736,1993.0,9.0,17.0,0.0,32.0,48.36,2736.0,19.863956481434883,-155.93516100505647,39.78804304335544,3.4
2737,1993.0,9.0,18.0,8.0,39.0,24.37,2737.0,19.63817787141685,-155.46759294460082,5.516868561243914,2.6
2738,1993.0,9.0,23.0,11.0,22.0,29.28,2738.0,19.25033984411248,-155.54247204836622,29.169493396323915,2.6
2739,1993.0,10.0,7.0,14.0,30.0,19.77,2739.0,19.634249368645,-155.48871301631277,22.12828992503762,3.3
2740,1993.0,10.0,8.0,2.0,45.0,5.28,2740.0,20.042282951664248,-155.40641279761704,35.576431540206485,3.7
2741,1993.0,10.0,10.0,9.0,45.0,28.87,2741.0,19.44100366304773,-155.25337158230712,14.660927278093082,2.9
2742,1993.0,10.0,13.0,0.0,18.0,56.07,2742.0,19.48129280879404,-155.8197165917609,34.74667598508094,2.5
2743,1993.0,10.0,20.0,9.0,26.0,16.91,2743.0,19.61936502226581,-155.19738376082978,35.90626511199568,3.1
2744,1993.0,10.0,21.0,4.0,36.0,22.34,2744.0,19.03452453284805,-155.73430044110592,28.99517454912696,3.0
2745,1993.0,10.0,24.0,5.0,22.0,50.38,2745.0,19.377031815458327,-155.64444877589915,11.178456782141884,2.6
2746,1993.0,10.0,26.0,1.0,31.0,31.77,2746.0,19.557612272451063,-155.4389024431842,29.014346529065584,3.3
2747,1993.0,10.0,27.0,18.0,31.0,50.34,2747.0,20.038894589403885,-155.349205097022,35.714807238508904,3.3
2748,1993.0,10.0,28.0,19.0,59.0,48.41,2748.0,19.84388442563612,-155.66953445545718,21.3498425079702,2.9
2749,1993.0,10.0,29.0,18.0,27.0,27.89,2749.0,19.82697597212705,-155.47066347610155,23.729008096459246,3.2
2750,1993.0,10.0,31.0,8.0,6.0,49.54,2750.0,19.478101402304137,-155.64798012337633,10.148428641344324,3.9
2751,1993.0,11.0,4.0,19.0,45.0,26.4,2751.0,19.418022548992614,-155.89077680993236,32.442737581077935,2.6
2752,1993.0,11.0,13.0,10.0,25.0,38.8,2752.0,19.45884837238361,-155.92429321017056,41.31757034431228,2.5
2753,1993.0,11.0,13.0,17.0,44.0,52.14,2753.0,19.3083818726533,-155.78090022869029,17.64019985669575,2.5
2754,1993.0,11.0,16.0,7.0,59.0,50.89,2754.0,19.69320521571519,-155.355347096193,27.600891862426085,3.9
2755,1993.0,11.0,21.0,11.0,42.0,13.92,2755.0,19.91001155412181,-155.7600047236127,28.773530982144752,3.4
2756,1993.0,11.0,24.0,18.0,40.0,14.23,2756.0,20.201274803107165,-155.8433024254659,38.40101485553769,3.1
2757,1993.0,11.0,29.0,11.0,46.0,37.82,2757.0,19.937863556801087,-155.726462295594,32.68983649634587,2.6
2758,1993.0,11.0,29.0,16.0,7.0,0.67,2758.0,19.68178261232566,-155.20943709266098,22.313416919015687,3.2
2759,1993.0,12.0,14.0,0.0,55.0,7.64,2759.0,20.04853675099074,-155.70632332165516,3.537780880473064,2.8
2760,1993.0,12.0,19.0,0.0,2.0,58.29,2760.0,19.85411625659296,-155.85436196122123,27.431736473109424,3.0
2761,1993.0,12.0,21.0,11.0,45.0,52.7,2761.0,20.06376748807462,-155.83447784126082,3.47976057258061,3.2
2762,1993.0,12.0,23.0,7.0,26.0,19.85,2762.0,19.781050743203327,-155.83564616380514,15.438955899723403,2.8
2763,1993.0,12.0,26.0,17.0,24.0,5.16,2763.0,19.60416170544189,-155.71847502959162,15.1433070087511,4.4
2764,1994.0,1.0,3.0,2.0,59.0,51.02,2764.0,19.538469251572085,-155.0380917481053,26.565276982637982,2.7
2765,1994.0,1.0,4.0,19.0,52.0,22.17,2765.0,19.727464752564497,-155.69413049529817,16.398324470289495,2.8
2766,1994.0,1.0,9.0,13.0,42.0,3.61,2766.0,19.408286492057485,-155.23982364544088,13.564888829178082,2.5
2767,1994.0,1.0,15.0,8.0,18.0,2.6,2767.0,19.85933823198252,-155.22173816982652,8.285889624101255,3.4
2768,1994.0,1.0,17.0,14.0,25.0,47.54,2768.0,19.573725111087853,-155.84080699942902,6.096646949351999,2.9
2769,1994.0,1.0,18.0,14.0,57.0,47.48,2769.0,19.670650422502217,-155.34827708715397,22.93115036840533,2.6
2770,1994.0,1.0,20.0,2.0,54.0,33.8,2770.0,19.70331745601825,-155.2106827303664,25.07530890458431,2.7
2771,1994.0,1.0,20.0,12.0,14.0,4.97,2771.0,19.9645324753619,-155.19624227643556,22.398891602077683,2.5
2772,1994.0,1.0,21.0,23.0,14.0,38.14,2772.0,19.381196130835004,-155.31891405152425,3.7273585473680817,2.7
2773,1994.0,1.0,28.0,7.0,24.0,52.0,2773.0,19.748657323092107,-155.97623551869242,8.370943040088793,2.5
2774,1994.0,2.0,5.0,15.0,1.0,30.83,2774.0,19.21766937732045,-155.37075353108654,9.924897999952387,3.0
2775,1994.0,2.0,16.0,16.0,24.0,39.39,2775.0,19.830022703744746,-155.7387888898207,21.478439111439585,3.2
2776,1994.0,2.0,23.0,13.0,54.0,30.38,2776.0,19.68998459867045,-155.71223795493793,35.56456558466686,2.5
2777,1994.0,3.0,8.0,7.0,4.0,12.09,2777.0,19.498679672671347,-154.9006055419473,1.0826687835735531,2.7
2778,1994.0,3.0,18.0,23.0,44.0,5.75,2778.0,19.2049169557198,-155.52129110944026,15.9669271503534,2.6
2779,1994.0,4.0,2.0,8.0,33.0,57.04,2779.0,19.78945287335821,-155.3950564860994,6.926585135831283,3.2
2780,1994.0,4.0,5.0,2.0,26.0,23.86,2780.0,19.76281707463508,-155.68948254631908,38.49668562426406,3.5
2781,1994.0,4.0,6.0,19.0,26.0,52.01,2781.0,19.21949162894303,-155.8258613597024,12.169283171553284,2.8
2782,1994.0,4.0,15.0,15.0,43.0,53.91,2782.0,19.675500138119595,-155.87702570058812,41.84925533943546,2.6
2783,1994.0,4.0,19.0,6.0,5.0,10.52,2783.0,19.68915534879877,-155.0767139433412,3.0226605581148496,2.7
2784,1994.0,4.0,23.0,20.0,33.0,39.93,2784.0,19.50413550727547,-155.9127616969171,4.07725947878036,3.3
2785,1994.0,4.0,26.0,11.0,14.0,8.34,2785.0,19.543103449968573,-155.8160680726258,36.833072985915805,2.5
2786,1994.0,4.0,28.0,10.0,40.0,7.94,2786.0,19.54434135344105,-155.0224243830327,16.24683550706068,4.3
2787,1994.0,4.0,29.0,8.0,40.0,9.46,2787.0,19.885118868246103,-155.6523753462681,3.3384250979147816,2.5
2788,1994.0,5.0,4.0,4.0,4.0,28.16,2788.0,19.604669504575035,-155.76432205251768,20.191919944452977,2.6
2789,1994.0,5.0,6.0,6.0,51.0,2.28,2789.0,19.963513651924536,-155.4450274677934,31.7623647948386,2.9
2790,1994.0,5.0,9.0,11.0,55.0,39.18,2790.0,19.241804791439066,-155.66856216349734,35.73635655228196,3.2
2791,1994.0,5.0,13.0,22.0,20.0,55.98,2791.0,19.90538161799341,-155.21651278263764,41.98079520440732,2.5
2792,1994.0,5.0,21.0,3.0,15.0,54.82,2792.0,19.508906095570627,-155.74255163535815,23.64262449343969,2.7
2793,1994.0,5.0,22.0,19.0,4.0,16.92,2793.0,19.80644836041856,-155.7485592776553,16.556259114030397,2.8
2794,1994.0,5.0,26.0,0.0,56.0,35.64,2794.0,19.277018893749663,-155.3377474946169,33.577859233398,3.2
2795,1994.0,6.0,9.0,8.0,29.0,4.7,2795.0,19.69480525007674,-155.35986932906926,10.564420469057286,3.0
2796,1994.0,6.0,21.0,1.0,38.0,9.02,2796.0,19.897177967985733,-155.64609011843297,41.263012455077714,2.8
2797,1994.0,6.0,23.0,13.0,10.0,16.44,2797.0,19.395929621111712,-155.03329957725583,4.005947479213827,2.8
2798,1994.0,7.0,4.0,18.0,16.0,16.07,2798.0,19.72691053044215,-155.84184219519304,18.268543772154796,3.1
2799,1994.0,7.0,7.0,9.0,39.0,26.41,2799.0,19.536191378503688,-155.30248163034275,43.82406172680808,2.5
2800,1994.0,7.0,11.0,12.0,42.0,3.19,2800.0,20.04308305697974,-155.35795388056508,33.25498188508376,4.9
2801,1994.0,7.0,12.0,9.0,34.0,3.63,2801.0,19.27727684009478,-155.71085207699343,1.0055493201561343,3.5
2802,1994.0,7.0,14.0,12.0,23.0,20.32,2802.0,19.5172632310628,-155.25535330706697,21.45228120563643,3.8
2803,1994.0,7.0,17.0,20.0,47.0,28.57,2803.0,19.29199555948183,-155.85202687296947,28.556717568495092,2.7
2804,1994.0,7.0,21.0,11.0,0.0,9.1,2804.0,19.751450512672665,-155.52504139351896,32.70339638569884,2.5
2805,1994.0,7.0,28.0,5.0,6.0,34.77,2805.0,19.573353369077225,-155.11746380146835,16.490629529382904,2.6
2806,1994.0,7.0,29.0,0.0,45.0,19.5,2806.0,20.102196890501784,-155.4863396335512,38.08005076423435,2.5
2807,1994.0,8.0,5.0,7.0,4.0,36.48,2807.0,19.071845581209843,-155.8341279251366,5.639832627699949,2.8
2808,1994.0,8.0,5.0,14.0,10.0,49.88,2808.0,19.15207988504504,-155.90367967425126,7.902799654128832,3.2
2809,1994.0,8.0,11.0,12.0,3.0,34.66,2809.0,19.59144625873528,-155.157707204195,14.60907184159712,3.1
2810,1994.0,8.0,15.0,3.0,39.0,16.37,2810.0,19.31129949010037,-155.80134174442207,38.06918231363719,2.5
2811,1994.0,8.0,16.0,18.0,33.0,48.52,2811.0,19.33189202189644,-155.306038628322,22.12876665275016,2.6
2812,1994.0,8.0,19.0,7.0,45.0,13.2,2812.0,19.54170878352496,-155.81516217980428,20.941497365397257,2.7
2813,1994.0,8.0,24.0,13.0,53.0,17.25,2813.0,19.402348658476285,-155.782715937938,41.15043425969632,2.6
2814,1994.0,8.0,29.0,22.0,46.0,56.12,2814.0,20.06268663804787,-155.46038184730628,10.801724302039467,4.0
2815,1994.0,9.0,1.0,20.0,42.0,25.91,2815.0,19.73901623427632,-155.99823954013445,10.36163273643974,2.5
2816,1994.0,9.0,3.0,6.0,37.0,33.62,2816.0,19.81572677353507,-155.54264888903154,31.204168021849327,2.9
2817,1994.0,9.0,8.0,1.0,27.0,33.63,2817.0,19.55959602121908,-154.89343751718093,33.149182510665895,2.7
2818,1994.0,9.0,9.0,10.0,28.0,9.55,2818.0,19.82615872127095,-155.6976295265699,41.94960283711471,2.9
2819,1994.0,9.0,10.0,18.0,48.0,17.76,2819.0,19.36060222823228,-155.0451478079453,20.306522054054568,4.0
2820,1994.0,9.0,12.0,13.0,26.0,9.32,2820.0,19.539235771589293,-155.66454173342385,5.895301562187084,2.7
2821,1994.0,9.0,27.0,20.0,19.0,19.9,2821.0,19.9005713895834,-155.35277573911654,44.35855821520268,3.9
2822,1994.0,9.0,29.0,1.0,2.0,4.06,2822.0,19.349947966323416,-155.79445520523834,12.316886866658267,3.2
2823,1994.0,9.0,30.0,17.0,10.0,53.61,2823.0,19.6449617281928,-155.09569826445286,16.619969472655164,2.5
2824,1994.0,9.0,30.0,20.0,2.0,21.17,2824.0,19.678973966106767,-155.3362777635996,12.984192314188933,3.5
2825,1994.0,10.0,3.0,12.0,42.0,29.25,2825.0,19.50762594465644,-155.24814911114342,6.050340712460375,2.9
2826,1994.0,10.0,20.0,5.0,4.0,45.05,2826.0,19.72868291663512,-155.74744424651914,4.761741416805407,2.7
2827,1994.0,10.0,24.0,18.0,5.0,16.37,2827.0,19.537569221017275,-155.3122686876039,9.676737852758126,2.5
2828,1994.0,10.0,24.0,20.0,56.0,6.98,2828.0,19.61720427738405,-155.61382408220675,43.22022386642016,2.5
2829,1994.0,10.0,27.0,7.0,50.0,19.57,2829.0,19.165222311047646,-155.864337119117,16.78806920718162,2.5
2830,1994.0,10.0,31.0,14.0,36.0,44.58,2830.0,19.789763336297447,-155.5817681790455,33.557312146128425,2.8
2831,1994.0,11.0,11.0,3.0,49.0,18.08,2831.0,19.38874480400115,-155.83730213438622,32.50614443132275,2.7
2832,1994.0,11.0,13.0,5.0,19.0,29.5,2832.0,19.90673528400277,-155.3843801071027,20.81319719698395,2.5
2833,1994.0,12.0,11.0,16.0,52.0,14.92,2833.0,19.68042660738528,-155.63419483886722,23.110109963570785,2.9
2834,1994.0,12.0,15.0,9.0,15.0,34.33,2834.0,19.95510404901579,-155.79880318181125,27.499046320096543,2.8
2835,1994.0,12.0,17.0,17.0,17.0,39.98,2835.0,19.6331682916142,-155.77727452827963,29.353183260570724,2.5
2836,1994.0,12.0,18.0,23.0,58.0,33.09,2836.0,19.40191028228261,-155.2656715637353,36.554956249522,3.0
2837,1994.0,12.0,21.0,13.0,25.0,16.73,2837.0,19.56067701156208,-155.9182663939335,5.749745111048592,2.6
2838,1994.0,12.0,22.0,21.0,36.0,19.18,2838.0,18.951030459081736,-155.69191157596578,27.81100213881252,2.8
2839,1994.0,12.0,26.0,16.0,46.0,36.07,2839.0,19.256775395412625,-155.75679215849556,27.03404915130523,3.1
2840,1994.0,12.0,27.0,12.0,6.0,48.87,2840.0,19.26272316376713,-155.81255636545495,27.72881462789217,2.6
2841,1994.0,12.0,28.0,1.0,9.0,18.81,2841.0,19.203392890887155,-155.66936825711477,24.408927221201186,3.1
2842,1994.0,12.0,30.0,6.0,9.0,47.06,2842.0,19.3297178778475,-155.57151501896908,15.23943236789264,3.4
2843,1994.0,12.0,31.0,3.0,50.0,29.1,2843.0,19.35852422935029,-155.7416176802399,38.52583524438966,2.7
2844,1995.0,1.0,6.0,1.0,27.0,36.62,2844.0,19.321951592513614,-155.17465019965798,14.705738186113216,3.0
2845,1995.0,1.0,28.0,1.0,13.0,6.95,2845.0,20.023117797219072,-155.27602440705562,37.82707981833977,3.3
2846,1995.0,1.0,29.0,0.0,22.0,29.02,2846.0,19.220914751931414,-155.39118377780346,41.40578642875061,3.2
2847,1995.0,2.0,6.0,2.0,44.0,58.16,2847.0,19.922781257232824,-155.44460257038696,33.928453554161486,2.9
2848,1995.0,2.0,10.0,15.0,23.0,42.86,2848.0,19.45333628667824,-155.4664219633018,39.978306763018594,2.7
2849,1995.0,2.0,11.0,6.0,22.0,50.31,2849.0,19.59074600799893,-155.33005237430297,32.42280335712731,3.7
2850,1995.0,3.0,18.0,10.0,56.0,51.3,2850.0,19.73276377995373,-155.37730787444522,32.390050230913914,3.5
2851,1995.0,3.0,21.0,3.0,43.0,8.61,2851.0,19.11888634147476,-155.5345252936712,1.5725601307693138,2.7
2852,1995.0,4.0,5.0,11.0,10.0,43.44,2852.0,19.07434080466995,-155.70597297748003,27.99543669745555,3.5
2853,1995.0,4.0,6.0,4.0,49.0,19.83,2853.0,19.323253763110387,-155.71652792406786,26.236892977245503,2.6
2854,1995.0,4.0,7.0,22.0,5.0,36.23,2854.0,19.321651796895463,-155.51364456413498,19.57168473389068,3.9
2855,1995.0,4.0,8.0,18.0,30.0,43.54,2855.0,19.94321721664849,-155.3941835895569,7.558691775902661,3.0
2856,1995.0,4.0,10.0,18.0,30.0,39.03,2856.0,19.41993477713817,-154.99599255734185,32.84968063297064,2.8
2857,1995.0,4.0,11.0,17.0,1.0,20.5,2857.0,19.13672081257714,-155.8359066172037,17.00203166078103,3.4
2858,1995.0,4.0,18.0,15.0,43.0,8.46,2858.0,19.792857452096,-155.90137363391776,8.455379230405423,3.0
2859,1995.0,4.0,20.0,6.0,37.0,43.58,2859.0,19.51115587723332,-155.0546014265567,12.727713255008508,2.7
2860,1995.0,4.0,26.0,3.0,42.0,2.57,2860.0,19.014854638841744,-155.6125925821215,15.431068287557968,3.1
2861,1995.0,4.0,27.0,13.0,37.0,25.22,2861.0,20.045483599048985,-155.5144177759842,38.46873737924218,2.5
2862,1995.0,4.0,30.0,9.0,41.0,33.8,2862.0,19.86683429660528,-155.47802314242963,26.452099837407857,3.2
2863,1995.0,5.0,3.0,23.0,41.0,27.3,2863.0,19.63374881764484,-155.20098915288983,6.256223459796583,2.7
2864,1995.0,5.0,26.0,6.0,0.0,9.55,2864.0,19.888919693404805,-155.4263286156995,13.500330752037035,2.7
2865,1995.0,5.0,30.0,4.0,23.0,18.6,2865.0,19.712246724308542,-155.79510795879108,14.441794827831044,3.1
2866,1995.0,6.0,2.0,19.0,23.0,23.16,2866.0,20.07826236129316,-155.51485083184284,25.000794142469665,2.6
2867,1995.0,6.0,3.0,20.0,13.0,35.23,2867.0,19.884352626921768,-155.68780392118197,35.08418318018375,4.4
2868,1995.0,6.0,3.0,21.0,50.0,9.03,2868.0,19.271374079627368,-155.71932258209446,18.932593699778145,4.7
2869,1995.0,6.0,7.0,14.0,28.0,37.33,2869.0,19.61811979873456,-155.4726344026074,2.8329160240457623,2.5
2870,1995.0,6.0,8.0,6.0,31.0,28.23,2870.0,19.28073379940834,-155.4155013574915,30.028136093070056,2.5
2871,1995.0,6.0,13.0,15.0,54.0,47.28,2871.0,19.28199743671585,-155.12426119764964,5.2254709645075375,2.7
2872,1995.0,6.0,24.0,10.0,40.0,54.89,2872.0,19.862950634589087,-155.10258828393944,30.011347943773018,3.4
2873,1995.0,6.0,24.0,17.0,13.0,32.11,2873.0,19.36800597880578,-155.3795087725458,10.30534658219975,2.9
2874,1995.0,6.0,25.0,20.0,40.0,56.3,2874.0,19.76988581290534,-155.79727794518396,20.899580701817648,2.7
2875,1995.0,7.0,1.0,8.0,41.0,1.71,2875.0,19.53296382428384,-155.24724645036852,14.873899521573383,3.8
2876,1995.0,7.0,11.0,11.0,30.0,7.03,2876.0,19.63770823715318,-155.28945266197778,43.68694564945015,3.2
2877,1995.0,7.0,16.0,14.0,5.0,27.11,2877.0,19.5639448965573,-154.9614532009156,22.50145530785393,2.6
2878,1995.0,7.0,18.0,19.0,55.0,57.54,2878.0,19.93664039937764,-155.71579440420587,1.8475723394712744,2.5
2879,1995.0,7.0,26.0,4.0,39.0,25.96,2879.0,20.03325703707623,-155.43610126987008,41.38556740327322,2.8
2880,1995.0,7.0,26.0,20.0,22.0,7.15,2880.0,20.13475009659176,-155.8674483513393,16.528222944021188,2.9
2881,1995.0,8.0,4.0,11.0,53.0,15.19,2881.0,19.486260908552666,-155.61250849344444,14.773991344595958,2.5
2882,1995.0,8.0,12.0,14.0,7.0,14.13,2882.0,19.460009553083147,-155.0938047807486,6.698738382440012,2.9
2883,1995.0,8.0,13.0,11.0,28.0,13.78,2883.0,19.66594861916531,-154.98018782825497,4.198788087187657,3.6
2884,1995.0,8.0,14.0,11.0,2.0,47.5,2884.0,19.669892264821605,-155.9504880734847,17.80570783770476,2.8
2885,1995.0,8.0,15.0,14.0,33.0,45.11,2885.0,19.90525559226122,-155.3578236695115,30.118702945037317,2.7
2886,1995.0,8.0,18.0,2.0,55.0,21.17,2886.0,19.561329654179097,-155.28626967613238,20.48608714122208,2.8
2887,1995.0,8.0,20.0,6.0,30.0,46.17,2887.0,19.58364839883426,-155.3337239694401,30.60867566473096,2.5
2888,1995.0,8.0,25.0,23.0,12.0,14.85,2888.0,19.33832479083897,-155.07738752785832,30.164171447433525,2.8
2889,1995.0,9.0,3.0,12.0,20.0,53.13,2889.0,19.318254667039174,-155.20349509715217,22.03950941804994,3.6
2890,1995.0,9.0,22.0,19.0,30.0,45.58,2890.0,19.015721874304862,-155.75990608558982,21.96084197139151,3.2
2891,1995.0,9.0,24.0,4.0,36.0,36.47,2891.0,19.086671074655094,-155.79256350710978,8.562721442816844,2.6
2892,1995.0,9.0,27.0,1.0,56.0,58.24,2892.0,19.632352499137745,-154.9584937716732,35.10668109510298,2.5
2893,1995.0,9.0,28.0,19.0,33.0,45.64,2893.0,19.909539844168098,-155.76787458962605,25.17399638484097,2.6
2894,1995.0,10.0,1.0,4.0,51.0,29.55,2894.0,20.07368842356269,-155.81463431345753,2.4252284952466066,2.6
2895,1995.0,10.0,2.0,13.0,8.0,50.93,2895.0,19.14907066514185,-155.56416931444895,13.394998587142917,2.9
2896,1995.0,10.0,5.0,22.0,3.0,59.41,2896.0,19.11966562044777,-155.82291306325027,39.15138332219615,2.8
2897,1995.0,10.0,8.0,20.0,7.0,51.09,2897.0,19.015877688875666,-155.6933055076028,41.04988835541739,3.6
2898,1995.0,10.0,9.0,2.0,53.0,22.34,2898.0,19.54188533743473,-155.078159660573,12.740082515403014,3.6
2899,1995.0,10.0,12.0,17.0,20.0,57.12,2899.0,19.07968979699756,-155.78654874886743,3.4896825203895228,2.5
2900,1995.0,10.0,13.0,11.0,4.0,56.81,2900.0,19.90487765995394,-155.8439383465318,28.96258550125984,2.5
2901,1995.0,10.0,15.0,10.0,37.0,31.49,2901.0,19.05357018266468,-155.83528954248382,21.452889393063725,2.5
2902,1995.0,10.0,25.0,1.0,1.0,1.78,2902.0,19.981363551108544,-155.19523570473643,9.006095537004798,2.9
2903,1995.0,10.0,25.0,18.0,19.0,57.19,2903.0,20.098307745717364,-155.63065925092872,7.304788343447536,2.6
2904,1995.0,10.0,28.0,4.0,49.0,54.74,2904.0,19.85465790377616,-155.26683865486,33.28189813098478,2.5
2905,1995.0,11.0,5.0,21.0,55.0,36.9,2905.0,19.813059367003497,-155.223078148444,1.1489758981313782,3.3
2906,1995.0,11.0,14.0,13.0,19.0,35.53,2906.0,19.98269553916408,-155.59664648781828,34.47549021662097,2.8
2907,1995.0,11.0,19.0,21.0,8.0,27.23,2907.0,19.248397278359093,-155.86451843865086,1.3047974241390072,2.7
2908,1995.0,11.0,24.0,0.0,18.0,48.49,2908.0,19.963239472966784,-155.7917372245732,40.802965057217534,2.6
2909,1995.0,11.0,28.0,22.0,10.0,47.69,2909.0,19.11533552450383,-155.72884063401193,42.28765097239668,2.9
2910,1995.0,11.0,30.0,0.0,22.0,28.38,2910.0,19.36766767112056,-155.14514477394331,29.73378811420169,2.6
2911,1995.0,12.0,1.0,14.0,48.0,55.88,2911.0,19.93880677456826,-155.61413854494108,2.036731576295987,3.1
2912,1995.0,12.0,1.0,23.0,41.0,7.44,2912.0,19.57527691819819,-154.93972317192444,29.958434356373864,2.5
2913,1995.0,12.0,9.0,11.0,57.0,25.42,2913.0,19.927603330723564,-155.51863157311325,39.69492458852251,2.9
2914,1995.0,12.0,14.0,8.0,14.0,1.36,2914.0,19.18685508470781,-155.69262661386904,21.37544548862922,3.4
2915,1995.0,12.0,30.0,13.0,18.0,16.92,2915.0,19.45588357655616,-155.00266130227024,13.974351383640103,2.7
2916,1996.0,1.0,2.0,22.0,40.0,38.6,2916.0,19.39740279773316,-155.36247352582075,19.482297787126555,2.7
2917,1996.0,1.0,9.0,3.0,43.0,56.34,2917.0,19.688503589734253,-155.0824523806645,31.79983348376094,2.6
2918,1996.0,1.0,22.0,13.0,2.0,20.45,2918.0,19.805678463234457,-155.474881282834,17.99200208113735,2.8
2919,1996.0,2.0,6.0,21.0,27.0,18.85,2919.0,19.166941962742136,-155.43815995707268,25.548133777654783,2.5
2920,1996.0,2.0,8.0,22.0,9.0,40.61,2920.0,19.897600708305163,-155.70818739598266,2.1258270777756447,2.9
2921,1996.0,2.0,9.0,23.0,37.0,1.34,2921.0,19.068447215180235,-155.6321719132044,11.72806630235071,3.1
2922,1996.0,2.0,11.0,19.0,19.0,6.87,2922.0,19.78007926399708,-155.9632429178532,2.593308213587511,3.2
2923,1996.0,2.0,23.0,10.0,19.0,16.07,2923.0,19.556809802830905,-155.65530018935814,3.43532691538402,2.8
2924,1996.0,2.0,24.0,23.0,15.0,5.07,2924.0,19.772054697691534,-155.37399216906113,40.8219372426462,3.3
2925,1996.0,3.0,12.0,3.0,39.0,1.86,2925.0,19.642384776999908,-155.67425276268554,14.933868657194552,3.2
2926,1996.0,3.0,14.0,17.0,9.0,27.24,2926.0,19.01647819469388,-155.76431677728354,40.74934481153303,3.3
2927,1996.0,3.0,18.0,2.0,46.0,3.42,2927.0,19.42434594652233,-155.5403560118713,44.98978296820843,2.8
2928,1996.0,3.0,19.0,0.0,45.0,14.63,2928.0,19.838105784443265,-155.13342609365367,42.42937315221042,4.0
2929,1996.0,3.0,23.0,3.0,44.0,2.33,2929.0,20.131747715325204,-155.57640013975274,11.554496289048709,3.2
2930,1996.0,3.0,24.0,11.0,46.0,40.77,2930.0,19.967066891777023,-155.59309728444276,26.078513793444827,2.8
2931,1996.0,4.0,8.0,4.0,37.0,18.07,2931.0,20.08640152998303,-155.71105105756698,12.203228709008156,2.5
2932,1996.0,4.0,13.0,12.0,42.0,36.93,2932.0,19.06500640445104,-155.857325442348,26.150128974416543,3.8
2933,1996.0,4.0,14.0,15.0,55.0,20.43,2933.0,20.23347463276736,-155.8028756192295,8.95955661519815,2.5
2934,1996.0,4.0,21.0,8.0,10.0,5.68,2934.0,19.623151343925272,-155.69628209084962,32.25869823843944,2.9
2935,1996.0,5.0,5.0,13.0,48.0,42.65,2935.0,19.7119471671759,-155.3103643921387,28.126140067279287,2.8
2936,1996.0,5.0,11.0,13.0,47.0,2.42,2936.0,19.821061515275247,-155.7177699594329,22.635160816584797,2.8
2937,1996.0,5.0,14.0,20.0,50.0,58.18,2937.0,19.454869860626577,-154.9051879229501,36.56183617788602,2.9
2938,1996.0,5.0,16.0,5.0,1.0,45.98,2938.0,19.770743903101728,-155.99041395727482,26.52942715377876,2.5
2939,1996.0,5.0,18.0,23.0,46.0,2.82,2939.0,19.45150764988665,-155.03851595747534,9.126862397430372,2.5
2940,1996.0,5.0,23.0,1.0,24.0,49.68,2940.0,19.25915452244196,-155.6113940324303,20.58916499803743,2.5
2941,1996.0,6.0,1.0,17.0,2.0,43.98,2941.0,19.21513092254304,-155.3513744695466,41.99260902540085,2.5
2942,1996.0,6.0,3.0,12.0,56.0,59.68,2942.0,19.60784212610016,-154.9606741484154,14.978453658237934,2.7
2943,1996.0,6.0,4.0,22.0,52.0,17.35,2943.0,19.316379001126577,-155.11810405007236,1.6571039577242446,3.2
2944,1996.0,6.0,8.0,17.0,45.0,56.07,2944.0,19.874581213578104,-155.11403955835078,19.146183598116465,2.8
2945,1996.0,6.0,13.0,6.0,10.0,42.78,2945.0,19.225923056189192,-155.55763002658713,12.768502083325236,3.0
2946,1996.0,6.0,14.0,9.0,13.0,23.87,2946.0,20.20061518827377,-155.8675696637297,7.162478947989296,2.8
2947,1996.0,6.0,17.0,12.0,26.0,49.97,2947.0,19.497939325040587,-155.66468143349414,36.482428603821056,3.1
2948,1996.0,6.0,23.0,20.0,8.0,21.11,2948.0,19.996308815065184,-155.45126453423984,42.147959722470304,2.8
2949,1996.0,6.0,24.0,0.0,58.0,38.95,2949.0,19.337987772516858,-155.83178194506806,10.534082964092626,2.5
2950,1996.0,6.0,30.0,5.0,38.0,51.76,2950.0,19.989271262680035,-155.61209967318274,4.7600170924498855,2.6
2951,1996.0,7.0,7.0,15.0,5.0,46.68,2951.0,19.02819095036777,-155.71969856175485,10.642217180807767,2.7
2952,1996.0,7.0,9.0,12.0,1.0,15.9,2952.0,19.33251101410692,-155.78431003105518,9.573881629298864,2.8
2953,1996.0,7.0,15.0,15.0,58.0,3.83,2953.0,19.86585007743796,-155.3707667446683,39.47883599215631,2.6
2954,1996.0,7.0,19.0,22.0,35.0,16.91,2954.0,20.128215745205583,-155.6009403313634,31.48955074078389,2.7
2955,1996.0,7.0,24.0,14.0,48.0,11.22,2955.0,19.76024527687456,-155.92172869737433,28.003178235995733,2.6
2956,1996.0,7.0,26.0,12.0,14.0,52.7,2956.0,19.178143337014,-155.78835265167666,23.84144508819163,3.9
2957,1996.0,7.0,28.0,23.0,19.0,10.54,2957.0,19.69011685918605,-155.73067456862995,31.077516958425228,2.8
2958,1996.0,7.0,31.0,5.0,26.0,15.5,2958.0,19.88306414326223,-155.53361074948572,27.60674180835956,2.8
2959,1996.0,8.0,2.0,15.0,11.0,36.07,2959.0,19.54820009541704,-154.8644564344375,37.573938878941966,2.5
2960,1996.0,8.0,7.0,7.0,28.0,31.64,2960.0,20.1405749110503,-155.59330819165996,3.8052958374636106,2.7
2961,1996.0,8.0,17.0,18.0,51.0,4.69,2961.0,19.406946838297497,-155.3749550351069,26.810787847502134,2.6
2962,1996.0,8.0,19.0,15.0,29.0,5.92,2962.0,19.030128996456977,-155.84365848505482,6.266122640601002,2.5
2963,1996.0,8.0,20.0,10.0,55.0,39.68,2963.0,19.48268724678713,-155.37897908586643,44.079609494143206,2.6
2964,1996.0,9.0,10.0,7.0,10.0,36.47,2964.0,19.57263361873856,-154.9200528229278,35.03175656761128,2.5
2965,1996.0,9.0,19.0,5.0,32.0,4.7,2965.0,19.977091370937192,-155.22290038697224,5.403689720111583,3.8
2966,1996.0,9.0,23.0,16.0,54.0,52.88,2966.0,20.18106727346353,-155.70060883589204,41.26767480232225,2.5
2967,1996.0,9.0,24.0,4.0,52.0,50.28,2967.0,19.531353556092785,-155.56275227761435,16.306734246695836,3.1
2968,1996.0,9.0,27.0,16.0,54.0,13.05,2968.0,19.624406927882188,-155.63495179528934,29.75124525805086,3.3
2969,1996.0,9.0,29.0,0.0,6.0,26.15,2969.0,19.54850673969089,-155.8486438569829,20.015065866502145,3.9
2970,1996.0,9.0,29.0,17.0,21.0,23.62,2970.0,19.5288967036064,-154.9850364109293,22.912868650507143,2.6
2971,1996.0,10.0,5.0,13.0,37.0,46.88,2971.0,19.57952670075859,-155.45189798759196,22.601374124259102,2.9
2972,1996.0,10.0,6.0,16.0,13.0,51.53,2972.0,19.43188978477585,-155.14462552826544,5.452087198199916,3.4
2973,1996.0,10.0,7.0,1.0,57.0,46.32,2973.0,20.20964148530524,-155.85302661849616,25.132311617462104,2.5
2974,1996.0,10.0,17.0,5.0,52.0,5.13,2974.0,19.52984195388536,-154.83796784543415,11.09783357965416,3.9
2975,1996.0,10.0,30.0,21.0,30.0,53.1,2975.0,19.879946616061144,-155.78444641495676,36.84377551298498,3.6
2976,1996.0,11.0,1.0,7.0,24.0,22.0,2976.0,19.90688270660326,-155.77325100933407,37.80405520969374,2.6
2977,1996.0,11.0,5.0,5.0,13.0,37.03,2977.0,19.59144175204678,-155.31894032021563,39.44435099329558,3.1
2978,1996.0,11.0,18.0,21.0,51.0,34.4,2978.0,19.624771318425505,-155.20773521735276,7.089380931504807,2.9
2979,1996.0,11.0,22.0,19.0,55.0,17.15,2979.0,19.391616549571925,-155.02043340749657,38.85854886686787,2.8
2980,1996.0,11.0,23.0,18.0,35.0,32.25,2980.0,19.616139422862044,-155.43127022215444,30.85738733788673,2.5
2981,1996.0,11.0,23.0,21.0,5.0,8.98,2981.0,19.669864135874807,-155.4927764245467,30.93812311529849,2.8
2982,1996.0,11.0,27.0,7.0,9.0,29.09,2982.0,19.55136081642601,-155.66344647330803,7.055985468700048,3.4
2983,1996.0,12.0,3.0,0.0,17.0,36.81,2983.0,19.8048483851684,-155.95914153300245,22.594217830273656,4.2
2984,1996.0,12.0,6.0,5.0,44.0,48.48,2984.0,19.6618550445119,-154.9966587656635,42.86789762931439,2.7
2985,1996.0,12.0,8.0,3.0,31.0,3.48,2985.0,19.30064763402651,-155.24021654692288,37.859632038220695,2.6
2986,1996.0,12.0,9.0,4.0,26.0,42.11,2986.0,19.70737676278593,-155.39899309492486,14.826723763156211,3.7
2987,1996.0,12.0,10.0,10.0,30.0,13.4,2987.0,19.778368834437227,-155.28912547255734,2.9019656603691564,2.8
2988,1996.0,12.0,17.0,8.0,28.0,23.43,2988.0,19.2096634826098,-155.67210941169114,26.129596921030423,2.7
2989,1996.0,12.0,18.0,18.0,6.0,2.4,2989.0,19.099129128603668,-155.78566221452152,19.88613580680705,3.7
2990,1996.0,12.0,26.0,19.0,51.0,31.4,2990.0,20.046786535571343,-155.69623985156693,25.219339783244223,3.7
2991,1996.0,12.0,30.0,20.0,4.0,58.83,2991.0,19.81979497204432,-155.20424499641888,42.09353180698592,3.8
2992,1997.0,1.0,14.0,23.0,18.0,2.3,2992.0,20.12085994604472,-155.7677820561768,1.043206200921603,2.5
2993,1997.0,1.0,21.0,22.0,50.0,3.83,2993.0,20.062556018640688,-155.58138139126487,23.127337434839102,3.2
2994,1997.0,1.0,29.0,7.0,55.0,54.65,2994.0,19.72814478177664,-155.99133605017914,15.059742666974463,2.5
2995,1997.0,2.0,14.0,23.0,16.0,1.03,2995.0,19.467323803681456,-155.27337336228308,18.286785420210503,3.0
2996,1997.0,2.0,19.0,8.0,5.0,11.33,2996.0,19.850549162114287,-155.5743248465947,6.3863641688455655,2.5
2997,1997.0,2.0,21.0,4.0,55.0,29.89,2997.0,19.24698948823081,-155.5348356746712,38.69756764985527,3.4
2998,1997.0,3.0,16.0,21.0,13.0,54.39,2998.0,19.5365864191543,-155.04192156184348,33.13761694149735,3.0
2999,1997.0,3.0,16.0,22.0,19.0,54.61,2999.0,19.80680013776445,-155.76142927307808,28.575806831999664,3.7
3000,1997.0,3.0,26.0,2.0,42.0,3.32,3000.0,19.134209936625783,-155.5163813115664,35.495035615154784,2.7
3001,1997.0,3.0,26.0,16.0,57.0,6.11,3001.0,19.800317593080425,-155.30842323395055,23.62623060954355,2.5
3002,1997.0,3.0,30.0,9.0,13.0,45.09,3002.0,19.41171728361885,-155.29354156180588,21.68462304505366,4.0
3003,1997.0,4.0,2.0,5.0,32.0,24.08,3003.0,19.655267363678167,-155.21777484475405,25.369197894744392,4.0
3004,1997.0,4.0,4.0,1.0,29.0,56.47,3004.0,19.13314661693665,-155.79888806866228,40.53908026722101,2.6
3005,1997.0,4.0,4.0,10.0,13.0,11.65,3005.0,19.96266067322264,-155.73797726973777,21.93736322299284,2.6
3006,1997.0,4.0,14.0,22.0,1.0,9.56,3006.0,19.713082575930773,-155.0678997774812,30.14445862062372,2.6
3007,1997.0,4.0,17.0,16.0,10.0,15.57,3007.0,19.85059562891442,-155.4415390570286,3.2795508201599537,3.0
3008,1997.0,4.0,17.0,18.0,43.0,29.6,3008.0,19.57520362889354,-155.3578890115971,24.17138604030429,2.9
3009,1997.0,4.0,19.0,3.0,2.0,28.34,3009.0,19.08993781209679,-155.8256144003183,9.810403436909002,2.9
3010,1997.0,4.0,22.0,5.0,12.0,39.46,3010.0,19.34458572455528,-155.5145342715983,9.138037209325567,2.9
3011,1997.0,4.0,24.0,21.0,37.0,13.8,3011.0,19.428358460309124,-155.08804406905332,42.90232502741365,3.0
3012,1997.0,4.0,27.0,11.0,53.0,36.42,3012.0,19.2593186687624,-155.85413325363388,17.799578582890074,2.6
3013,1997.0,4.0,29.0,8.0,9.0,8.33,3013.0,19.43662467209,-155.72913659987188,25.47144979282539,2.8
3014,1997.0,5.0,4.0,21.0,46.0,56.25,3014.0,19.17214240123489,-155.87144942425675,7.30831738303645,2.9
3015,1997.0,5.0,9.0,4.0,13.0,25.52,3015.0,19.387566384010604,-155.2066178796539,13.859914226249373,2.5
3016,1997.0,5.0,9.0,8.0,22.0,5.24,3016.0,19.93200283921851,-155.81965697552667,26.464442673400697,2.6
3017,1997.0,5.0,11.0,21.0,0.0,52.2,3017.0,19.236330821083456,-155.8670568364682,44.84252395353779,2.7
3018,1997.0,5.0,12.0,16.0,35.0,55.21,3018.0,19.551495348406284,-155.3666331049513,16.25473806489511,2.5
3019,1997.0,5.0,14.0,2.0,38.0,41.25,3019.0,19.146358119660864,-155.6705423799214,29.173787022316365,2.9
3020,1997.0,5.0,17.0,11.0,58.0,6.59,3020.0,20.0013641257304,-155.68686430665906,1.780669738718299,2.7
3021,1997.0,5.0,17.0,21.0,15.0,38.78,3021.0,19.30377890899894,-155.3357958851197,2.9812791659878983,2.5
3022,1997.0,5.0,18.0,8.0,8.0,31.91,3022.0,19.541092308025807,-154.80892971009746,27.28556693707503,3.4
3023,1997.0,5.0,19.0,14.0,52.0,49.52,3023.0,19.86624817298956,-155.67254442522383,33.406716985172146,2.6
3024,1997.0,5.0,25.0,13.0,25.0,38.15,3024.0,20.126166944314573,-155.84119158726585,26.75740671610472,2.6
3025,1997.0,6.0,7.0,1.0,17.0,14.24,3025.0,19.99993820033091,-155.36019804174293,19.310615432817496,3.0
3026,1997.0,6.0,12.0,1.0,38.0,9.26,3026.0,19.475962647849148,-155.83338025366993,9.452503673229817,2.6
3027,1997.0,6.0,19.0,1.0,16.0,53.62,3027.0,19.337443479818745,-155.3098445404089,30.147950689886443,3.0
3028,1997.0,6.0,28.0,1.0,20.0,41.49,3028.0,19.764630662718968,-155.44143466405063,14.057729835256964,2.6
3029,1997.0,6.0,29.0,10.0,29.0,57.92,3029.0,19.52284114012292,-155.1505647535079,43.80196886427287,2.9
3030,1997.0,7.0,5.0,13.0,3.0,33.3,3030.0,19.561145376726408,-154.98361384626588,25.096896376268536,4.3
3031,1997.0,7.0,8.0,21.0,12.0,51.32,3031.0,19.282901064253025,-155.41731392033864,14.815010459667905,2.8
3032,1997.0,7.0,13.0,16.0,38.0,21.62,3032.0,19.94707308522755,-155.6968480461294,28.759944305553173,3.3
3033,1997.0,7.0,21.0,18.0,42.0,38.18,3033.0,19.835576671982103,-155.26757815936884,35.1488718730805,3.1
3034,1997.0,7.0,24.0,19.0,42.0,11.08,3034.0,20.099081867662324,-155.52238774079842,14.608549796902247,3.4
3035,1997.0,8.0,4.0,8.0,14.0,31.83,3035.0,19.80466242046021,-155.4154450429064,7.519438997865835,2.5
3036,1997.0,8.0,4.0,20.0,6.0,41.03,3036.0,20.08504017024064,-155.52505391314753,36.25381293769388,3.1
3037,1997.0,8.0,10.0,8.0,51.0,35.27,3037.0,18.99481148151391,-155.6222588656666,18.315798503353765,2.8
3038,1997.0,8.0,19.0,9.0,0.0,18.86,3038.0,19.69423370194957,-155.0863444385039,39.11499145621429,2.5
3039,1997.0,8.0,21.0,20.0,50.0,8.19,3039.0,19.58913561941191,-155.67297958141523,41.86818500253248,2.5
3040,1997.0,8.0,27.0,18.0,4.0,22.21,3040.0,18.99511675157239,-155.59728865135014,20.31000931648455,2.8
3041,1997.0,9.0,2.0,4.0,26.0,33.77,3041.0,19.63069567664063,-155.2377533924529,38.58450151738506,2.5
3042,1997.0,9.0,5.0,9.0,46.0,35.15,3042.0,19.55096317881573,-155.95811880070642,40.62956532074544,2.8
3043,1997.0,9.0,8.0,20.0,0.0,35.98,3043.0,19.53122174084129,-155.8222039962639,21.567135055879795,3.7
3044,1997.0,9.0,15.0,12.0,22.0,48.05,3044.0,19.859604399978224,-155.3361995491997,7.342535388398631,2.6
3045,1997.0,9.0,16.0,7.0,24.0,5.86,3045.0,19.79352661437317,-155.32459922042918,35.42784350726963,2.7
3046,1997.0,9.0,17.0,19.0,44.0,46.29,3046.0,19.887731324144053,-155.3683190173652,23.652360583188617,2.6
3047,1997.0,9.0,20.0,3.0,5.0,28.84,3047.0,19.72892201770744,-155.87721633573506,36.6623007184524,2.6
3048,1997.0,9.0,25.0,14.0,25.0,57.23,3048.0,19.11028805088077,-155.72058764866074,20.640873498422085,2.9
3049,1997.0,10.0,1.0,1.0,27.0,29.1,3049.0,19.6129582478347,-155.3179606996262,6.65913639641288,2.8
3050,1997.0,10.0,5.0,16.0,42.0,11.9,3050.0,19.32124371036568,-155.1287739220132,18.40896440586144,2.7
3051,1997.0,10.0,7.0,18.0,27.0,28.1,3051.0,19.624179290442864,-155.25106834611103,37.77765671632582,2.7
3052,1997.0,10.0,9.0,22.0,43.0,11.01,3052.0,19.581264527666587,-154.91586112010148,39.31346320221,3.1
3053,1997.0,10.0,23.0,16.0,20.0,18.76,3053.0,19.66450360000915,-155.07441294260357,12.126398843534355,2.6
3054,1997.0,10.0,29.0,10.0,41.0,18.22,3054.0,19.89208215619712,-155.21581026097368,2.515121728936903,2.5
3055,1997.0,11.0,9.0,8.0,21.0,45.89,3055.0,19.7419379195652,-155.79134198806025,10.639844583572405,4.1
3056,1997.0,11.0,14.0,19.0,1.0,1.46,3056.0,19.46943810055582,-155.6731198169146,2.710294565605753,2.6
3057,1997.0,11.0,15.0,10.0,52.0,23.88,3057.0,19.489691828016586,-154.96468623810216,38.23700835121501,2.6
3058,1997.0,11.0,17.0,17.0,29.0,2.79,3058.0,19.540037852825883,-154.9472526032893,17.131393307568477,2.6
3059,1997.0,11.0,20.0,0.0,11.0,26.4,3059.0,19.52269453950848,-155.95207537672707,1.2715782994914917,2.6
3060,1997.0,11.0,23.0,13.0,45.0,52.51,3060.0,19.479575610481486,-155.56469688696288,44.615900548989856,2.7
3061,1997.0,11.0,26.0,11.0,42.0,39.13,3061.0,19.326517230013373,-155.6459840996565,22.69234122867401,2.6
3062,1997.0,11.0,29.0,13.0,1.0,44.51,3062.0,19.56752602192388,-155.872305922815,35.18562737039364,3.0
3063,1997.0,12.0,2.0,21.0,13.0,26.13,3063.0,19.615164770600444,-155.18834144185283,32.44334365808507,2.6
3064,1997.0,12.0,8.0,23.0,46.0,10.36,3064.0,20.034321608798063,-155.56248402563395,40.98015685056083,2.9
3065,1997.0,12.0,21.0,22.0,29.0,58.17,3065.0,19.88435812029976,-155.38643641880705,17.961118534767948,2.5
3066,1997.0,12.0,23.0,1.0,2.0,18.13,3066.0,20.053932350253355,-155.5604470267887,6.321695110389543,3.1
3067,1997.0,12.0,29.0,2.0,20.0,10.35,3067.0,19.52239496762081,-155.46212700078763,32.39626006358067,4.3
3068,1997.0,12.0,31.0,15.0,52.0,41.81,3068.0,19.663887538185456,-155.37249716857028,30.25477250512543,2.7
3069,1998.0,1.0,3.0,18.0,4.0,53.02,3069.0,19.56286271058952,-155.523028272723,16.759198838780108,2.5
3070,1998.0,1.0,9.0,6.0,24.0,55.62,3070.0,19.314576111563696,-155.38236905649265,43.97109757079016,2.6
3071,1998.0,1.0,9.0,11.0,8.0,44.93,3071.0,19.64941919377154,-155.24826743425464,1.534438252094132,2.7
3072,1998.0,1.0,11.0,6.0,3.0,0.8,3072.0,19.751319251709063,-155.26519839290668,44.36761202024288,2.6
3073,1998.0,1.0,12.0,10.0,20.0,10.28,3073.0,19.92220648982164,-155.50709539755195,42.6959006678585,2.8
3074,1998.0,1.0,17.0,22.0,27.0,40.5,3074.0,20.018720548209046,-155.48201799649698,29.832309353035583,3.1
3075,1998.0,1.0,18.0,0.0,39.0,58.16,3075.0,19.861091532795754,-155.1059079809131,37.25784529817757,2.9
3076,1998.0,1.0,19.0,21.0,9.0,22.72,3076.0,19.817344971794345,-155.93578531380945,6.8664096469989175,2.5
3077,1998.0,1.0,22.0,17.0,17.0,35.69,3077.0,19.183553959927803,-155.65340108113278,21.269084667476005,5.1
3078,1998.0,1.0,26.0,9.0,22.0,29.96,3078.0,19.58807789633064,-155.2683309837103,1.178505195555541,2.6
3079,1998.0,1.0,27.0,15.0,19.0,45.03,3079.0,19.74022154782121,-156.00215156167536,34.4587381101106,2.6
3080,1998.0,1.0,29.0,5.0,37.0,15.28,3080.0,19.580954383362105,-155.81638832495318,27.873952931911187,2.7
3081,1998.0,1.0,30.0,13.0,46.0,2.76,3081.0,19.88671384943573,-155.67327147177764,42.32880088165023,2.6
3082,1998.0,2.0,6.0,0.0,15.0,3.07,3082.0,19.970995502143992,-155.48712864152006,28.110753509518425,2.9
3083,1998.0,2.0,6.0,19.0,18.0,52.06,3083.0,19.243748562755748,-155.74240094649485,36.11833233640972,3.0
3084,1998.0,2.0,13.0,8.0,31.0,39.92,3084.0,20.04792091669447,-155.7543188394318,38.9641340817757,2.9
3085,1998.0,2.0,19.0,11.0,51.0,17.78,3085.0,19.63695288550292,-155.24561704759176,14.373377987784677,2.5
3086,1998.0,2.0,24.0,10.0,36.0,36.57,3086.0,19.57473919552218,-155.40454208008617,33.2201780265868,2.7
3087,1998.0,2.0,25.0,10.0,44.0,58.23,3087.0,19.07598353380027,-155.68647871520403,12.948791919670658,2.6
3088,1998.0,2.0,26.0,11.0,54.0,20.8,3088.0,19.347307298139924,-155.6799328370607,26.93306100220816,4.0
3089,1998.0,2.0,27.0,19.0,40.0,44.06,3089.0,19.82506532879064,-155.9437902461949,31.731979313474405,3.0
3090,1998.0,3.0,9.0,4.0,13.0,46.22,3090.0,19.57144849613816,-155.5329957800612,5.724149358420579,2.9
3091,1998.0,3.0,13.0,14.0,7.0,58.48,3091.0,20.041456947553,-155.78559757093967,29.303586819639825,2.8
3092,1998.0,3.0,20.0,6.0,47.0,4.32,3092.0,19.35524672592953,-155.67496161397636,37.33203157729812,2.5
3093,1998.0,3.0,22.0,20.0,45.0,47.29,3093.0,18.9269015951822,-155.66598336379153,19.264892915771565,3.6
3094,1998.0,3.0,23.0,4.0,32.0,21.64,3094.0,19.61774865372204,-155.7590126131723,6.561199929031881,2.5
3095,1998.0,4.0,6.0,7.0,13.0,45.51,3095.0,19.422592147901977,-155.64547832505232,39.01297160148688,3.0
3096,1998.0,4.0,11.0,20.0,0.0,5.22,3096.0,20.16225669173109,-155.86639916245142,24.25464957841787,3.1
3097,1998.0,4.0,11.0,22.0,32.0,43.06,3097.0,19.329215860275,-155.43570985297634,16.813540756422746,2.9
3098,1998.0,4.0,15.0,15.0,23.0,41.16,3098.0,19.717337982884427,-155.73386938414038,15.83681645903181,3.3
3099,1998.0,4.0,16.0,19.0,39.0,24.06,3099.0,19.83584464331991,-155.75719231665676,4.472832798963943,2.6
3100,1998.0,4.0,24.0,17.0,13.0,51.84,3100.0,19.287065186568856,-155.59033216864566,25.446564574656524,2.9
3101,1998.0,4.0,30.0,14.0,13.0,17.55,3101.0,19.688009504030468,-155.6779515322329,19.60294480581728,2.6
3102,1998.0,5.0,4.0,9.0,43.0,37.48,3102.0,20.10950872836436,-155.71680857125585,8.608150955462332,2.7
3103,1998.0,5.0,7.0,1.0,31.0,3.73,3103.0,19.55991827989229,-155.0785123579176,16.620894071239615,2.6
3104,1998.0,5.0,9.0,7.0,4.0,32.07,3104.0,19.54385844321808,-155.84937016403924,26.96032672401726,2.5
3105,1998.0,5.0,13.0,6.0,58.0,54.48,3105.0,19.533392581240907,-155.71279119427305,32.514406733837426,3.4
3106,1998.0,6.0,1.0,20.0,58.0,58.15,3106.0,19.544111617557668,-155.314441831275,33.69817473470983,2.8
3107,1998.0,6.0,2.0,9.0,26.0,14.04,3107.0,19.905701883204827,-155.50957186327278,27.01097511330545,3.4
3108,1998.0,6.0,2.0,13.0,7.0,28.1,3108.0,19.00930865529001,-155.7570696727102,40.3661679890382,2.8
3109,1998.0,6.0,4.0,5.0,58.0,1.79,3109.0,19.44383916980243,-155.54757451401832,22.233628751188984,2.7
3110,1998.0,6.0,9.0,11.0,5.0,28.64,3110.0,19.44901187400753,-155.19424252054483,25.25240345229356,2.5
3111,1998.0,6.0,11.0,5.0,31.0,34.2,3111.0,19.20844667296174,-155.86219505234024,22.55856498075485,3.0
3112,1998.0,6.0,21.0,6.0,9.0,25.46,3112.0,19.725935573430213,-155.43074653800474,26.03785747735964,3.5
3113,1998.0,6.0,23.0,9.0,31.0,2.67,3113.0,19.35390379918225,-155.6417431849572,28.483034558141945,3.7
3114,1998.0,6.0,28.0,16.0,14.0,32.74,3114.0,19.51057100318225,-154.9089625205885,37.00356122406211,3.0
3115,1998.0,7.0,3.0,7.0,32.0,34.22,3115.0,20.003578931706404,-155.60335150590592,26.204939909443787,2.7
3116,1998.0,7.0,8.0,7.0,14.0,54.21,3116.0,19.26349456370208,-155.58498376249457,20.872254726453992,2.9
3117,1998.0,7.0,12.0,0.0,25.0,39.05,3117.0,19.862226846732224,-155.2709877215893,7.738755822112944,2.5
3118,1998.0,7.0,12.0,8.0,3.0,38.58,3118.0,19.94890085098724,-155.20059888858646,17.193394148376036,3.0
3119,1998.0,7.0,13.0,3.0,57.0,32.68,3119.0,19.489193573639465,-155.5610357866343,20.71211693542549,2.8
3120,1998.0,7.0,14.0,20.0,17.0,42.58,3120.0,19.982756035156605,-155.59429584154813,5.054673984255659,2.5
3121,1998.0,7.0,18.0,11.0,51.0,18.33,3121.0,19.51644216284331,-154.9609272481959,6.134337698567808,2.6
3122,1998.0,8.0,11.0,12.0,3.0,25.59,3122.0,19.173472223171554,-155.45138961638722,10.42475724931635,3.1
3123,1998.0,8.0,12.0,4.0,22.0,15.86,3123.0,19.93939949870868,-155.59634647655113,33.112921065844965,3.0
3124,1998.0,8.0,13.0,6.0,18.0,30.64,3124.0,19.969497424586883,-155.80969675197184,14.597555928041364,2.5
3125,1998.0,8.0,13.0,23.0,38.0,29.81,3125.0,19.4362897129854,-154.93882600324318,4.606632854526422,2.6
3126,1998.0,8.0,17.0,4.0,2.0,1.7,3126.0,19.309038636403805,-155.5360203894022,16.537088257461406,2.7
3127,1998.0,8.0,19.0,12.0,20.0,4.53,3127.0,19.55499540379105,-155.5767570191769,23.964790494821063,2.7
3128,1998.0,8.0,19.0,17.0,56.0,51.12,3128.0,19.68303165661409,-154.97734733778196,36.94546501955845,3.5
3129,1998.0,8.0,27.0,2.0,58.0,18.17,3129.0,19.531873867277486,-155.50830546490346,28.958795211633717,2.7
3130,1998.0,9.0,1.0,10.0,8.0,54.31,3130.0,19.653920747385467,-155.33304626007484,44.874761908493774,2.5
3131,1998.0,9.0,4.0,0.0,54.0,31.8,3131.0,19.69757337849433,-155.9640198836446,39.02083346053988,2.7
3132,1998.0,9.0,13.0,14.0,28.0,10.68,3132.0,19.060416337724487,-155.80444435611474,34.04285453378273,2.8
3133,1998.0,9.0,15.0,10.0,54.0,12.83,3133.0,19.416954287556727,-155.37041702927976,15.02714552572678,2.8
3134,1998.0,9.0,27.0,15.0,6.0,2.05,3134.0,19.914345057110697,-155.50769831208387,29.766494144962792,2.8
3135,1998.0,10.0,1.0,12.0,30.0,37.59,3135.0,19.1522993217258,-155.8407071366237,27.410698762959232,3.0
3136,1998.0,10.0,8.0,3.0,32.0,6.04,3136.0,19.97389478933225,-155.2587119487771,35.6583790477825,2.6
3137,1998.0,10.0,10.0,16.0,45.0,39.46,3137.0,19.338103013359188,-155.0500640440238,17.830962696546074,2.6
3138,1998.0,10.0,13.0,5.0,7.0,38.54,3138.0,19.384470644966303,-155.4712536798067,35.141579891432485,2.5
3139,1998.0,10.0,13.0,20.0,51.0,54.43,3139.0,19.9283477298334,-155.19523333163855,26.38899877978032,2.7
3140,1998.0,10.0,16.0,11.0,0.0,29.88,3140.0,20.203048384719203,-155.75316233147683,43.67161372231394,5.0
3141,1998.0,10.0,17.0,15.0,47.0,59.09,3141.0,19.39188423302828,-155.53312018980014,37.24916756632472,2.6
3142,1998.0,10.0,22.0,15.0,13.0,32.8,3142.0,19.69777871132633,-155.25914309438662,17.22331485398968,2.8
3143,1998.0,10.0,23.0,5.0,25.0,44.77,3143.0,19.96980224433275,-155.79147631407548,36.309208875325815,2.5
3144,1998.0,10.0,27.0,14.0,45.0,32.12,3144.0,19.40533836362017,-154.98379306950935,43.90657354546399,2.8
3145,1998.0,10.0,30.0,8.0,6.0,22.56,3145.0,19.53454864548113,-155.75955465549228,9.91748246540529,2.8
3146,1998.0,11.0,6.0,1.0,44.0,43.55,3146.0,19.29086982395034,-155.71977135113352,20.510245163312828,3.1
3147,1998.0,11.0,7.0,12.0,57.0,8.16,3147.0,19.711816483278724,-155.61730922706997,20.40626022913999,3.2
3148,1998.0,11.0,11.0,4.0,42.0,0.87,3148.0,19.65608128271422,-154.99871513700816,4.223756110607769,3.3
3149,1998.0,11.0,12.0,21.0,20.0,7.51,3149.0,19.383196142555427,-155.15624509290217,25.253113027707293,2.5
3150,1998.0,11.0,17.0,8.0,26.0,36.63,3150.0,19.23179545467158,-155.58405615902657,41.34440242174364,2.5
3151,1998.0,11.0,18.0,6.0,49.0,26.78,3151.0,19.52227648317975,-155.4197346993272,26.403389092813537,2.6
3152,1998.0,11.0,19.0,20.0,20.0,56.27,3152.0,20.087813506871875,-155.83596143249397,23.695268423903403,3.9
3153,1998.0,11.0,24.0,21.0,33.0,41.72,3153.0,19.0452125854841,-155.71127280203098,42.78409856505254,2.7
3154,1998.0,12.0,4.0,12.0,26.0,12.07,3154.0,19.35148383680859,-155.08395394252037,34.34046393800601,2.6
3155,1998.0,12.0,6.0,13.0,57.0,12.08,3155.0,20.019862350623708,-155.7948869217365,5.834191931510382,2.5
3156,1998.0,12.0,6.0,20.0,12.0,57.87,3156.0,19.595434194702147,-155.39329338232227,11.026116196249983,2.9
3157,1998.0,12.0,10.0,8.0,14.0,11.86,3157.0,19.27347158028829,-155.8711429677441,30.623013942162142,2.5
3158,1998.0,12.0,13.0,16.0,14.0,25.68,3158.0,19.300567155492384,-155.7410818213508,1.5551305743368435,2.5
3159,1999.0,1.0,9.0,8.0,40.0,43.68,3159.0,19.75311725141247,-155.51918854926845,16.371133315918648,2.9
3160,1999.0,1.0,19.0,17.0,14.0,43.06,3160.0,20.00293773150036,-155.56367652913696,24.86932483031399,2.8
3161,1999.0,1.0,23.0,14.0,55.0,13.34,3161.0,19.75935688242212,-155.527398848965,15.70140166084946,3.0
3162,1999.0,2.0,3.0,9.0,8.0,49.53,3162.0,19.74587032851207,-155.4874952851302,34.97430976487944,2.5
3163,1999.0,2.0,10.0,10.0,13.0,26.02,3163.0,19.49620572925805,-155.14570142251364,27.829680657757933,2.5
3164,1999.0,2.0,15.0,8.0,45.0,52.77,3164.0,20.15525740636892,-155.7180164693018,9.147165335211064,2.6
3165,1999.0,2.0,19.0,4.0,19.0,49.57,3165.0,20.1802628922306,-155.77339382251864,34.501335004451434,2.5
3166,1999.0,2.0,21.0,5.0,48.0,2.47,3166.0,19.9224570049265,-155.4396789248429,21.56890831635401,2.8
3167,1999.0,3.0,2.0,19.0,31.0,5.52,3167.0,19.756765976380017,-155.66008149354863,14.825848526319556,3.3
3168,1999.0,3.0,10.0,1.0,55.0,32.27,3168.0,19.504734819462623,-155.13042679737907,29.93336519438606,3.0
3169,1999.0,3.0,13.0,12.0,44.0,35.54,3169.0,19.208421785695663,-155.4533000966862,37.45597357058591,2.5
3170,1999.0,3.0,18.0,6.0,5.0,24.7,3170.0,19.708694992704192,-155.5502295253332,30.614643579308623,2.6
3171,1999.0,3.0,21.0,3.0,21.0,2.12,3171.0,19.979185005782924,-155.44521214093606,19.48700294583272,2.5
3172,1999.0,3.0,30.0,7.0,3.0,23.4,3172.0,19.347367249842765,-155.5802763488897,18.93282186866448,2.6
3173,1999.0,3.0,30.0,20.0,52.0,11.36,3173.0,20.101116767173536,-155.59316402441092,2.469497095567112,2.5
3174,1999.0,4.0,10.0,14.0,14.0,49.38,3174.0,19.881961428373923,-155.73690577276224,25.942842353493123,3.1
3175,1999.0,4.0,11.0,1.0,33.0,52.55,3175.0,19.75016460701317,-155.1772916808199,11.987405932258383,2.8
3176,1999.0,4.0,14.0,6.0,3.0,1.63,3176.0,19.95145419616315,-155.69053270600352,42.93838187886772,2.6
3177,1999.0,4.0,17.0,3.0,21.0,3.69,3177.0,20.09946774311246,-155.80923640103146,37.223418704365145,4.0
3178,1999.0,4.0,19.0,21.0,19.0,41.54,3178.0,19.701799128004097,-155.36141588499464,30.658694526223265,2.6
3179,1999.0,4.0,26.0,23.0,8.0,41.21,3179.0,20.08200013205046,-155.47415862359065,36.24192773557144,2.9
3180,1999.0,4.0,27.0,20.0,6.0,7.01,3180.0,20.00022527250648,-155.44518849807977,11.185011897295462,3.2
3181,1999.0,4.0,30.0,21.0,31.0,53.59,3181.0,19.75877395551229,-155.73978888802202,25.956284222929657,2.8
3182,1999.0,5.0,6.0,8.0,12.0,42.79,3182.0,19.44431798557757,-154.98343141442098,7.779526109554016,2.8
3183,1999.0,5.0,6.0,8.0,57.0,49.48,3183.0,19.290001947132097,-155.38201484393215,22.0766441967222,2.7
3184,1999.0,5.0,11.0,23.0,23.0,8.97,3184.0,19.412591443037428,-155.72758727486382,24.875075476918067,2.9
3185,1999.0,5.0,14.0,14.0,35.0,20.44,3185.0,19.35355379285668,-155.82805249325455,36.86328654563316,2.9
3186,1999.0,5.0,16.0,15.0,39.0,3.97,3186.0,20.098057229662004,-155.7735670376178,31.86596501511584,2.6
3187,1999.0,5.0,18.0,14.0,41.0,52.88,3187.0,19.135717243104704,-155.50331730362024,30.56804522398028,2.5
3188,1999.0,5.0,19.0,4.0,46.0,35.18,3188.0,19.90936489367522,-155.78080335208935,4.802614129436076,2.6
3189,1999.0,5.0,23.0,4.0,37.0,55.24,3189.0,19.60791895795735,-155.11889183719362,26.288617373008204,2.5
3190,1999.0,5.0,31.0,6.0,8.0,6.52,3190.0,20.02487701582317,-155.47631177825184,15.334327762478624,2.8
3191,1999.0,5.0,31.0,11.0,45.0,59.86,3191.0,20.225245109489112,-155.83237653846658,40.51648799637832,3.0
3192,1999.0,6.0,18.0,23.0,56.0,27.27,3192.0,19.743316359076463,-155.5334577947637,36.23729785240302,2.5
3193,1999.0,6.0,20.0,20.0,13.0,14.52,3193.0,19.52154481360914,-154.98527261018458,29.012801978459542,2.6
3194,1999.0,6.0,21.0,2.0,29.0,13.89,3194.0,19.558518846528003,-155.67275359243848,4.119508127487158,3.2
3195,1999.0,6.0,21.0,5.0,14.0,57.68,3195.0,19.148348475555924,-155.81419607981843,22.972300861825683,3.3
3196,1999.0,6.0,22.0,13.0,49.0,20.47,3196.0,19.52514249114673,-155.0487188300557,25.31427471959452,2.6
3197,1999.0,7.0,1.0,8.0,43.0,46.39,3197.0,20.014072569132903,-155.26540635291238,6.446737292736716,2.6
3198,1999.0,7.0,2.0,4.0,55.0,54.43,3198.0,19.722856654552903,-155.7946649190756,9.130636531958524,2.9
3199,1999.0,7.0,15.0,15.0,44.0,31.3,3199.0,19.70984795869423,-155.12553862391024,27.362218498671616,2.6
3200,1999.0,7.0,17.0,3.0,43.0,2.13,3200.0,19.52752604257879,-155.7116683842046,24.975393243801665,2.8
3201,1999.0,7.0,19.0,6.0,50.0,59.9,3201.0,19.705408854678502,-155.14498142038562,44.200075037114274,2.7
3202,1999.0,7.0,21.0,0.0,43.0,54.04,3202.0,19.339157711023848,-155.4206901050565,36.95065247311305,2.7
3203,1999.0,7.0,25.0,21.0,45.0,38.39,3203.0,19.569483664570395,-155.0572088152055,24.125354709823327,2.6
3204,1999.0,8.0,4.0,4.0,34.0,30.71,3204.0,19.66420528005122,-155.33015590338798,28.94239304476695,2.8
3205,1999.0,8.0,5.0,9.0,43.0,28.32,3205.0,19.529413008254988,-154.97987597805422,5.314994190616414,3.0
3206,1999.0,8.0,7.0,7.0,36.0,9.97,3206.0,19.77563339271132,-155.95305420509976,41.74140930305372,2.7
3207,1999.0,8.0,8.0,7.0,27.0,51.9,3207.0,19.35072122717449,-155.2774929947827,22.06296120314633,2.7
3208,1999.0,8.0,10.0,19.0,33.0,39.83,3208.0,19.260778187834845,-155.50588679202784,7.435516441810018,2.5
3209,1999.0,8.0,13.0,19.0,55.0,30.04,3209.0,19.679702258564173,-155.3414801831611,1.8773964849458245,3.1
3210,1999.0,8.0,24.0,6.0,11.0,0.42,3210.0,19.87090674214872,-155.43203758173988,2.125884480845802,2.7
3211,1999.0,8.0,28.0,4.0,1.0,44.65,3211.0,19.54957174569354,-155.4179194770266,30.783321037682764,3.1
3212,1999.0,9.0,5.0,0.0,34.0,14.1,3212.0,19.105724589507435,-155.6984111110572,39.02768009262247,3.2
3213,1999.0,9.0,9.0,2.0,0.0,33.62,3213.0,19.82656648313377,-155.43786084438187,43.12619318128612,2.5
3214,1999.0,9.0,18.0,10.0,1.0,28.8,3214.0,19.64490143897758,-155.53167913830447,6.2344840624030695,2.5
3215,1999.0,9.0,18.0,15.0,32.0,24.04,3215.0,19.621020206297743,-155.49589178623802,6.2430441062940005,2.8
3216,1999.0,9.0,20.0,16.0,22.0,53.82,3216.0,19.502550306705587,-154.9000837059092,15.582811792588842,2.8
3217,1999.0,9.0,22.0,17.0,36.0,11.74,3217.0,19.61110906170766,-155.91400121588515,43.77911377286562,3.1
3218,1999.0,9.0,28.0,7.0,3.0,43.45,3218.0,19.740057635446668,-155.8090456268516,35.25097231856118,2.6
3219,1999.0,10.0,4.0,18.0,43.0,48.9,3219.0,19.420701418392365,-155.52365033614896,11.512613923204562,2.9
3220,1999.0,10.0,8.0,1.0,32.0,24.48,3220.0,20.099501342091976,-155.85038287429884,11.986697384994953,2.6
3221,1999.0,10.0,8.0,11.0,11.0,58.12,3221.0,19.576285289447124,-155.71085292070535,4.0821982667780885,2.9
3222,1999.0,10.0,9.0,16.0,6.0,52.45,3222.0,19.74453475421557,-155.79981693641213,19.062971314332728,2.6
3223,1999.0,10.0,9.0,19.0,45.0,52.41,3223.0,19.010181815181674,-155.82116501707495,30.051656621945813,2.8
3224,1999.0,10.0,15.0,6.0,2.0,45.27,3224.0,19.64099042920259,-155.9547856889631,6.386108571549633,2.5
3225,1999.0,10.0,15.0,13.0,5.0,32.9,3225.0,19.67405488594552,-155.17922496362223,34.00190657829076,2.5
3226,1999.0,10.0,16.0,15.0,23.0,2.19,3226.0,19.734968791545707,-155.88229140712062,26.621269127316484,2.8
3227,1999.0,10.0,16.0,21.0,39.0,11.88,3227.0,19.53211909005828,-155.05629372236058,23.250773298382487,2.9
3228,1999.0,10.0,24.0,18.0,19.0,23.74,3228.0,19.510312124008458,-155.2875705281692,3.061832861705407,2.8
3229,1999.0,10.0,25.0,0.0,35.0,37.28,3229.0,19.70356175600385,-155.1525083728668,1.5436550776248397,2.5
3230,1999.0,10.0,28.0,15.0,52.0,29.77,3230.0,19.444397639577577,-155.0559424694282,9.658242277718884,2.9
3231,1999.0,11.0,6.0,6.0,6.0,44.23,3231.0,19.59162278195152,-154.94685574714194,11.628318591732182,2.9
3232,1999.0,11.0,7.0,22.0,43.0,4.22,3232.0,19.142808518930824,-155.8154771254947,36.77548659085182,3.0
3233,1999.0,11.0,10.0,11.0,32.0,37.01,3233.0,19.200453817000188,-155.52042062987928,39.42212639566379,3.5
3234,1999.0,11.0,15.0,10.0,34.0,5.49,3234.0,19.04867535924875,-155.62731367857825,36.286064858002135,2.8
3235,1999.0,11.0,15.0,12.0,9.0,42.17,3235.0,19.293159381764323,-155.32977887406528,43.50370469361196,3.1
3236,1999.0,11.0,16.0,23.0,37.0,2.33,3236.0,19.66688014577157,-155.16741475649172,21.33046614416517,2.5
3237,1999.0,11.0,17.0,18.0,53.0,9.17,3237.0,19.844385032373395,-155.5373629873433,16.165467364264337,2.5
3238,1999.0,11.0,19.0,18.0,37.0,50.32,3238.0,19.254701198150777,-155.60526624821466,13.505098587387137,2.7
3239,1999.0,11.0,23.0,5.0,59.0,24.93,3239.0,19.913469437062567,-155.81655382606488,21.81179432386201,3.0
3240,1999.0,11.0,24.0,12.0,59.0,33.83,3240.0,19.272528533260274,-155.71619878807027,12.55533308951298,2.5
3241,1999.0,12.0,1.0,3.0,20.0,52.71,3241.0,19.07296108761009,-155.7039905240824,11.026238328853946,2.6
3242,1999.0,12.0,3.0,18.0,19.0,5.6,3242.0,19.467360045506425,-155.61877675201427,23.70326582634154,2.6
3243,1999.0,12.0,6.0,17.0,26.0,13.13,3243.0,19.3167862884504,-155.5989929172476,12.346553879658003,2.9
3244,1999.0,12.0,8.0,22.0,40.0,29.31,3244.0,20.05019166677717,-155.58775332732225,17.219571375531835,4.7
3245,1999.0,12.0,18.0,5.0,23.0,12.12,3245.0,19.13445788197956,-155.57246561747758,12.257977534326498,2.8
3246,1999.0,12.0,23.0,18.0,26.0,24.4,3246.0,20.10701389973645,-155.7495347822081,39.12431003057307,2.9
3247,1999.0,12.0,26.0,2.0,54.0,0.56,3247.0,19.74557602516474,-155.96916753017695,34.83690942605446,3.0
3248,2000.0,1.0,1.0,1.0,47.0,47.32,3248.0,19.17093947835259,-155.51144858330431,10.520657956834045,2.5
3249,2000.0,1.0,6.0,3.0,9.0,7.08,3249.0,19.408415333790582,-155.69358267719392,30.6436882246081,2.5
3250,2000.0,1.0,6.0,3.0,49.0,51.67,3250.0,20.023018472820688,-155.68356737633448,34.26633454455059,2.5
3251,2000.0,1.0,9.0,9.0,32.0,18.56,3251.0,19.62379268555676,-155.35816427646486,13.441298246450405,2.5
3252,2000.0,1.0,20.0,20.0,22.0,32.79,3252.0,19.535339232786885,-155.244175148335,39.94929801394302,2.9
3253,2000.0,1.0,21.0,10.0,13.0,34.39,3253.0,19.59575214512373,-155.91504401946432,40.80233256711913,2.5
3254,2000.0,1.0,24.0,8.0,30.0,58.76,3254.0,19.65277268284672,-155.25461677712602,42.794920288174666,3.6
3255,2000.0,1.0,26.0,2.0,3.0,58.11,3255.0,19.87853309316092,-155.46800786932528,36.592660608478525,2.7
3256,2000.0,1.0,30.0,11.0,59.0,52.05,3256.0,19.074945433754102,-155.7437730212587,29.92965853952324,2.9
3257,2000.0,2.0,1.0,9.0,51.0,34.62,3257.0,19.612599405387257,-155.144437088892,41.0426280140888,2.7
3258,2000.0,2.0,8.0,16.0,23.0,42.67,3258.0,19.16212848513629,-155.67265808945965,19.727559747139,2.8
3259,2000.0,2.0,22.0,0.0,33.0,16.2,3259.0,20.002991960094533,-155.39601534487795,6.628948334400251,2.7
3260,2000.0,3.0,3.0,7.0,54.0,37.23,3260.0,19.44902164479028,-155.31310408765646,12.47198120035583,2.5
3261,2000.0,3.0,7.0,8.0,59.0,45.04,3261.0,20.112869558175912,-155.7248559011689,42.21110700741509,2.5
3262,2000.0,3.0,18.0,4.0,44.0,46.18,3262.0,19.98641429792552,-155.43078658785524,42.39021163640571,2.6
3263,2000.0,4.0,5.0,1.0,32.0,54.78,3263.0,19.619221239532003,-155.29333544961938,28.470145845693555,2.5
3264,2000.0,4.0,10.0,15.0,32.0,31.75,3264.0,19.296426048007984,-155.15364379547623,29.41773359776687,2.9
3265,2000.0,4.0,12.0,3.0,21.0,19.88,3265.0,19.755845224277834,-155.42726581100902,7.2428420433787,3.6
3266,2000.0,4.0,21.0,14.0,51.0,3.7,3266.0,19.54254010702565,-155.1243261351948,2.61560627590726,2.6
3267,2000.0,4.0,24.0,16.0,3.0,34.31,3267.0,19.661458750374585,-155.2388375130273,41.86560258886848,3.3
3268,2000.0,4.0,27.0,0.0,20.0,27.35,3268.0,19.91311243536665,-155.68619151391428,24.44272888451281,3.4
3269,2000.0,4.0,29.0,7.0,55.0,38.24,3269.0,19.77116672723292,-155.9056179164554,18.72376307825392,3.0
3270,2000.0,5.0,5.0,14.0,59.0,14.06,3270.0,19.7157230382775,-155.6399646496377,2.9603363516692607,2.9
3271,2000.0,5.0,9.0,9.0,24.0,37.21,3271.0,19.50839149136787,-155.80890797619773,6.380381452395761,2.5
3272,2000.0,5.0,10.0,10.0,21.0,33.57,3272.0,19.16079828076884,-155.71452512005573,30.12579511964594,2.5
3273,2000.0,5.0,21.0,7.0,59.0,41.86,3273.0,19.81280953894167,-155.67929260935128,41.79560603010127,2.6
3274,2000.0,5.0,27.0,3.0,32.0,49.32,3274.0,19.269548075382623,-155.85366558328084,28.1815786821936,3.2
3275,2000.0,5.0,29.0,13.0,57.0,40.79,3275.0,20.155564502120622,-155.71362324407394,42.72211449745262,2.6
3276,2000.0,5.0,30.0,1.0,22.0,5.53,3276.0,19.51784567478048,-155.718437091789,1.137859470157848,2.5
3277,2000.0,6.0,9.0,14.0,44.0,30.63,3277.0,19.47537664998557,-155.6918329819788,8.601379094655996,3.1
3278,2000.0,6.0,12.0,16.0,35.0,23.15,3278.0,19.6265054046169,-155.55748247598513,41.02812648680022,2.8
3279,2000.0,6.0,19.0,1.0,52.0,46.84,3279.0,20.0999222315819,-155.64591315142323,19.59082092969863,2.8
3280,2000.0,6.0,24.0,11.0,28.0,48.52,3280.0,19.45329386108504,-155.50863004834417,20.659070746322392,2.5
3281,2000.0,6.0,28.0,6.0,33.0,7.84,3281.0,19.610106464095907,-155.0604409853921,13.088219165153554,2.6
3282,2000.0,7.0,1.0,7.0,14.0,3.05,3282.0,19.50368438363257,-155.89392817037293,2.2879544271364214,3.0
3283,2000.0,7.0,1.0,10.0,36.0,34.34,3283.0,19.81741221424944,-155.1245599821254,43.33727236237336,3.0
3284,2000.0,7.0,5.0,21.0,34.0,28.25,3284.0,19.65083587136762,-155.9241579046997,27.45405650306988,2.5
3285,2000.0,7.0,6.0,18.0,31.0,58.12,3285.0,20.030707106580223,-155.51327300104992,14.031387820420289,2.8
3286,2000.0,7.0,10.0,5.0,21.0,30.15,3286.0,19.52533787086991,-155.1887030570689,20.545247622741048,2.5
3287,2000.0,7.0,13.0,19.0,47.0,38.13,3287.0,19.57144472797396,-155.3565706952658,10.058687576037595,2.5
3288,2000.0,7.0,14.0,22.0,4.0,14.71,3288.0,19.710049300422643,-155.8495231414938,16.74933163262297,2.7
3289,2000.0,7.0,23.0,17.0,9.0,1.65,3289.0,19.55230406620266,-155.11913915191798,32.345699648822006,2.5
3290,2000.0,7.0,26.0,17.0,57.0,27.6,3290.0,19.9231528138194,-155.85878559875394,37.090891922255096,3.0
3291,2000.0,8.0,5.0,7.0,43.0,22.23,3291.0,19.33792551004643,-155.26347791943724,12.616674690374143,2.6
3292,2000.0,8.0,5.0,11.0,6.0,38.64,3292.0,19.733677301797616,-155.94222393059488,34.5739528281592,2.6
3293,2000.0,8.0,12.0,21.0,46.0,26.61,3293.0,19.380112931824325,-155.1619815648103,1.614430601870268,2.6
3294,2000.0,8.0,13.0,18.0,50.0,6.06,3294.0,19.79172102963721,-155.50866231657156,3.792763081741426,2.6
3295,2000.0,8.0,18.0,13.0,38.0,26.57,3295.0,19.52518191849495,-154.83639374073044,36.16401841046473,2.8
3296,2000.0,8.0,20.0,0.0,5.0,25.3,3296.0,19.665047409711555,-155.0516263286385,43.23990747993607,2.9
3297,2000.0,8.0,22.0,18.0,8.0,37.14,3297.0,19.36186759969203,-155.7181068704613,34.16718964553174,3.0
3298,2000.0,8.0,26.0,8.0,54.0,18.97,3298.0,19.76828829958369,-155.36505915369355,8.243359474769507,2.5
3299,2000.0,9.0,11.0,8.0,19.0,32.78,3299.0,19.8723767695948,-155.55299862007388,37.42930733122726,2.5
3300,2000.0,9.0,14.0,1.0,46.0,2.04,3300.0,19.706032409578093,-155.4404363039425,10.396675380255449,2.6
3301,2000.0,9.0,27.0,22.0,43.0,16.39,3301.0,19.25563985854811,-155.3474010149682,29.18257230600903,2.7
3302,2000.0,9.0,28.0,5.0,3.0,26.51,3302.0,19.53714193410533,-155.17588919183618,40.90203638944311,3.0
3303,2000.0,9.0,30.0,17.0,0.0,44.3,3303.0,19.5942933669724,-155.9602564460422,13.599720239214257,3.1
3304,2000.0,10.0,5.0,22.0,43.0,54.11,3304.0,19.629010651354942,-155.4116605096546,38.84359249630512,2.6
3305,2000.0,10.0,6.0,4.0,12.0,46.76,3305.0,20.01836445567475,-155.78152622879912,16.517012077819047,3.6
3306,2000.0,10.0,8.0,14.0,57.0,12.74,3306.0,19.11661506278327,-155.55340098770338,3.915538011796911,3.0
3307,2000.0,10.0,11.0,16.0,30.0,21.71,3307.0,19.67179071971832,-155.44412817752314,35.87265912010581,2.9
3308,2000.0,10.0,16.0,15.0,29.0,15.56,3308.0,19.13673518156229,-155.56106604031933,29.19736198767827,2.5
3309,2000.0,10.0,27.0,22.0,27.0,6.62,3309.0,20.22043038293115,-155.82761586439378,26.244740390872987,3.1
3310,2000.0,10.0,29.0,22.0,3.0,5.76,3310.0,19.54821510076203,-154.97501099008628,35.0772445185017,3.2
3311,2000.0,11.0,3.0,22.0,4.0,23.83,3311.0,19.94600931073924,-155.7039555729027,19.645249348380844,2.6
3312,2000.0,11.0,8.0,5.0,21.0,2.51,3312.0,19.678009760715728,-155.60301041627935,35.55550074870796,2.7
3313,2000.0,11.0,11.0,14.0,32.0,13.33,3313.0,20.00904943323564,-155.50789411443662,13.750164532829452,3.1
3314,2000.0,12.0,1.0,4.0,26.0,31.89,3314.0,19.11113290664061,-155.56361863428694,41.12366703719752,2.8
3315,2000.0,12.0,2.0,10.0,43.0,7.88,3315.0,20.03240472831551,-155.80411501736785,35.10996439425334,2.5
3316,2000.0,12.0,15.0,22.0,0.0,1.98,3316.0,19.68645442220405,-155.76220731196597,16.985349119837917,2.9
3317,2000.0,12.0,16.0,4.0,57.0,33.16,3317.0,19.27008388440748,-155.39282658936082,12.76286330314079,4.7
3318,2000.0,12.0,20.0,8.0,52.0,13.74,3318.0,19.78902363684756,-155.11322863535776,31.26381488809909,2.6
3319,2000.0,12.0,22.0,10.0,25.0,58.49,3319.0,19.56915899372956,-155.4777745984194,35.38861198323152,2.7
3320,2000.0,12.0,23.0,12.0,49.0,1.2,3320.0,19.03304361817145,-155.5559302152057,44.36788534634432,2.9
3321,2000.0,12.0,25.0,5.0,51.0,59.39,3321.0,19.05906807712087,-155.65700809663653,12.479977666011948,3.2
3322,2000.0,12.0,27.0,23.0,50.0,40.31,3322.0,19.77669840877985,-155.78660803069926,31.872369990523325,2.9
3323,2000.0,12.0,31.0,13.0,48.0,27.33,3323.0,19.601743217311537,-155.938730140334,24.600672286273827,2.5
3324,2001.0,1.0,2.0,5.0,46.0,23.48,3324.0,19.84583214056013,-155.24102794631244,3.6386281773985214,3.6
3325,2001.0,1.0,7.0,23.0,27.0,7.78,3325.0,19.43345476724035,-155.3108475275477,39.58891047159617,2.5
3326,2001.0,1.0,10.0,14.0,42.0,59.72,3326.0,19.614293367758474,-155.19548260143486,20.9157521355351,3.1
3327,2001.0,1.0,12.0,22.0,24.0,44.58,3327.0,19.52493310818632,-155.18064164704998,32.44772723544037,2.5
3328,2001.0,1.0,29.0,11.0,26.0,30.56,3328.0,20.0519592698544,-155.38371101530643,3.985310641751074,2.6
3329,2001.0,2.0,2.0,8.0,46.0,3.78,3329.0,19.270654988212264,-155.87332915421038,18.647286645958577,2.8
3330,2001.0,2.0,9.0,11.0,50.0,59.34,3330.0,19.54652946332829,-155.20836666477356,22.557089973356764,4.1
3331,2001.0,2.0,11.0,23.0,39.0,21.35,3331.0,19.83358999061817,-155.68768226272775,26.122681826524364,3.3
3332,2001.0,2.0,12.0,3.0,11.0,57.4,3332.0,19.69321167434116,-155.71282198420954,21.672821573983637,2.9
3333,2001.0,2.0,22.0,8.0,41.0,58.62,3333.0,19.976432950076543,-155.4240879110798,8.067528715436449,2.8
3334,2001.0,2.0,22.0,20.0,0.0,54.81,3334.0,19.563199787960315,-155.55255051555454,29.688387253631348,2.7
3335,2001.0,2.0,25.0,10.0,26.0,53.38,3335.0,19.768574452905654,-156.0237734922648,37.593402964852906,4.0
3336,2001.0,2.0,26.0,9.0,20.0,37.49,3336.0,19.488529946498183,-155.40739977745648,10.40933338678774,2.5
3337,2001.0,2.0,27.0,13.0,27.0,37.13,3337.0,19.655431909304443,-155.2745444430669,35.52157945204747,3.4
3338,2001.0,3.0,5.0,23.0,44.0,13.5,3338.0,19.84013529440535,-155.6950300562192,20.15575742222695,3.0
3339,2001.0,3.0,7.0,0.0,12.0,23.32,3339.0,19.292387562171232,-155.4649286464657,17.878565081540167,3.1
3340,2001.0,3.0,7.0,14.0,59.0,4.28,3340.0,19.482656298266672,-155.33148942042774,42.24143046260324,3.4
3341,2001.0,3.0,31.0,6.0,56.0,23.82,3341.0,19.29493767431101,-155.77497408882869,8.651180085931172,2.5
3342,2001.0,4.0,4.0,19.0,36.0,18.98,3342.0,19.891747699452115,-155.41994714765792,2.501967564442278,3.0
3343,2001.0,4.0,7.0,10.0,8.0,0.74,3343.0,19.206247107624257,-155.47937014933183,27.173006755130537,2.8
3344,2001.0,4.0,11.0,6.0,26.0,55.45,3344.0,19.695889268727548,-155.41575499094597,36.69598950794052,2.9
3345,2001.0,4.0,20.0,17.0,30.0,5.08,3345.0,19.665690439434943,-155.26640285959974,14.27427612328148,2.7
3346,2001.0,4.0,21.0,7.0,46.0,6.7,3346.0,19.81170039851901,-155.12043933349264,5.064587698440712,2.7
3347,2001.0,4.0,26.0,20.0,37.0,27.15,3347.0,19.36358881847548,-155.53966664247292,6.00089523453355,2.5
3348,2001.0,5.0,1.0,10.0,33.0,24.5,3348.0,19.552414464231788,-155.41569615961998,17.795540491372428,2.7
3349,2001.0,5.0,3.0,21.0,5.0,37.92,3349.0,19.54654394834617,-155.7665569363154,16.962969108861365,2.5
3350,2001.0,5.0,3.0,22.0,14.0,6.85,3350.0,19.194043034588805,-155.76933924985264,23.523701979560936,2.7
3351,2001.0,5.0,12.0,23.0,44.0,11.11,3351.0,19.250684105288183,-155.5062928788047,17.213390174069637,3.4
3352,2001.0,5.0,16.0,18.0,51.0,4.86,3352.0,19.5930012450244,-155.32254823678895,24.243532422004616,3.3
3353,2001.0,5.0,20.0,17.0,12.0,20.75,3353.0,19.66271545744923,-155.16515724953453,24.07371279435948,3.4
3354,2001.0,5.0,27.0,11.0,30.0,18.93,3354.0,19.45104972645596,-154.85088170167987,44.65057257377059,3.2
3355,2001.0,6.0,9.0,10.0,59.0,58.66,3355.0,19.685760994574,-155.2303412330865,23.110773855753795,2.5
3356,2001.0,6.0,9.0,20.0,12.0,59.09,3356.0,19.33021928544767,-155.66441138891446,9.285979048159856,2.9
3357,2001.0,6.0,28.0,19.0,21.0,47.85,3357.0,19.964743177139948,-155.48976215028392,25.32065622599625,2.7
3358,2001.0,7.0,3.0,21.0,20.0,10.82,3358.0,19.93607753067413,-155.62289797541732,14.737876315411256,2.8
3359,2001.0,7.0,4.0,6.0,13.0,54.34,3359.0,19.9281467107076,-155.45798890212342,7.384301767417464,3.3
3360,2001.0,7.0,6.0,15.0,55.0,49.97,3360.0,19.39807576447937,-155.728917395161,33.82870013054748,2.9
3361,2001.0,7.0,14.0,13.0,41.0,3.45,3361.0,19.849592158931227,-155.82557342142147,34.08974720503839,2.5
3362,2001.0,7.0,19.0,20.0,23.0,59.38,3362.0,19.065658951157104,-155.74982509329584,21.1330675273269,2.8
3363,2001.0,7.0,20.0,22.0,35.0,26.43,3363.0,20.068451155081025,-155.61133486178534,40.67849486145838,2.5
3364,2001.0,8.0,5.0,13.0,28.0,28.31,3364.0,19.94696995042059,-155.4070926860795,2.4328399041410056,2.5
3365,2001.0,8.0,10.0,6.0,22.0,0.29,3365.0,19.269161973529148,-155.7397070818759,21.195578545831147,2.6
3366,2001.0,8.0,11.0,20.0,52.0,29.33,3366.0,19.22579481078525,-155.6396468592283,36.09060809603516,2.6
3367,2001.0,8.0,14.0,23.0,33.0,48.69,3367.0,19.32749053669436,-155.08378824175563,19.98609356660391,2.9
3368,2001.0,8.0,16.0,0.0,18.0,2.85,3368.0,19.55240736945364,-155.20918734532086,2.3726674903233564,2.9
3369,2001.0,8.0,19.0,21.0,4.0,23.15,3369.0,19.26377902737403,-155.55033333139156,20.91612843355204,2.5
3370,2001.0,8.0,23.0,2.0,26.0,4.33,3370.0,19.33547152913097,-155.48252043222575,30.16248834246569,2.5
3371,2001.0,8.0,30.0,20.0,22.0,23.85,3371.0,19.163367791711263,-155.50563352574036,3.5972649837811472,3.5
3372,2001.0,8.0,31.0,12.0,1.0,21.97,3372.0,19.5701878919583,-155.8776946598253,12.323158688948668,3.1
3373,2001.0,8.0,31.0,18.0,33.0,1.14,3373.0,19.455299337395697,-155.7988598298885,5.4970010759021815,3.3
3374,2001.0,9.0,5.0,19.0,25.0,45.41,3374.0,19.514803313692983,-155.51453620268336,44.92091879632301,2.6
3375,2001.0,9.0,11.0,14.0,12.0,20.67,3375.0,19.09495118226133,-155.7028340152719,21.51420719335915,2.8
3376,2001.0,9.0,14.0,6.0,46.0,2.66,3376.0,19.687207659822526,-155.42339564346875,22.90090439627389,2.9
3377,2001.0,9.0,16.0,13.0,58.0,16.47,3377.0,19.42384976612205,-155.00783963463175,32.13241019483205,2.6
3378,2001.0,9.0,25.0,3.0,27.0,27.02,3378.0,19.32010868398092,-155.67355487049474,24.28852043367558,2.9
3379,2001.0,9.0,28.0,11.0,10.0,4.14,3379.0,19.69109527984009,-155.27431209514916,15.868512694327814,2.6
3380,2001.0,10.0,2.0,16.0,46.0,12.72,3380.0,19.167383385696404,-155.5491468004055,6.27649398663427,2.8
3381,2001.0,10.0,19.0,6.0,7.0,6.31,3381.0,19.5355361415673,-155.71541286980607,19.706146702629905,2.5
3382,2001.0,10.0,29.0,16.0,34.0,15.07,3382.0,19.610883075555154,-155.18134922665482,23.357223571935005,3.1
3383,2001.0,10.0,31.0,12.0,17.0,1.69,3383.0,19.58638931575291,-155.38456516234234,18.53315235120719,3.1
3384,2001.0,11.0,13.0,9.0,29.0,12.29,3384.0,19.36269059343329,-155.5170142835085,22.392975257281105,2.7
3385,2001.0,11.0,19.0,12.0,32.0,43.05,3385.0,19.988221196182604,-155.31057685095828,37.989337504248205,4.1
3386,2001.0,11.0,22.0,0.0,40.0,21.51,3386.0,19.097725367059866,-155.74495492058048,29.64982291121042,2.7
3387,2001.0,11.0,24.0,18.0,17.0,42.2,3387.0,19.125563817110425,-155.72189491607006,16.856931112143855,2.5
3388,2001.0,12.0,7.0,17.0,6.0,29.87,3388.0,19.06895975457466,-155.8479521334048,16.188158879287467,2.8
3389,2001.0,12.0,11.0,3.0,31.0,4.28,3389.0,19.45918712458792,-155.08436156762448,30.66824510205171,2.9
3390,2001.0,12.0,13.0,0.0,9.0,5.72,3390.0,19.6187320441846,-155.58431807949918,4.879248478584072,3.0
3391,2001.0,12.0,13.0,4.0,50.0,9.11,3391.0,19.29272857834138,-155.467666253507,7.544734069684121,2.7
3392,2001.0,12.0,23.0,5.0,34.0,8.48,3392.0,19.906748217534425,-155.140315364838,9.10487417156434,2.9
3393,2001.0,12.0,23.0,10.0,6.0,22.27,3393.0,19.128734908484827,-155.76169665677602,43.81270714797275,4.3
3394,2001.0,12.0,25.0,5.0,7.0,25.59,3394.0,19.53193702515357,-155.90314799263118,4.655240674997408,2.6
3395,2001.0,12.0,27.0,14.0,20.0,34.14,3395.0,19.1344315546692,-155.7611546452691,5.486384479493579,2.6
3396,2002.0,1.0,6.0,18.0,58.0,15.34,3396.0,19.40877990728761,-155.23097329843216,20.34338556113048,2.7
3397,2002.0,1.0,17.0,2.0,1.0,51.74,3397.0,19.539937301972422,-154.80240708572745,5.828306137018661,2.8
3398,2002.0,1.0,20.0,14.0,40.0,29.14,3398.0,19.9748300840366,-155.82795190991067,44.932862845156215,3.4
3399,2002.0,1.0,28.0,20.0,5.0,0.27,3399.0,19.61418295277752,-155.62079641947187,3.31082608128512,2.6
3400,2002.0,2.0,13.0,12.0,7.0,21.3,3400.0,19.39780432340685,-155.45922114360596,38.47781917006086,2.9
3401,2002.0,2.0,14.0,4.0,17.0,15.24,3401.0,19.42079044896709,-155.1762558148349,12.681736988341886,2.7
3402,2002.0,2.0,16.0,20.0,3.0,26.23,3402.0,20.162012297094208,-155.8166447968739,38.51039846270735,2.5
3403,2002.0,2.0,16.0,23.0,41.0,12.07,3403.0,19.28168014126522,-155.33043520863663,43.87976757429883,3.4
3404,2002.0,2.0,17.0,8.0,1.0,29.84,3404.0,19.90088127943593,-155.6320880470186,27.530289886505354,2.6
3405,2002.0,2.0,18.0,15.0,48.0,31.14,3405.0,19.362683897766715,-155.78952064799668,20.452897535882837,2.5
3406,2002.0,2.0,23.0,16.0,34.0,49.97,3406.0,19.70645228479259,-155.23007919006002,38.53860075316215,2.6
3407,2002.0,2.0,24.0,4.0,49.0,59.44,3407.0,18.98526673959541,-155.7223474339734,38.42724054700919,2.6
3408,2002.0,3.0,1.0,13.0,6.0,45.6,3408.0,19.44411282725914,-155.06782968768448,29.656917620177804,2.7
3409,2002.0,3.0,12.0,10.0,56.0,29.41,3409.0,19.70222518714855,-155.7334565913388,6.295643751981544,2.8
3410,2002.0,3.0,21.0,11.0,39.0,3.97,3410.0,19.92343328005204,-155.18215961672283,42.435733140514536,3.0
3411,2002.0,3.0,27.0,20.0,19.0,49.26,3411.0,19.48460815716033,-154.91069527077235,16.145627004152328,2.8
3412,2002.0,4.0,1.0,23.0,32.0,51.62,3412.0,19.64226182635122,-155.21587593071922,39.07984820786442,3.6
3413,2002.0,4.0,19.0,22.0,54.0,55.78,3413.0,19.512038836313085,-155.64446827154686,34.05917173574483,2.9
3414,2002.0,4.0,28.0,0.0,46.0,26.29,3414.0,19.626592114030085,-154.96189669412342,40.81945754138491,2.6
3415,2002.0,5.0,3.0,5.0,9.0,33.92,3415.0,19.5728773459642,-155.8466439609556,40.222549184901695,3.1
3416,2002.0,5.0,5.0,19.0,29.0,38.6,3416.0,19.73702880112272,-155.195858476021,32.48514988411263,3.5
3417,2002.0,5.0,6.0,20.0,0.0,26.75,3417.0,19.57475519266025,-155.6145230039374,34.322052093360924,2.5
3418,2002.0,5.0,13.0,0.0,20.0,24.0,3418.0,19.881528892880127,-155.36391852953895,33.766154264184685,2.5
3419,2002.0,5.0,14.0,7.0,45.0,37.34,3419.0,19.866966591580884,-155.30370960429627,30.083114223026165,2.9
3420,2002.0,5.0,17.0,11.0,22.0,18.27,3420.0,19.584889987324512,-155.15052049294297,23.94000348243792,3.6
3421,2002.0,5.0,17.0,22.0,47.0,45.14,3421.0,19.79666740483139,-155.97761543811086,1.7300703263016914,3.4
3422,2002.0,5.0,22.0,5.0,35.0,33.48,3422.0,19.15196233232137,-155.63353943837808,6.58535888991584,2.9
3423,2002.0,5.0,23.0,8.0,32.0,4.58,3423.0,19.325448981874043,-155.26361054618997,34.211825011241444,3.7
3424,2002.0,5.0,24.0,3.0,36.0,4.75,3424.0,19.43419115164998,-155.15708261142618,40.74677852442648,2.5
3425,2002.0,5.0,29.0,1.0,0.0,9.14,3425.0,19.96125652746869,-155.48616008098807,40.36268936710604,2.5
3426,2002.0,6.0,5.0,3.0,9.0,23.21,3426.0,19.734387971792646,-155.3014668464334,17.21964842156272,2.8
3427,2002.0,6.0,11.0,7.0,27.0,59.06,3427.0,19.639719680039768,-155.38524227650942,41.867093414657134,2.6
3428,2002.0,6.0,19.0,0.0,27.0,46.14,3428.0,19.805416866858096,-155.49127457627236,16.22723610686524,2.7
3429,2002.0,6.0,19.0,15.0,4.0,12.68,3429.0,20.06433764468277,-155.59730205429722,24.27823082783703,2.8
3430,2002.0,6.0,19.0,22.0,10.0,31.77,3430.0,19.605488779605825,-155.25350547544275,29.233834185122877,2.7
3431,2002.0,6.0,22.0,7.0,45.0,40.99,3431.0,20.082024392370567,-155.47262212597713,26.954110534869407,2.7
3432,2002.0,6.0,25.0,2.0,58.0,36.64,3432.0,20.182776882340992,-155.82782049472746,15.116026222247925,2.5
3433,2002.0,7.0,4.0,17.0,57.0,8.43,3433.0,19.472202969503947,-154.99305560627147,3.1705145456587958,2.9
3434,2002.0,7.0,11.0,13.0,5.0,8.71,3434.0,19.616222250373475,-155.65061971020566,14.598608169801452,2.7
3435,2002.0,7.0,16.0,2.0,35.0,20.4,3435.0,19.355676867353367,-155.29140928331415,32.64357915785435,2.8
3436,2002.0,7.0,16.0,11.0,21.0,34.11,3436.0,19.41845716164304,-155.02277746788567,40.06831586263384,2.5
3437,2002.0,7.0,19.0,16.0,6.0,59.85,3437.0,19.46444845187781,-155.61794068639043,13.302322259956314,2.5
3438,2002.0,7.0,24.0,19.0,1.0,21.97,3438.0,19.369555038111223,-155.0349681362533,22.66725973497177,2.6
3439,2002.0,7.0,25.0,23.0,15.0,24.85,3439.0,19.83037278531988,-155.33702866165336,27.086544354680523,2.5
3440,2002.0,7.0,29.0,4.0,2.0,57.0,3440.0,19.917554681191813,-155.84339763767292,42.17945848003773,2.6
3441,2002.0,8.0,4.0,20.0,38.0,17.57,3441.0,19.951245156784843,-155.74721993947793,33.04263238096906,2.6
3442,2002.0,8.0,5.0,2.0,54.0,56.11,3442.0,19.66530716612697,-155.56824040570288,15.65738528058784,3.4
3443,2002.0,8.0,6.0,12.0,49.0,10.71,3443.0,19.80427217438268,-155.60147079780356,41.82892981778989,2.7
3444,2002.0,8.0,11.0,5.0,36.0,13.88,3444.0,19.802326485579066,-155.56969235215269,31.539360027170293,3.2
3445,2002.0,8.0,12.0,18.0,12.0,34.03,3445.0,20.01946661261201,-155.36484360191423,40.912237463685095,2.9
3446,2002.0,8.0,16.0,16.0,51.0,7.95,3446.0,19.251042654369392,-155.7682897586989,28.83516490358736,4.3
3447,2002.0,8.0,28.0,23.0,6.0,42.67,3447.0,19.42067193442201,-155.2427169770854,20.304054959771065,3.5
3448,2002.0,8.0,29.0,3.0,44.0,3.98,3448.0,19.9517537187012,-155.84966396241953,28.090579706610058,2.7
3449,2002.0,8.0,29.0,17.0,37.0,46.14,3449.0,19.511520376073943,-155.38883943980693,27.502099659494775,2.6
3450,2002.0,9.0,6.0,21.0,8.0,37.33,3450.0,19.536610771540705,-155.43045808130955,40.84254656214491,2.5
3451,2002.0,9.0,8.0,18.0,2.0,51.89,3451.0,20.00717135423156,-155.60098349609115,37.04721472343368,2.8
3452,2002.0,9.0,10.0,15.0,9.0,28.27,3452.0,19.72630569625256,-155.96359505555571,12.53902444004866,2.7
3453,2002.0,9.0,12.0,0.0,58.0,54.67,3453.0,19.55738614289405,-155.8423626450639,6.450626272492787,2.6
3454,2002.0,9.0,18.0,13.0,35.0,9.74,3454.0,20.007187029400235,-155.63788278842236,4.788651280196465,2.7
3455,2002.0,9.0,22.0,17.0,55.0,49.46,3455.0,19.74576961007198,-155.83367296657093,16.124831385852723,2.7
3456,2002.0,10.0,5.0,12.0,16.0,14.94,3456.0,19.202348839286707,-155.69246970436808,12.822913695307628,2.6
3457,2002.0,10.0,6.0,14.0,47.0,11.25,3457.0,18.986463799323104,-155.60505103234573,11.28484038630067,3.0
3458,2002.0,10.0,7.0,2.0,17.0,41.26,3458.0,19.279556000127805,-155.41416081413536,44.08200436205252,2.5
3459,2002.0,10.0,7.0,6.0,26.0,1.02,3459.0,19.3259280889371,-155.21693576511916,23.418206559359596,3.4
3460,2002.0,10.0,8.0,19.0,23.0,34.75,3460.0,19.52616397758299,-155.71580755556948,31.70079029099096,2.5
3461,2002.0,10.0,8.0,20.0,3.0,58.98,3461.0,19.868797049548167,-155.5438526293335,29.415852732072437,3.4
3462,2002.0,10.0,11.0,19.0,36.0,11.52,3462.0,19.46866406734734,-155.41774797252629,3.572983152269561,2.8
3463,2002.0,10.0,14.0,12.0,3.0,17.83,3463.0,19.601882402719824,-155.77028925024223,12.889605953172008,3.3
3464,2002.0,10.0,17.0,10.0,51.0,6.3,3464.0,19.808453937463856,-155.78900619157395,43.2905093635964,3.0
3465,2002.0,10.0,18.0,18.0,55.0,45.67,3465.0,18.926345795777213,-155.66230304643963,41.120734119963146,3.3
3466,2002.0,10.0,20.0,21.0,41.0,59.34,3466.0,19.991125892179483,-155.56745925638208,34.02574827563017,3.0
3467,2002.0,10.0,27.0,10.0,26.0,36.39,3467.0,20.215663777563083,-155.86742541259582,41.2030354266894,3.5
3468,2002.0,10.0,31.0,8.0,43.0,26.58,3468.0,19.43385765053153,-155.6672932730249,31.6390829844752,2.7
3469,2002.0,11.0,2.0,17.0,20.0,44.1,3469.0,19.76276135066088,-155.13092934746814,15.030406423854757,2.6
3470,2002.0,11.0,4.0,10.0,48.0,13.07,3470.0,20.134091577374114,-155.62871596579632,13.400641391746364,2.6
3471,2002.0,11.0,5.0,15.0,15.0,5.07,3471.0,19.09914419209428,-155.86209470749486,34.10637001629689,2.6
3472,2002.0,11.0,16.0,22.0,36.0,25.27,3472.0,19.851775780360093,-155.13188487190644,11.271455381137168,2.5
3473,2002.0,11.0,17.0,13.0,22.0,42.4,3473.0,19.29138076377417,-155.88066680749748,33.853752238913174,3.6
3474,2002.0,11.0,24.0,3.0,40.0,18.9,3474.0,19.996658725444902,-155.41315113200827,40.57200052776427,2.7
3475,2002.0,12.0,8.0,13.0,7.0,25.46,3475.0,19.42197775101547,-155.49822483231662,27.591560086893164,2.9
3476,2002.0,12.0,21.0,2.0,36.0,3.77,3476.0,20.234311849632125,-155.84005108306937,39.60855054409782,2.5
3477,2002.0,12.0,25.0,18.0,14.0,3.09,3477.0,20.008609675404244,-155.5598995798159,22.270330270842347,2.7
3478,2002.0,12.0,31.0,19.0,36.0,58.15,3478.0,19.376097341155354,-155.13568023011874,37.718258717637525,3.0
3479,2003.0,1.0,1.0,23.0,37.0,0.57,3479.0,19.91080137940829,-155.2564146534031,2.2074716187710925,3.4
3480,2003.0,1.0,6.0,3.0,42.0,43.61,3480.0,19.80146870874005,-155.4458267232438,43.9313965484356,3.2
3481,2003.0,1.0,6.0,21.0,2.0,34.63,3481.0,19.17065232326524,-155.64990854770514,30.284203017410807,2.5
3482,2003.0,1.0,7.0,2.0,48.0,7.93,3482.0,19.70382931256373,-155.41417252323595,9.833902210692363,4.0
3483,2003.0,1.0,10.0,18.0,16.0,7.13,3483.0,19.516954108557808,-155.53445499726269,25.123204811355464,2.6
3484,2003.0,1.0,14.0,5.0,5.0,28.56,3484.0,19.885192996406868,-155.14589185149012,6.5288413600876005,2.8
3485,2003.0,1.0,20.0,4.0,56.0,56.57,3485.0,19.41294707422183,-155.00443065773976,10.90137911252322,3.5
3486,2003.0,1.0,21.0,15.0,48.0,16.46,3486.0,19.949873535817915,-155.28789502530407,27.811712201969573,2.8
3487,2003.0,2.0,6.0,18.0,25.0,22.22,3487.0,19.85229123734553,-155.3155967777165,11.257164867534014,4.5
3488,2003.0,2.0,8.0,7.0,55.0,54.59,3488.0,19.544261949098505,-155.333608100207,12.490282265489007,2.8
3489,2003.0,2.0,8.0,15.0,19.0,26.93,3489.0,19.3861718764778,-155.52480601098378,2.555738765603427,2.9
3490,2003.0,2.0,9.0,17.0,34.0,44.71,3490.0,19.645679148477218,-155.46490227617403,1.13512633038841,3.0
3491,2003.0,2.0,13.0,21.0,36.0,58.04,3491.0,19.148584917505595,-155.70555640150607,23.28605442881921,2.9
3492,2003.0,2.0,16.0,6.0,30.0,29.75,3492.0,19.175341566101647,-155.61047648549737,32.65203381705348,3.4
3493,2003.0,2.0,24.0,22.0,18.0,9.08,3493.0,19.219312570185373,-155.89210018688675,8.152485243360848,2.7
3494,2003.0,3.0,2.0,4.0,3.0,27.66,3494.0,19.20879480013728,-155.71103094938957,43.102896363787664,3.7
3495,2003.0,3.0,8.0,15.0,48.0,18.12,3495.0,19.37889752448751,-155.58450790002962,38.917694459881766,3.0
3496,2003.0,3.0,10.0,2.0,53.0,12.31,3496.0,19.243319382637548,-155.62715773415073,44.41821613514266,3.2
3497,2003.0,3.0,11.0,17.0,52.0,28.75,3497.0,20.175533968129567,-155.8527138765334,27.28855032896604,2.5
3498,2003.0,3.0,18.0,17.0,54.0,3.38,3498.0,19.4573730752763,-154.99206402653996,17.1993368603203,2.9
3499,2003.0,3.0,25.0,13.0,56.0,50.67,3499.0,19.876028213045107,-155.64670932553477,39.2014651904139,4.1
3500,2003.0,4.0,1.0,16.0,48.0,52.71,3500.0,19.449662679464154,-155.2951503456265,15.98974076326696,2.8
3501,2003.0,4.0,5.0,9.0,18.0,0.41,3501.0,19.35598849165428,-155.0809633127685,24.834891164443995,4.6
3502,2003.0,4.0,8.0,21.0,22.0,1.26,3502.0,19.61579724500385,-155.32073115502817,43.814790730613765,2.5
3503,2003.0,4.0,17.0,6.0,15.0,6.26,3503.0,19.62058022360113,-155.9339347695021,31.13691659747311,3.2
3504,2003.0,4.0,17.0,17.0,31.0,43.88,3504.0,19.65199266966367,-155.6619825881337,20.05521208936329,2.5
3505,2003.0,4.0,24.0,0.0,7.0,43.18,3505.0,19.709070260776155,-155.72174221561124,15.016869857496465,2.6
3506,2003.0,5.0,1.0,23.0,1.0,29.33,3506.0,19.07137261160736,-155.5325004532674,28.85724155587384,2.8
3507,2003.0,5.0,3.0,22.0,7.0,30.27,3507.0,19.89884147768993,-155.2391340244258,6.1851255727056405,2.5
3508,2003.0,5.0,4.0,20.0,28.0,40.0,3508.0,19.60673608411626,-154.9949163094957,30.49604280472184,3.3
3509,2003.0,5.0,13.0,18.0,0.0,28.42,3509.0,19.693059697664697,-155.59527774022973,1.3275897803428958,3.4
3510,2003.0,5.0,14.0,18.0,10.0,20.27,3510.0,19.534883865269865,-154.97252917137828,27.139629710789908,3.1
3511,2003.0,5.0,18.0,6.0,54.0,12.86,3511.0,19.4449070629087,-155.01591069275904,24.25659935378692,3.0
3512,2003.0,5.0,24.0,21.0,27.0,44.09,3512.0,19.90028712234136,-155.16342622110488,5.305086534097438,2.7
3513,2003.0,5.0,31.0,12.0,37.0,51.26,3513.0,19.19552185250524,-155.44343295175662,13.06333174632529,3.0
3514,2003.0,6.0,9.0,3.0,49.0,59.58,3514.0,20.01746562440491,-155.41401451326882,14.485692141393796,2.5
3515,2003.0,6.0,15.0,10.0,58.0,31.75,3515.0,19.60763412767009,-155.5870860552833,34.14186703085183,2.5
3516,2003.0,6.0,21.0,22.0,1.0,2.91,3516.0,19.51715895116932,-155.00933242619467,13.635049658662467,2.5
3517,2003.0,6.0,30.0,20.0,13.0,7.48,3517.0,19.048247250989068,-155.84227629465877,35.96081936357978,3.0
3518,2003.0,7.0,1.0,20.0,1.0,11.08,3518.0,19.266312040177155,-155.5254849158435,13.642470099965983,2.5
3519,2003.0,7.0,4.0,21.0,38.0,6.23,3519.0,19.92256279152783,-155.233072279561,9.394820612484544,2.5
3520,2003.0,7.0,10.0,21.0,9.0,49.74,3520.0,19.95987916398906,-155.60436998953313,42.155871175982064,3.2
3521,2003.0,7.0,15.0,9.0,23.0,16.68,3521.0,19.293950760948537,-155.8830749813614,23.105825508207584,2.5
3522,2003.0,7.0,18.0,0.0,17.0,26.9,3522.0,19.1433151986879,-155.60447757259965,9.25402839787744,2.9
3523,2003.0,7.0,25.0,1.0,38.0,8.07,3523.0,19.843013113055587,-155.51714772110927,5.150058552912584,3.1
3524,2003.0,8.0,1.0,15.0,48.0,2.9,3524.0,19.77811447383241,-155.49961182166336,26.67916591050499,2.9
3525,2003.0,8.0,2.0,22.0,14.0,24.81,3525.0,19.75612932263144,-155.48030924982035,36.7407056851188,2.5
3526,2003.0,8.0,10.0,6.0,56.0,48.14,3526.0,19.46868412862916,-155.04069973829831,42.9820833679744,2.7
3527,2003.0,8.0,14.0,7.0,18.0,38.24,3527.0,19.99484189085448,-155.2933846927997,39.77040494746031,3.4
3528,2003.0,8.0,18.0,8.0,52.0,4.0,3528.0,19.510362391214787,-154.9976635627104,44.21452817573723,3.4
3529,2003.0,8.0,20.0,3.0,22.0,56.93,3529.0,19.528740543429425,-155.25412048284795,6.187112514550562,2.5
3530,2003.0,8.0,27.0,10.0,41.0,46.08,3530.0,19.481880210721272,-155.63061883575156,31.28539320094592,2.7
3531,2003.0,8.0,31.0,14.0,0.0,8.33,3531.0,19.30377245239027,-155.79359254248337,19.48764384326877,2.5
3532,2003.0,9.0,1.0,17.0,33.0,51.77,3532.0,19.398788559500915,-155.83783480572146,11.976601947519807,2.7
3533,2003.0,9.0,5.0,19.0,17.0,15.2,3533.0,19.70334059420114,-155.44736838425786,26.85493737087905,2.5
3534,2003.0,9.0,7.0,17.0,20.0,5.57,3534.0,19.35864917736141,-155.2678231704601,10.315374113696326,2.5
3535,2003.0,9.0,10.0,0.0,3.0,29.1,3535.0,19.867073953708253,-155.3751100398852,16.257463416721524,3.3
3536,2003.0,9.0,21.0,11.0,17.0,35.31,3536.0,19.454528367489115,-155.42077069636295,1.4191831165178708,2.5
3537,2003.0,9.0,29.0,18.0,41.0,53.49,3537.0,19.95369908789594,-155.4098843359136,27.64214540415691,2.5
3538,2003.0,10.0,6.0,8.0,12.0,51.67,3538.0,19.70493116715956,-155.45047130337286,6.365644978139946,3.0
3539,2003.0,10.0,10.0,2.0,24.0,13.48,3539.0,19.580556922940985,-155.6473319998117,29.888207075051493,2.8
3540,2003.0,10.0,12.0,20.0,55.0,0.85,3540.0,20.03185844061253,-155.4114353050112,5.782454210732536,2.6
3541,2003.0,10.0,19.0,7.0,0.0,40.39,3541.0,19.82039653425657,-155.64849132211637,33.142994159640274,3.4
3542,2003.0,10.0,22.0,16.0,8.0,33.73,3542.0,20.136000989973656,-155.8419258341065,5.9641313787029135,2.7
3543,2003.0,10.0,24.0,3.0,46.0,42.66,3543.0,19.58228183107381,-155.28633748501056,34.150317073790575,3.8
3544,2003.0,10.0,25.0,19.0,3.0,38.77,3544.0,19.7472340045618,-155.60220642281593,30.66273525777246,2.8
3545,2003.0,11.0,1.0,9.0,27.0,52.65,3545.0,19.91057133562617,-155.17008266212952,13.940741724461798,2.8
3546,2003.0,11.0,1.0,22.0,16.0,53.4,3546.0,19.774295442264247,-155.4534673112703,40.83725367705648,2.7
3547,2003.0,11.0,4.0,6.0,32.0,35.3,3547.0,19.67577343306544,-155.57593531811028,37.620482049112354,2.6
3548,2003.0,11.0,6.0,8.0,6.0,4.07,3548.0,20.042093793122792,-155.42906839507793,10.007367985148807,2.9
3549,2003.0,11.0,7.0,4.0,4.0,3.92,3549.0,19.891906790225462,-155.17162906932143,43.57065362891023,2.5
3550,2003.0,11.0,8.0,2.0,55.0,19.87,3550.0,19.447642889407334,-154.9023812237768,39.24796946829918,2.8
3551,2003.0,11.0,20.0,16.0,18.0,41.39,3551.0,19.99873610553472,-155.55151382611973,10.81892631283652,3.0
3552,2003.0,11.0,22.0,18.0,38.0,46.67,3552.0,19.720537188935324,-155.91594139631175,39.01287203521255,3.1
3553,2003.0,11.0,24.0,10.0,26.0,20.39,3553.0,19.48198660914478,-155.16757854857124,14.7697185954508,2.7
3554,2003.0,11.0,27.0,4.0,14.0,58.36,3554.0,19.707788375456936,-155.2886107434273,24.10865351253706,2.5
3555,2003.0,11.0,28.0,2.0,4.0,24.62,3555.0,19.90496375809898,-155.836235803123,3.127463387408156,2.5
3556,2003.0,11.0,29.0,18.0,10.0,51.6,3556.0,19.634568083421826,-155.46325979976774,34.21148523616534,3.8
3557,2003.0,12.0,6.0,16.0,54.0,27.59,3557.0,19.679732401350485,-155.0154879235535,9.966707413249464,2.7
3558,2003.0,12.0,8.0,5.0,50.0,26.2,3558.0,19.32940190638737,-155.5615528016838,42.47257192462467,2.6
3559,2003.0,12.0,10.0,20.0,30.0,13.7,3559.0,19.20144016166042,-155.5707282111874,37.7894368193965,2.7
3560,2003.0,12.0,13.0,17.0,41.0,56.82,3560.0,19.2489801867083,-155.70591337581354,44.931915672453975,2.6
3561,2003.0,12.0,22.0,20.0,28.0,14.47,3561.0,19.97649298068675,-155.24387351016173,41.40853653240752,3.2
3562,2003.0,12.0,31.0,12.0,9.0,59.09,3562.0,19.10395187185203,-155.60598525811614,33.636186694712464,2.6
3563,2003.0,12.0,31.0,14.0,2.0,59.58,3563.0,19.4633839365632,-155.30108904010817,25.292046620679837,2.5
3564,2004.0,1.0,4.0,19.0,28.0,43.28,3564.0,19.99919237621584,-155.3917382008929,16.928229547504046,3.4
3565,2004.0,1.0,9.0,20.0,49.0,15.81,3565.0,19.410591856487937,-155.25514085513032,27.721709724864542,2.5
3566,2004.0,1.0,10.0,4.0,55.0,29.54,3566.0,19.743583762363453,-155.11288914111032,7.091791506194608,2.8
3567,2004.0,1.0,11.0,18.0,0.0,17.89,3567.0,20.13869164641614,-155.80477148989843,40.9024188963925,2.6
3568,2004.0,1.0,12.0,17.0,35.0,44.14,3568.0,19.78627783895948,-155.93931613077535,37.26194758091043,3.3
3569,2004.0,1.0,18.0,0.0,26.0,17.62,3569.0,19.46034704265973,-155.58581280754336,9.778814325911345,2.6
3570,2004.0,1.0,21.0,22.0,37.0,16.59,3570.0,19.85831738915549,-155.44413656104828,25.671951791101417,3.1
3571,2004.0,1.0,22.0,14.0,33.0,18.06,3571.0,19.508167547955143,-155.6779789587596,39.65547061007405,3.0
3572,2004.0,2.0,1.0,20.0,4.0,53.14,3572.0,20.21228813370061,-155.8216248039968,8.609404104459918,3.0
3573,2004.0,2.0,7.0,16.0,55.0,10.97,3573.0,19.776331173037093,-155.84606376660804,24.05336107009634,2.6
3574,2004.0,2.0,7.0,17.0,15.0,11.72,3574.0,19.3530630578654,-155.1609431116885,32.37798716981909,2.9
3575,2004.0,2.0,9.0,5.0,23.0,53.5,3575.0,19.501505668954813,-155.70460445277232,24.7570949540344,2.5
3576,2004.0,2.0,17.0,17.0,26.0,12.16,3576.0,19.270940500449427,-155.80764802322545,4.063079627509621,2.6
3577,2004.0,2.0,25.0,2.0,46.0,10.47,3577.0,19.41800711301289,-155.2179305224875,17.206632138520618,2.6
3578,2004.0,2.0,27.0,9.0,5.0,50.53,3578.0,19.70390679098953,-155.31026069446025,41.8632457015058,3.1
3579,2004.0,2.0,28.0,11.0,54.0,30.23,3579.0,19.77219930810371,-155.1135385281761,1.7626986371229236,3.0
3580,2004.0,3.0,8.0,0.0,51.0,35.33,3580.0,19.07329364264097,-155.65035882245888,20.47112611573257,2.6
3581,2004.0,3.0,9.0,23.0,0.0,13.92,3581.0,19.49119660690312,-155.06187177642835,33.13572189366327,2.5
3582,2004.0,3.0,19.0,1.0,7.0,17.47,3582.0,19.70149269485738,-155.54268400883046,27.446749287607897,2.5
3583,2004.0,3.0,20.0,23.0,43.0,32.17,3583.0,19.726905318748827,-155.0921744275363,6.244588975990936,2.6
3584,2004.0,3.0,24.0,14.0,54.0,38.43,3584.0,19.855575309668005,-155.83951137583404,42.90862311917876,3.3
3585,2004.0,3.0,24.0,20.0,18.0,4.13,3585.0,19.980358109094457,-155.54190039476646,15.774885505120125,2.6
3586,2004.0,3.0,30.0,0.0,0.0,15.66,3586.0,19.61084321990573,-155.55597937954474,32.14267634657773,2.7
3587,2004.0,3.0,31.0,20.0,15.0,27.72,3587.0,19.627390321928907,-155.24495951777746,43.30136026089147,2.7
3588,2004.0,4.0,5.0,21.0,7.0,56.66,3588.0,19.23260617770122,-155.58962293790643,30.948369481723308,3.0
3589,2004.0,4.0,7.0,14.0,41.0,36.06,3589.0,19.849180863716285,-155.13549693910173,37.58071160034538,3.1
3590,2004.0,4.0,13.0,11.0,11.0,5.78,3590.0,19.17334068501521,-155.76019123771297,20.394690803185217,2.6
3591,2004.0,4.0,22.0,0.0,20.0,23.95,3591.0,19.09298400437211,-155.67357255423136,23.032561731564645,2.8
3592,2004.0,4.0,22.0,1.0,59.0,58.7,3592.0,19.34124541299118,-155.77150422271072,1.0199518283444626,3.4
3593,2004.0,5.0,13.0,18.0,49.0,19.23,3593.0,19.00526982021986,-155.72519152363287,8.19654495278687,2.8
3594,2004.0,5.0,18.0,1.0,14.0,33.39,3594.0,19.2784416711214,-155.76842316612095,15.93005172272806,2.6
3595,2004.0,5.0,18.0,19.0,24.0,34.75,3595.0,19.80605916464372,-155.87548206160236,39.94326816095565,2.8
3596,2004.0,5.0,18.0,19.0,52.0,20.68,3596.0,19.5743209401826,-154.99321602368573,30.06829813419368,4.5
3597,2004.0,5.0,18.0,22.0,49.0,28.52,3597.0,19.569321977486897,-155.4452768816169,4.464253424809862,2.6
3598,2004.0,5.0,27.0,15.0,10.0,42.48,3598.0,19.441292390483213,-155.60136930752816,36.34062658530309,2.5
3599,2004.0,5.0,27.0,18.0,32.0,28.14,3599.0,19.964040185459176,-155.750764766674,6.341148539609865,3.2
3600,2004.0,5.0,31.0,18.0,5.0,25.33,3600.0,19.483704295295738,-155.10430745917444,19.33562611522831,3.1
3601,2004.0,6.0,5.0,22.0,36.0,34.79,3601.0,19.52625257352321,-155.88964873819685,8.036620308628217,2.7
3602,2004.0,6.0,10.0,22.0,45.0,49.47,3602.0,19.011000692841,-155.59583880471936,24.419114335423096,3.2
3603,2004.0,6.0,12.0,14.0,33.0,39.27,3603.0,19.89335222313576,-155.3751378727992,34.043707248310454,2.9
3604,2004.0,6.0,23.0,3.0,13.0,21.53,3604.0,19.12697857048223,-155.8453884458454,10.40840156627336,2.5
3605,2004.0,6.0,28.0,4.0,15.0,23.18,3605.0,19.04451700130372,-155.69459560044984,42.24891865134901,2.5
3606,2004.0,7.0,1.0,17.0,43.0,25.46,3606.0,20.08510186634904,-155.66334405690372,43.46983990623733,2.6
3607,2004.0,7.0,12.0,21.0,1.0,7.92,3607.0,19.73198560191144,-155.28465770936768,36.67421766604648,2.7
3608,2004.0,7.0,14.0,4.0,54.0,43.67,3608.0,19.28915070584195,-155.43512916248545,37.07374951608318,3.0
3609,2004.0,7.0,19.0,18.0,29.0,54.16,3609.0,19.2813333499972,-155.3937297386786,20.45436062593024,4.9
3610,2004.0,7.0,20.0,13.0,41.0,41.54,3610.0,19.620401978644114,-155.49891824360913,29.488476502599745,2.6
3611,2004.0,7.0,21.0,23.0,47.0,17.47,3611.0,19.666567337729045,-155.66533971216765,32.520193389020875,2.8
3612,2004.0,7.0,30.0,6.0,8.0,30.35,3612.0,19.66845286147121,-155.94888687860615,11.308659899749223,2.5
3613,2004.0,8.0,5.0,19.0,2.0,23.77,3613.0,19.82983750976092,-155.5672985600664,42.76022952135522,2.7
3614,2004.0,8.0,10.0,0.0,43.0,12.99,3614.0,19.395701910628627,-155.41506487887733,7.492876796701406,2.5
3615,2004.0,8.0,14.0,5.0,56.0,28.16,3615.0,19.81691541802831,-155.95759557476362,34.39189776957171,2.8
3616,2004.0,8.0,17.0,11.0,1.0,32.22,3616.0,19.705281605418904,-155.2815330228112,15.188763295130208,2.8
3617,2004.0,8.0,20.0,20.0,41.0,43.29,3617.0,19.489408449810995,-155.23976972832511,10.577473981483786,2.5
3618,2004.0,8.0,24.0,10.0,34.0,38.24,3618.0,19.394821644150177,-155.02012924740615,30.43327248729566,2.5
3619,2004.0,8.0,31.0,15.0,2.0,40.32,3619.0,19.782928026074487,-155.11138909052482,17.927638476899784,3.0
3620,2004.0,9.0,17.0,7.0,52.0,25.34,3620.0,19.33586496121888,-155.8269906918607,34.394242861332344,2.6
3621,2004.0,9.0,27.0,21.0,1.0,40.11,3621.0,19.532522292052377,-155.5809631605512,29.87940545449906,4.0
3622,2004.0,10.0,5.0,10.0,13.0,0.04,3622.0,19.961358615895826,-155.39966337864158,7.673058858772082,2.6
3623,2004.0,10.0,21.0,7.0,18.0,48.65,3623.0,19.69648672856436,-155.84019959078725,43.7106540278304,2.6
3624,2004.0,10.0,24.0,20.0,27.0,33.59,3624.0,19.255934645482,-155.88297893007572,4.211839785481752,3.8
3625,2004.0,10.0,28.0,12.0,24.0,36.72,3625.0,19.49681950971808,-155.10399238820557,17.685151288961436,2.8
3626,2004.0,10.0,29.0,0.0,19.0,9.6,3626.0,19.64807548916554,-155.93702657261082,37.8744365364458,3.1
3627,2004.0,10.0,31.0,2.0,48.0,34.98,3627.0,19.03885303077733,-155.79244825510546,24.51732644967506,2.8
3628,2004.0,11.0,5.0,23.0,44.0,13.72,3628.0,19.707429287583807,-155.48088071319455,10.831595656924907,4.0
3629,2004.0,11.0,16.0,13.0,42.0,58.67,3629.0,19.73123291372704,-155.75605513138214,8.933716758223795,3.7
3630,2004.0,11.0,17.0,7.0,24.0,17.16,3630.0,19.20064153822706,-155.66441324834688,23.327271522334,2.6
3631,2004.0,11.0,22.0,12.0,54.0,39.35,3631.0,19.4241483021151,-155.11881925912087,31.55941498449125,2.5
3632,2004.0,11.0,29.0,12.0,21.0,8.18,3632.0,19.323758671105235,-155.42636272752054,29.96880211596921,2.9
3633,2004.0,12.0,5.0,9.0,41.0,36.57,3633.0,19.778192652902547,-155.6058916602977,2.841073181054012,3.7
3634,2004.0,12.0,6.0,10.0,39.0,47.54,3634.0,20.075526438371888,-155.73436952008154,16.22520184935388,2.8
3635,2004.0,12.0,21.0,6.0,46.0,25.06,3635.0,19.3490995361998,-155.35034303992552,16.312157858689357,2.5
3636,2004.0,12.0,22.0,11.0,4.0,22.18,3636.0,19.901007844474133,-155.60805843318374,11.747260617407044,4.2
3637,2004.0,12.0,24.0,0.0,24.0,35.17,3637.0,19.4593988598112,-155.0906906269528,14.335174199612236,2.9
3638,2004.0,12.0,26.0,16.0,57.0,52.1,3638.0,19.114474622044,-155.527961047475,44.25881664846792,2.5
3639,2004.0,12.0,27.0,22.0,9.0,6.9,3639.0,19.31937918442179,-155.62312682387372,6.01347566071027,3.1
3640,2004.0,12.0,29.0,15.0,12.0,20.12,3640.0,19.23357947213301,-155.50229589067456,39.42926043101839,3.2
3641,2005.0,1.0,12.0,9.0,5.0,28.22,3641.0,19.527661191358632,-155.92341561183937,28.132462675286146,2.7
3642,2005.0,1.0,20.0,4.0,49.0,3.26,3642.0,19.75129928613327,-155.66502160209788,18.73280443608109,2.9
3643,2005.0,2.0,7.0,7.0,37.0,19.73,3643.0,19.44527802442664,-154.94858884837888,6.657554063656647,2.5
3644,2005.0,2.0,12.0,7.0,11.0,38.48,3644.0,20.10740916920611,-155.7369951998131,1.8997084551383687,3.0
3645,2005.0,2.0,18.0,2.0,38.0,45.99,3645.0,19.992741653119687,-155.5943551577609,34.34319620478187,2.5
3646,2005.0,2.0,22.0,10.0,3.0,1.34,3646.0,19.578260561881983,-155.33120276641029,20.42088855555304,3.8
3647,2005.0,3.0,2.0,2.0,21.0,43.43,3647.0,19.719140414234904,-155.10333186935898,38.44928381208311,2.6
3648,2005.0,3.0,7.0,15.0,50.0,33.34,3648.0,19.35929562746938,-155.09079385718388,37.28808680932878,2.8
3649,2005.0,3.0,10.0,12.0,17.0,46.69,3649.0,19.699233465932352,-155.94582395492014,20.452948760483064,2.7
3650,2005.0,3.0,18.0,22.0,38.0,58.04,3650.0,19.87961241715586,-155.90678691027273,26.254345488827028,4.4
3651,2005.0,3.0,19.0,1.0,58.0,51.58,3651.0,19.63727778042448,-155.26057343962682,28.98317684307276,2.5
3652,2005.0,4.0,2.0,7.0,18.0,44.04,3652.0,19.843934528977933,-155.10174522375982,3.599775881137436,2.5
3653,2005.0,4.0,12.0,7.0,16.0,39.88,3653.0,19.428391142611453,-154.9857537946264,21.99021643290726,2.6
3654,2005.0,4.0,18.0,12.0,6.0,53.41,3654.0,19.35356339392444,-155.4569474851727,27.100388073168133,4.1
3655,2005.0,4.0,18.0,15.0,33.0,55.19,3655.0,19.75751389867194,-155.79349503502888,25.3635772918744,3.9
3656,2005.0,4.0,22.0,16.0,4.0,19.57,3656.0,20.06056261435264,-155.78070785764197,36.67502527283547,2.5
3657,2005.0,4.0,23.0,4.0,28.0,47.18,3657.0,19.349544438062733,-155.83104320186948,23.47456648341983,2.6
3658,2005.0,4.0,25.0,18.0,20.0,9.55,3658.0,19.96298774171305,-155.63186589222835,13.377717498936802,2.5
3659,2005.0,5.0,4.0,7.0,3.0,54.21,3659.0,19.52762350036687,-155.26770243442863,34.947632407608985,2.9
3660,2005.0,5.0,4.0,10.0,40.0,51.61,3660.0,19.783406440829857,-155.96929981227396,4.899238118171679,2.6
3661,2005.0,5.0,5.0,19.0,10.0,37.03,3661.0,19.262818333837394,-155.39637629017386,44.71354051352494,2.5
3662,2005.0,5.0,7.0,23.0,59.0,28.88,3662.0,19.55306877292209,-154.89696972931762,2.6607206844706432,2.8
3663,2005.0,5.0,11.0,0.0,53.0,19.75,3663.0,19.518445894954723,-154.82722535861114,10.601344750037695,2.7
3664,2005.0,5.0,18.0,0.0,41.0,7.65,3664.0,19.36698640531643,-155.55296491814076,36.36349657541765,2.6
3665,2005.0,5.0,19.0,15.0,41.0,10.22,3665.0,18.981846205837627,-155.64842583427003,3.5636744347217437,2.8
3666,2005.0,5.0,26.0,12.0,0.0,23.38,3666.0,19.3006949221208,-155.1982208331999,32.42248035920781,3.0
3667,2005.0,6.0,5.0,7.0,59.0,31.58,3667.0,19.87432032117033,-155.43590400338505,31.9551572549818,2.6
3668,2005.0,6.0,6.0,10.0,52.0,18.84,3668.0,19.86025140058956,-155.12187101377634,44.79115399575606,2.6
3669,2005.0,6.0,10.0,11.0,6.0,59.65,3669.0,19.638133560419707,-155.0512627727619,34.6914406375829,2.8
3670,2005.0,6.0,21.0,16.0,36.0,56.58,3670.0,19.04558326558802,-155.83259831526348,2.447261988786192,3.1
3671,2005.0,6.0,24.0,9.0,14.0,16.28,3671.0,19.473931473263097,-154.94593582727242,19.84280407429172,2.8
3672,2005.0,7.0,1.0,11.0,5.0,2.84,3672.0,19.06123139300797,-155.5392781529035,4.452994054139268,3.1
3673,2005.0,7.0,12.0,17.0,43.0,38.24,3673.0,19.459926726647787,-155.57342756057128,19.55940467340338,2.5
3674,2005.0,7.0,18.0,4.0,15.0,50.07,3674.0,19.54000811077155,-155.70215530412247,6.964559358426529,2.5
3675,2005.0,7.0,18.0,18.0,42.0,21.78,3675.0,19.71995031409863,-155.65490237136703,16.549215655405145,2.7
3676,2005.0,7.0,22.0,12.0,31.0,23.27,3676.0,19.684474359726394,-155.18410946732826,44.952475266092,2.7
3677,2005.0,8.0,4.0,4.0,10.0,34.99,3677.0,19.59236773239876,-155.4397410734521,24.906924993566815,2.6
3678,2005.0,8.0,4.0,11.0,39.0,48.33,3678.0,19.68747335522412,-155.87597572958853,17.980607531542105,2.7
3679,2005.0,8.0,5.0,2.0,3.0,1.82,3679.0,19.43860500252345,-155.16859515306388,10.68814145238274,2.5
3680,2005.0,8.0,6.0,19.0,14.0,12.54,3680.0,19.4754830147378,-155.5206069526653,23.697173818648565,5.0
3681,2005.0,8.0,6.0,23.0,30.0,36.02,3681.0,19.715191915826423,-155.5868953047979,24.012338774432457,3.0
3682,2005.0,8.0,19.0,14.0,34.0,56.03,3682.0,19.344227486131,-155.41110856017295,33.4684260535539,2.5
3683,2005.0,8.0,20.0,15.0,12.0,51.93,3683.0,19.46270207480026,-154.99122236173255,37.69377629421477,3.2
3684,2005.0,8.0,30.0,18.0,19.0,48.58,3684.0,19.795178268231496,-155.98586259226238,26.84337532236084,3.1
3685,2005.0,9.0,8.0,16.0,58.0,37.09,3685.0,20.150344577758823,-155.78223431967982,22.816303087622583,2.6
3686,2005.0,9.0,15.0,20.0,1.0,21.56,3686.0,19.6734714866884,-155.16055580381382,5.035955828732204,2.7
3687,2005.0,9.0,16.0,5.0,52.0,38.43,3687.0,19.6484949024707,-155.3688069557766,31.241810717407045,2.5
3688,2005.0,9.0,18.0,11.0,47.0,10.1,3688.0,19.53346469331989,-155.62039476455044,21.70109902762581,3.0
3689,2005.0,9.0,21.0,15.0,10.0,42.12,3689.0,19.03195941333949,-155.7317894707186,8.497953063854151,2.6
3690,2005.0,9.0,26.0,12.0,47.0,14.79,3690.0,19.19463863830484,-155.8257219562749,14.043058451032149,2.7
3691,2005.0,9.0,29.0,1.0,45.0,26.38,3691.0,20.195388452506908,-155.72489836351187,26.37150094683968,2.6
3692,2005.0,10.0,2.0,20.0,4.0,1.43,3692.0,19.421201915490123,-155.3487719783198,26.578316326296218,3.4
3693,2005.0,10.0,6.0,8.0,29.0,52.28,3693.0,19.68995874478185,-155.76212210603322,1.6408268199155671,3.1
3694,2005.0,10.0,9.0,13.0,15.0,27.18,3694.0,19.494476750421224,-155.70041147957002,26.4108304005714,2.6
3695,2005.0,10.0,13.0,22.0,48.0,40.85,3695.0,19.55969578667414,-155.36446269558533,4.885642396563511,3.2
3696,2005.0,10.0,14.0,13.0,25.0,23.11,3696.0,20.05199343315658,-155.3833389508267,26.286314927833214,2.6
3697,2005.0,10.0,22.0,22.0,25.0,16.99,3697.0,19.50200114466621,-155.94504187459032,11.07361970371686,2.6
3698,2005.0,10.0,24.0,11.0,26.0,14.95,3698.0,19.253785807582364,-155.4688403080316,38.77606785668048,3.3
3699,2005.0,10.0,27.0,19.0,48.0,46.38,3699.0,20.183179195816702,-155.69926210894005,36.77249994675007,3.0
3700,2005.0,10.0,30.0,2.0,42.0,36.78,3700.0,19.815388581172552,-155.73727808950102,20.32163688531034,3.0
3701,2005.0,11.0,4.0,13.0,44.0,37.86,3701.0,19.62337789365946,-155.20870712823535,42.765351780512894,2.6
3702,2005.0,11.0,22.0,11.0,28.0,1.28,3702.0,19.642125713531684,-155.5324042438405,7.08159771534161,3.1
3703,2005.0,11.0,22.0,18.0,28.0,46.56,3703.0,19.958602140680178,-155.16823085941718,31.92190350088456,2.6
3704,2005.0,11.0,24.0,11.0,57.0,37.71,3704.0,20.102545110087032,-155.55162015340738,18.384842408838505,2.7
3705,2005.0,12.0,4.0,9.0,28.0,19.79,3705.0,19.58000613423732,-155.04212261617255,20.470950421973978,2.5
3706,2005.0,12.0,11.0,1.0,42.0,42.87,3706.0,19.01801192744391,-155.7316862949479,5.267452379518497,2.5
3707,2005.0,12.0,18.0,1.0,14.0,54.19,3707.0,19.720189994135914,-155.50669294350865,24.40600822338012,2.5
3708,2005.0,12.0,20.0,17.0,8.0,58.86,3708.0,19.772643366866365,-155.1436428246355,9.71781658707554,2.7
3709,2005.0,12.0,24.0,18.0,12.0,16.56,3709.0,19.8229239410139,-155.96984869573078,18.13843433456157,2.5
3710,2005.0,12.0,28.0,5.0,25.0,44.46,3710.0,19.112715310866182,-155.7039836980235,3.756782014629698,2.5
3711,2005.0,12.0,30.0,4.0,18.0,35.81,3711.0,20.00635220560496,-155.37182424101576,10.657834849616489,2.7
3712,2006.0,1.0,2.0,3.0,58.0,43.52,3712.0,19.43065347617677,-155.30073240926072,44.64298266157744,2.7
3713,2006.0,1.0,8.0,18.0,34.0,9.71,3713.0,19.756090591079897,-155.1582026511322,27.86746021168126,2.8
3714,2006.0,1.0,15.0,18.0,1.0,4.55,3714.0,19.52756311588254,-155.67469147218094,33.82501861439352,3.6
3715,2006.0,1.0,20.0,22.0,36.0,42.81,3715.0,19.04798219930616,-155.68997644090754,9.348688809495382,3.3
3716,2006.0,1.0,21.0,8.0,35.0,54.32,3716.0,19.127619404139548,-155.58948268032768,27.44335159853729,2.5
3717,2006.0,1.0,26.0,2.0,32.0,33.22,3717.0,19.75200309296368,-155.96482773447855,24.00372169095748,2.9
3718,2006.0,1.0,26.0,4.0,30.0,6.27,3718.0,20.008917012923565,-155.45744166452155,30.94632957071933,2.6
3719,2006.0,1.0,27.0,17.0,11.0,18.06,3719.0,19.69592171092568,-154.97750226522228,32.76070918697464,3.1
3720,2006.0,2.0,6.0,5.0,35.0,26.46,3720.0,19.3243542138745,-155.491555012003,41.068056964319055,2.6
3721,2006.0,2.0,8.0,9.0,7.0,16.95,3721.0,19.25757700697142,-155.4004346680417,34.720037053758006,2.5
3722,2006.0,2.0,10.0,8.0,6.0,41.48,3722.0,19.950852964650064,-155.23849589078088,34.23672095640556,2.5
3723,2006.0,2.0,19.0,8.0,22.0,21.19,3723.0,19.96737088279968,-155.2117338363078,11.589318312063376,2.6
3724,2006.0,2.0,20.0,20.0,27.0,13.45,3724.0,19.5763201161522,-155.59800246801947,21.381046159574964,3.1
3725,2006.0,3.0,6.0,12.0,25.0,16.44,3725.0,19.46177235592216,-154.9971300253806,20.4025754605174,2.5
3726,2006.0,3.0,6.0,18.0,21.0,8.33,3726.0,19.92014273678001,-155.60001641082172,33.901781144320765,3.0
3727,2006.0,3.0,11.0,23.0,26.0,4.45,3727.0,19.193821449381428,-155.54294107811052,40.30956391365967,2.6
3728,2006.0,3.0,13.0,18.0,1.0,46.44,3728.0,19.1617618319265,-155.5369758226941,5.189350866367962,3.2
3729,2006.0,3.0,17.0,15.0,27.0,48.99,3729.0,19.300942208551344,-155.82561114122385,15.558880220477423,2.9
3730,2006.0,3.0,18.0,7.0,30.0,26.16,3730.0,19.712578970488355,-155.53389311308015,35.11787314789071,3.8
3731,2006.0,3.0,28.0,4.0,5.0,24.29,3731.0,19.17897451726829,-155.60784297272917,23.66430582907173,3.2
3732,2006.0,3.0,29.0,9.0,27.0,56.21,3732.0,19.83643751098144,-155.24768146127866,16.943814915440818,3.2
3733,2006.0,4.0,3.0,20.0,15.0,25.48,3733.0,19.430300728375062,-155.3990494726118,11.36205210414278,2.8
3734,2006.0,4.0,5.0,21.0,59.0,16.24,3734.0,19.1502650123102,-155.62147516837848,1.1330217483610143,2.7
3735,2006.0,4.0,16.0,23.0,37.0,25.91,3735.0,19.026619712544782,-155.69686756680778,26.698314752432733,3.3
3736,2006.0,4.0,18.0,1.0,4.0,56.09,3736.0,19.112291579133867,-155.7728383250759,1.4129451883525443,2.8
3737,2006.0,4.0,18.0,21.0,58.0,31.11,3737.0,19.601590171632743,-155.85033671194236,38.6352446475446,2.6
3738,2006.0,4.0,22.0,9.0,10.0,22.24,3738.0,19.069927596193068,-155.7540724175814,18.176534936162675,3.9
3739,2006.0,4.0,30.0,6.0,5.0,35.45,3739.0,19.232003144285127,-155.73797762277349,8.877089584666592,3.1
3740,2006.0,5.0,9.0,14.0,29.0,26.17,3740.0,20.0656516333022,-155.74916089188125,36.54414523137165,3.0
3741,2006.0,5.0,9.0,20.0,34.0,10.82,3741.0,19.68664624296031,-155.9144467697586,19.038662213660405,2.6
3742,2006.0,5.0,12.0,16.0,21.0,15.84,3742.0,20.036546241632536,-155.539347393618,26.330808837540225,3.8
3743,2006.0,5.0,14.0,15.0,16.0,42.38,3743.0,19.746554308540805,-155.7959053304744,41.33401238305971,2.5
3744,2006.0,5.0,19.0,7.0,21.0,26.4,3744.0,19.107287364027453,-155.84959286867095,26.578389682718875,2.9
3745,2006.0,5.0,22.0,11.0,37.0,4.4,3745.0,19.705065181999,-155.87315967464792,13.076603039661808,2.7
3746,2006.0,5.0,23.0,17.0,18.0,43.49,3746.0,19.638532986184494,-155.89894362303818,34.647979426777994,2.6
3747,2006.0,5.0,26.0,0.0,20.0,39.02,3747.0,18.983174370406072,-155.64294010912403,1.4727152866031243,2.5
3748,2006.0,6.0,3.0,12.0,2.0,11.96,3748.0,19.46250777556637,-154.97886023664887,11.1457093928833,2.8
3749,2006.0,6.0,12.0,20.0,44.0,37.76,3749.0,19.63318990137976,-155.28441828606705,40.83790651757994,2.6
3750,2006.0,6.0,15.0,22.0,45.0,11.96,3750.0,19.94720829171834,-155.17313144321454,43.4873448405092,3.5
3751,2006.0,6.0,17.0,19.0,26.0,21.48,3751.0,19.70383380825869,-155.0200653306102,9.681220304217412,2.5
3752,2006.0,6.0,19.0,22.0,16.0,30.69,3752.0,19.300963863663807,-155.64597660477557,30.159312079089865,2.8
3753,2006.0,7.0,1.0,23.0,2.0,33.8,3753.0,19.27608418737925,-155.1807088061582,19.694106459744333,3.3
3754,2006.0,7.0,5.0,8.0,30.0,41.95,3754.0,19.119571253002825,-155.60063965831878,10.740774096564335,2.9
3755,2006.0,7.0,19.0,7.0,4.0,37.88,3755.0,19.26598026008987,-155.47193321574707,11.313741965546166,2.7
3756,2006.0,7.0,25.0,10.0,30.0,1.91,3756.0,19.63588871733642,-155.0988363612994,8.999406567279463,2.6
3757,2006.0,7.0,30.0,18.0,45.0,42.22,3757.0,19.352233588154547,-155.03706735106525,2.041517983412678,2.8
3758,2006.0,8.0,1.0,11.0,56.0,13.55,3758.0,19.34813440480938,-155.18538166673403,24.082357579108518,4.0
3759,2006.0,8.0,2.0,6.0,42.0,32.45,3759.0,19.3245204357559,-155.30430296369846,42.08993571377183,3.6
3760,2006.0,8.0,3.0,0.0,39.0,55.01,3760.0,20.005123087250176,-155.5822461940358,18.80569349001525,3.5
3761,2006.0,8.0,6.0,3.0,57.0,39.18,3761.0,19.64448469410206,-155.8760253373122,38.27666844013981,2.5
3762,2006.0,8.0,13.0,1.0,46.0,15.08,3762.0,19.382557992633544,-155.5970916093803,40.90090188005039,2.5
3763,2006.0,8.0,17.0,2.0,32.0,46.87,3763.0,19.60151771572841,-155.37207577964244,26.204190910674008,2.5
3764,2006.0,9.0,4.0,12.0,32.0,47.56,3764.0,20.15322875832528,-155.68255011499863,19.076336664917985,2.5
3765,2006.0,9.0,25.0,22.0,21.0,54.96,3765.0,19.37182780977634,-155.40811187375732,43.18087516450319,3.2
3766,2006.0,9.0,26.0,13.0,23.0,12.37,3766.0,19.635054420650768,-155.07031238031993,27.353530311622816,2.9
3767,2006.0,9.0,26.0,15.0,48.0,43.99,3767.0,19.490244595037204,-155.37363455467445,31.48062817267189,2.7
3768,2006.0,10.0,7.0,1.0,4.0,36.69,3768.0,19.616516976407457,-155.45221711519685,15.93696742476175,3.0
3769,2006.0,10.0,10.0,2.0,45.0,49.68,3769.0,19.60749492887976,-155.791067164733,5.875927482013298,2.6
3770,2006.0,10.0,13.0,3.0,49.0,36.78,3770.0,19.303573353617228,-155.19694453559714,32.266196465663214,3.0
3771,2006.0,10.0,17.0,20.0,52.0,32.81,3771.0,19.29314613141273,-155.3005421993082,13.34014559768396,2.6
3772,2006.0,10.0,26.0,15.0,9.0,18.45,3772.0,19.78156784999913,-155.52486375530046,43.90728992843897,3.1
3773,2006.0,11.0,1.0,15.0,12.0,10.24,3773.0,20.1643648224841,-155.74331831270723,20.779380050561585,2.6
3774,2006.0,11.0,9.0,1.0,17.0,2.93,3774.0,20.151730972910137,-155.71291058612704,9.038846556924227,3.5
3775,2006.0,11.0,13.0,13.0,31.0,13.08,3775.0,19.17597889152131,-155.7593311071546,31.302385852960303,2.7
3776,2006.0,11.0,27.0,12.0,39.0,47.58,3776.0,19.9433896422147,-155.49785787600266,3.091114488826117,2.6
3777,2006.0,12.0,7.0,6.0,37.0,37.02,3777.0,19.673162142043545,-155.85733959764764,18.227934758717844,2.7
3778,2006.0,12.0,10.0,0.0,28.0,59.03,3778.0,19.488952866295776,-155.63811692576854,22.16603440392952,2.7
3779,2006.0,12.0,15.0,9.0,49.0,34.57,3779.0,19.326793109199887,-155.82047599906576,26.91029067826769,2.7
3780,2006.0,12.0,19.0,7.0,41.0,38.28,3780.0,19.51887874334456,-155.5172910955144,34.52010637127004,3.0
3781,2006.0,12.0,24.0,19.0,54.0,36.1,3781.0,19.90291271994053,-155.54934932950107,15.92315463352101,2.8
3782,2006.0,12.0,29.0,4.0,9.0,52.7,3782.0,19.94996409566181,-155.43346500497265,42.47613474325098,2.8
3783,2007.0,1.0,13.0,18.0,0.0,0.45,3783.0,19.139139211347207,-155.74314655949567,15.81454993938575,3.1
3784,2007.0,1.0,17.0,16.0,33.0,28.52,3784.0,19.569007537659257,-155.252443534176,33.32422844803289,3.5
3785,2007.0,2.0,7.0,1.0,31.0,6.04,3785.0,19.98962549278128,-155.77683337196467,36.14394184336607,2.7
3786,2007.0,2.0,9.0,6.0,23.0,16.28,3786.0,19.3075171878346,-155.85221581474923,12.800271599914094,2.6
3787,2007.0,2.0,16.0,7.0,34.0,18.78,3787.0,19.798465187808844,-155.90876221982947,11.18378154513179,2.9
3788,2007.0,2.0,19.0,8.0,23.0,25.51,3788.0,19.980716708000173,-155.71852985980718,9.180672668217142,2.6
3789,2007.0,3.0,2.0,0.0,51.0,22.03,3789.0,19.437966975673906,-155.63871210280192,26.254277618658868,2.9
3790,2007.0,3.0,5.0,16.0,9.0,31.74,3790.0,19.11465124988485,-155.72068885073352,30.08631961641217,2.8
3791,2007.0,3.0,22.0,12.0,50.0,46.36,3791.0,19.559946516104432,-155.0476288359235,44.2012436352904,3.3
3792,2007.0,3.0,28.0,15.0,5.0,6.21,3792.0,19.396220215463423,-155.54310609652973,4.081540085425825,2.6
3793,2007.0,3.0,29.0,15.0,40.0,27.22,3793.0,19.4956724852028,-155.81464363132687,5.614820582837695,2.5
3794,2007.0,3.0,30.0,18.0,8.0,12.26,3794.0,19.46521605461565,-155.1566376583908,27.02206679524813,2.5
3795,2007.0,4.0,10.0,22.0,19.0,38.31,3795.0,19.50251277710437,-154.99386848871777,42.72923559807366,2.5
3796,2007.0,4.0,14.0,22.0,19.0,36.97,3796.0,19.766794509757887,-155.81118026802966,32.578107302497244,2.9
3797,2007.0,4.0,20.0,12.0,49.0,43.4,3797.0,19.948794514578,-155.32079582737674,27.51309423108104,3.2
3798,2007.0,4.0,22.0,23.0,16.0,16.24,3798.0,19.297199775104826,-155.53160753565456,20.69975547947412,2.8
3799,2007.0,4.0,27.0,5.0,43.0,34.34,3799.0,19.95821191128054,-155.73780787996935,28.70157722812708,2.5
3800,2007.0,5.0,5.0,2.0,59.0,37.58,3800.0,19.395205128275183,-155.0201391023194,42.09536029147982,2.7
3801,2007.0,5.0,5.0,23.0,23.0,20.61,3801.0,19.79462224215417,-155.49333743230662,25.2334400533148,2.5
3802,2007.0,5.0,13.0,0.0,30.0,14.45,3802.0,20.081667711396943,-155.5834766165698,13.990816271409296,2.6
3803,2007.0,5.0,15.0,2.0,54.0,3.93,3803.0,19.50496370085524,-155.91236620690816,3.253527211512153,2.6
3804,2007.0,5.0,16.0,13.0,34.0,49.83,3804.0,19.470918057231,-155.89499138750617,43.69883720811302,2.5
3805,2007.0,5.0,22.0,11.0,46.0,37.73,3805.0,19.602393352655863,-155.01799001711336,11.19296536043595,2.6
3806,2007.0,5.0,30.0,7.0,59.0,25.5,3806.0,19.69333008465808,-155.85953713320256,27.088275871931668,2.7
3807,2007.0,6.0,1.0,15.0,12.0,2.1,3807.0,19.31400671724564,-155.2121142563168,22.07348490503704,2.6
3808,2007.0,6.0,9.0,5.0,25.0,3.97,3808.0,19.991555333257928,-155.30020617470856,21.20586004355352,2.9
3809,2007.0,6.0,11.0,9.0,7.0,40.88,3809.0,19.2914913066793,-155.54082849973514,32.47292703716887,3.2
3810,2007.0,6.0,12.0,12.0,7.0,54.0,3810.0,19.644471162910783,-155.92404981226326,38.78897279023855,2.8
3811,2007.0,6.0,17.0,19.0,25.0,2.75,3811.0,19.463661395530107,-154.9331479411291,22.52845918301972,3.5
3812,2007.0,6.0,26.0,14.0,9.0,59.88,3812.0,19.235093675686805,-155.8520521296156,3.171808350116628,3.6
3813,2007.0,6.0,26.0,23.0,52.0,36.56,3813.0,19.565747779975208,-155.13774206525488,28.24927011815061,2.6
3814,2007.0,6.0,28.0,5.0,26.0,40.2,3814.0,19.33516005125613,-155.42381545299511,30.154050325669758,3.1
3815,2007.0,6.0,28.0,6.0,46.0,50.19,3815.0,19.74020590093961,-155.1836918436708,16.003007735187285,2.5
3816,2007.0,6.0,29.0,4.0,39.0,55.78,3816.0,19.458132164386228,-155.41302221107497,22.58932786303573,2.8
3817,2007.0,7.0,1.0,12.0,42.0,24.83,3817.0,19.92716268293625,-155.55168838586928,33.29651592145293,2.5
3818,2007.0,7.0,12.0,11.0,32.0,22.15,3818.0,19.993168739139897,-155.70334710036823,4.893466888975297,2.8
3819,2007.0,7.0,20.0,10.0,54.0,49.51,3819.0,19.55601153211252,-154.95975841218004,12.060899049505135,3.5
3820,2007.0,7.0,20.0,13.0,50.0,4.2,3820.0,19.59998572569603,-155.26487216626933,33.56592931931729,2.8
3821,2007.0,8.0,5.0,23.0,18.0,43.17,3821.0,20.060094328649388,-155.5482914271003,22.99526466895196,2.6
3822,2007.0,8.0,6.0,0.0,11.0,56.55,3822.0,19.11186845018554,-155.75772251929777,43.95681757706035,3.5
3823,2007.0,8.0,9.0,15.0,56.0,7.83,3823.0,19.277548450769736,-155.7305204922369,35.630085734332766,2.5
3824,2007.0,8.0,11.0,5.0,22.0,41.93,3824.0,19.27512574717468,-155.83661116855086,35.07192262856158,4.3
3825,2007.0,8.0,14.0,13.0,54.0,40.49,3825.0,19.533909478234488,-155.6318181625922,44.17451650226015,2.8
3826,2007.0,8.0,17.0,2.0,31.0,36.18,3826.0,19.76724268461159,-155.09350241089163,30.688401829408264,3.5
3827,2007.0,8.0,22.0,8.0,18.0,25.19,3827.0,19.692634239126207,-155.26591667940713,39.59350760067499,2.7
3828,2007.0,9.0,5.0,4.0,45.0,17.91,3828.0,19.09557836012245,-155.7200702274979,10.094101789215772,2.6
3829,2007.0,9.0,15.0,7.0,33.0,47.73,3829.0,20.06529149355047,-155.64446139717404,34.49562284825558,2.6
3830,2007.0,9.0,17.0,17.0,1.0,43.27,3830.0,19.94679232682592,-155.40631452271475,32.146974464823714,2.6
3831,2007.0,9.0,19.0,0.0,41.0,12.4,3831.0,19.898901667040043,-155.52909097953733,8.602109679647588,2.6
3832,2007.0,9.0,19.0,21.0,35.0,34.87,3832.0,19.47097634693903,-155.89014835202332,25.92528246158856,2.5
3833,2007.0,9.0,25.0,17.0,12.0,29.35,3833.0,19.504036571413987,-154.87160226065103,37.60643056993463,2.8
3834,2007.0,9.0,28.0,23.0,19.0,57.36,3834.0,19.473770105414445,-155.64958809666243,34.371520109842486,2.7
3835,2007.0,9.0,30.0,22.0,37.0,49.31,3835.0,19.812032788916767,-155.26534995483246,41.97042710638684,2.7
3836,2007.0,10.0,7.0,12.0,20.0,0.41,3836.0,19.330204523062765,-155.84127228739777,32.50298817895649,2.7
3837,2007.0,10.0,13.0,9.0,0.0,35.75,3837.0,19.624182002338507,-155.52481021526594,18.89363273329582,2.9
3838,2007.0,10.0,15.0,10.0,15.0,21.29,3838.0,19.89363490651209,-155.68919598835072,3.793382266877336,4.2
3839,2007.0,10.0,23.0,22.0,32.0,38.75,3839.0,19.533708314263382,-155.8915756781285,14.759909974762676,3.5
3840,2007.0,10.0,28.0,8.0,51.0,48.25,3840.0,19.54027843093276,-155.18544763589898,34.474176132599304,2.5
3841,2007.0,10.0,28.0,12.0,46.0,39.62,3841.0,19.65597027481131,-155.97719326255964,17.737208931676847,2.6
3842,2007.0,10.0,29.0,12.0,7.0,26.97,3842.0,19.961953534620008,-155.725395999235,23.186577462087307,2.8
3843,2007.0,11.0,2.0,19.0,31.0,55.84,3843.0,19.92847128681541,-155.8180505265951,40.37697937946965,2.6
3844,2007.0,11.0,7.0,7.0,35.0,54.5,3844.0,19.39397896334081,-155.47017808188127,35.82883871325535,3.4
3845,2007.0,11.0,8.0,10.0,30.0,59.52,3845.0,19.482899727017344,-154.93598705889588,28.60721523950949,3.3
3846,2007.0,11.0,19.0,8.0,47.0,59.25,3846.0,19.54508464994564,-155.6212129051355,16.4408343785963,4.3
3847,2007.0,11.0,20.0,7.0,33.0,0.08,3847.0,19.476719218132427,-154.83987064704826,29.12800826291095,2.8
3848,2007.0,11.0,23.0,21.0,49.0,6.95,3848.0,19.63352228982851,-155.59555810364637,7.374541624937706,4.0
3849,2007.0,12.0,12.0,20.0,25.0,43.27,3849.0,19.304803903810253,-155.51931514189306,8.396407063922835,3.1
3850,2007.0,12.0,14.0,3.0,54.0,37.49,3850.0,19.081727206415483,-155.8774427291724,17.823299522352375,2.6
3851,2007.0,12.0,16.0,15.0,35.0,53.56,3851.0,19.57523797273037,-155.0385059804822,39.21973903074869,3.2
3852,2007.0,12.0,18.0,18.0,51.0,57.79,3852.0,19.8984150193667,-155.39880093459453,21.999387245387783,2.7
3853,2007.0,12.0,20.0,19.0,25.0,59.42,3853.0,19.534687540667004,-154.978103974293,20.79986055336773,3.1
3854,2007.0,12.0,23.0,11.0,17.0,10.16,3854.0,19.679607415118184,-155.7421184198088,9.458656599023374,2.9
3855,2007.0,12.0,26.0,0.0,16.0,56.61,3855.0,19.292730777901102,-155.82334452256435,16.244351600118787,3.2
3856,2008.0,1.0,2.0,15.0,51.0,51.65,3856.0,19.038124293002568,-155.61640520719644,27.95052021697294,2.8
3857,2008.0,1.0,12.0,15.0,7.0,17.71,3857.0,19.57242497012906,-155.01370547297253,41.29452401088206,3.7
3858,2008.0,1.0,18.0,1.0,0.0,40.32,3858.0,19.208518538772417,-155.76169175060147,35.04824289350047,3.4
3859,2008.0,1.0,29.0,18.0,5.0,17.92,3859.0,19.654711692924376,-155.31047104894992,34.02409607862286,3.1
3860,2008.0,1.0,29.0,22.0,32.0,16.26,3860.0,19.76793137837974,-155.6372402931471,29.38142970991617,2.7
3861,2008.0,1.0,30.0,15.0,16.0,48.23,3861.0,19.528510205205347,-154.8353124971184,14.66193572855069,2.7
3862,2008.0,2.0,4.0,1.0,58.0,19.49,3862.0,19.39285202311382,-155.68071329694425,8.071923692403756,2.8
3863,2008.0,2.0,9.0,9.0,7.0,53.45,3863.0,19.610484879503247,-155.66645955226983,31.820132188380963,2.7
3864,2008.0,2.0,14.0,11.0,16.0,41.94,3864.0,19.33631596728081,-155.0397062057694,35.766017733085334,3.7
3865,2008.0,2.0,18.0,3.0,37.0,30.16,3865.0,19.431703698811106,-155.77731712455918,41.41181397511375,2.8
3866,2008.0,2.0,27.0,17.0,20.0,25.91,3866.0,19.452078093015302,-155.87550079521918,31.267789742995888,2.6
3867,2008.0,3.0,1.0,8.0,59.0,13.27,3867.0,19.60333071695498,-155.0299884352981,6.832073531550448,2.5
3868,2008.0,3.0,2.0,11.0,6.0,52.91,3868.0,19.706927571545112,-155.73680109410566,37.69905131710876,3.3
3869,2008.0,3.0,6.0,7.0,47.0,10.62,3869.0,19.992483260202203,-155.4527150414709,14.698268259178477,2.6
3870,2008.0,3.0,13.0,2.0,39.0,6.12,3870.0,19.798899283192576,-155.57078181465445,29.98036889414123,3.5
3871,2008.0,3.0,13.0,14.0,16.0,42.3,3871.0,19.60168868744704,-155.91772418854964,37.91054788797432,2.8
3872,2008.0,3.0,22.0,19.0,37.0,19.67,3872.0,19.56098586797332,-154.8443079718098,15.619368741876592,3.4
3873,2008.0,4.0,1.0,18.0,9.0,8.33,3873.0,19.625143299742312,-155.0986434702276,24.76362200344525,3.0
3874,2008.0,4.0,2.0,4.0,2.0,58.03,3874.0,19.672487563651707,-155.87269116840798,41.30780325506494,2.5
3875,2008.0,4.0,12.0,3.0,47.0,42.45,3875.0,19.881526484524965,-155.32129736355668,28.41536511752206,2.6
3876,2008.0,4.0,20.0,17.0,40.0,36.85,3876.0,19.407454468795805,-155.7215618725736,36.96218336723511,2.7
3877,2008.0,4.0,23.0,0.0,51.0,1.42,3877.0,19.491179471412,-155.84533077863597,42.80596863877006,3.5
3878,2008.0,4.0,23.0,2.0,4.0,26.44,3878.0,19.334972901707992,-155.211106406756,29.4109757285606,2.8
3879,2008.0,4.0,27.0,8.0,51.0,48.7,3879.0,19.3869074640161,-155.77434678333273,17.403980071422655,3.1
3880,2008.0,5.0,3.0,22.0,0.0,13.64,3880.0,19.64970340398848,-155.38716095318568,29.07145710038226,3.0
3881,2008.0,5.0,3.0,23.0,57.0,1.38,3881.0,19.023331270803443,-155.8440975551661,32.83255014283028,3.1
3882,2008.0,5.0,11.0,16.0,34.0,43.58,3882.0,19.99185191270709,-155.46300417377049,22.32513117084145,2.7
3883,2008.0,5.0,12.0,17.0,8.0,2.0,3883.0,19.25871825569196,-155.31691462928876,27.294004455855507,3.0
3884,2008.0,5.0,13.0,18.0,41.0,45.46,3884.0,19.24566648451352,-155.27753319639606,16.327080188856897,4.0
3885,2008.0,5.0,14.0,10.0,32.0,56.56,3885.0,19.28248747420705,-155.5974781412225,35.64949303497893,2.9
3886,2008.0,5.0,15.0,22.0,58.0,19.44,3886.0,19.26025213159723,-155.59613809188764,39.86927033752608,2.5
3887,2008.0,5.0,18.0,11.0,35.0,5.33,3887.0,19.578128597489293,-155.62785892525568,10.193711737663104,2.5
3888,2008.0,6.0,2.0,15.0,22.0,48.01,3888.0,19.843917961344992,-155.39931959552925,20.166907964445173,3.3
3889,2008.0,6.0,4.0,5.0,21.0,2.04,3889.0,19.622388972848547,-155.82856794695496,40.88501066159712,3.1
3890,2008.0,6.0,13.0,14.0,28.0,15.21,3890.0,19.46277992253286,-155.83124766488183,14.634938141806233,2.5
3891,2008.0,6.0,15.0,13.0,35.0,44.33,3891.0,19.525167499366905,-154.8400791232352,6.096503743329729,2.8
3892,2008.0,6.0,25.0,19.0,50.0,1.93,3892.0,20.047132681946444,-155.72838707453312,14.160760223714975,3.6
3893,2008.0,7.0,13.0,12.0,59.0,19.95,3893.0,19.410745556609275,-155.50157515682187,4.966241940567727,2.9
3894,2008.0,7.0,15.0,11.0,16.0,36.28,3894.0,19.81786602371681,-155.22597105069698,44.3614393966379,2.6
3895,2008.0,7.0,16.0,16.0,33.0,36.14,3895.0,19.362498600982367,-155.84815168417109,37.4848365518996,2.9
3896,2008.0,7.0,19.0,18.0,58.0,37.5,3896.0,19.775021039037632,-155.7085449383762,43.10388757746288,2.5
3897,2008.0,7.0,30.0,20.0,1.0,51.43,3897.0,19.248193357500583,-155.31188556763792,40.29067137900414,2.5
3898,2008.0,8.0,2.0,2.0,59.0,15.28,3898.0,19.598566336141023,-155.09068295696747,7.219135272111583,2.7
3899,2008.0,8.0,4.0,1.0,18.0,39.26,3899.0,19.235257582267888,-155.76239438677564,19.223335664969067,2.6
3900,2008.0,8.0,7.0,10.0,25.0,12.51,3900.0,19.06560983728536,-155.8341825654622,20.370371125383624,2.7
3901,2008.0,8.0,11.0,11.0,28.0,53.04,3901.0,19.21354230241082,-155.4288726278893,31.381108529778054,5.1
3902,2008.0,8.0,12.0,21.0,58.0,47.87,3902.0,19.546016913159388,-155.71107314170575,12.450179632046815,2.8
3903,2008.0,8.0,28.0,21.0,54.0,45.33,3903.0,19.55090922326194,-155.9566328034253,37.75186811547814,3.3
3904,2008.0,9.0,8.0,20.0,34.0,24.51,3904.0,20.10676561377925,-155.76556893165653,5.8916010152721,3.7
3905,2008.0,9.0,15.0,13.0,12.0,50.09,3905.0,19.77883405219849,-155.67827606995627,34.911345076425114,2.9
3906,2008.0,9.0,21.0,7.0,1.0,11.01,3906.0,19.49518693074592,-154.81630186532956,40.80766956582983,2.8
3907,2008.0,9.0,26.0,5.0,21.0,49.82,3907.0,19.17170672518633,-155.49694774510962,31.07020500016133,2.5
3908,2008.0,9.0,27.0,6.0,2.0,57.82,3908.0,19.78024353382028,-155.42409817613384,35.142186516951256,2.8
3909,2008.0,9.0,27.0,18.0,52.0,41.18,3909.0,19.933796545572328,-155.83264426350212,27.14634992270676,3.5
3910,2008.0,9.0,29.0,19.0,51.0,5.91,3910.0,20.14176334411088,-155.7351048760375,16.827256342581645,3.0
3911,2008.0,10.0,3.0,18.0,1.0,10.77,3911.0,19.919294569515667,-155.34450205250266,30.45688147779312,2.7
3912,2008.0,10.0,4.0,8.0,47.0,6.64,3912.0,19.6517054686097,-155.97472482659987,40.54029546524406,2.9
3913,2008.0,10.0,9.0,9.0,7.0,25.3,3913.0,19.302240467562207,-155.57334853566795,37.7923335741648,2.6
3914,2008.0,11.0,4.0,10.0,51.0,50.09,3914.0,19.06951309258632,-155.80859710886915,36.556574984279,2.5
3915,2008.0,11.0,6.0,11.0,45.0,52.11,3915.0,19.453182369292712,-154.93547369919813,29.47002140904114,2.5
3916,2008.0,11.0,26.0,16.0,59.0,4.77,3916.0,19.390711709628505,-155.4462278411613,38.83291797098008,2.8
3917,2008.0,12.0,2.0,16.0,12.0,37.63,3917.0,19.26306924688196,-155.46646676210204,1.7448579956431691,2.8
3918,2008.0,12.0,4.0,1.0,24.0,57.49,3918.0,19.53186782418684,-155.75571564269788,13.70165598910194,3.3
3919,2008.0,12.0,14.0,19.0,56.0,52.68,3919.0,19.920724036597164,-155.71482709620076,44.05249529251424,2.7
3920,2008.0,12.0,15.0,23.0,1.0,34.01,3920.0,19.63718534834493,-155.5507387420926,29.571244571168947,2.9
3921,2008.0,12.0,18.0,21.0,57.0,36.32,3921.0,19.332516022994795,-155.22590340958322,18.53670311240925,2.6
3922,2008.0,12.0,30.0,1.0,58.0,35.84,3922.0,19.8981536623603,-155.89671488155545,23.21416431644724,3.1
3923,2008.0,12.0,31.0,10.0,40.0,40.42,3923.0,19.96156503275285,-155.493250489731,28.30423820508385,2.8
3924,2009.0,1.0,16.0,12.0,20.0,57.62,3924.0,19.770517195010783,-155.43670159145626,44.96102981381468,3.6
3925,2009.0,1.0,23.0,12.0,29.0,3.77,3925.0,19.798373840725024,-155.6660663026762,2.71778127540049,2.5
3926,2009.0,1.0,25.0,18.0,36.0,53.84,3926.0,19.890336200582507,-155.71260789590656,17.04370818509439,2.8
3927,2009.0,1.0,30.0,2.0,28.0,28.03,3927.0,19.40417012310862,-154.96788921675343,20.963669075687285,2.8
3928,2009.0,2.0,6.0,5.0,28.0,28.17,3928.0,19.59807875651954,-155.39148262297198,35.76335687460886,2.5
3929,2009.0,2.0,9.0,11.0,50.0,50.49,3929.0,19.722609984187084,-155.9546297278321,35.95295424279486,2.6
3930,2009.0,2.0,10.0,12.0,36.0,5.1,3930.0,19.394504156316124,-155.2147080779243,15.914963079017332,4.5
3931,2009.0,2.0,18.0,18.0,51.0,51.22,3931.0,19.342347182900383,-155.42482567393375,9.711960477448525,3.2
3932,2009.0,3.0,6.0,15.0,10.0,34.69,3932.0,19.45617918687291,-155.25474287380396,32.88019870353233,3.3
3933,2009.0,3.0,6.0,22.0,21.0,48.46,3933.0,18.989353279254363,-155.6529799313645,42.58058337684584,2.5
3934,2009.0,3.0,9.0,13.0,0.0,43.15,3934.0,19.041449017453417,-155.85764335779575,43.53967828480036,2.6
3935,2009.0,3.0,10.0,10.0,7.0,35.61,3935.0,19.581860663633226,-155.44779059818356,11.063179644714582,3.4
3936,2009.0,3.0,12.0,14.0,56.0,52.67,3936.0,19.21907380861804,-155.6779859411428,4.909713138189188,2.9
3937,2009.0,3.0,13.0,1.0,12.0,28.17,3937.0,19.49199931512369,-155.3307955263956,21.4468159166439,2.7
3938,2009.0,3.0,13.0,1.0,14.0,25.22,3938.0,19.0642508465953,-155.57332223807248,38.83216620668843,3.5
3939,2009.0,3.0,18.0,9.0,13.0,7.99,3939.0,19.49476889027738,-154.84395267011317,37.09249300923515,3.2
3940,2009.0,3.0,31.0,4.0,26.0,0.24,3940.0,19.24736837336052,-155.45792113094143,4.918675370538432,3.3
3941,2009.0,4.0,6.0,20.0,34.0,3.41,3941.0,19.62828916137474,-155.62052576239935,12.575274446293108,2.5
3942,2009.0,4.0,11.0,11.0,21.0,51.85,3942.0,20.02385848184204,-155.73887125016952,34.03795421346546,4.1
3943,2009.0,4.0,13.0,10.0,37.0,0.8,3943.0,19.334513701627383,-155.7388901291904,34.6826196689571,2.7
3944,2009.0,4.0,17.0,3.0,12.0,52.0,3944.0,18.968259926070072,-155.63950048749393,24.42116823276169,2.9
3945,2009.0,4.0,22.0,2.0,12.0,46.54,3945.0,19.333614039359723,-155.4551376376525,25.588533515669084,2.8
3946,2009.0,4.0,22.0,17.0,32.0,11.88,3946.0,19.556962102315428,-155.59669681805568,33.356563617877214,3.1
3947,2009.0,4.0,23.0,15.0,5.0,0.62,3947.0,20.21576915555195,-155.78684569606764,5.481933136353488,2.9
3948,2009.0,5.0,4.0,4.0,4.0,48.89,3948.0,20.0997446118284,-155.7230769692982,10.005727473986257,2.5
3949,2009.0,5.0,17.0,5.0,18.0,21.59,3949.0,20.164394977253323,-155.793547199372,5.969302305332052,2.8
3950,2009.0,5.0,19.0,9.0,55.0,22.66,3950.0,19.392402585167208,-155.49341976822305,34.80820859993646,2.8
3951,2009.0,5.0,19.0,11.0,53.0,1.24,3951.0,19.38173220237691,-155.5118626278812,35.17761768165722,4.5
3952,2009.0,5.0,29.0,13.0,39.0,44.75,3952.0,19.36865060517309,-155.6737411399049,12.400107938277884,2.7
3953,2009.0,6.0,10.0,6.0,26.0,55.26,3953.0,19.511428904869742,-155.6498261076253,21.70424850436582,2.6
3954,2009.0,6.0,11.0,22.0,27.0,59.42,3954.0,19.20764330176937,-155.64850797706484,36.91268498534684,3.1
3955,2009.0,6.0,22.0,20.0,59.0,37.64,3955.0,19.1673258328012,-155.78789100141748,2.7891319937891805,2.6
3956,2009.0,7.0,1.0,15.0,18.0,49.53,3956.0,19.51201064586627,-155.2015517697819,10.774475823653445,3.6
3957,2009.0,7.0,1.0,23.0,14.0,15.15,3957.0,19.42706625260729,-155.04400088526194,9.583168479466323,2.9
3958,2009.0,7.0,19.0,3.0,38.0,15.26,3958.0,19.55147371946677,-154.9325070402392,28.05731690065932,2.5
3959,2009.0,7.0,22.0,22.0,52.0,9.53,3959.0,19.47159267792908,-155.69607583506468,42.94662914987243,3.4
3960,2009.0,7.0,28.0,12.0,50.0,2.4,3960.0,19.78137209173197,-155.80923308366428,39.94507996258255,3.0
3961,2009.0,7.0,30.0,2.0,50.0,28.29,3961.0,19.601691206650585,-154.95611146681335,21.357296008365932,2.9
3962,2009.0,7.0,31.0,22.0,58.0,33.03,3962.0,19.10357729584332,-155.76875751523818,44.55042183013405,2.5
3963,2009.0,8.0,20.0,15.0,21.0,47.94,3963.0,19.866454363707817,-155.40822609059933,6.682985325417055,2.5
3964,2009.0,8.0,31.0,6.0,8.0,51.38,3964.0,19.96381386873603,-155.8479568509606,16.054873593045546,2.6
3965,2009.0,9.0,1.0,15.0,11.0,42.87,3965.0,19.44906749627893,-155.01261813883397,27.673070687527087,3.0
3966,2009.0,9.0,13.0,17.0,46.0,15.32,3966.0,19.45348463272783,-155.07275762287253,17.448398220290844,3.1
3967,2009.0,9.0,23.0,16.0,54.0,42.26,3967.0,19.465607623120512,-155.51891438561162,6.013499248868637,3.3
3968,2009.0,9.0,28.0,7.0,16.0,30.24,3968.0,19.35439289655999,-155.49910449866618,30.902332583379163,2.8
3969,2009.0,10.0,3.0,7.0,48.0,41.98,3969.0,19.9368091200858,-155.3091238249947,9.895132315085466,3.6
3970,2009.0,10.0,8.0,10.0,18.0,1.48,3970.0,19.59364650730286,-155.69903648174443,17.69328819880528,2.8
3971,2009.0,10.0,11.0,18.0,41.0,29.53,3971.0,19.39684473516179,-155.690717326215,40.704333638355365,3.2
3972,2009.0,10.0,17.0,8.0,10.0,22.67,3972.0,19.79069727954466,-155.71238443586014,44.67684837791554,2.5
3973,2009.0,10.0,20.0,5.0,53.0,0.15,3973.0,19.873149387962016,-155.1033508572054,24.558257517317397,2.7
3974,2009.0,10.0,21.0,0.0,35.0,48.98,3974.0,19.89721200347934,-155.61112162755387,40.45278386544193,2.6
3975,2009.0,11.0,4.0,7.0,56.0,33.19,3975.0,19.528724646624298,-155.4811793830085,26.09349943597668,3.2
3976,2009.0,11.0,8.0,3.0,35.0,8.57,3976.0,19.14041559304169,-155.79265059972423,26.95905259070545,2.7
3977,2009.0,11.0,11.0,19.0,58.0,39.42,3977.0,19.72062174086356,-155.1673022903421,38.25041194631995,2.8
3978,2009.0,11.0,19.0,9.0,31.0,54.87,3978.0,20.020005390768937,-155.7864472013894,13.605578519741108,2.8
3979,2009.0,12.0,10.0,1.0,41.0,40.94,3979.0,19.936581495776284,-155.42460436525033,38.7622185593133,2.7
3980,2009.0,12.0,18.0,12.0,41.0,38.48,3980.0,19.598054789709856,-155.4217350792342,14.562617843425215,2.9
3981,2009.0,12.0,22.0,21.0,0.0,9.5,3981.0,19.837603311239505,-155.5877334252437,36.580758512167606,2.7
3982,2009.0,12.0,24.0,1.0,24.0,48.26,3982.0,19.549789659814945,-154.82976428008925,4.33483476558604,3.3
3983,2009.0,12.0,24.0,1.0,52.0,26.6,3983.0,19.39599087810184,-155.1777892596718,40.81559144746009,3.0
3984,2009.0,12.0,26.0,13.0,51.0,1.64,3984.0,19.47914322029253,-155.69741547469934,11.870741161023084,2.5
3985,2010.0,1.0,6.0,11.0,20.0,30.71,3985.0,19.88431923802369,-155.4338004466932,15.990885301899684,2.6
3986,2010.0,1.0,7.0,2.0,20.0,0.75,3986.0,19.881428609689824,-155.233825803023,34.55410762484592,2.6
3987,2010.0,1.0,15.0,11.0,43.0,7.02,3987.0,20.09521155546629,-155.6848854263812,4.065230745859761,3.0
3988,2010.0,1.0,23.0,18.0,0.0,23.01,3988.0,19.650332321340013,-155.6868388667907,30.538963511656974,2.7
3989,2010.0,1.0,24.0,8.0,42.0,39.13,3989.0,19.69492848695862,-155.19286271459407,18.570084443654157,4.3
3990,2010.0,1.0,27.0,15.0,51.0,57.31,3990.0,19.67945514138836,-155.53107477977943,32.122549652320814,2.5
3991,2010.0,1.0,29.0,8.0,27.0,31.26,3991.0,19.63850355298681,-155.23979047241482,19.846221613788657,3.1
3992,2010.0,1.0,31.0,0.0,30.0,49.44,3992.0,19.971167952329345,-155.28300779109838,42.73775347070481,3.2
3993,2010.0,2.0,5.0,6.0,51.0,21.56,3993.0,19.599126842790337,-155.1624015805132,4.839338260277315,3.0
3994,2010.0,2.0,6.0,15.0,26.0,32.74,3994.0,19.38290713611412,-155.35447976141415,24.27947431986386,4.4
3995,2010.0,2.0,8.0,16.0,0.0,32.32,3995.0,19.98049652881573,-155.50015552455153,41.04386918862942,3.7
3996,2010.0,2.0,11.0,9.0,14.0,35.75,3996.0,19.20916564591642,-155.4700084538942,15.85457328708232,3.4
3997,2010.0,2.0,12.0,20.0,7.0,25.86,3997.0,19.75346047010312,-155.6590489754795,34.51363871289516,2.5
3998,2010.0,3.0,3.0,8.0,0.0,7.3,3998.0,19.443518566798023,-154.86166291084018,19.52853841079109,2.5
3999,2010.0,3.0,9.0,3.0,35.0,51.56,3999.0,19.212839654025867,-155.6940597947348,17.804542738559583,2.5
4000,2010.0,3.0,9.0,21.0,58.0,26.01,4000.0,19.217952792600773,-155.58772263964667,44.05208549469874,2.5
4001,2010.0,3.0,10.0,14.0,45.0,47.37,4001.0,19.558455150886992,-154.9038032820034,41.15785299554047,3.2
4002,2010.0,3.0,16.0,22.0,38.0,22.11,4002.0,19.332499329005245,-155.70650137523714,26.223756380243906,3.2
4003,2010.0,3.0,23.0,23.0,2.0,47.25,4003.0,19.398892235239995,-155.4284458762225,20.477176753969847,2.8
4004,2010.0,3.0,26.0,13.0,45.0,31.0,4004.0,19.900356023881663,-155.7096088665475,10.545618044229458,2.5
4005,2010.0,3.0,26.0,22.0,2.0,7.59,4005.0,19.532321561306286,-155.10452822020136,40.31013558754718,2.5
4006,2010.0,3.0,30.0,12.0,33.0,22.13,4006.0,19.60573954601859,-155.69534226311237,30.891988875938782,2.5
4007,2010.0,4.0,1.0,6.0,24.0,45.18,4007.0,19.62458811918441,-155.04664329273533,29.116749976097115,2.5
4008,2010.0,4.0,11.0,12.0,55.0,48.57,4008.0,19.1439199874688,-155.89766735212737,10.0356290667749,2.8
4009,2010.0,4.0,12.0,1.0,16.0,26.96,4009.0,19.943258554212484,-155.50467489376294,33.933002015965954,2.7
4010,2010.0,4.0,20.0,1.0,30.0,42.31,4010.0,19.90772435120761,-155.15829132249235,11.14331329005232,2.6
4011,2010.0,5.0,11.0,1.0,6.0,35.84,4011.0,19.842287647965804,-155.55159759132752,20.750366727747323,3.7
4012,2010.0,5.0,17.0,2.0,13.0,7.86,4012.0,19.472308582542546,-155.92881590865233,18.54961844418185,2.5
4013,2010.0,5.0,21.0,7.0,50.0,54.14,4013.0,19.381556336283445,-155.4022349387019,30.62688859518427,2.7
4014,2010.0,5.0,21.0,9.0,37.0,58.14,4014.0,19.406442950242845,-155.75761558801065,38.312807765112055,2.7
4015,2010.0,6.0,1.0,5.0,16.0,23.04,4015.0,19.777342673657568,-155.29396320656855,28.137214509148706,2.8
4016,2010.0,6.0,1.0,23.0,53.0,58.72,4016.0,19.43902483469332,-155.7111643259142,36.26318946862423,2.5
4017,2010.0,6.0,8.0,9.0,16.0,21.71,4017.0,19.82621061988739,-155.26589932773456,28.152564475483548,2.7
4018,2010.0,6.0,13.0,23.0,24.0,46.76,4018.0,19.53479935759152,-155.76682070472887,8.832713674302976,4.1
4019,2010.0,6.0,15.0,14.0,10.0,50.57,4019.0,19.51125563311664,-155.72143798858716,23.09698650403798,3.4
4020,2010.0,6.0,16.0,9.0,37.0,47.84,4020.0,19.07771417701011,-155.773205815738,26.919268906633555,3.0
4021,2010.0,6.0,17.0,2.0,37.0,16.1,4021.0,19.601332249126507,-154.95640660879133,10.235675707432636,4.5
4022,2010.0,6.0,21.0,16.0,22.0,43.04,4022.0,19.05328853612784,-155.72587181720195,15.270709126412775,3.0
4023,2010.0,6.0,25.0,2.0,26.0,52.93,4023.0,19.295561202522546,-155.3501243352468,7.736619423937286,2.6
4024,2010.0,7.0,2.0,0.0,33.0,23.61,4024.0,19.66231732914954,-155.10460142390173,42.14459523589218,2.5
4025,2010.0,7.0,3.0,2.0,0.0,23.55,4025.0,19.2596488431273,-155.44600679272207,32.6785711031861,3.2
4026,2010.0,7.0,7.0,1.0,16.0,54.59,4026.0,20.10254972721096,-155.84316220190328,43.84603680821058,2.7
4027,2010.0,7.0,8.0,21.0,57.0,32.85,4027.0,19.59703917740899,-155.28631406067132,26.704719756067615,3.3
4028,2010.0,7.0,14.0,14.0,24.0,15.65,4028.0,19.92758953893768,-155.72311406907747,29.569556460783943,2.5
4029,2010.0,7.0,18.0,10.0,19.0,47.05,4029.0,19.556932738105665,-155.32030660796454,22.368209454701272,2.5
4030,2010.0,7.0,19.0,7.0,0.0,6.38,4030.0,19.617299351541973,-155.04707296829702,22.4832290209186,3.1
4031,2010.0,7.0,21.0,16.0,10.0,34.01,4031.0,19.92128679025847,-155.14621459591618,9.077990153113664,2.7
4032,2010.0,7.0,25.0,7.0,6.0,21.82,4032.0,19.233644553902007,-155.47275655540236,11.233015616176534,3.0
4033,2010.0,8.0,5.0,16.0,36.0,24.99,4033.0,19.555602316176376,-154.89269444443318,29.8704122986897,2.7
4034,2010.0,8.0,7.0,1.0,16.0,16.64,4034.0,19.71371217570086,-155.12431159436025,21.076882539236284,3.2
4035,2010.0,8.0,8.0,1.0,34.0,32.73,4035.0,19.91191705321328,-155.2160358864551,34.30369322941095,2.7
4036,2010.0,8.0,18.0,0.0,42.0,6.15,4036.0,19.77451048309595,-155.34526016556424,31.761905730445505,3.2
4037,2010.0,8.0,21.0,23.0,52.0,43.57,4037.0,19.72583990729146,-155.12980684988636,10.445765128528173,2.7
4038,2010.0,8.0,26.0,21.0,27.0,0.34,4038.0,19.484546591708693,-154.90598780176057,15.29207057008695,3.5
4039,2010.0,8.0,29.0,18.0,33.0,23.15,4039.0,19.5899091219092,-155.76870168653653,18.77311576826912,3.1
4040,2010.0,9.0,11.0,11.0,55.0,30.21,4040.0,19.32752434937733,-155.38221428606474,15.179238175530916,2.5
4041,2010.0,9.0,21.0,0.0,48.0,46.46,4041.0,19.86845499772832,-155.31291386788092,30.178319935678463,2.9
4042,2010.0,9.0,25.0,9.0,37.0,56.73,4042.0,18.96839660647864,-155.69358487049664,41.52527904293217,2.7
4043,2010.0,9.0,30.0,14.0,49.0,33.44,4043.0,20.18670158340344,-155.77595667495416,12.137477412266634,3.1
4044,2010.0,10.0,15.0,21.0,11.0,20.19,4044.0,20.08555240240192,-155.6836006305539,35.42564529608113,2.7
4045,2010.0,10.0,16.0,23.0,17.0,8.97,4045.0,19.5492155054272,-155.6795886249207,1.2124319436151985,2.6
4046,2010.0,10.0,18.0,9.0,12.0,33.07,4046.0,19.80923480897113,-155.75198541234343,9.521938208598536,2.5
4047,2010.0,10.0,24.0,5.0,4.0,24.26,4047.0,19.36864244012916,-155.41660681676947,17.33607773119435,3.5
4048,2010.0,10.0,26.0,11.0,16.0,49.41,4048.0,19.072919122995494,-155.69805101371122,12.700942386172612,2.8
4049,2010.0,10.0,29.0,13.0,50.0,14.62,4049.0,19.98168038972406,-155.50239720482637,33.70507468922532,2.5
4050,2010.0,11.0,6.0,1.0,40.0,37.27,4050.0,19.128573570307807,-155.7690994196728,14.20061691267588,2.9
4051,2010.0,11.0,12.0,15.0,59.0,20.85,4051.0,19.8638920509358,-155.4888477897099,13.811155579343708,2.7
4052,2010.0,11.0,18.0,18.0,32.0,42.58,4052.0,19.164842463687545,-155.76672435933082,18.10601557272063,2.7
4053,2010.0,11.0,28.0,22.0,5.0,9.93,4053.0,19.926356240888108,-155.88754451204673,19.184838805605377,5.5
4054,2010.0,12.0,2.0,21.0,33.0,30.01,4054.0,19.982680080368404,-155.23476864920008,17.493727935599598,3.1
4055,2010.0,12.0,4.0,2.0,2.0,12.35,4055.0,20.041907449231992,-155.5428564448722,37.52725329318351,2.5
4056,2010.0,12.0,5.0,17.0,0.0,55.55,4056.0,19.958268315084982,-155.7643390112913,37.12532358282978,2.8
4057,2010.0,12.0,6.0,16.0,55.0,33.88,4057.0,19.501733561478684,-155.60098345697648,42.848194907866,2.6
4058,2010.0,12.0,6.0,22.0,38.0,42.22,4058.0,19.417178330272485,-155.54477793657054,30.478852236543485,3.1
4059,2010.0,12.0,10.0,16.0,46.0,25.16,4059.0,19.34708677376144,-155.09589489908157,5.840624589940838,3.0
4060,2010.0,12.0,12.0,1.0,1.0,48.84,4060.0,19.37187507712409,-155.23904368074062,11.513980963042792,3.0
4061,2010.0,12.0,13.0,5.0,26.0,35.68,4061.0,19.545264942273835,-155.5159904934189,5.990837632628366,2.5
4062,2010.0,12.0,14.0,12.0,21.0,45.08,4062.0,19.592647561149384,-155.49068688147116,37.20764824450755,2.6
4063,2010.0,12.0,24.0,6.0,37.0,42.9,4063.0,19.55092757105771,-155.78578075286768,10.384019371623875,3.1
4064,2011.0,1.0,8.0,7.0,3.0,51.25,4064.0,19.61020326773829,-155.19876909242862,20.62836385967087,2.6
4065,2011.0,1.0,12.0,20.0,23.0,3.48,4065.0,19.82043239126189,-155.09974461808815,2.7149917002755406,2.5
4066,2011.0,1.0,22.0,5.0,41.0,9.52,4066.0,19.59516789674138,-155.10071898612506,34.46551928988938,2.5
4067,2011.0,1.0,27.0,23.0,25.0,53.86,4067.0,19.855155684930264,-155.6729320602974,34.97869712526893,4.4
4068,2011.0,2.0,10.0,4.0,31.0,12.35,4068.0,19.717675229081504,-155.3537743142752,24.809013092515908,2.7
4069,2011.0,2.0,20.0,2.0,55.0,39.27,4069.0,19.781819699410285,-155.90881344619078,37.210025123496784,2.8
4070,2011.0,2.0,20.0,9.0,50.0,4.57,4070.0,19.30463472778691,-155.76284707990558,8.186609687806893,2.7
4071,2011.0,2.0,20.0,18.0,2.0,25.08,4071.0,19.43324543158672,-155.01368044052018,2.5048193522602307,3.0
4072,2011.0,3.0,2.0,4.0,4.0,46.73,4072.0,19.98721795920968,-155.25381196575466,11.486344906042763,2.5
4073,2011.0,3.0,5.0,18.0,17.0,50.41,4073.0,19.239232901316043,-155.85759758924775,11.04200083894086,3.4
4074,2011.0,3.0,14.0,2.0,23.0,48.85,4074.0,19.190557468360343,-155.49419851810455,15.467476170157552,5.4
4075,2011.0,3.0,17.0,14.0,23.0,59.64,4075.0,19.005045601572355,-155.66945117126207,13.444079943594584,3.2
4076,2011.0,3.0,29.0,9.0,57.0,51.82,4076.0,19.45233026082395,-154.88818757088117,22.25297239771584,2.5
4077,2011.0,4.0,9.0,2.0,27.0,47.63,4077.0,19.65784524509169,-155.1869104381824,34.430145640130924,2.6
4078,2011.0,4.0,13.0,16.0,35.0,28.13,4078.0,19.61098707018676,-155.8460506309147,6.763700321855749,2.5
4079,2011.0,4.0,20.0,5.0,12.0,27.54,4079.0,19.954847373636703,-155.58129908313003,13.305591355353968,2.9
4080,2011.0,4.0,22.0,21.0,8.0,25.61,4080.0,19.446856659241988,-155.86110432643363,8.94123214456472,2.6
4081,2011.0,4.0,29.0,23.0,40.0,25.08,4081.0,19.69208401419483,-155.89671074005926,1.7777552984810263,2.5
4082,2011.0,5.0,1.0,19.0,19.0,13.67,4082.0,19.45020158555408,-155.42260149139943,13.563436092969017,2.8
4083,2011.0,5.0,2.0,12.0,43.0,41.59,4083.0,19.434660576581948,-154.93704164162003,11.501153166280831,3.4
4084,2011.0,5.0,3.0,4.0,25.0,57.25,4084.0,19.80847748547864,-155.90442894288856,24.74092362323471,2.5
4085,2011.0,5.0,18.0,19.0,45.0,19.43,4085.0,20.029562225144115,-155.71523917652038,21.380063606245518,2.5
4086,2011.0,5.0,22.0,9.0,56.0,29.02,4086.0,18.931175752907645,-155.6682951991901,25.953041406166367,2.6
4087,2011.0,5.0,22.0,13.0,32.0,38.82,4087.0,19.165131228324245,-155.83840056053148,5.34945688298308,3.3
4088,2011.0,5.0,26.0,3.0,17.0,13.06,4088.0,18.99170709606468,-155.7491274629055,37.50071007904165,2.6
4089,2011.0,5.0,27.0,18.0,0.0,43.31,4089.0,19.720743388405666,-155.00948549210636,6.641547463503353,2.8
4090,2011.0,5.0,28.0,7.0,40.0,0.69,4090.0,19.348860609382445,-155.7982313649188,44.90550343487696,2.9
4091,2011.0,6.0,7.0,4.0,36.0,29.71,4091.0,19.82222177568223,-155.3846907118765,29.753031080730416,2.5
4092,2011.0,6.0,8.0,15.0,58.0,50.51,4092.0,19.87977785385503,-155.12509117889684,41.46826352894084,2.7
4093,2011.0,6.0,13.0,3.0,43.0,18.67,4093.0,19.35606041754228,-155.72896242348946,30.004067173586296,2.5
4094,2011.0,6.0,22.0,11.0,43.0,23.44,4094.0,19.89999105521148,-155.68246114551778,14.658562987649324,3.4
4095,2011.0,6.0,23.0,17.0,58.0,27.29,4095.0,19.134156955514985,-155.89407209910206,18.7214460245982,4.3
4096,2011.0,6.0,24.0,8.0,21.0,38.95,4096.0,19.222825977110407,-155.49781785225483,29.266412303395125,2.7
4097,2011.0,6.0,28.0,8.0,40.0,27.16,4097.0,19.60978503249148,-155.10346534586196,39.732835424197376,2.7
4098,2011.0,6.0,30.0,20.0,25.0,18.19,4098.0,19.38529262713592,-155.61918856881863,44.33195124902002,3.3
4099,2011.0,7.0,1.0,1.0,48.0,48.36,4099.0,19.77276043799453,-155.48251437219716,21.298772947407272,3.1
4100,2011.0,7.0,6.0,16.0,49.0,38.24,4100.0,19.04717769347742,-155.53682622975057,4.998061042326491,2.7
4101,2011.0,7.0,10.0,17.0,19.0,43.88,4101.0,19.77482937003885,-155.5079660634321,2.937964422815681,2.8
4102,2011.0,7.0,11.0,12.0,18.0,24.09,4102.0,19.465309500680966,-155.72780472195572,13.578987988347478,2.8
4103,2011.0,7.0,14.0,6.0,13.0,32.12,4103.0,19.62380469913193,-155.39467593603806,28.048030525823687,2.9
4104,2011.0,7.0,15.0,14.0,49.0,14.68,4104.0,19.373644487090907,-155.11256865749982,2.712697931262934,3.4
4105,2011.0,7.0,16.0,3.0,41.0,54.64,4105.0,19.27512006390266,-155.59986217788935,32.84616737453851,2.5
4106,2011.0,7.0,17.0,1.0,54.0,6.51,4106.0,19.530949218407244,-155.09384103548092,4.468358909985246,3.9
4107,2011.0,7.0,18.0,15.0,52.0,22.62,4107.0,19.514018443206734,-154.9580009144073,3.755509961776837,2.6
4108,2011.0,7.0,25.0,13.0,1.0,5.42,4108.0,19.51388848117285,-155.51823317167342,29.29344506860396,2.8
4109,2011.0,8.0,2.0,0.0,4.0,7.79,4109.0,20.19078297523336,-155.77902275019733,39.2354976928108,2.8
4110,2011.0,8.0,3.0,2.0,3.0,23.15,4110.0,19.57930404920954,-154.9724073526291,19.80668791779288,3.0
4111,2011.0,8.0,11.0,9.0,45.0,32.68,4111.0,19.36094910974297,-155.44664699226786,8.594209537281666,2.7
4112,2011.0,8.0,14.0,7.0,51.0,32.19,4112.0,19.56128860284111,-155.35746676843448,26.13840243279726,3.8
4113,2011.0,8.0,17.0,23.0,49.0,57.77,4113.0,19.25447491436644,-155.87248515042955,40.106307962894135,2.5
4114,2011.0,8.0,29.0,21.0,23.0,20.58,4114.0,19.745258110894355,-155.1815466567539,41.17857041461584,2.5
4115,2011.0,8.0,31.0,21.0,40.0,28.4,4115.0,19.57104323928652,-155.87307265353493,17.567808479168903,3.0
4116,2011.0,9.0,2.0,13.0,39.0,11.9,4116.0,19.670768085147632,-155.6319240485355,11.8268456091422,3.1
4117,2011.0,9.0,5.0,17.0,2.0,21.41,4117.0,19.70202657743533,-155.32470934023905,17.395992078926163,2.8
4118,2011.0,9.0,12.0,23.0,38.0,0.41,4118.0,19.645188710791864,-155.90509171434925,3.5601346804364824,2.5
4119,2011.0,9.0,13.0,3.0,19.0,8.11,4119.0,19.39668680698871,-155.1837418524492,30.742057821522668,3.1
4120,2011.0,9.0,16.0,13.0,39.0,38.37,4120.0,19.544914689716524,-155.52134130037496,10.675110092113083,2.6
4121,2011.0,9.0,16.0,18.0,52.0,34.88,4121.0,20.11560178620528,-155.84981704544566,20.995489188220944,2.8
4122,2011.0,9.0,23.0,0.0,50.0,50.53,4122.0,19.26086537981105,-155.64943291926093,34.023207878802424,3.5
4123,2011.0,9.0,28.0,7.0,9.0,24.24,4123.0,19.867993060515943,-155.39149617244652,35.46376209354502,4.5
4124,2011.0,10.0,5.0,4.0,42.0,48.87,4124.0,19.11419610406073,-155.63769778262713,29.143729279674023,3.3
4125,2011.0,10.0,17.0,1.0,27.0,27.4,4125.0,19.84223146567228,-155.36532257631484,2.242898276964533,2.6
4126,2011.0,10.0,18.0,19.0,53.0,57.95,4126.0,19.66636484670948,-154.9953710334301,30.68644946182323,2.7
4127,2011.0,10.0,25.0,11.0,26.0,24.26,4127.0,19.4064262067715,-155.42018107850217,3.2548471937232337,3.9
4128,2011.0,10.0,31.0,0.0,53.0,10.43,4128.0,19.516451401172755,-155.20174521643895,26.27274730253233,2.5
4129,2011.0,11.0,4.0,14.0,22.0,48.83,4129.0,19.244519131684108,-155.26776219727014,33.82206712469082,2.8
4130,2011.0,11.0,11.0,18.0,43.0,5.06,4130.0,19.18114909608756,-155.69510339670893,30.25012642157845,2.7
4131,2011.0,11.0,13.0,18.0,40.0,29.02,4131.0,19.21056020704482,-155.80337398234346,37.71388899620813,2.9
4132,2011.0,11.0,17.0,4.0,16.0,33.58,4132.0,19.36908955343477,-155.3204215111926,29.92991445930136,2.9
4133,2011.0,11.0,21.0,8.0,27.0,10.8,4133.0,19.813953265704424,-155.3089714114378,25.10721448626056,2.6
4134,2011.0,11.0,28.0,11.0,17.0,35.86,4134.0,19.79621397157276,-155.27795046902278,26.89153029080825,2.5
4135,2011.0,12.0,1.0,3.0,50.0,25.92,4135.0,19.70611888711119,-155.71783940810846,19.33915335249983,3.1
4136,2011.0,12.0,9.0,5.0,57.0,27.02,4136.0,19.57990885089344,-155.08540591430855,36.33906869924896,3.0
4137,2011.0,12.0,15.0,16.0,40.0,48.72,4137.0,19.780178039554915,-155.90981854298565,8.73046547552706,2.7
4138,2011.0,12.0,20.0,0.0,14.0,22.16,4138.0,19.61811849473543,-155.4011412915914,12.57428360074499,2.6
4139,2011.0,12.0,20.0,13.0,19.0,7.28,4139.0,19.67131527523212,-155.15133315175126,35.996990550832784,2.5
4140,2011.0,12.0,21.0,19.0,15.0,54.8,4140.0,18.99791653300894,-155.6074835211547,1.2747750744777848,2.7
4141,2011.0,12.0,24.0,4.0,37.0,13.03,4141.0,19.851143889004085,-155.7503529872801,37.85219020364763,2.9
4142,2011.0,12.0,24.0,7.0,21.0,1.5,4142.0,19.721497214153203,-155.74223441207016,33.42677103518788,2.7
4143,2011.0,12.0,25.0,17.0,52.0,26.9,4143.0,19.540044664492264,-155.6052119809308,2.464220066814112,2.5
4144,2011.0,12.0,28.0,10.0,59.0,6.06,4144.0,19.51599207694925,-154.8050927844042,9.820068813799503,2.8
4145,2012.0,1.0,7.0,20.0,12.0,25.44,4145.0,19.789346751598927,-155.38164180162838,6.725281368823451,2.5
4146,2012.0,1.0,20.0,0.0,23.0,54.89,4146.0,19.93836731086227,-155.77504299233806,30.275926182144104,2.5
4147,2012.0,1.0,20.0,5.0,42.0,24.27,4147.0,20.07169765435152,-155.80434474725496,17.377036732184575,2.6
4148,2012.0,1.0,27.0,17.0,58.0,56.28,4148.0,19.55585934948772,-155.8314824806594,41.73283477607226,2.6
4149,2012.0,2.0,6.0,18.0,32.0,42.53,4149.0,19.603034669185465,-155.66819848901463,38.24517038760452,2.5
4150,2012.0,2.0,11.0,1.0,6.0,17.08,4150.0,19.499397712447607,-155.11350009415114,22.312615843023643,2.6
4151,2012.0,2.0,12.0,22.0,36.0,45.1,4151.0,19.828578499361853,-155.7027472730718,9.071822594895533,3.1
4152,2012.0,2.0,19.0,0.0,42.0,34.63,4152.0,19.87527586504001,-155.2953436022474,6.657409419556957,3.7
4153,2012.0,2.0,29.0,20.0,2.0,47.56,4153.0,19.50002054591913,-155.74940827499077,24.556446754274287,2.5
4154,2012.0,3.0,9.0,19.0,44.0,40.69,4154.0,19.95561839584143,-155.83883609574497,3.674673198259881,2.5
4155,2012.0,3.0,18.0,1.0,45.0,53.84,4155.0,19.20355776888728,-155.6251690747038,21.667803825185715,2.8
4156,2012.0,3.0,19.0,8.0,40.0,4.84,4156.0,18.99358097328225,-155.63287966463534,34.05111290012334,2.5
4157,2012.0,3.0,20.0,15.0,13.0,34.2,4157.0,19.966683898906663,-155.2967040737118,31.88608306028725,2.6
4158,2012.0,3.0,20.0,23.0,18.0,44.26,4158.0,19.49605992953156,-155.7233639814864,16.325825309443,2.5
4159,2012.0,3.0,22.0,14.0,51.0,53.84,4159.0,19.29725415729051,-155.79040583717656,3.0733630474454485,2.5
4160,2012.0,3.0,24.0,22.0,18.0,22.55,4160.0,19.4667833937476,-155.07680784924978,32.7884144832822,2.6
4161,2012.0,3.0,28.0,23.0,30.0,27.23,4161.0,19.44386182475557,-155.68681953155095,23.79526770258783,2.5
4162,2012.0,3.0,30.0,10.0,14.0,42.29,4162.0,19.641063322425303,-154.99866469247954,40.38706771593914,2.6
4163,2012.0,4.0,1.0,2.0,57.0,12.31,4163.0,19.850151482129007,-155.2164376966686,34.78516728745024,2.5
4164,2012.0,4.0,3.0,7.0,59.0,50.7,4164.0,20.10187235184452,-155.63509941584755,43.02799155869703,2.6
4165,2012.0,4.0,7.0,21.0,53.0,4.02,4165.0,19.4403667411548,-155.3888556838236,8.597954085067673,2.5
4166,2012.0,4.0,10.0,14.0,0.0,57.64,4166.0,19.40602229078237,-154.98386094975282,26.110219074140588,2.9
4167,2012.0,4.0,13.0,2.0,46.0,55.42,4167.0,19.849568174988367,-155.7659142607382,33.34240925966267,3.4
4168,2012.0,4.0,16.0,16.0,51.0,19.33,4168.0,19.759342129968545,-155.65823262849565,33.36306547486506,4.0
4169,2012.0,4.0,29.0,16.0,44.0,30.11,4169.0,19.407239641471428,-155.44723813715467,29.790856507697438,2.9
4170,2012.0,5.0,3.0,16.0,16.0,17.05,4170.0,19.710216864300424,-155.12350024599516,17.226679139407594,2.9
4171,2012.0,5.0,9.0,18.0,23.0,26.63,4171.0,19.831430205836327,-155.7588563716783,4.0307334492938445,2.9
4172,2012.0,5.0,11.0,7.0,38.0,17.83,4172.0,19.58957881998016,-155.32262008095418,12.418880617990313,2.6
4173,2012.0,5.0,14.0,14.0,40.0,29.01,4173.0,19.666920954983848,-155.05951182516085,39.244918019687326,3.0
4174,2012.0,5.0,16.0,15.0,47.0,26.28,4174.0,19.807501406035293,-155.90697380840575,18.230010947364825,3.4
4175,2012.0,5.0,17.0,20.0,41.0,10.94,4175.0,20.1721973037764,-155.81785550704038,20.38214016312095,2.7
4176,2012.0,5.0,21.0,14.0,42.0,30.67,4176.0,19.557956200492843,-155.16709237562753,11.514483971901228,2.7
4177,2012.0,5.0,22.0,8.0,56.0,0.64,4177.0,20.185700108542928,-155.7125521648164,42.12116402782709,2.9
4178,2012.0,5.0,22.0,12.0,21.0,22.19,4178.0,20.137106577868305,-155.58686300471007,16.72679500622845,3.2
4179,2012.0,5.0,25.0,3.0,10.0,7.29,4179.0,19.70959250675252,-155.37854481197903,14.4576430520797,2.5
4180,2012.0,6.0,5.0,10.0,29.0,10.49,4180.0,19.785716034747985,-155.51088342899254,22.363149918157013,2.7
4181,2012.0,6.0,14.0,23.0,3.0,11.0,4181.0,19.70879045892499,-155.48288422932154,17.043961085019934,2.6
4182,2012.0,6.0,24.0,19.0,40.0,22.14,4182.0,19.51205849610368,-155.41280231199025,12.9584354344989,3.7
4183,2012.0,6.0,25.0,0.0,54.0,15.07,4183.0,19.435135398129724,-155.21116926334363,41.20279476300741,2.9
4184,2012.0,7.0,1.0,20.0,26.0,35.6,4184.0,19.64357635005769,-155.24349132358205,41.75464154351232,2.8
4185,2012.0,7.0,2.0,16.0,5.0,8.84,4185.0,19.347658396700105,-155.1067850792277,23.47898864493637,2.9
4186,2012.0,7.0,4.0,2.0,20.0,44.81,4186.0,19.09245131164192,-155.7058892169875,35.18393722459491,2.8
4187,2012.0,7.0,6.0,7.0,40.0,4.6,4187.0,19.68500693613856,-155.0137732777876,14.17719830848204,2.9
4188,2012.0,7.0,7.0,10.0,25.0,5.85,4188.0,19.08125473496205,-155.8131036400157,39.584819450021484,3.2
4189,2012.0,7.0,11.0,20.0,7.0,24.63,4189.0,19.74338025725092,-155.48916645634492,24.62345671866892,2.5
4190,2012.0,7.0,16.0,11.0,34.0,53.07,4190.0,19.55199185961541,-155.11295810558732,33.495967428366264,2.5
4191,2012.0,7.0,16.0,19.0,7.0,45.97,4191.0,19.223774817026445,-155.430328745742,29.762062257461384,2.9
4192,2012.0,7.0,18.0,7.0,16.0,12.77,4192.0,19.58154018580297,-155.9300610482314,27.25601185807137,3.1
4193,2012.0,7.0,29.0,8.0,20.0,59.66,4193.0,19.6972487002508,-154.98312028600498,6.233965822346931,2.5
4194,2012.0,8.0,6.0,5.0,27.0,17.8,4194.0,19.7651985574723,-155.88607730295453,10.661993985826316,2.5
4195,2012.0,8.0,9.0,21.0,50.0,56.97,4195.0,19.46267434544652,-155.66591465046866,7.11475914766186,2.9
4196,2012.0,8.0,10.0,21.0,25.0,54.38,4196.0,19.97986153373714,-155.80139930040792,32.390325674163165,2.6
4197,2012.0,8.0,18.0,22.0,52.0,40.67,4197.0,19.85197348094586,-155.36856076608913,11.92658421566498,2.6
4198,2012.0,8.0,20.0,12.0,21.0,36.91,4198.0,19.942067291676945,-155.60930473772967,34.352858266865375,2.6
4199,2012.0,8.0,23.0,8.0,25.0,32.82,4199.0,19.690976326143726,-155.46995723494277,2.9045989588643337,2.5
4200,2012.0,8.0,23.0,18.0,42.0,12.81,4200.0,19.098326233697644,-155.85574109874116,43.74677945221468,3.5
4201,2012.0,8.0,24.0,8.0,44.0,30.99,4201.0,19.050299278843177,-155.73408643065085,15.21672695461766,3.4
4202,2012.0,8.0,29.0,7.0,23.0,43.68,4202.0,19.336203191184083,-155.60855483029434,44.16511473990698,2.6
4203,2012.0,8.0,29.0,17.0,44.0,2.32,4203.0,19.66769871908852,-155.67995510528402,43.36082597244239,2.6
4204,2012.0,9.0,2.0,16.0,12.0,15.61,4204.0,20.11062221289368,-155.69625878225708,4.749099156340559,3.5
4205,2012.0,9.0,5.0,19.0,49.0,28.39,4205.0,19.43354091407953,-155.34774547460498,11.913645954796142,2.8
4206,2012.0,9.0,10.0,3.0,38.0,28.48,4206.0,19.64946172536248,-155.0890715660436,7.841638289174707,2.5
4207,2012.0,9.0,12.0,12.0,3.0,20.31,4207.0,19.36654826237673,-155.62185769516628,22.97353715818152,3.0
4208,2012.0,9.0,14.0,22.0,26.0,54.36,4208.0,19.222257411991613,-155.47828362526334,26.60240924876409,2.8
4209,2012.0,9.0,15.0,17.0,40.0,59.61,4209.0,19.514149005780684,-155.94970143602822,5.6661091764880105,2.5
4210,2012.0,9.0,21.0,23.0,5.0,21.98,4210.0,19.15910871083804,-155.62312146492897,36.00353664635844,2.8
4211,2012.0,9.0,22.0,2.0,46.0,52.63,4211.0,19.77813172697768,-155.36504800435867,17.515858440052206,4.0
4212,2012.0,9.0,26.0,8.0,11.0,29.63,4212.0,19.544914130393447,-155.68981624174094,1.1015164026155224,3.3
4213,2012.0,9.0,28.0,0.0,13.0,34.23,4213.0,19.43900094610633,-154.9958446811066,1.4584358887491993,3.2
4214,2012.0,10.0,5.0,17.0,33.0,46.0,4214.0,19.810612607858445,-155.31786076833535,9.305947022790958,3.1
4215,2012.0,10.0,9.0,3.0,28.0,29.36,4215.0,19.257997477202085,-155.5806346282619,16.55363517359262,2.6
4216,2012.0,10.0,11.0,10.0,54.0,2.83,4216.0,19.589519732660897,-155.22408492275008,30.14595442447205,2.5
4217,2012.0,10.0,16.0,23.0,7.0,42.35,4217.0,19.00555156018593,-155.59938466921068,31.91075194027441,3.4
4218,2012.0,10.0,18.0,12.0,1.0,47.84,4218.0,19.57889745193773,-155.89302040991203,14.991418694924842,2.5
4219,2012.0,11.0,3.0,11.0,50.0,37.03,4219.0,19.85640110549,-155.879606193289,24.062176081464685,3.9
4220,2012.0,11.0,5.0,20.0,4.0,8.35,4220.0,19.205788442112944,-155.46558759320928,1.661944165244794,2.9
4221,2012.0,11.0,15.0,15.0,56.0,22.93,4221.0,19.929670257718275,-155.702236563913,15.62164448810444,2.5
4222,2012.0,11.0,16.0,6.0,23.0,25.2,4222.0,19.625046691089988,-155.93245599313272,26.31117404591728,3.3
4223,2012.0,11.0,26.0,13.0,17.0,43.73,4223.0,19.483554664724096,-155.23218090244436,33.508937033342754,2.6
4224,2012.0,11.0,29.0,23.0,19.0,24.79,4224.0,19.94708613863909,-155.67149277955218,1.9770401960647668,3.0
4225,2012.0,12.0,5.0,12.0,19.0,47.19,4225.0,19.62244552934869,-155.60808357662708,29.84944883418201,3.1
4226,2012.0,12.0,7.0,21.0,12.0,29.06,4226.0,19.499342361215035,-155.3607050525927,22.97718270235452,2.5
4227,2012.0,12.0,12.0,6.0,8.0,28.03,4227.0,19.749011461558343,-155.40411387074755,10.085345518791613,3.4
4228,2012.0,12.0,16.0,1.0,32.0,43.51,4228.0,19.18829868109773,-155.73420975408447,30.089565882893947,3.1
4229,2012.0,12.0,16.0,5.0,45.0,48.95,4229.0,19.57410581732536,-155.3548571189994,31.33326809775652,3.0
4230,2012.0,12.0,18.0,23.0,30.0,28.74,4230.0,19.182255080633343,-155.5800245818511,25.83071150301776,4.5
4231,2012.0,12.0,19.0,6.0,40.0,38.78,4231.0,20.00929880362315,-155.70629821802717,5.209612223344463,2.9
4232,2012.0,12.0,20.0,10.0,25.0,26.88,4232.0,19.1730625210357,-155.81306407420772,31.832012788938997,2.7
4233,2012.0,12.0,25.0,21.0,18.0,47.24,4233.0,20.07660053705585,-155.7346898063803,19.83437236471018,2.7
4234,2013.0,1.0,3.0,11.0,57.0,27.73,4234.0,19.728003068475346,-155.0501781646072,23.9248012599394,2.5
4235,2013.0,1.0,5.0,12.0,45.0,8.33,4235.0,19.985487590672125,-155.70276336030707,8.923307559970898,3.0
4236,2013.0,1.0,5.0,15.0,32.0,42.27,4236.0,19.47302653620748,-155.3386442666191,18.94140696617788,2.6
4237,2013.0,1.0,6.0,5.0,59.0,58.62,4237.0,19.563203265409925,-155.5784444594648,3.426203386644629,3.5
4238,2013.0,1.0,7.0,6.0,23.0,0.85,4238.0,19.659005388116483,-155.4268540980388,17.27824406604541,2.6
4239,2013.0,1.0,7.0,18.0,19.0,18.11,4239.0,19.771874231728933,-155.30960139162798,42.80809133791348,2.6
4240,2013.0,1.0,15.0,20.0,17.0,50.03,4240.0,19.293787385255936,-155.1280560866946,13.748173001623572,3.9
4241,2013.0,1.0,21.0,4.0,59.0,13.4,4241.0,19.64541588819641,-155.1502269186982,30.35645370808078,2.8
4242,2013.0,1.0,21.0,16.0,9.0,6.92,4242.0,18.984483760845265,-155.6819631114007,1.8902095233417413,2.6
4243,2013.0,1.0,29.0,21.0,40.0,11.43,4243.0,19.58725226604108,-154.90342556273112,4.521610466172358,2.6
4244,2013.0,2.0,10.0,13.0,35.0,22.86,4244.0,19.608454100918223,-155.39434487989448,23.07948091453331,3.4
4245,2013.0,2.0,18.0,10.0,40.0,25.66,4245.0,19.522932182730464,-155.3474066386034,23.74459208043711,2.5
4246,2013.0,2.0,25.0,9.0,29.0,38.33,4246.0,19.530699222206263,-155.2431806737249,28.043194211618797,3.9
4247,2013.0,2.0,27.0,0.0,57.0,20.31,4247.0,19.72815269989942,-155.11328103068485,5.225384080001995,3.5
4248,2013.0,2.0,28.0,9.0,15.0,50.2,4248.0,19.80199308391326,-155.41312384538816,34.16103831046526,2.8
4249,2013.0,3.0,4.0,11.0,8.0,2.93,4249.0,19.20017853293116,-155.44657004113503,5.784461144405942,2.9
4250,2013.0,3.0,8.0,18.0,30.0,12.46,4250.0,19.79854658235507,-155.41229590505765,27.51740965383881,2.5
4251,2013.0,3.0,15.0,0.0,56.0,44.33,4251.0,19.79476773648525,-155.81094886823246,6.59654260505215,2.5
4252,2013.0,3.0,15.0,1.0,24.0,45.63,4252.0,19.116312298218443,-155.7272781345877,3.9479461508523066,2.5
4253,2013.0,3.0,17.0,17.0,42.0,0.86,4253.0,19.20553745114554,-155.85108522032834,19.06857338586262,2.5
4254,2013.0,3.0,18.0,19.0,20.0,22.29,4254.0,19.5804026862046,-155.30062809841215,42.56252547035061,2.6
4255,2013.0,3.0,19.0,2.0,19.0,35.06,4255.0,19.79259507013765,-156.01885135848377,11.670021120489608,2.9
4256,2013.0,3.0,20.0,12.0,8.0,7.72,4256.0,19.42010436139113,-155.5799007719433,21.877895894299105,2.8
4257,2013.0,4.0,3.0,11.0,25.0,8.62,4257.0,19.604312658836463,-155.80176429084744,32.30508252006217,2.8
4258,2013.0,4.0,7.0,5.0,23.0,28.28,4258.0,19.23556743260257,-155.63872568509947,11.969450636110478,2.7
4259,2013.0,4.0,15.0,15.0,5.0,17.13,4259.0,19.99102419924723,-155.56258945380603,26.2518714385064,2.7
4260,2013.0,4.0,16.0,4.0,31.0,39.48,4260.0,19.609241098034435,-155.38605169173,44.1063225689547,2.7
4261,2013.0,4.0,19.0,3.0,41.0,45.56,4261.0,19.4585268226924,-154.94426739766848,29.850110973611027,3.0
4262,2013.0,4.0,24.0,21.0,13.0,23.59,4262.0,19.83334723536755,-155.91761973123383,30.063525317982,3.2
4263,2013.0,4.0,26.0,9.0,7.0,37.92,4263.0,19.444670508746405,-155.3044496825937,3.066320420202332,2.5
4264,2013.0,4.0,29.0,11.0,32.0,10.47,4264.0,19.96490373881304,-155.27126552186985,31.850129709407053,2.6
4265,2013.0,4.0,29.0,20.0,35.0,19.45,4265.0,19.58636364807316,-155.72645158198287,28.64737045613617,2.6
4266,2013.0,5.0,12.0,11.0,48.0,12.59,4266.0,19.72690277986214,-155.58546289252922,15.90870888977325,2.9
4267,2013.0,5.0,12.0,23.0,47.0,24.79,4267.0,19.55404957990193,-154.9735161012701,21.258089998584012,2.5
4268,2013.0,5.0,13.0,2.0,10.0,55.3,4268.0,19.47135231765956,-155.76575015054206,36.516056113183474,2.8
4269,2013.0,5.0,13.0,20.0,8.0,30.81,4269.0,20.01974078867505,-155.71538966944462,17.68214194471338,2.9
4270,2013.0,5.0,14.0,5.0,20.0,11.84,4270.0,19.88055678922237,-155.33321575026022,8.855405155437312,2.5
4271,2013.0,5.0,16.0,2.0,23.0,26.47,4271.0,19.17812810579206,-155.59451768184195,22.57251976469545,2.6
4272,2013.0,5.0,19.0,8.0,26.0,38.24,4272.0,20.01127971776629,-155.5224543915973,43.77294077390845,2.5
4273,2013.0,5.0,26.0,3.0,4.0,42.73,4273.0,20.13863230193185,-155.60650840012994,43.25701199370889,2.7
4274,2013.0,6.0,1.0,21.0,37.0,32.85,4274.0,19.83885521505957,-155.30631550891778,3.468830804213093,3.3
4275,2013.0,6.0,2.0,23.0,36.0,36.05,4275.0,19.887051732746126,-155.18855968452078,37.54037110560962,3.2
4276,2013.0,6.0,9.0,22.0,36.0,5.26,4276.0,19.695195073897622,-155.844779633816,4.038458860575487,2.6
4277,2013.0,7.0,3.0,2.0,11.0,14.4,4277.0,19.98197219515976,-155.18984144598673,33.709357763109814,3.3
4278,2013.0,7.0,3.0,8.0,5.0,55.8,4278.0,19.72778003435039,-155.1589953059289,31.77963382177665,2.8
4279,2013.0,7.0,22.0,19.0,41.0,13.04,4279.0,20.00383832571802,-155.44056830822342,44.07155471178637,2.8
4280,2013.0,7.0,28.0,4.0,55.0,55.43,4280.0,19.196240773508865,-155.8625240522065,30.851164028758,2.9
4281,2013.0,8.0,6.0,10.0,41.0,16.63,4281.0,19.73821199176009,-155.275912968813,43.61161816252019,2.5
4282,2013.0,8.0,7.0,19.0,25.0,54.85,4282.0,20.09319175455999,-155.5880193720881,25.35751662725765,2.6
4283,2013.0,8.0,20.0,11.0,5.0,55.8,4283.0,19.13581050293024,-155.70238230386934,13.277368112632908,2.6
4284,2013.0,8.0,21.0,9.0,34.0,55.7,4284.0,19.71670517467585,-155.1036507444966,27.022936503493103,2.7
4285,2013.0,8.0,23.0,14.0,19.0,53.13,4285.0,19.88121501311329,-155.17379607451562,27.920934449118025,2.5
4286,2013.0,8.0,29.0,12.0,52.0,28.91,4286.0,19.244105396838144,-155.49048574109386,16.894469421192902,2.8
4287,2013.0,8.0,31.0,23.0,0.0,40.91,4287.0,20.040980667547764,-155.33937312810016,33.428790470209094,2.6
4288,2013.0,9.0,2.0,17.0,21.0,14.39,4288.0,19.031346743740823,-155.69564401212685,6.028645034736373,2.6
4289,2013.0,9.0,5.0,9.0,38.0,22.94,4289.0,19.24950694838817,-155.8147506518036,13.661532097114996,2.7
4290,2013.0,9.0,8.0,15.0,6.0,59.26,4290.0,19.5889320453665,-155.46765890444047,27.614559376076866,2.9
4291,2013.0,9.0,11.0,14.0,50.0,51.45,4291.0,19.530412406824706,-155.15676572870652,37.524634358680736,2.9
4292,2013.0,9.0,12.0,5.0,49.0,11.65,4292.0,19.37217952203121,-155.11664810974105,36.98727291283074,3.3
4293,2013.0,9.0,14.0,17.0,25.0,44.7,4293.0,19.635624423893525,-155.91556837323046,6.46193700874161,2.6
4294,2013.0,9.0,14.0,22.0,49.0,20.95,4294.0,19.732960864698924,-155.3497654212332,9.20585150266097,2.9
4295,2013.0,9.0,16.0,3.0,58.0,32.62,4295.0,19.13812382039506,-155.51795869363727,44.987405660090005,3.2
4296,2013.0,9.0,18.0,12.0,51.0,55.73,4296.0,19.787659624972346,-155.430037787517,17.055955367412455,3.0
4297,2013.0,9.0,24.0,17.0,11.0,55.35,4297.0,19.33109862239259,-155.0282586410736,10.912579749127554,4.6
4298,2013.0,9.0,26.0,11.0,37.0,30.39,4298.0,19.4455729137004,-155.18101209674523,30.95446941172048,3.8
4299,2013.0,9.0,28.0,7.0,29.0,43.54,4299.0,19.89906999821516,-155.651674634666,1.6916850996754582,2.6
4300,2013.0,10.0,1.0,21.0,9.0,57.09,4300.0,19.39357671839014,-155.07299124336086,13.180205754468531,2.6
4301,2013.0,10.0,12.0,4.0,31.0,26.07,4301.0,18.940418682523493,-155.64965297166162,3.006980383094397,2.5
4302,2013.0,10.0,17.0,4.0,43.0,11.37,4302.0,19.39028067591369,-155.27225310142634,41.50930089112218,3.6
4303,2013.0,10.0,19.0,13.0,24.0,48.44,4303.0,19.39067756035502,-155.117931955776,39.05311698270821,2.5
4304,2013.0,10.0,24.0,22.0,59.0,19.9,4304.0,19.63866053516013,-155.04361445391888,25.031956760764377,3.5
4305,2013.0,11.0,4.0,20.0,16.0,27.11,4305.0,19.43212844427888,-155.0488982038527,14.762778003348012,2.6
4306,2013.0,11.0,7.0,22.0,40.0,2.59,4306.0,19.534945140917404,-155.8965241783968,18.63305583224624,3.0
4307,2013.0,11.0,15.0,16.0,30.0,48.67,4307.0,19.886461693179783,-155.41239637038086,20.683003955718835,3.0
4308,2013.0,11.0,18.0,0.0,21.0,58.84,4308.0,19.42958298183904,-155.8459094575204,13.001346196597035,2.5
4309,2013.0,11.0,21.0,2.0,21.0,49.61,4309.0,19.93880825050214,-155.6976711995481,35.92830613480799,3.3
4310,2013.0,11.0,21.0,21.0,14.0,55.27,4310.0,19.50297925553666,-154.8559675443637,41.50676978366455,3.0
4311,2013.0,11.0,28.0,12.0,37.0,44.07,4311.0,19.92774993883072,-155.47418990292007,26.79002114842286,3.3
4312,2013.0,12.0,6.0,16.0,8.0,18.97,4312.0,20.012251986135887,-155.62677824488478,20.71175135755288,2.6
4313,2013.0,12.0,8.0,16.0,44.0,16.06,4313.0,19.85066310884273,-155.452956130518,40.42560497340044,2.8
4314,2013.0,12.0,17.0,11.0,40.0,37.17,4314.0,19.80042409040257,-155.26088165352397,34.2140423612197,2.6
4315,2013.0,12.0,19.0,17.0,12.0,16.95,4315.0,19.39752387110389,-155.8181305981806,5.670108482303,3.7
4316,2014.0,1.0,1.0,11.0,54.0,53.73,4316.0,19.38968431451232,-155.76356827855182,21.013750506271407,2.5
4317,2014.0,1.0,14.0,5.0,3.0,1.01,4317.0,19.470362215405,-155.91793940743,44.78488141641623,2.8
4318,2014.0,2.0,3.0,4.0,43.0,33.57,4318.0,19.989915035992293,-155.53819329168994,28.301124501254787,2.7
4319,2014.0,2.0,3.0,18.0,23.0,34.53,4319.0,19.69436587896312,-155.84106317665814,33.693357310718646,2.5
4320,2014.0,2.0,19.0,8.0,0.0,23.57,4320.0,19.13919533987336,-155.55163711167938,13.994868911146964,2.6
4321,2014.0,2.0,19.0,23.0,44.0,38.82,4321.0,19.148563356043347,-155.47138401551874,28.089449544534027,2.5
4322,2014.0,2.0,21.0,1.0,15.0,50.88,4322.0,19.510591210832185,-155.1113996243476,26.217294807146235,2.5
4323,2014.0,2.0,22.0,14.0,39.0,50.44,4323.0,19.674942206891675,-155.06898544466608,30.428849006310895,3.3
4324,2014.0,2.0,25.0,23.0,54.0,43.75,4324.0,19.378135506166284,-155.12255975346244,27.335599641411584,2.5
4325,2014.0,2.0,28.0,17.0,5.0,13.94,4325.0,19.290555609988296,-155.27778274933289,39.68830169258945,2.9
4326,2014.0,3.0,2.0,11.0,31.0,38.5,4326.0,18.98514062066944,-155.65584611597436,14.721255451641875,2.6
4327,2014.0,3.0,2.0,18.0,41.0,54.32,4327.0,19.735752930274803,-155.36171036460613,17.90488472218572,2.8
4328,2014.0,3.0,12.0,21.0,21.0,32.26,4328.0,19.36574080841928,-155.2848244983357,17.40740815212024,2.5
4329,2014.0,3.0,17.0,10.0,12.0,53.02,4329.0,19.38421937721469,-155.6835793988993,11.12087641604697,2.6
4330,2014.0,3.0,25.0,17.0,12.0,17.28,4330.0,19.59000412334217,-155.65651040651906,20.093005248914764,2.8
4331,2014.0,3.0,31.0,1.0,19.0,54.99,4331.0,19.540920991755744,-155.1962017327281,28.029013570698684,2.5
4332,2014.0,3.0,31.0,23.0,28.0,30.97,4332.0,19.53915061945885,-155.8766380750769,16.509846003125293,3.4
4333,2014.0,4.0,2.0,10.0,54.0,46.52,4333.0,19.63315362145368,-154.96423294578543,14.35656038317517,2.6
4334,2014.0,4.0,3.0,8.0,52.0,24.08,4334.0,19.012219992799373,-155.64316143466735,30.246917571667503,2.9
4335,2014.0,4.0,5.0,10.0,41.0,9.11,4335.0,20.065341514074674,-155.4262534337973,10.966398471902446,5.4
4336,2014.0,4.0,12.0,23.0,27.0,16.91,4336.0,19.490826285962093,-154.9038775323264,8.688794302909972,3.5
4337,2014.0,4.0,14.0,2.0,27.0,42.09,4337.0,19.239132925769244,-155.65671139585473,6.999132575141198,3.1
4338,2014.0,4.0,21.0,3.0,59.0,23.51,4338.0,19.902892427778145,-155.8139424582997,13.082183002054109,3.0
4339,2014.0,5.0,6.0,14.0,4.0,46.49,4339.0,19.06373639886086,-155.65572512764064,37.82897004718989,3.5
4340,2014.0,5.0,11.0,15.0,43.0,8.11,4340.0,19.56161001188936,-155.77684697194533,37.33611425078228,2.7
4341,2014.0,5.0,27.0,0.0,2.0,57.11,4341.0,19.82362658035836,-155.73765267643518,35.717625251688816,2.6
4342,2014.0,5.0,29.0,14.0,33.0,31.93,4342.0,20.05200342156666,-155.45244948237388,9.167056357103426,2.5
4343,2014.0,5.0,29.0,15.0,28.0,38.27,4343.0,19.43386377465001,-155.5200146078301,6.772342295938072,2.5
4344,2014.0,5.0,31.0,18.0,50.0,48.72,4344.0,19.881864123676014,-155.2333573194096,43.73709340706743,3.1
4345,2014.0,6.0,1.0,19.0,39.0,22.63,4345.0,19.571170446764835,-155.10713875134866,2.005091384081487,2.6
4346,2014.0,6.0,5.0,0.0,27.0,20.43,4346.0,19.29086271470178,-155.25711783888428,25.184654600579044,2.7
4347,2014.0,6.0,5.0,15.0,36.0,18.65,4347.0,19.56442364314113,-155.9402492341336,29.21965589662237,3.1
4348,2014.0,6.0,5.0,16.0,47.0,48.45,4348.0,19.47412093518972,-155.20108866764986,27.565595275202757,3.4
4349,2014.0,6.0,10.0,9.0,25.0,31.9,4349.0,19.529741122345257,-154.8821049444992,22.881566809228268,3.2
4350,2014.0,6.0,12.0,17.0,56.0,29.5,4350.0,19.40019680759636,-155.6864650397312,31.68175430335992,3.4
4351,2014.0,6.0,22.0,5.0,19.0,30.41,4351.0,19.96775776146414,-155.77196518851625,30.26516294672707,3.4
4352,2014.0,6.0,23.0,10.0,14.0,32.5,4352.0,19.470804574437057,-155.01806961603734,11.897493334990807,2.6
4353,2014.0,6.0,24.0,23.0,4.0,36.46,4353.0,19.500677628972444,-155.27435332662404,28.390274237797687,4.5
4354,2014.0,6.0,25.0,10.0,0.0,1.91,4354.0,19.9754263210624,-155.5961984673812,28.67864499487442,2.7
4355,2014.0,6.0,26.0,6.0,35.0,2.48,4355.0,19.81564623891243,-155.4257877741595,24.29388931283233,2.5
4356,2014.0,7.0,4.0,13.0,40.0,44.13,4356.0,19.03126472827776,-155.84923723938513,29.565897819098836,4.0
4357,2014.0,7.0,7.0,8.0,55.0,12.7,4357.0,19.87862553989101,-155.16237544153904,38.96354969065974,3.2
4358,2014.0,7.0,11.0,3.0,50.0,29.9,4358.0,19.10055404478309,-155.68968353299795,24.179953704651734,2.9
4359,2014.0,7.0,18.0,21.0,20.0,44.18,4359.0,19.518081359431005,-155.60349498133246,19.8757974919673,2.5
4360,2014.0,7.0,19.0,20.0,41.0,10.54,4360.0,19.36255723949467,-155.52347231141823,7.178308428971068,2.9
4361,2014.0,7.0,26.0,12.0,9.0,41.63,4361.0,19.56770032115549,-155.0361359362261,12.857080337239584,3.0
4362,2014.0,7.0,27.0,9.0,10.0,14.52,4362.0,19.846412525107983,-155.60957073319076,41.26444726419671,2.5
4363,2014.0,8.0,11.0,0.0,9.0,25.54,4363.0,19.244704392433448,-155.3077620010195,5.313221619392933,2.8
4364,2014.0,8.0,11.0,9.0,26.0,41.77,4364.0,19.910002807584743,-155.655464856312,1.3801835846263244,2.5
4365,2014.0,8.0,20.0,0.0,24.0,12.52,4365.0,19.803662701309896,-155.36132913838574,43.25922559336491,3.0
4366,2014.0,8.0,24.0,23.0,3.0,9.01,4366.0,19.47726580889576,-155.61046694319,44.96192362810158,2.5
4367,2014.0,8.0,27.0,23.0,51.0,59.9,4367.0,19.686590860657763,-155.71551098647066,25.73020609542767,2.5
4368,2014.0,9.0,2.0,17.0,3.0,2.73,4368.0,19.39266374678972,-155.56115409762876,13.477552801006048,2.5
4369,2014.0,9.0,6.0,7.0,12.0,1.48,4369.0,19.7354091151999,-155.85440904511705,35.875183021964574,2.5
4370,2014.0,9.0,8.0,5.0,11.0,10.82,4370.0,19.490662712068684,-155.6659151678232,36.51586141821453,3.1
4371,2014.0,9.0,15.0,19.0,50.0,9.37,4371.0,19.514750301225376,-155.918314379292,24.69292035362806,2.8
4372,2014.0,9.0,19.0,23.0,3.0,0.76,4372.0,19.491492661491048,-155.74768029703108,2.4230011250720693,2.8
4373,2014.0,9.0,22.0,7.0,57.0,55.05,4373.0,20.03270637337445,-155.81587201698764,32.864427493134514,3.0
4374,2014.0,9.0,27.0,3.0,41.0,54.98,4374.0,19.39772259771052,-155.08633547140715,14.699182297136408,2.9
4375,2014.0,9.0,27.0,5.0,15.0,10.39,4375.0,19.19185016985778,-155.76464531298166,31.613679843928576,2.6
4376,2014.0,9.0,28.0,6.0,12.0,15.1,4376.0,19.877382198793303,-155.4219462823214,15.108256219062786,2.6
4377,2014.0,9.0,30.0,0.0,58.0,12.35,4377.0,19.52153849297759,-155.20568692719314,30.23226131280004,3.6
4378,2014.0,10.0,4.0,3.0,50.0,19.29,4378.0,19.76391265214224,-155.42902356217675,12.619454938964472,3.8
4379,2014.0,10.0,5.0,6.0,48.0,58.13,4379.0,19.73848791004233,-155.59230092167113,33.74687654375028,2.5
4380,2014.0,10.0,11.0,0.0,52.0,51.53,4380.0,19.083366615612125,-155.58976848966955,27.579370558927813,2.8
4381,2014.0,10.0,17.0,8.0,36.0,0.95,4381.0,19.159276415276988,-155.5744700107955,9.121955167864993,2.6
4382,2014.0,10.0,18.0,17.0,30.0,51.17,4382.0,19.62143902791321,-155.63837355585054,22.61910175312519,3.8
4383,2014.0,10.0,30.0,6.0,19.0,1.38,4383.0,19.491921200763823,-155.89070634046712,15.926038783704826,3.2
4384,2014.0,11.0,10.0,14.0,4.0,4.81,4384.0,19.837804800641223,-155.11153308256374,22.473440776730754,3.1
4385,2014.0,11.0,11.0,3.0,0.0,10.61,4385.0,19.95330231849885,-155.4882857594678,4.848317043964153,3.3
4386,2014.0,11.0,11.0,13.0,19.0,23.59,4386.0,19.404959349572696,-155.07214053444142,23.757162141075018,2.8
4387,2014.0,11.0,12.0,9.0,57.0,32.41,4387.0,20.02442794183841,-155.43336807682974,35.916827680215924,2.5
4388,2014.0,11.0,16.0,9.0,4.0,9.99,4388.0,19.84988275343788,-155.6239914987683,4.646610804308946,2.8
4389,2014.0,11.0,19.0,4.0,21.0,37.96,4389.0,19.64008359899492,-155.5169354496656,44.0459583179368,2.8
4390,2014.0,11.0,21.0,7.0,3.0,6.66,4390.0,20.047875642922705,-155.4231431313311,40.23758040989765,3.1
4391,2014.0,12.0,6.0,8.0,17.0,17.87,4391.0,19.76106765266123,-155.58723544336553,12.782569406543324,2.6
4392,2014.0,12.0,13.0,17.0,7.0,24.52,4392.0,19.723937807803736,-155.7500071005973,34.34525187045976,3.0
4393,2014.0,12.0,16.0,10.0,19.0,10.32,4393.0,19.786984244430723,-155.66219074729764,16.25041315958344,3.0
4394,2014.0,12.0,20.0,4.0,0.0,17.45,4394.0,19.89653848065548,-155.15494533555577,3.283200130503189,2.8
4395,2014.0,12.0,24.0,20.0,36.0,31.34,4395.0,19.518534027930023,-154.95734561354385,27.143712384480555,3.0
4396,2014.0,12.0,25.0,12.0,5.0,48.77,4396.0,19.327847591270405,-155.54270484904876,24.19922995888415,2.5
4397,2014.0,12.0,29.0,6.0,55.0,6.86,4397.0,19.30264650475041,-155.29521121141303,18.27826021346094,2.5
4398,2015.0,1.0,4.0,12.0,6.0,9.18,4398.0,20.026776500330065,-155.40676876055213,24.364322078157663,3.8
4399,2015.0,1.0,5.0,7.0,35.0,34.87,4399.0,19.35625564668548,-155.19880835837648,43.56315326067586,2.6
4400,2015.0,1.0,8.0,5.0,14.0,54.9,4400.0,19.831669629786408,-155.59445418759142,16.090883140279388,2.9
4401,2015.0,1.0,26.0,10.0,5.0,8.23,4401.0,19.468653339061525,-155.4336515565744,19.29611613971648,2.5
4402,2015.0,2.0,4.0,16.0,48.0,40.83,4402.0,19.61570592345949,-155.1715252429405,38.65334953352782,2.9
4403,2015.0,2.0,5.0,3.0,21.0,10.98,4403.0,19.35712025153114,-155.36569682417945,5.148807896226252,2.5
4404,2015.0,2.0,9.0,0.0,24.0,26.76,4404.0,19.00964837244269,-155.72677891486475,1.381448703019807,2.7
4405,2015.0,2.0,11.0,5.0,0.0,56.56,4405.0,19.43552548933503,-155.2116780508504,10.414161400416946,3.0
4406,2015.0,2.0,22.0,4.0,40.0,54.46,4406.0,20.028352069990003,-155.44371821443252,39.41643046184992,2.6
4407,2015.0,2.0,22.0,7.0,33.0,46.39,4407.0,20.023850679291183,-155.4492267107869,23.841923966732857,2.6
4408,2015.0,2.0,23.0,5.0,22.0,31.86,4408.0,19.418454539272776,-155.76215356819787,8.729514751499027,2.5
4409,2015.0,2.0,27.0,8.0,52.0,12.9,4409.0,19.70819873243913,-155.67548422212977,33.39897277148982,2.5
4410,2015.0,3.0,10.0,23.0,6.0,21.23,4410.0,19.9025075256282,-155.2131164696928,12.134327252481434,2.5
4411,2015.0,3.0,13.0,12.0,16.0,42.79,4411.0,20.01077327397828,-155.63895957516536,43.319733420057375,2.6
4412,2015.0,3.0,19.0,4.0,6.0,31.51,4412.0,19.590518995740297,-155.44385704103297,5.189314006427743,5.0
4413,2015.0,3.0,20.0,16.0,33.0,55.18,4413.0,19.36228235572651,-155.22326583538492,28.815571040743382,2.7
4414,2015.0,3.0,23.0,2.0,41.0,50.02,4414.0,19.180644020703404,-155.67948437235935,13.494052434329523,2.5
4415,2015.0,3.0,23.0,17.0,36.0,13.64,4415.0,19.909677366829165,-155.43227144869002,19.824574856987446,2.5
4416,2015.0,3.0,24.0,11.0,30.0,57.24,4416.0,19.92625798234994,-155.33873336826346,23.007840301418263,2.7
4417,2015.0,4.0,1.0,13.0,3.0,10.44,4417.0,19.601376941595746,-155.8478340061739,16.672897927489974,2.6
4418,2015.0,4.0,8.0,3.0,11.0,37.48,4418.0,19.437038125566595,-155.33594715094864,4.2938263760500766,2.6
4419,2015.0,4.0,8.0,9.0,4.0,4.68,4419.0,19.445855260807484,-155.5568417592674,16.89174218537555,2.9
4420,2015.0,4.0,13.0,15.0,15.0,14.22,4420.0,19.837250822575868,-155.6269642761959,11.564774402593873,3.0
4421,2015.0,4.0,14.0,15.0,52.0,14.96,4421.0,19.96019160810618,-155.4915181977235,38.07751532201123,3.3
4422,2015.0,4.0,18.0,19.0,23.0,26.8,4422.0,19.82276110838031,-155.16012015062088,11.927648597489643,2.9
4423,2015.0,4.0,20.0,13.0,28.0,17.22,4423.0,20.08121420373728,-155.60707204971035,1.9190711566560847,2.8
4424,2015.0,4.0,24.0,13.0,32.0,28.42,4424.0,19.332126927849885,-155.79050789327525,12.066976512489443,2.6
4425,2015.0,4.0,28.0,3.0,20.0,38.27,4425.0,19.45906986659052,-155.46219085861458,24.036649475817786,2.7
4426,2015.0,4.0,28.0,9.0,23.0,45.78,4426.0,19.44193938980855,-155.6781038256826,5.207668658565611,2.9
4427,2015.0,5.0,2.0,14.0,56.0,54.56,4427.0,19.194568250101494,-155.78757326471427,44.66502802034709,4.2
4428,2015.0,5.0,7.0,2.0,16.0,51.6,4428.0,19.25883590547853,-155.82335918064717,27.243768266784663,2.7
4429,2015.0,5.0,18.0,4.0,25.0,38.89,4429.0,19.504706658352536,-155.34923725287112,14.043065985175712,3.8
4430,2015.0,5.0,18.0,4.0,38.0,37.81,4430.0,19.459847400031403,-155.82779008734437,29.952306672891687,3.9
4431,2015.0,5.0,23.0,20.0,8.0,35.84,4431.0,19.57108063389716,-155.25923404462026,39.53043089514552,2.7
4432,2015.0,5.0,25.0,16.0,37.0,27.29,4432.0,19.92676105160533,-155.5795924708412,33.70532729862807,3.4
4433,2015.0,6.0,2.0,9.0,25.0,5.13,4433.0,19.145340991704675,-155.56455573676968,33.376322135925335,2.7
4434,2015.0,6.0,4.0,21.0,45.0,48.58,4434.0,19.39534863970435,-155.08348192184602,44.49092728968576,2.9
4435,2015.0,6.0,18.0,8.0,53.0,24.09,4435.0,19.306170911488067,-155.42703947625543,15.800802672824892,3.0
4436,2015.0,6.0,20.0,11.0,52.0,8.13,4436.0,19.90320622466922,-155.46750881317632,26.37066142993992,2.6
4437,2015.0,6.0,22.0,10.0,20.0,20.35,4437.0,19.019436905362152,-155.85281282605953,40.45358006550613,3.0
4438,2015.0,6.0,25.0,19.0,50.0,52.45,4438.0,19.49279996490004,-155.45261104325422,12.01702141387285,2.8
4439,2015.0,6.0,30.0,9.0,19.0,7.09,4439.0,19.835200657168187,-155.8615031809249,14.906707283386666,2.6
4440,2015.0,6.0,30.0,20.0,13.0,17.76,4440.0,19.34176411241751,-155.16614260822564,32.5346491638314,2.5
4441,2015.0,7.0,2.0,22.0,35.0,20.13,4441.0,19.14594443425872,-155.62456408714385,1.39871678856051,2.7
4442,2015.0,7.0,3.0,10.0,17.0,27.15,4442.0,19.34408799189896,-155.31266159265158,5.937271023177078,2.7
4443,2015.0,7.0,7.0,8.0,44.0,42.6,4443.0,19.73512315351206,-155.2763200393432,9.997003069360904,2.7
4444,2015.0,7.0,14.0,21.0,46.0,20.19,4444.0,19.776344205285064,-155.23212571228203,17.658730202927227,2.6
4445,2015.0,7.0,15.0,11.0,4.0,17.06,4445.0,19.63477405232994,-155.0842803419744,31.69575840335956,2.5
4446,2015.0,7.0,19.0,15.0,18.0,50.65,4446.0,19.56687984502788,-155.92086426992807,26.74747921703553,2.9
4447,2015.0,7.0,21.0,18.0,32.0,1.39,4447.0,19.42368587095936,-155.41976695205523,28.94555442186328,2.5
4448,2015.0,7.0,24.0,6.0,19.0,28.14,4448.0,19.595827136477613,-155.18907155395854,30.089635327352266,4.0
4449,2015.0,8.0,11.0,1.0,11.0,54.16,4449.0,19.623079853069058,-154.98270575407398,36.98121855157584,2.9
4450,2015.0,8.0,11.0,13.0,24.0,18.39,4450.0,19.92005358070568,-155.4450200445767,8.515657114030786,2.6
4451,2015.0,8.0,21.0,19.0,5.0,26.25,4451.0,19.50640554629817,-155.49761518745967,38.7763798067307,2.5
4452,2015.0,8.0,27.0,6.0,23.0,16.59,4452.0,19.60421857698024,-154.99189033687924,19.02542573257735,2.6
4453,2015.0,8.0,28.0,23.0,25.0,58.3,4453.0,19.72031546973498,-155.68531554357438,15.800422174760731,3.0
4454,2015.0,9.0,3.0,0.0,27.0,10.98,4454.0,19.6230367003413,-155.0248267175198,26.14458257849424,2.7
4455,2015.0,9.0,12.0,2.0,0.0,2.76,4455.0,19.04720219207625,-155.71629129534475,27.9978420990706,3.4
4456,2015.0,9.0,12.0,13.0,46.0,23.66,4456.0,19.51638044638287,-155.66219431861424,37.04952508318349,2.6
4457,2015.0,9.0,12.0,20.0,7.0,4.74,4457.0,19.66276102035504,-155.29109498394303,34.721661233570686,3.9
4458,2015.0,9.0,14.0,15.0,32.0,46.4,4458.0,19.151147047962542,-155.83740297467918,4.134852084292282,2.8
4459,2015.0,9.0,26.0,13.0,6.0,28.91,4459.0,19.61817618338389,-155.83303856846902,40.0056965232654,2.6
4460,2015.0,10.0,6.0,18.0,39.0,21.77,4460.0,19.80222378848892,-155.68574760794468,36.34695725929106,2.7
4461,2015.0,10.0,17.0,2.0,23.0,3.14,4461.0,19.56453907345836,-155.07710792266226,29.194630928330643,2.5
4462,2015.0,10.0,20.0,8.0,21.0,40.5,4462.0,19.65421363146704,-155.2261965653109,16.354839862331595,3.3
4463,2015.0,10.0,22.0,6.0,23.0,57.42,4463.0,19.65174325447746,-155.14914877104297,42.43885230376812,2.7
4464,2015.0,11.0,1.0,11.0,4.0,52.75,4464.0,19.33194288876716,-155.87413631606967,38.99213625921151,2.6
4465,2015.0,11.0,12.0,16.0,16.0,20.29,4465.0,19.77448859912708,-155.22256326860497,14.312160847930292,2.6
4466,2015.0,11.0,21.0,19.0,11.0,47.8,4466.0,19.86247379859308,-155.5004013413334,32.15709502890864,2.5
4467,2015.0,11.0,22.0,4.0,37.0,58.52,4467.0,19.999500256393578,-155.48203936984348,35.17546970893555,3.7
4468,2015.0,11.0,26.0,13.0,26.0,8.62,4468.0,19.11446284992135,-155.88929360960094,10.046169089549418,2.8
4469,2015.0,12.0,1.0,10.0,56.0,31.83,4469.0,19.53273235864691,-154.9793821619727,42.96925485269308,2.6
4470,2015.0,12.0,5.0,16.0,34.0,57.46,4470.0,19.383163472311512,-155.79695064896282,23.41121577164649,3.0
4471,2015.0,12.0,10.0,21.0,33.0,52.27,4471.0,19.35677636253299,-155.6947446885747,17.195484702703183,2.7
4472,2015.0,12.0,11.0,9.0,54.0,9.96,4472.0,19.65705523670238,-155.65784240830206,7.453082203371357,2.5
4473,2015.0,12.0,11.0,20.0,19.0,36.59,4473.0,19.42745459912856,-155.71808599012144,36.198393081776906,2.5
4474,2015.0,12.0,12.0,2.0,40.0,32.66,4474.0,19.98033118493237,-155.48263043366578,8.0822117229362,2.5
4475,2015.0,12.0,19.0,6.0,30.0,5.37,4475.0,19.763435229167136,-155.21988877363424,12.810196792313388,3.1
4476,2015.0,12.0,22.0,3.0,51.0,22.81,4476.0,19.897800008530368,-155.63444012371127,13.222446359467186,3.1
4477,2015.0,12.0,22.0,13.0,5.0,5.06,4477.0,19.56098593097205,-155.6528962396808,7.935352565687405,2.5
4478,2016.0,1.0,10.0,17.0,45.0,20.58,4478.0,19.91379448404857,-155.73702035918507,6.082361745740864,2.5
4479,2016.0,1.0,18.0,23.0,46.0,34.8,4479.0,19.77418712906893,-155.72321006604432,24.01416015760905,2.9
4480,2016.0,2.0,3.0,20.0,28.0,19.01,4480.0,19.064511572064653,-155.55973192203425,10.497067188140104,2.5
4481,2016.0,2.0,3.0,21.0,29.0,23.35,4481.0,20.086253893897805,-155.73336115727665,14.8717639257371,2.6
4482,2016.0,2.0,7.0,9.0,31.0,0.94,4482.0,19.601699363910225,-154.9847963976287,22.477435672166,2.5
4483,2016.0,2.0,10.0,4.0,42.0,52.02,4483.0,19.228516186151435,-155.53026576448335,22.1215033144045,2.8
4484,2016.0,2.0,15.0,2.0,50.0,30.97,4484.0,19.688507145845943,-155.2627480974893,2.501365028583485,2.6
4485,2016.0,2.0,19.0,14.0,49.0,9.7,4485.0,19.21944123085698,-155.7708351590031,22.725025781891183,2.9
4486,2016.0,2.0,27.0,18.0,6.0,58.63,4486.0,19.16285247878252,-155.5960090809886,38.47755297674783,3.1
4487,2016.0,2.0,29.0,10.0,17.0,24.37,4487.0,19.509172098608264,-155.42132650280143,12.572768759483653,3.6
4488,2016.0,3.0,1.0,5.0,46.0,28.97,4488.0,19.93400071611279,-155.67637140127547,24.64363410148766,2.7
4489,2016.0,3.0,2.0,13.0,9.0,51.03,4489.0,20.134276023981247,-155.76897129305738,42.8647135074971,3.0
4490,2016.0,3.0,4.0,3.0,26.0,43.74,4490.0,19.784903798441853,-155.29442821989818,31.22275635787098,2.6
4491,2016.0,3.0,5.0,14.0,52.0,2.73,4491.0,19.01869311110577,-155.62592427660442,4.497130086794737,2.9
4492,2016.0,3.0,7.0,14.0,41.0,36.66,4492.0,19.985354582494864,-155.5499364954498,11.035597654671466,2.6
4493,2016.0,3.0,8.0,21.0,22.0,33.83,4493.0,19.96791701143733,-155.49231898449557,15.61214580739832,2.9
4494,2016.0,3.0,9.0,13.0,15.0,40.72,4494.0,19.65849762458301,-155.59258782954953,23.336089933762555,2.7
4495,2016.0,3.0,13.0,17.0,48.0,30.15,4495.0,19.5660772225442,-155.09633147009922,13.401771323450166,2.7
4496,2016.0,3.0,14.0,4.0,34.0,20.57,4496.0,19.209096358596828,-155.6867571777218,3.843922899249549,2.5
4497,2016.0,3.0,14.0,15.0,39.0,27.88,4497.0,19.32720145944463,-155.75662496960916,22.06489914863345,2.7
4498,2016.0,3.0,15.0,4.0,36.0,26.13,4498.0,20.229100844986167,-155.859542135629,8.414574075859292,2.7
4499,2016.0,3.0,22.0,2.0,44.0,9.15,4499.0,19.88805573995888,-155.24662966834882,14.225269009888368,3.1
4500,2016.0,3.0,29.0,22.0,26.0,45.68,4500.0,19.515269046121848,-155.69242286943324,10.582043687731364,2.5
4501,2016.0,4.0,11.0,12.0,11.0,53.9,4501.0,19.19475289657967,-155.57020532579702,17.26704020724694,2.6
4502,2016.0,4.0,23.0,23.0,23.0,41.44,4502.0,19.49913953404869,-155.3365836785039,10.69642712586758,3.7
4503,2016.0,4.0,24.0,14.0,18.0,36.95,4503.0,19.52722736898449,-155.80843943214444,32.55000864188108,3.6
4504,2016.0,4.0,27.0,18.0,42.0,58.82,4504.0,19.496003111237776,-154.87214736321351,23.178487695868164,4.9
4505,2016.0,4.0,30.0,7.0,23.0,25.63,4505.0,18.97400252312432,-155.6386877657457,19.41178331498153,2.5
4506,2016.0,4.0,30.0,14.0,44.0,25.87,4506.0,19.4317917901756,-155.21727581125626,18.707838099575625,2.8
4507,2016.0,5.0,3.0,1.0,11.0,37.18,4507.0,19.429517808122696,-155.1282276953736,11.78763079678184,2.5
4508,2016.0,5.0,5.0,18.0,5.0,16.07,4508.0,19.97237673594569,-155.34732529745418,35.335826695626885,3.0
4509,2016.0,5.0,7.0,10.0,32.0,3.82,4509.0,19.21224454444017,-155.45333080984426,14.587425864812936,2.5
4510,2016.0,5.0,8.0,21.0,7.0,0.21,4510.0,19.625547906282296,-155.42669722630922,22.44962873336198,4.0
4511,2016.0,5.0,10.0,4.0,1.0,50.27,4511.0,19.86334198924709,-155.71449738540755,10.509407235294429,2.8
4512,2016.0,5.0,11.0,17.0,16.0,34.57,4512.0,19.797140891160552,-155.13380331245122,17.959775613952242,3.5
4513,2016.0,5.0,12.0,18.0,0.0,13.54,4513.0,19.527303106485714,-154.85652934803068,29.41294680632159,4.0
4514,2016.0,5.0,19.0,16.0,36.0,21.07,4514.0,19.31145141674544,-155.173069094132,41.86795146844335,2.6
4515,2016.0,5.0,30.0,8.0,9.0,2.15,4515.0,19.514873312022264,-155.57776771244798,6.484674546053173,2.8
4516,2016.0,6.0,6.0,5.0,31.0,18.94,4516.0,19.93094263500697,-155.56871618848467,4.3219829103480905,2.8
4517,2016.0,6.0,10.0,7.0,50.0,25.37,4517.0,19.093289930335075,-155.68879785801911,23.015965118820688,2.5
4518,2016.0,6.0,25.0,14.0,22.0,37.82,4518.0,19.13454553521865,-155.57368352330062,18.713439190161345,2.6
4519,2016.0,7.0,11.0,3.0,49.0,17.77,4519.0,19.8982328854074,-155.15068510434284,4.77652371117566,2.9
4520,2016.0,7.0,14.0,2.0,22.0,14.57,4520.0,19.74724228954483,-155.9712106727691,6.616810936149183,3.0
4521,2016.0,7.0,19.0,16.0,56.0,11.75,4521.0,19.691643211009435,-155.3064946114067,34.20852605757756,2.5
4522,2016.0,7.0,20.0,5.0,19.0,11.23,4522.0,20.0284521000803,-155.34602690877435,3.44192883219566,2.7
4523,2016.0,7.0,25.0,2.0,31.0,56.31,4523.0,19.43566236613734,-155.21161690091057,3.930308163665453,2.5
4524,2016.0,8.0,7.0,20.0,12.0,50.47,4524.0,19.64605487074469,-155.94110100811153,15.081369602398247,3.0
4525,2016.0,8.0,16.0,8.0,57.0,56.4,4525.0,19.183622790945247,-155.85135577002336,35.447483843089465,2.7
4526,2016.0,8.0,17.0,20.0,42.0,40.37,4526.0,19.27052206214086,-155.62211173725728,30.68560808981351,3.5
4527,2016.0,8.0,19.0,3.0,12.0,51.2,4527.0,19.710353634858755,-155.74746256682724,44.18468180689512,2.5
4528,2016.0,9.0,3.0,13.0,12.0,14.39,4528.0,19.757571695810626,-155.6874731928352,5.9913070843668335,2.6
4529,2016.0,9.0,5.0,13.0,45.0,29.38,4529.0,19.973327631802825,-155.7885529588318,11.082109561443724,2.5
4530,2016.0,9.0,10.0,12.0,1.0,52.73,4530.0,19.769925016373435,-155.14375748720167,32.05499001703299,2.6
4531,2016.0,9.0,10.0,16.0,55.0,29.83,4531.0,19.16643434069482,-155.84993204833285,15.936982642752431,2.5
4532,2016.0,9.0,19.0,17.0,31.0,23.06,4532.0,19.7118736714123,-155.40828993689098,37.113807596462784,3.0
4533,2016.0,9.0,23.0,7.0,16.0,19.15,4533.0,19.84397162378919,-155.35409168899153,44.01993737962735,2.8
4534,2016.0,9.0,25.0,10.0,47.0,32.08,4534.0,19.58219655823104,-155.24536042501876,4.688960750949908,2.5
4535,2016.0,9.0,29.0,17.0,20.0,39.92,4535.0,19.752938905987264,-155.57305832757075,9.031909883517743,2.8
4536,2016.0,9.0,30.0,0.0,11.0,17.06,4536.0,19.66354368388296,-155.16499704305923,36.9508661790826,3.0
4537,2016.0,10.0,5.0,4.0,42.0,42.25,4537.0,19.646983718949343,-155.3655121277773,43.81919953909205,2.6
4538,2016.0,10.0,9.0,8.0,57.0,34.65,4538.0,19.771720456194032,-155.56032214566824,43.42722303366161,2.8
4539,2016.0,10.0,10.0,3.0,27.0,58.74,4539.0,20.142866073057505,-155.60188012986663,40.62770046999317,3.2
4540,2016.0,10.0,12.0,17.0,50.0,18.67,4540.0,19.95195222675093,-155.848870260082,36.2498059894752,3.1
4541,2016.0,10.0,13.0,15.0,36.0,25.3,4541.0,19.569133129614023,-154.9446725151589,24.021320299772,2.9
4542,2016.0,10.0,16.0,13.0,51.0,21.95,4542.0,19.791372799743463,-155.79028669270147,15.18691284917157,2.6
4543,2016.0,10.0,20.0,2.0,45.0,26.28,4543.0,19.14198945563719,-155.5237410185703,36.59110094367647,3.1
4544,2016.0,10.0,22.0,3.0,46.0,19.35,4544.0,19.39575440306684,-155.7659488423503,2.9986628611830874,3.4
4545,2016.0,10.0,30.0,10.0,43.0,37.78,4545.0,19.54945260456288,-155.1456405488556,6.740384626432071,2.6
4546,2016.0,10.0,30.0,20.0,0.0,2.96,4546.0,19.60520371127369,-154.9180417908908,17.083558456604948,2.6
4547,2016.0,11.0,8.0,2.0,23.0,30.79,4547.0,19.72138785311329,-155.03215299716004,7.922814789289146,2.5
4548,2016.0,11.0,9.0,3.0,9.0,16.0,4548.0,19.6993267305222,-155.64394438079816,29.77511046635718,3.0
4549,2016.0,11.0,12.0,10.0,13.0,26.2,4549.0,19.559115943608145,-155.73040283598033,16.367344523230045,2.7
4550,2016.0,11.0,15.0,19.0,26.0,0.19,4550.0,19.34271623051035,-155.53104276373043,4.929105662350174,2.7
4551,2016.0,11.0,17.0,10.0,16.0,56.09,4551.0,19.37158998685744,-155.56813939346495,29.110905364885152,2.6
4552,2016.0,11.0,18.0,11.0,14.0,21.52,4552.0,19.46541967385836,-155.47135804048634,39.22124853477338,3.3
4553,2016.0,11.0,22.0,18.0,51.0,2.95,4553.0,19.45162769860896,-155.0012158391844,30.211234146042436,2.7
4554,2016.0,11.0,30.0,20.0,7.0,10.57,4554.0,19.586508050335176,-155.71828971133797,7.959100685623381,2.6
4555,2016.0,12.0,5.0,23.0,55.0,31.65,4555.0,19.87538267587181,-155.32327720719542,35.9389618555639,2.9
4556,2016.0,12.0,6.0,23.0,58.0,58.08,4556.0,19.445292918881325,-154.87897131805855,17.146046974719933,2.6
4557,2016.0,12.0,7.0,23.0,13.0,8.44,4557.0,19.935900427965336,-155.58124275968717,38.45733163006861,2.5
4558,2016.0,12.0,9.0,6.0,18.0,24.72,4558.0,19.716362791503087,-155.02746187745447,23.75969400207302,4.2
4559,2016.0,12.0,14.0,17.0,35.0,39.64,4559.0,19.68869699242022,-155.2734265792725,34.30807823870384,2.9
4560,2016.0,12.0,20.0,17.0,16.0,24.22,4560.0,19.71001875013068,-155.71707928104783,13.194479406672516,3.4
4561,2016.0,12.0,23.0,17.0,2.0,45.26,4561.0,20.166796409722565,-155.74425648251912,10.79755285076456,3.3
4562,2016.0,12.0,29.0,23.0,19.0,8.37,4562.0,19.49440801974779,-155.7504695191514,16.656832248803585,2.8
4563,2017.0,1.0,3.0,14.0,9.0,15.11,4563.0,19.06679330799814,-155.71399325896505,17.131214574140962,2.8
4564,2017.0,1.0,16.0,2.0,33.0,2.97,4564.0,19.869931443254327,-155.60487196650675,38.6998239026002,2.8
4565,2017.0,1.0,18.0,13.0,38.0,46.83,4565.0,19.50105979430375,-154.83058355171823,38.374474697769394,2.5
4566,2017.0,1.0,25.0,18.0,59.0,58.37,4566.0,19.34568345797166,-155.07204015480107,20.55521496201342,3.0
4567,2017.0,1.0,28.0,23.0,33.0,49.77,4567.0,19.17690893576468,-155.74160698254437,4.726481059400546,2.9
4568,2017.0,2.0,1.0,13.0,35.0,0.85,4568.0,19.48386899479236,-155.74692109381976,3.642288560577129,2.8
4569,2017.0,2.0,15.0,18.0,42.0,47.15,4569.0,19.921395518275183,-155.56828410725743,10.89693340108845,2.5
4570,2017.0,2.0,15.0,21.0,20.0,10.17,4570.0,19.174266177829765,-155.57189449453364,3.8685062383811855,2.5
4571,2017.0,2.0,21.0,8.0,7.0,5.85,4571.0,19.94041230370243,-155.41905780396365,30.903138132112694,2.9
4572,2017.0,2.0,23.0,19.0,49.0,8.37,4572.0,20.18401024695904,-155.69083332579353,37.36668245702648,2.5
4573,2017.0,2.0,27.0,4.0,15.0,3.04,4573.0,20.063093586146604,-155.4388741380539,4.661565700294005,2.9
4574,2017.0,3.0,5.0,9.0,1.0,12.65,4574.0,19.47647276296908,-155.53117404653474,15.956182825177269,4.1
4575,2017.0,3.0,6.0,15.0,57.0,20.98,4575.0,19.21686986633165,-155.5329849790763,41.08598453679684,3.7
4576,2017.0,3.0,10.0,2.0,40.0,48.69,4576.0,19.45963549564396,-155.87442322073872,12.799970784842088,3.1
4577,2017.0,3.0,10.0,14.0,32.0,22.88,4577.0,19.63903749996426,-155.34754788513294,22.69768037240994,3.3
4578,2017.0,3.0,16.0,22.0,17.0,55.6,4578.0,19.31445779509968,-155.68785718025254,9.41863217299136,3.9
4579,2017.0,3.0,19.0,2.0,2.0,20.78,4579.0,19.7444976306646,-155.3850952659432,10.008619472553962,2.5
4580,2017.0,3.0,21.0,21.0,3.0,43.94,4580.0,19.8597220632378,-155.7664061792879,44.37837688211036,3.0
4581,2017.0,3.0,23.0,0.0,46.0,15.01,4581.0,19.52543775246518,-155.58801057206773,28.93568203767166,2.7
4582,2017.0,3.0,24.0,13.0,11.0,31.38,4582.0,19.24837532999297,-155.87685562308926,14.111843311104176,2.5
4583,2017.0,3.0,30.0,2.0,14.0,5.73,4583.0,19.932363537711566,-155.64990020605,16.503001769689803,4.4
4584,2017.0,4.0,2.0,3.0,3.0,38.67,4584.0,19.50914598818383,-155.0626482902603,13.518693906129675,3.0
4585,2017.0,4.0,13.0,11.0,31.0,36.26,4585.0,19.410008575448806,-154.97584225260016,44.62937913478138,2.7
4586,2017.0,4.0,24.0,6.0,38.0,56.85,4586.0,19.316609210549352,-155.6573694598771,26.85988964966637,2.5
4587,2017.0,4.0,30.0,1.0,7.0,49.69,4587.0,19.948938061015497,-155.3625857739954,33.943437403526225,2.7
4588,2017.0,5.0,4.0,4.0,29.0,38.17,4588.0,19.09222513153392,-155.63930610452834,14.501166296164223,2.6
4589,2017.0,5.0,7.0,11.0,45.0,1.11,4589.0,19.62427442915073,-154.9781400233877,30.658347230724274,2.6
4590,2017.0,5.0,24.0,4.0,16.0,49.75,4590.0,19.24095819786578,-155.71925109145408,39.3062427647741,3.1
4591,2017.0,5.0,26.0,10.0,17.0,36.17,4591.0,19.31135212175405,-155.27604630447925,44.37608340322,3.2
4592,2017.0,5.0,27.0,5.0,59.0,26.75,4592.0,19.241919360108145,-155.87486466051,3.208833647626784,2.5
4593,2017.0,5.0,27.0,19.0,26.0,42.31,4593.0,19.502688928400296,-154.81270805231276,28.02360890297197,3.8
4594,2017.0,5.0,29.0,8.0,43.0,52.84,4594.0,20.16480135471424,-155.7370143765598,37.789785023872334,3.7
4595,2017.0,6.0,5.0,20.0,42.0,48.82,4595.0,19.76254347695438,-155.7478849757683,39.90803030886665,2.8
4596,2017.0,6.0,16.0,4.0,3.0,19.12,4596.0,19.27230779158061,-155.88230630605025,6.729609302421352,2.6
4597,2017.0,6.0,21.0,23.0,46.0,6.83,4597.0,19.58549376326085,-155.6919054804984,39.76207998472255,2.6
4598,2017.0,6.0,24.0,3.0,19.0,7.72,4598.0,19.499850025328605,-154.88187380275895,44.46200162494022,3.3
4599,2017.0,6.0,25.0,9.0,0.0,46.83,4599.0,19.66306349356338,-155.13765630782746,1.2935664507142222,2.5
4600,2017.0,6.0,28.0,14.0,45.0,57.44,4600.0,19.31533227488672,-155.41007862081833,25.523721813811747,3.7
4601,2017.0,6.0,30.0,12.0,12.0,34.14,4601.0,19.59616542545001,-155.35504479645468,19.927573943238265,3.1
4602,2017.0,7.0,5.0,0.0,11.0,12.28,4602.0,19.776727269538217,-155.99622943832756,24.22088448727884,3.5
4603,2017.0,7.0,6.0,19.0,54.0,30.15,4603.0,19.300875035145783,-155.4349756434387,17.835302361431182,3.3
4604,2017.0,7.0,12.0,12.0,19.0,17.09,4604.0,19.86740894769031,-155.4427744621414,14.859974470874084,3.3
4605,2017.0,7.0,18.0,19.0,26.0,23.91,4605.0,19.709751054992218,-155.92669032778034,6.641278418279415,2.6
4606,2017.0,7.0,25.0,23.0,20.0,48.48,4606.0,19.624224487231807,-155.86339660608218,42.36130406758285,2.6
4607,2017.0,7.0,31.0,13.0,22.0,40.64,4607.0,19.89795452299096,-155.34904573830087,14.231787027979731,3.2
4608,2017.0,8.0,10.0,10.0,52.0,39.72,4608.0,19.65686890022753,-155.11524199656557,28.751020035603396,4.0
4609,2017.0,8.0,12.0,14.0,37.0,16.18,4609.0,19.769128255465585,-155.5040755530842,37.21426933246813,2.6
4610,2017.0,8.0,18.0,17.0,13.0,2.35,4610.0,19.257409991484582,-155.53841612376198,11.938243949828388,2.8
4611,2017.0,8.0,26.0,17.0,56.0,35.09,4611.0,19.538899735278854,-155.28360521880109,26.20800848015533,3.1
4612,2017.0,8.0,28.0,15.0,40.0,55.04,4612.0,19.79799650967432,-155.1200921012871,40.09847521738365,3.2
4613,2017.0,9.0,2.0,16.0,14.0,32.09,4613.0,19.35751940975112,-155.2392766112395,38.58482609241783,3.0
4614,2017.0,9.0,13.0,22.0,9.0,20.65,4614.0,19.89483285472588,-155.6374051015562,36.9952068894565,2.5
4615,2017.0,9.0,20.0,5.0,14.0,32.66,4615.0,19.40510346480177,-154.94964901629135,30.81176452826481,2.5
4616,2017.0,9.0,21.0,21.0,18.0,35.61,4616.0,19.49267314447225,-155.4852784928566,10.45908483966371,2.9
4617,2017.0,9.0,24.0,19.0,52.0,27.56,4617.0,19.64481626752749,-155.95356570265426,38.93700122383213,2.5
4618,2017.0,9.0,25.0,12.0,24.0,24.85,4618.0,19.76676654294962,-155.71784456854067,4.903586443837812,3.1
4619,2017.0,10.0,1.0,9.0,45.0,32.89,4619.0,19.707513081037543,-155.6614561264824,28.10903847071148,4.1
4620,2017.0,10.0,6.0,10.0,1.0,36.05,4620.0,19.093147877096825,-155.6373132092896,10.60425600497898,3.1
4621,2017.0,10.0,8.0,10.0,47.0,12.6,4621.0,19.37030801490385,-155.67737974481767,17.917865376401505,2.9
4622,2017.0,10.0,17.0,9.0,44.0,25.14,4622.0,19.55581516670177,-155.66038930018502,31.843828130945283,3.4
4623,2017.0,10.0,21.0,7.0,20.0,50.41,4623.0,19.188675948885983,-155.87326013997534,1.4383175942557092,2.6
4624,2017.0,10.0,22.0,10.0,13.0,3.62,4624.0,19.67304088079974,-155.02255433368714,41.74049688171336,2.5
4625,2017.0,10.0,24.0,5.0,34.0,0.74,4625.0,20.038193338126497,-155.6382495976676,25.06530573604733,3.1
4626,2017.0,10.0,24.0,13.0,0.0,42.92,4626.0,19.492281974576063,-155.63442797646684,4.857867695781665,2.7
4627,2017.0,10.0,25.0,4.0,13.0,25.46,4627.0,19.616742236213195,-155.24585712751258,29.48806753126765,2.8
4628,2017.0,10.0,26.0,10.0,40.0,10.82,4628.0,20.06726696384301,-155.61768289977596,25.10697321592897,2.5
4629,2017.0,11.0,2.0,6.0,20.0,19.22,4629.0,19.11341839197575,-155.54821159408814,3.154137585957157,2.9
4630,2017.0,11.0,5.0,5.0,55.0,42.85,4630.0,19.97023352743816,-155.7010684352696,14.19006571966977,3.1
4631,2017.0,11.0,5.0,17.0,54.0,51.43,4631.0,19.931773663466466,-155.40855422214815,33.71537225897086,2.5
4632,2017.0,11.0,6.0,14.0,41.0,13.62,4632.0,19.27586830753248,-155.32504195645515,14.438260566762915,2.9
4633,2017.0,11.0,7.0,20.0,4.0,33.45,4633.0,19.35724415460028,-155.34374813793653,4.850489860066014,2.5
4634,2017.0,11.0,14.0,16.0,34.0,30.95,4634.0,19.4021125109954,-154.992755171249,15.128133820542493,2.5
4635,2017.0,11.0,20.0,6.0,40.0,2.71,4635.0,19.3672396394096,-155.44126840579287,9.7166534274115,2.6
4636,2017.0,11.0,28.0,1.0,28.0,35.8,4636.0,19.56412816501284,-155.4178119317655,32.5460707659324,3.2
4637,2017.0,12.0,5.0,6.0,12.0,19.67,4637.0,19.618969115086383,-155.91670635565052,19.3638918444935,2.7
4638,2017.0,12.0,7.0,17.0,44.0,4.84,4638.0,19.33625886746821,-155.48555722944386,15.737507555616029,2.6
4639,2017.0,12.0,12.0,22.0,37.0,23.44,4639.0,19.28835087439941,-155.54626199124914,2.254241114865009,2.8
4640,2017.0,12.0,13.0,16.0,11.0,6.76,4640.0,19.25981801517805,-155.68579671648132,20.970407161427296,2.5
4641,2017.0,12.0,15.0,4.0,5.0,48.35,4641.0,19.728211330343942,-155.1039269567867,26.25869784075462,2.6
4642,2017.0,12.0,15.0,20.0,37.0,23.91,4642.0,19.71336505650192,-155.5185096243545,25.370146420179736,2.6
4643,2017.0,12.0,21.0,9.0,39.0,50.59,4643.0,19.46333486245525,-155.36793000907016,24.188751890942918,2.5
4644,2017.0,12.0,21.0,23.0,28.0,16.04,4644.0,19.74905417530024,-155.96014255216085,33.3205289949064,2.5
4645,2017.0,12.0,26.0,15.0,50.0,30.67,4645.0,19.93685682631021,-155.41732486185464,43.37632401501296,2.7
4646,2018.0,1.0,2.0,3.0,11.0,0.89,4646.0,19.37810923229761,-155.39297757520345,21.27821374182644,2.7
4647,2018.0,1.0,2.0,11.0,46.0,29.53,4647.0,19.411367374891217,-155.78026863794622,7.587166828130027,2.5
4648,2018.0,1.0,5.0,0.0,0.0,56.54,4648.0,19.298172577837978,-155.61826426879986,10.434349677842278,3.4
4649,2018.0,1.0,8.0,18.0,10.0,7.56,4649.0,19.71608810484993,-155.48382062073415,18.140773258934555,2.8
4650,2018.0,1.0,11.0,6.0,47.0,49.73,4650.0,19.92323862816694,-155.47164422796305,35.56939565059399,2.8
4651,2018.0,1.0,19.0,11.0,46.0,27.32,4651.0,19.3294152194936,-155.75601849130825,36.30301878436403,2.7
4652,2018.0,1.0,27.0,5.0,58.0,55.94,4652.0,19.99939543481464,-155.65251392329674,35.47029130308776,2.9
4653,2018.0,1.0,27.0,16.0,22.0,31.15,4653.0,20.237189941270422,-155.8361211787098,43.84541660927448,4.8
4654,2018.0,1.0,31.0,16.0,37.0,21.71,4654.0,19.42900015302007,-155.59166673689734,26.5746092359341,2.7
4655,2018.0,2.0,7.0,21.0,40.0,15.66,4655.0,19.59137877182264,-155.69588718505798,7.878113740743222,2.6
4656,2018.0,2.0,11.0,19.0,50.0,24.83,4656.0,20.027581454259145,-155.6642631890937,31.91634526334026,4.3
4657,2018.0,2.0,16.0,14.0,14.0,50.85,4657.0,20.079165578208748,-155.65245467377537,22.74984035768609,2.6
4658,2018.0,2.0,17.0,0.0,24.0,15.94,4658.0,20.083411358879843,-155.8284584695728,41.64730515450206,2.5
4659,2018.0,2.0,20.0,10.0,7.0,30.06,4659.0,19.65573961745391,-155.56123157855228,13.336498401217693,3.8
4660,2018.0,2.0,23.0,12.0,18.0,17.72,4660.0,19.333242851468857,-155.44493775778986,42.06201473026291,2.8
4661,2018.0,3.0,3.0,13.0,29.0,4.06,4661.0,19.7184411311201,-155.52360534251224,27.370639481815992,2.9
4662,2018.0,3.0,12.0,16.0,38.0,22.95,4662.0,19.84625955461254,-155.2724492871527,22.43273037979149,3.0
4663,2018.0,3.0,17.0,20.0,43.0,42.49,4663.0,19.44807590818889,-154.96086984381955,26.25519037539405,2.5
4664,2018.0,3.0,25.0,4.0,14.0,12.93,4664.0,19.608208017863813,-155.60983366587092,32.64879537103745,3.8
4665,2018.0,3.0,30.0,18.0,43.0,21.32,4665.0,19.42485815767084,-155.36248262731365,5.296823894993114,2.5
4666,2018.0,4.0,2.0,16.0,39.0,34.46,4666.0,19.780296677476787,-155.75384419354648,35.54159418102094,3.0
4667,2018.0,4.0,3.0,11.0,10.0,56.42,4667.0,20.025420221801504,-155.76674204732217,38.342676603447785,2.5
4668,2018.0,4.0,5.0,9.0,1.0,25.15,4668.0,19.229442559428445,-155.86627581399387,11.278169591814027,2.5
4669,2018.0,4.0,14.0,11.0,45.0,34.54,4669.0,19.50508198069228,-155.91535153595385,10.84341394567671,2.9
4670,2018.0,4.0,16.0,15.0,50.0,49.41,4670.0,19.492945414051764,-155.42063368799913,3.642760125994735,2.5
4671,2018.0,4.0,18.0,15.0,9.0,11.63,4671.0,19.61869768445701,-155.1053562373827,28.758534249517325,2.9
4672,2018.0,4.0,19.0,10.0,54.0,28.94,4672.0,19.845815044952097,-155.34018103157567,36.84451982205098,2.8
4673,2018.0,5.0,1.0,16.0,4.0,4.79,4673.0,19.318370278678174,-155.72996578337955,7.216119893360272,3.2
4674,2018.0,5.0,18.0,15.0,43.0,24.92,4674.0,19.70669303335519,-155.37677977071309,29.00925356217179,2.5
4675,2018.0,5.0,20.0,22.0,33.0,7.62,4675.0,19.520847278257808,-155.5446906690497,12.729227399116365,2.6
4676,2018.0,5.0,24.0,7.0,52.0,35.43,4676.0,19.776427343153387,-155.70500086031936,10.070470587234652,2.6
4677,2018.0,5.0,25.0,20.0,15.0,55.84,4677.0,19.959295423492893,-155.4668963323198,10.196225422235695,2.6
4678,2018.0,6.0,15.0,21.0,43.0,27.71,4678.0,19.628705868569064,-155.3428277611651,35.406565690151744,2.5
4679,2018.0,6.0,16.0,2.0,3.0,16.43,4679.0,19.526259890885385,-155.70241443267457,6.605269957955168,2.7
4680,2018.0,6.0,23.0,1.0,52.0,21.79,4680.0,19.548591141374303,-155.1507084170516,7.498332591819526,3.3
4681,2018.0,6.0,23.0,8.0,10.0,27.79,4681.0,19.87113473218273,-155.2697781832296,14.499814074909382,2.5
4682,2018.0,6.0,25.0,0.0,48.0,32.48,4682.0,19.299647704083807,-155.580630709595,10.707106189472,2.5
4683,2018.0,7.0,18.0,8.0,44.0,42.58,4683.0,19.28422893839998,-155.24304823794247,11.526046869132056,3.1
4684,2018.0,7.0,18.0,12.0,36.0,13.38,4684.0,20.050201850589755,-155.74867744949265,7.71548643836825,2.9
4685,2018.0,7.0,21.0,15.0,14.0,22.62,4685.0,19.49282205349139,-155.19889015592182,29.22979072150506,3.4
4686,2018.0,7.0,26.0,18.0,38.0,21.86,4686.0,19.39316870641581,-155.4334324347899,35.34005832458802,2.5
4687,2018.0,7.0,27.0,4.0,34.0,27.38,4687.0,19.588873778034703,-155.72371493731535,35.82535863756382,2.6
4688,2018.0,8.0,1.0,11.0,54.0,25.33,4688.0,19.835889566608227,-155.86675146206065,21.18117267885651,3.2
4689,2018.0,8.0,1.0,14.0,54.0,52.54,4689.0,19.814768217730748,-155.5431284341024,5.717849962899425,2.7
4690,2018.0,8.0,8.0,3.0,16.0,40.99,4690.0,20.09108127650938,-155.81909870120103,14.52415310413566,2.6
4691,2018.0,8.0,9.0,0.0,56.0,50.55,4691.0,19.45975182240044,-154.9403411651793,3.1959213945955307,3.2
4692,2018.0,8.0,9.0,7.0,12.0,9.42,4692.0,19.37351026427248,-155.615129364402,40.646540536712266,2.7
4693,2018.0,8.0,15.0,10.0,39.0,9.72,4693.0,19.61878602276721,-155.08099908406749,8.134928484500886,2.8
4694,2018.0,8.0,16.0,2.0,36.0,18.96,4694.0,19.6635891418028,-154.99398829670525,13.35162345837258,2.6
4695,2018.0,8.0,16.0,5.0,37.0,50.71,4695.0,19.84280380832039,-155.3817254736086,10.276863831807278,4.4
4696,2018.0,8.0,23.0,16.0,56.0,8.74,4696.0,19.06206577285504,-155.8308990394447,8.824952219320604,2.7
4697,2018.0,8.0,26.0,12.0,48.0,25.55,4697.0,19.98873606743801,-155.58479571562344,37.768200037878486,2.5
4698,2018.0,8.0,29.0,7.0,1.0,28.09,4698.0,19.43118214231085,-155.33882438768137,30.300252126840917,2.9
4699,2018.0,9.0,2.0,12.0,51.0,59.88,4699.0,19.28070057335751,-155.12370874398636,44.44434793613455,2.6
4700,2018.0,9.0,12.0,14.0,28.0,41.75,4700.0,19.97269868330978,-155.80305002607264,24.324001199065638,2.5
4701,2018.0,9.0,14.0,20.0,36.0,3.04,4701.0,19.96898218785966,-155.19851608137472,25.51412330854949,3.1
4702,2018.0,9.0,20.0,7.0,53.0,26.31,4702.0,19.35881270551114,-155.43335799992644,41.33308307054041,2.7
4703,2018.0,9.0,25.0,10.0,44.0,11.45,4703.0,19.3378722226618,-155.461527288519,16.790594933010226,3.8
4704,2018.0,9.0,28.0,15.0,42.0,8.65,4704.0,19.56160082224406,-155.3663032877966,30.70944361677143,2.6
4705,2018.0,10.0,3.0,21.0,27.0,32.67,4705.0,19.33929371039052,-155.72051949681486,25.81958798183348,2.7
4706,2018.0,10.0,6.0,2.0,21.0,6.93,4706.0,19.388102092663363,-155.56699307155026,37.4935490153832,2.8
4707,2018.0,10.0,7.0,20.0,8.0,50.3,4707.0,19.32970240820721,-155.60906256689137,13.840404883240891,3.1
4708,2018.0,10.0,17.0,1.0,38.0,4.0,4708.0,19.430904078282044,-155.31885968120207,7.36323634440137,2.9
4709,2018.0,10.0,19.0,9.0,56.0,47.89,4709.0,19.713946199305447,-155.58622343730397,29.189217286453577,2.5
4710,2018.0,10.0,20.0,14.0,39.0,18.89,4710.0,19.746786294838355,-155.47830273569508,5.748064752659778,3.1
4711,2018.0,10.0,23.0,9.0,19.0,49.5,4711.0,19.706822858242614,-155.80461984374173,23.559139471735502,3.1
4712,2018.0,10.0,24.0,7.0,13.0,5.97,4712.0,19.37524039618972,-155.57923546215255,16.167694621381592,2.5
4713,2018.0,10.0,26.0,13.0,46.0,3.34,4713.0,19.61542075587549,-155.08933847569975,26.1204678333685,2.8
4714,2018.0,10.0,30.0,12.0,18.0,18.7,4714.0,19.92385346339752,-155.64280866984677,32.010814086533735,4.4
4715,2018.0,10.0,31.0,18.0,0.0,20.16,4715.0,19.32182907054905,-155.7360029119487,6.008222189181767,2.5
4716,2018.0,11.0,1.0,18.0,34.0,23.86,4716.0,19.7231061962204,-155.13954483610314,25.507699170476435,2.6
4717,2018.0,11.0,2.0,5.0,34.0,38.73,4717.0,19.633913351613245,-155.95623856789246,15.655820698228467,2.5
4718,2018.0,11.0,5.0,9.0,3.0,10.48,4718.0,19.98451515103952,-155.23869729859135,9.494282452447964,3.4
4719,2018.0,11.0,5.0,9.0,14.0,57.73,4719.0,19.52708993569976,-155.46531663314022,42.92493202944383,2.8
4720,2018.0,11.0,6.0,12.0,22.0,33.24,4720.0,20.132614864879308,-155.79574417614114,35.5983593166826,3.1
4721,2018.0,11.0,13.0,3.0,34.0,25.45,4721.0,19.6389361586223,-155.38984164772637,42.47086994106802,2.8
4722,2018.0,11.0,13.0,4.0,58.0,45.29,4722.0,20.00339072034541,-155.63218604637166,9.85817636491434,3.2
4723,2018.0,11.0,15.0,18.0,27.0,8.88,4723.0,19.30673392305417,-155.62188229608265,14.92747608879263,2.5
4724,2018.0,11.0,17.0,19.0,10.0,21.76,4724.0,19.678389231455714,-155.54969821592934,23.76417438743974,2.5
4725,2018.0,11.0,19.0,4.0,12.0,58.23,4725.0,19.36765458046301,-155.01273117265106,5.791925500462121,2.6
4726,2018.0,11.0,22.0,9.0,39.0,24.05,4726.0,19.52912082872191,-155.81414090414717,24.25241830860424,2.5
4727,2018.0,11.0,23.0,6.0,9.0,52.48,4727.0,19.550886001944253,-155.94957033234328,17.741184730412616,3.0
4728,2018.0,11.0,30.0,8.0,9.0,44.64,4728.0,19.306027262661463,-155.1382108406861,8.710919464585785,3.2
4729,2018.0,11.0,30.0,10.0,41.0,40.95,4729.0,20.06978798286277,-155.80786212803227,31.01798631202865,2.9
4730,2018.0,12.0,1.0,11.0,40.0,21.71,4730.0,19.996479570080623,-155.61677407359934,33.19132490510959,3.3
4731,2018.0,12.0,4.0,16.0,50.0,14.72,4731.0,19.469012291388182,-155.66820346115273,10.320562814810504,3.2
4732,2018.0,12.0,7.0,2.0,22.0,22.69,4732.0,19.55971471214774,-155.95146687515268,12.993363503285398,2.9
4733,2018.0,12.0,10.0,10.0,55.0,10.56,4733.0,19.674233448117697,-155.23242757100994,40.07376712570318,2.5
4734,2018.0,12.0,12.0,4.0,57.0,10.93,4734.0,19.55120361886137,-155.5925203501859,35.41596687625227,3.2
4735,2018.0,12.0,17.0,12.0,58.0,17.34,4735.0,19.283911605410857,-155.3149538539681,42.52985972380247,3.4
4736,2018.0,12.0,23.0,5.0,27.0,10.52,4736.0,19.82086500463992,-155.63480306400248,7.257401880882648,2.5
4737,2018.0,12.0,23.0,15.0,49.0,20.99,4737.0,20.005199290698908,-155.6049527034646,35.14693628631432,4.4
4738,2018.0,12.0,26.0,20.0,47.0,59.29,4738.0,19.45309508310412,-155.19824415032423,34.63198927140074,2.5
4739,2019.0,1.0,2.0,13.0,38.0,51.21,4739.0,19.736697429301124,-155.16035709589175,3.6432862375561754,3.0
4740,2019.0,1.0,2.0,21.0,41.0,38.74,4740.0,20.019999360504872,-155.43329545281503,44.19922200251123,2.5
4741,2019.0,1.0,5.0,0.0,42.0,56.51,4741.0,19.58860898178869,-155.93442086692,42.48058349606508,2.5
4742,2019.0,1.0,9.0,1.0,6.0,12.65,4742.0,19.125753387689592,-155.55368644360044,24.778699964258312,2.6
4743,2019.0,1.0,12.0,13.0,38.0,52.7,4743.0,19.57272174512832,-155.13052830934754,21.34707888157881,2.8
4744,2019.0,1.0,14.0,21.0,13.0,4.47,4744.0,19.29771950902185,-155.09708774550586,41.05768325989624,2.7
4745,2019.0,1.0,19.0,20.0,58.0,58.37,4745.0,19.042179866306977,-155.57169015878685,3.159601908895096,2.7
4746,2019.0,1.0,25.0,6.0,15.0,28.1,4746.0,20.0745994848844,-155.6125845890687,29.788122912745138,2.5
4747,2019.0,1.0,25.0,22.0,13.0,7.44,4747.0,19.51820526729906,-155.59550142799387,29.844051428615195,2.5
4748,2019.0,1.0,27.0,20.0,11.0,32.52,4748.0,19.489178946581266,-155.82991429801837,40.02658657864087,2.5
4749,2019.0,2.0,4.0,17.0,58.0,9.3,4749.0,19.6005889470816,-155.56325542885045,43.15232956039051,3.3
4750,2019.0,2.0,5.0,6.0,12.0,4.92,4750.0,19.568397730955585,-154.91761844028676,11.711531178120737,2.6
4751,2019.0,2.0,5.0,19.0,27.0,52.98,4751.0,19.75677011481913,-155.46298244147994,36.777430123425184,3.2
4752,2019.0,2.0,10.0,11.0,8.0,49.05,4752.0,19.40682857045924,-155.69485656400565,42.44960172895255,3.2
4753,2019.0,2.0,14.0,2.0,1.0,41.95,4753.0,19.60295737910726,-155.63028257019033,2.070384804709008,2.7
4754,2019.0,2.0,17.0,3.0,21.0,10.17,4754.0,19.8770704803673,-155.5442443417545,2.404951082245983,2.5
4755,2019.0,2.0,18.0,7.0,8.0,22.9,4755.0,20.11421039024175,-155.76290405158014,44.84868106764124,2.6
4756,2019.0,2.0,20.0,10.0,41.0,21.21,4756.0,19.68775450015909,-155.34713575045342,9.84812603457658,2.6
4757,2019.0,2.0,21.0,13.0,33.0,40.12,4757.0,19.328740853861245,-155.47908471672443,18.340768004349613,3.3
4758,2019.0,3.0,4.0,4.0,13.0,59.3,4758.0,19.23609561875022,-155.84059578851,20.52776935148482,2.5
4759,2019.0,3.0,12.0,3.0,20.0,56.49,4759.0,19.870087654105244,-155.30857351391649,31.521170493619344,3.0
4760,2019.0,3.0,17.0,18.0,51.0,28.77,4760.0,19.53230297278868,-154.92784373004153,36.015484586968206,2.7
4761,2019.0,3.0,21.0,1.0,1.0,2.29,4761.0,20.063880823389884,-155.49998701697064,15.520435410333222,2.5
4762,2019.0,3.0,21.0,11.0,55.0,5.58,4762.0,19.80080674154067,-155.1868586927704,4.919836340206148,2.8
4763,2019.0,3.0,21.0,22.0,25.0,11.58,4763.0,19.90948801138383,-155.34586289376284,18.47241752052086,2.5
4764,2019.0,3.0,25.0,20.0,38.0,22.74,4764.0,19.23991630065971,-155.49677314049154,35.96138627726459,2.7
4765,2019.0,3.0,27.0,17.0,18.0,4.46,4765.0,19.79532226305632,-155.83572607253967,27.764253902765475,2.7
4766,2019.0,3.0,30.0,7.0,32.0,53.54,4766.0,19.16338594920417,-155.81743324251562,43.66515647880915,2.6
4767,2019.0,4.0,1.0,0.0,56.0,48.1,4767.0,19.33245686228942,-155.1324169321464,41.65373300065199,2.9
4768,2019.0,4.0,3.0,2.0,49.0,11.87,4768.0,19.686804101964977,-155.82652238515283,20.76957989987972,2.6
4769,2019.0,4.0,21.0,16.0,35.0,57.16,4769.0,19.520840791536408,-155.58967033220804,4.063381269420041,2.7
4770,2019.0,5.0,5.0,22.0,26.0,8.01,4770.0,19.66465605240528,-155.04052012736585,27.39820875231145,2.7
4771,2019.0,5.0,8.0,23.0,26.0,1.21,4771.0,19.57092845054868,-155.36965683180532,16.850979533173934,2.6
4772,2019.0,5.0,11.0,1.0,53.0,30.26,4772.0,19.78062575611711,-155.43275101856236,28.505045429977454,3.2
4773,2019.0,5.0,14.0,1.0,25.0,23.69,4773.0,19.17248701361687,-155.67453552108336,41.00765852237864,2.5
4774,2019.0,5.0,15.0,4.0,41.0,50.27,4774.0,19.864147830296503,-155.4585095424353,40.863367072367694,2.6
4775,2019.0,5.0,15.0,18.0,3.0,33.88,4775.0,19.70733613574498,-155.2871609281291,32.580677871284834,3.7
4776,2019.0,5.0,17.0,3.0,35.0,30.54,4776.0,19.705993004570004,-155.49568608250476,18.827147101179648,3.1
4777,2019.0,5.0,19.0,14.0,58.0,11.89,4777.0,19.465613136220085,-155.66184501156596,19.40036515438143,2.7
4778,2019.0,5.0,22.0,3.0,33.0,43.02,4778.0,19.614952951625348,-154.9437354094177,7.293185759646532,3.3
4779,2019.0,5.0,24.0,8.0,7.0,45.64,4779.0,19.32917232756886,-155.18481174552724,10.292793665564837,2.6
4780,2019.0,5.0,26.0,14.0,21.0,18.31,4780.0,19.25124045800437,-155.24801994973333,25.0841538102389,3.3
4781,2019.0,5.0,29.0,0.0,9.0,43.01,4781.0,20.00165829626553,-155.79080928593854,36.12186772951739,3.0
4782,2019.0,6.0,1.0,22.0,44.0,27.98,4782.0,19.443030744575964,-155.88036495394536,1.879877775534912,2.8
4783,2019.0,6.0,5.0,12.0,49.0,36.6,4783.0,19.643334797629613,-155.37268913864438,15.14902117706736,3.5
4784,2019.0,6.0,10.0,19.0,51.0,39.17,4784.0,19.902820807262344,-155.75296736151927,13.721202337363533,2.8
4785,2019.0,6.0,14.0,20.0,25.0,46.24,4785.0,19.758679886285023,-155.36587695923822,21.65312160695243,2.6
4786,2019.0,6.0,15.0,13.0,37.0,18.49,4786.0,19.371429126922862,-155.1881177795379,33.9703132672768,2.5
4787,2019.0,6.0,16.0,15.0,46.0,1.76,4787.0,19.44222896213889,-155.1865452721443,19.4293355224045,2.8
4788,2019.0,6.0,24.0,21.0,34.0,47.14,4788.0,19.837893094027507,-155.46459566385855,18.81857160630811,2.8
4789,2019.0,6.0,25.0,22.0,45.0,37.63,4789.0,19.91467070144048,-155.2482938344952,2.144405370593928,2.9
4790,2019.0,6.0,28.0,8.0,2.0,47.15,4790.0,19.85952931816409,-155.60993789120997,42.80336305970533,3.0
4791,2019.0,7.0,15.0,20.0,24.0,26.85,4791.0,19.70631864360808,-155.42159800749076,6.464136466224799,3.2
4792,2019.0,7.0,17.0,11.0,27.0,14.95,4792.0,19.713520079186942,-155.7476764417271,41.894990491480335,2.6
4793,2019.0,7.0,20.0,12.0,48.0,18.64,4793.0,20.09481260112909,-155.72458519865074,15.466190750506897,3.2
4794,2019.0,7.0,24.0,4.0,21.0,57.24,4794.0,19.779860353400963,-156.0308719272418,28.126789191653707,2.6
4795,2019.0,7.0,26.0,19.0,36.0,20.0,4795.0,19.989202867574942,-155.66784330453936,7.381977859899795,2.9
4796,2019.0,7.0,27.0,1.0,0.0,23.51,4796.0,20.09220227399568,-155.45374209202646,5.0033575441535945,3.2
4797,2019.0,8.0,1.0,14.0,53.0,32.16,4797.0,19.11767060723049,-155.68867103087308,41.30146742947616,2.5
4798,2019.0,8.0,2.0,12.0,12.0,56.08,4798.0,19.53359762997547,-155.89756155451786,32.408474289648595,2.8
4799,2019.0,8.0,4.0,13.0,54.0,8.23,4799.0,19.504585082993383,-155.49740096842706,41.34625825761077,3.4
4800,2019.0,8.0,6.0,2.0,53.0,9.13,4800.0,19.54122873313755,-154.96402259745724,41.85076706236241,2.8
4801,2019.0,8.0,8.0,17.0,54.0,45.96,4801.0,19.911184328341964,-155.5269926170768,42.093390812857,2.6
4802,2019.0,8.0,9.0,0.0,22.0,38.56,4802.0,19.91632103260244,-155.43248555856138,12.087850877960353,2.6
4803,2019.0,8.0,9.0,21.0,5.0,2.99,4803.0,19.50125961733961,-155.0695295310462,14.688809900435084,3.0
4804,2019.0,8.0,11.0,5.0,36.0,22.78,4804.0,19.970233434216468,-155.62861814740188,28.153871022429243,2.6
4805,2019.0,8.0,12.0,20.0,43.0,46.56,4805.0,19.09453855310808,-155.58471068369127,20.476304150991663,2.6
4806,2019.0,8.0,13.0,12.0,8.0,39.3,4806.0,19.59793368312221,-155.85619156328647,30.67933961159502,2.5
4807,2019.0,8.0,20.0,3.0,45.0,29.07,4807.0,19.2366301839749,-155.36038024948738,37.24432700663354,3.3
4808,2019.0,8.0,23.0,10.0,27.0,47.92,4808.0,19.47227794491087,-155.0365093284701,28.23507707776421,2.5
4809,2019.0,8.0,26.0,2.0,7.0,15.66,4809.0,19.451087796219657,-155.30369759731417,5.791478489363698,3.2
4810,2019.0,8.0,27.0,22.0,35.0,12.61,4810.0,19.28320711475297,-155.33010872621648,14.744894650391888,2.7
4811,2019.0,8.0,29.0,2.0,29.0,28.14,4811.0,19.52897599404866,-155.6028623229661,39.13656687638134,3.1
4812,2019.0,9.0,9.0,7.0,23.0,32.59,4812.0,19.04187326902214,-155.54041567781937,2.0596343356664404,3.2
4813,2019.0,9.0,27.0,18.0,31.0,45.29,4813.0,19.540828526792463,-155.17271233393424,4.051680246035049,2.6
4814,2019.0,9.0,29.0,9.0,37.0,17.47,4814.0,19.510059441459493,-155.79216602127684,16.421087458478627,2.6
4815,2019.0,9.0,30.0,3.0,23.0,57.99,4815.0,20.05415322318086,-155.82625751781154,38.38917360065892,2.5
4816,2019.0,10.0,2.0,19.0,3.0,45.25,4816.0,19.79235656596249,-155.6189218792684,22.4943580183482,2.6
4817,2019.0,10.0,3.0,9.0,43.0,12.95,4817.0,19.170772247223145,-155.75030725920396,3.631235202180816,3.1
4818,2019.0,10.0,5.0,17.0,2.0,47.7,4818.0,19.876260031971487,-155.76980890054665,44.62373047026708,2.5
4819,2019.0,10.0,7.0,6.0,17.0,50.28,4819.0,19.539616708035624,-155.34602841467137,1.816057844000181,3.2
4820,2019.0,10.0,16.0,18.0,19.0,11.93,4820.0,19.458736611506936,-154.82204375122788,44.93624840469846,2.6
4821,2019.0,10.0,19.0,19.0,45.0,18.79,4821.0,19.44705059456648,-155.424963652031,10.392632819404747,2.9
4822,2019.0,10.0,26.0,11.0,35.0,1.55,4822.0,19.66570813319913,-155.15178954263533,39.60078784548414,2.6
4823,2019.0,11.0,1.0,14.0,46.0,19.13,4823.0,19.723845814285944,-155.76453216343933,33.8840884996271,3.6
4824,2019.0,11.0,16.0,4.0,40.0,14.27,4824.0,19.70758451483852,-155.73882221705895,11.755263340086522,2.8
4825,2019.0,11.0,16.0,10.0,16.0,3.31,4825.0,19.966151878195152,-155.50425646707663,41.62958814897105,2.6
4826,2019.0,11.0,21.0,20.0,51.0,58.93,4826.0,19.86264866353199,-155.92343656350437,7.516588838929307,3.2
4827,2019.0,11.0,28.0,21.0,19.0,52.23,4827.0,19.42765587286366,-154.94584109600552,13.661723024539656,2.7
4828,2019.0,11.0,30.0,3.0,41.0,31.39,4828.0,20.119058754857768,-155.70244622235074,1.5139476104154863,2.9
4829,2019.0,12.0,6.0,3.0,39.0,12.9,4829.0,19.62946812377925,-155.4120782518465,7.343006359961457,2.5
4830,2019.0,12.0,10.0,3.0,6.0,49.13,4830.0,19.67753317603865,-155.91775750422352,14.822923730796903,2.5
4831,2019.0,12.0,10.0,23.0,50.0,56.98,4831.0,19.43610832640753,-155.03360775290145,42.85799009131343,2.8
4832,2019.0,12.0,12.0,10.0,26.0,34.25,4832.0,19.40516992348421,-155.0723172566967,37.627991245110536,2.5
4833,2019.0,12.0,14.0,19.0,26.0,11.39,4833.0,20.086277615067413,-155.4679758322604,19.30110256277467,3.1
4834,2019.0,12.0,16.0,7.0,32.0,20.61,4834.0,20.066965810628087,-155.60494814032418,32.0364846338677,3.2
4835,2020.0,1.0,3.0,15.0,25.0,0.29,4835.0,19.463565389672112,-155.1292656929928,20.7614941789383,3.1
4836,2020.0,1.0,3.0,23.0,24.0,15.84,4836.0,19.258725480904985,-155.42409736701808,10.694721218891978,2.5
4837,2020.0,1.0,4.0,18.0,38.0,24.3,4837.0,19.64680249609112,-155.11319299231738,41.39022814729876,2.5
4838,2020.0,1.0,6.0,22.0,20.0,28.22,4838.0,19.638755896557345,-155.2076960186245,24.751288562107643,2.9
4839,2020.0,1.0,10.0,6.0,7.0,50.37,4839.0,19.18027834529145,-155.7937485992405,11.087679998534208,2.8
4840,2020.0,1.0,13.0,5.0,6.0,8.85,4840.0,19.28326439237937,-155.3079561760495,42.689080927956894,2.9
4841,2020.0,2.0,6.0,13.0,56.0,28.15,4841.0,19.10938713085129,-155.63051001244355,4.8539238731546135,2.6
4842,2020.0,2.0,9.0,19.0,56.0,33.57,4842.0,19.262583206334387,-155.30014487355373,15.569235009232765,3.3
4843,2020.0,2.0,16.0,6.0,16.0,44.33,4843.0,19.15741064665721,-155.87219624580376,8.192916897965269,2.9
4844,2020.0,2.0,16.0,19.0,36.0,15.4,4844.0,19.71096223260819,-155.95062197315502,1.1747460820719415,2.6
4845,2020.0,2.0,19.0,7.0,33.0,48.78,4845.0,19.77586854804258,-155.50032197263613,44.83008590395812,3.3
4846,2020.0,2.0,19.0,7.0,47.0,47.36,4846.0,19.47676978213875,-155.741156623822,42.325233980776346,2.7
4847,2020.0,2.0,20.0,1.0,26.0,3.57,4847.0,19.46576054753576,-154.87356093868195,41.406338784826026,2.7
4848,2020.0,3.0,1.0,8.0,28.0,13.52,4848.0,19.3174289944837,-155.82162282281092,25.085439042207405,2.5
4849,2020.0,3.0,2.0,12.0,25.0,0.36,4849.0,19.15294768854312,-155.89285790243258,36.31724122193259,2.5
4850,2020.0,3.0,3.0,12.0,34.0,11.7,4850.0,19.435241517089565,-155.38419641518,5.153075001626798,3.6
4851,2020.0,3.0,4.0,4.0,20.0,15.04,4851.0,19.59963271490399,-155.8644145372932,13.800530623911474,2.7
4852,2020.0,3.0,8.0,11.0,24.0,45.57,4852.0,19.57719173198876,-155.15451325812552,32.196483230846624,2.8
4853,2020.0,3.0,8.0,12.0,28.0,43.16,4853.0,19.760350447963567,-155.26831593000955,15.10474372189852,2.7
4854,2020.0,3.0,9.0,17.0,58.0,25.51,4854.0,19.761635904915394,-155.66758298724667,18.28990016068687,2.9
4855,2020.0,3.0,15.0,5.0,23.0,58.38,4855.0,19.855536502122547,-155.7170090389353,9.70634649160362,2.8
4856,2020.0,3.0,18.0,10.0,49.0,30.03,4856.0,19.393095961145853,-155.10477808504083,25.701794868744315,2.9
4857,2020.0,3.0,23.0,6.0,27.0,34.98,4857.0,19.62317325328482,-155.71521444183142,1.308856678528381,2.7
4858,2020.0,4.0,9.0,10.0,19.0,56.62,4858.0,19.520676914491634,-155.37692773221858,31.16596117510518,2.8
4859,2020.0,4.0,23.0,6.0,27.0,56.33,4859.0,19.34903085579501,-155.8668589859038,22.47901763519281,3.4
4860,2020.0,4.0,24.0,9.0,29.0,0.03,4860.0,19.615510342995968,-155.11993940907743,6.573068697673103,3.4
4861,2020.0,5.0,1.0,14.0,24.0,21.95,4861.0,19.55143323042858,-155.74516290236377,39.70795689798919,2.8
4862,2020.0,5.0,4.0,10.0,29.0,39.9,4862.0,19.658441772304595,-155.52366683517027,39.59459647702592,2.9
4863,2020.0,5.0,4.0,11.0,27.0,10.63,4863.0,19.26242018401375,-155.32114116878245,4.787119988326751,2.5
4864,2020.0,5.0,8.0,22.0,48.0,9.01,4864.0,19.289363300263783,-155.80721075987947,30.29117363938072,2.6
4865,2020.0,5.0,9.0,1.0,30.0,31.62,4865.0,19.806291316612302,-155.88261711691962,39.35216893175503,2.7
4866,2020.0,5.0,9.0,3.0,6.0,27.78,4866.0,19.56807492990825,-155.72968903010542,26.955374422884464,2.5
4867,2020.0,5.0,14.0,6.0,52.0,16.19,4867.0,19.38492458787366,-155.00043348557273,1.9998674260158005,2.5
4868,2020.0,5.0,14.0,9.0,11.0,13.18,4868.0,19.56855355518441,-154.86504061910537,1.6162194621412451,2.5
4869,2020.0,5.0,22.0,13.0,46.0,27.95,4869.0,19.350889414013505,-155.3070995078642,29.075597644370696,2.7
4870,2020.0,5.0,28.0,0.0,0.0,49.02,4870.0,20.008729944582686,-155.74902149930912,10.76537513355954,2.5
4871,2020.0,6.0,7.0,12.0,9.0,37.5,4871.0,19.629184224005662,-155.61632027007352,7.142178975299772,2.5
4872,2020.0,6.0,10.0,17.0,8.0,33.03,4872.0,19.853717730024226,-155.75548675964984,9.492671989533203,2.7
4873,2020.0,6.0,11.0,17.0,42.0,17.41,4873.0,20.25501989745137,-155.83289368395023,42.49875179848937,3.8
4874,2020.0,6.0,12.0,8.0,5.0,33.88,4874.0,20.017469918525208,-155.41964662919895,26.93236701696035,2.6
4875,2020.0,6.0,13.0,5.0,37.0,33.45,4875.0,19.653383551038587,-155.98140379732044,20.464937139804267,2.5
4876,2020.0,6.0,15.0,4.0,37.0,53.95,4876.0,19.105850239275394,-155.8800992813458,39.54571216803619,2.6
4877,2020.0,6.0,17.0,3.0,10.0,23.62,4877.0,19.725149485421227,-155.28189214855885,8.303096395325678,3.9
4878,2020.0,6.0,18.0,3.0,26.0,27.36,4878.0,19.73002726602309,-155.9328230306851,11.09391885635826,3.8
4879,2020.0,6.0,18.0,10.0,33.0,7.59,4879.0,19.557226751712875,-154.95191863625203,21.68204300139725,2.8
4880,2020.0,7.0,3.0,5.0,42.0,31.5,4880.0,19.32408034271368,-155.3841254329038,16.316792790894766,3.6
4881,2020.0,7.0,4.0,6.0,22.0,45.18,4881.0,19.801206260795794,-155.46002835943554,16.474686934360676,2.5
4882,2020.0,7.0,6.0,0.0,22.0,11.79,4882.0,19.38445517490341,-155.8684264287746,24.891582157656465,3.2
4883,2020.0,7.0,12.0,2.0,25.0,47.91,4883.0,19.73772005005573,-155.09910839952707,41.67429909113758,2.5
4884,2020.0,8.0,4.0,17.0,1.0,5.44,4884.0,19.45994930596813,-155.88709211560746,18.85671559157343,2.5
4885,2020.0,8.0,8.0,11.0,2.0,1.58,4885.0,19.42649425692625,-155.45530644496807,27.433623017241203,2.6
4886,2020.0,8.0,12.0,10.0,40.0,39.74,4886.0,19.37436832701197,-155.52908725783817,8.880451523521263,2.8
4887,2020.0,8.0,16.0,16.0,23.0,29.81,4887.0,19.516220439400666,-154.86820058216676,30.06649053294288,3.2
4888,2020.0,8.0,18.0,18.0,46.0,1.86,4888.0,19.10565875875834,-155.66406962678633,44.7805786173058,3.5
4889,2020.0,8.0,22.0,12.0,24.0,6.49,4889.0,19.313580568939297,-155.41426499393177,4.1459325123503525,2.5
4890,2020.0,8.0,23.0,10.0,36.0,1.55,4890.0,19.41278984406105,-155.88785241673264,1.13741688801621,2.6
4891,2020.0,8.0,30.0,20.0,8.0,45.72,4891.0,20.05053763425493,-155.64155393576505,1.6814166269156243,2.9
4892,2020.0,8.0,31.0,11.0,23.0,13.94,4892.0,19.84444663258522,-155.20942198124936,35.705384006181475,2.6
4893,2020.0,9.0,1.0,14.0,48.0,59.0,4893.0,20.02593610690396,-155.73012947092994,10.571693134976448,3.2
4894,2020.0,9.0,2.0,3.0,21.0,8.06,4894.0,19.474569599622704,-155.70655320307011,23.933367048276253,2.6
4895,2020.0,9.0,12.0,11.0,27.0,52.45,4895.0,19.841208690266388,-155.5418805017362,29.81405842670284,3.1
4896,2020.0,9.0,14.0,4.0,22.0,1.61,4896.0,19.52755913649031,-155.2021788297156,34.11131546554506,3.7
4897,2020.0,9.0,16.0,17.0,22.0,56.71,4897.0,19.8360125173756,-155.7401520911491,6.842296894717546,2.5
4898,2020.0,9.0,17.0,19.0,0.0,12.03,4898.0,19.2519447804934,-155.64353313245243,23.23720730102341,2.6
4899,2020.0,9.0,20.0,4.0,50.0,57.45,4899.0,19.33172648125455,-155.2795382085196,6.234316590271273,2.9
4900,2020.0,9.0,21.0,7.0,18.0,54.45,4900.0,20.026797818960024,-155.47965275677925,22.988909932853307,3.7
4901,2020.0,9.0,30.0,12.0,13.0,13.21,4901.0,19.72075348570691,-155.69574579951748,9.85982319723609,2.9
4902,2020.0,10.0,10.0,23.0,41.0,29.96,4902.0,19.94187799547273,-155.57963630621862,41.55984231657226,2.7
4903,2020.0,10.0,11.0,0.0,31.0,55.53,4903.0,19.482041552971737,-155.35867493707647,31.84603060680296,2.7
4904,2020.0,10.0,15.0,0.0,52.0,2.51,4904.0,19.25920452396725,-155.1929753469482,36.02819136488075,3.4
4905,2020.0,10.0,16.0,11.0,25.0,29.49,4905.0,19.24387792794436,-155.3244340451021,30.97311976740928,2.8
4906,2020.0,10.0,19.0,19.0,15.0,33.9,4906.0,19.70273560899163,-155.93601188493955,40.86580675185725,2.7
4907,2020.0,10.0,22.0,19.0,3.0,51.21,4907.0,19.22973727149028,-155.3261475462215,19.281066751964605,3.2
4908,2020.0,11.0,1.0,19.0,22.0,12.54,4908.0,19.40397041058285,-155.68776967394237,7.114747774728375,2.6
4909,2020.0,11.0,2.0,9.0,41.0,23.36,4909.0,20.010782814521747,-155.3373384037033,44.326579363990135,2.8
4910,2020.0,11.0,4.0,9.0,8.0,13.58,4910.0,19.46502907505189,-155.45197847177351,37.64226117196173,3.0
4911,2020.0,11.0,10.0,22.0,11.0,3.31,4911.0,19.465908905606845,-154.9969249349423,15.884217762684903,2.8
4912,2020.0,11.0,11.0,8.0,39.0,39.18,4912.0,19.42831106898172,-155.20668891264538,34.816313845581135,2.6
4913,2020.0,11.0,11.0,9.0,41.0,53.99,4913.0,19.8397195783694,-155.39463157960478,44.59159884876343,3.0
4914,2020.0,11.0,14.0,15.0,47.0,27.52,4914.0,19.4064955424068,-155.2071918055526,42.99051790725623,2.9
4915,2020.0,11.0,19.0,17.0,27.0,21.5,4915.0,19.62225850440358,-155.00156344317463,3.079775530620813,2.7
4916,2020.0,11.0,23.0,1.0,44.0,8.98,4916.0,19.75201387975901,-155.4051942461788,25.033729584965897,2.8
4917,2020.0,12.0,2.0,16.0,13.0,58.25,4917.0,19.2529901443844,-155.80346174460811,14.994391639534532,2.9
4918,2020.0,12.0,2.0,16.0,52.0,28.22,4918.0,19.344947374501587,-155.58792928309393,32.09786055726889,3.5
4919,2020.0,12.0,5.0,10.0,51.0,10.03,4919.0,19.8032168871551,-155.97247309352787,6.4083188525658645,2.6
4920,2020.0,12.0,10.0,1.0,31.0,28.16,4920.0,19.578070539573275,-155.0871736100781,30.7898413958512,2.9
4921,2020.0,12.0,10.0,10.0,32.0,3.86,4921.0,19.8611811316173,-155.62621770131625,26.852189465331698,2.5
4922,2020.0,12.0,11.0,6.0,0.0,30.12,4922.0,19.408667834496697,-155.40865633599032,18.612300310609086,2.5
4923,2020.0,12.0,15.0,10.0,23.0,22.75,4923.0,20.027089249358447,-155.35866021512365,24.06662515380884,2.5
4924,2020.0,12.0,17.0,21.0,15.0,47.98,4924.0,19.77025509865297,-156.0155800140962,32.094468458420224,4.4
4925,2020.0,12.0,17.0,23.0,38.0,55.74,4925.0,19.15249955831509,-155.90393900842207,25.41097973715729,3.0
4926,2020.0,12.0,26.0,9.0,31.0,13.72,4926.0,20.09596683751184,-155.66728368698236,24.23968080941389,2.5
4927,2020.0,12.0,27.0,10.0,30.0,33.67,4927.0,19.22945726160575,-155.32604915744955,1.7024742222319589,3.1
4928,2020.0,12.0,31.0,19.0,39.0,46.04,4928.0,20.18404000054625,-155.75960890224397,11.473040854994068,2.6
4929,2021.0,1.0,1.0,16.0,53.0,49.64,4929.0,19.40787811328116,-155.14283206864886,39.56494794708544,2.7
4930,2021.0,1.0,2.0,23.0,44.0,55.58,4930.0,19.36497228608533,-155.2604939030507,12.578219577814622,2.8
4931,2021.0,1.0,4.0,16.0,36.0,50.73,4931.0,19.95683103709662,-155.6885734950617,9.507958210134891,3.0
4932,2021.0,1.0,12.0,15.0,49.0,43.87,4932.0,19.224912897894264,-155.847917868349,42.25115293580671,2.6
4933,2021.0,1.0,14.0,11.0,6.0,50.67,4933.0,19.3879548103222,-155.26795204228978,44.32444862112983,2.6
4934,2021.0,1.0,15.0,12.0,49.0,56.11,4934.0,19.83143123527992,-155.39431963916428,13.650232114866093,2.7
4935,2021.0,2.0,7.0,10.0,52.0,20.22,4935.0,19.688741954278328,-155.75679984291872,2.3848366476824543,3.1
4936,2021.0,2.0,11.0,15.0,0.0,21.52,4936.0,19.46506735831432,-155.06574262778713,37.81463783830527,2.5
4937,2021.0,2.0,18.0,17.0,17.0,11.62,4937.0,19.891949916922684,-155.71655490849295,2.3432452172391653,4.0
4938,2021.0,2.0,21.0,22.0,22.0,8.75,4938.0,19.51217794901429,-155.25232470010027,27.31749260006645,2.9
4939,2021.0,2.0,26.0,9.0,52.0,13.99,4939.0,19.827065964005897,-155.5057114466817,2.9845996019165324,2.5
4940,2021.0,3.0,2.0,18.0,50.0,11.17,4940.0,19.628666390813223,-155.38819197371254,43.863295438958055,3.0
4941,2021.0,3.0,12.0,23.0,24.0,29.26,4941.0,19.622712186485305,-155.68792123978395,9.623391852748888,2.5
4942,2021.0,3.0,13.0,5.0,28.0,26.53,4942.0,19.563203642514832,-155.66989100034218,5.266744387542205,2.8
4943,2021.0,3.0,13.0,15.0,35.0,27.64,4943.0,19.4413070288188,-154.93202486818527,22.612099196951338,2.5
4944,2021.0,3.0,21.0,18.0,49.0,26.34,4944.0,19.620510542921625,-155.1786275190136,35.438538590074344,3.0
4945,2021.0,3.0,26.0,13.0,58.0,23.08,4945.0,19.38938026344073,-155.4996123677787,14.116213458310153,2.7
4946,2021.0,3.0,27.0,9.0,53.0,53.19,4946.0,19.964944145674284,-155.34844143534406,25.52200782625934,2.7
4947,2021.0,3.0,29.0,14.0,38.0,39.11,4947.0,19.539936237109423,-155.11656850121537,38.51549142816872,3.0
4948,2021.0,4.0,2.0,6.0,1.0,48.15,4948.0,19.85887289244244,-155.52410381932177,21.359996023976173,2.6
4949,2021.0,4.0,12.0,22.0,46.0,52.24,4949.0,19.51863238910008,-155.5068680226293,16.802319224877984,2.5
4950,2021.0,4.0,13.0,12.0,32.0,44.25,4950.0,19.282115145805403,-155.2146706731853,11.512479521603876,2.5
4951,2021.0,4.0,19.0,13.0,41.0,52.66,4951.0,19.957065362611697,-155.6173124558858,42.65046451045082,2.5
4952,2021.0,4.0,19.0,18.0,14.0,0.94,4952.0,19.800934546033496,-155.88787804780196,37.25058473868819,3.2
4953,2021.0,4.0,20.0,9.0,37.0,33.84,4953.0,19.70687264610488,-155.56836231842925,38.71173633421088,3.0
4954,2021.0,4.0,20.0,14.0,0.0,44.26,4954.0,19.24282590082004,-155.68713472323498,15.230631442531283,2.5
4955,2021.0,4.0,21.0,23.0,27.0,20.36,4955.0,19.702896357253493,-155.3979915628931,32.33154717852309,2.5
4956,2021.0,4.0,23.0,2.0,20.0,10.11,4956.0,19.64582027908645,-155.14710482276078,13.02770470562716,2.5
4957,2021.0,4.0,27.0,11.0,53.0,23.47,4957.0,19.856335563549056,-155.55901549697532,3.101006608533234,2.5
4958,2021.0,5.0,1.0,18.0,20.0,33.92,4958.0,20.20688854196322,-155.80147349429637,9.599816903223363,3.2
4959,2021.0,5.0,1.0,18.0,28.0,28.27,4959.0,19.27766545810684,-155.74341154705544,2.616442093215851,2.6
4960,2021.0,5.0,11.0,7.0,25.0,4.22,4960.0,19.63122534750159,-155.26626095041453,32.112462792216434,3.1
4961,2021.0,5.0,12.0,20.0,20.0,59.02,4961.0,19.90420269036208,-155.1265487416894,14.95078848678116,2.6
4962,2021.0,5.0,16.0,5.0,54.0,18.02,4962.0,19.007360941940203,-155.61929461621708,30.18671814207602,2.5
4963,2021.0,5.0,20.0,0.0,28.0,51.47,4963.0,19.420463327218503,-155.3263820488793,5.310395912604367,3.0
4964,2021.0,5.0,21.0,3.0,16.0,29.67,4964.0,19.605869257464526,-155.57266963439915,33.97671875710621,2.9
4965,2021.0,5.0,22.0,14.0,32.0,8.76,4965.0,19.38898297849063,-155.54990114659688,27.840362944037,2.6
4966,2021.0,5.0,24.0,17.0,45.0,4.33,4966.0,20.154379052642504,-155.8397544465155,18.45078666085142,2.8
4967,2021.0,5.0,30.0,11.0,47.0,33.14,4967.0,19.811825712391524,-155.2062522246832,26.000570611353396,2.6
4968,2021.0,6.0,6.0,15.0,50.0,36.1,4968.0,19.371195691123617,-155.39568171823427,12.44118078194886,4.9
4969,2021.0,6.0,11.0,19.0,54.0,6.42,4969.0,20.08499323411329,-155.5364649658951,35.254436850387634,2.5
4970,2021.0,6.0,12.0,16.0,16.0,43.47,4970.0,19.76756372251426,-155.1179164911047,41.95600537006442,2.7
4971,2021.0,6.0,13.0,14.0,5.0,26.81,4971.0,19.61205582657037,-155.8857575779523,1.116482838407813,2.7
4972,2021.0,6.0,16.0,21.0,20.0,35.33,4972.0,19.29915686356696,-155.66253036532996,44.61492193293055,3.8
4973,2021.0,6.0,17.0,4.0,4.0,43.58,4973.0,19.20885891481996,-155.76416795296444,42.92105806598408,2.6
4974,2021.0,6.0,19.0,2.0,16.0,50.38,4974.0,19.553454404070912,-155.47450504727215,40.82043177043455,2.6
4975,2021.0,6.0,23.0,10.0,53.0,58.18,4975.0,19.63104302786984,-155.4433654681144,28.982393342393717,2.5
4976,2021.0,6.0,28.0,20.0,52.0,16.98,4976.0,19.678338995828067,-155.87007323221553,32.402486768981774,2.6
4977,2021.0,6.0,30.0,6.0,45.0,57.98,4977.0,19.65901088952824,-155.6574550731061,18.809428145393003,2.8
4978,2021.0,7.0,2.0,0.0,41.0,24.59,4978.0,19.45748667109656,-155.83898643158628,5.956130557806313,2.7
4979,2021.0,7.0,4.0,2.0,25.0,23.34,4979.0,19.42472397430548,-155.2476302966483,18.187247881347,2.5
4980,2021.0,7.0,7.0,2.0,7.0,11.88,4980.0,19.075483807655274,-155.78648844811326,40.63100993429962,2.6
4981,2021.0,7.0,15.0,15.0,50.0,34.34,4981.0,19.750055456860903,-155.9428071835166,11.55792025710716,2.5
4982,2021.0,7.0,20.0,2.0,14.0,35.92,4982.0,19.14434037027139,-155.6178340708678,38.53983645568387,2.5
4983,2021.0,7.0,25.0,5.0,40.0,19.88,4983.0,20.00223521657628,-155.6240345802778,10.659874332569949,2.7
4984,2021.0,8.0,2.0,23.0,34.0,30.92,4984.0,19.59615113660635,-155.60669373288073,44.17610137647866,2.6
4985,2021.0,8.0,6.0,2.0,18.0,14.19,4985.0,19.641963842518365,-155.3502285534577,36.034376511255246,2.5
4986,2021.0,8.0,6.0,20.0,39.0,37.53,4986.0,19.143095975509585,-155.52496495112848,7.700503841136451,2.5
4987,2021.0,8.0,11.0,16.0,38.0,57.99,4987.0,19.933627985968627,-155.64619063394963,7.453230977780182,2.5
4988,2021.0,8.0,13.0,12.0,34.0,0.79,4988.0,19.895077060810365,-155.32070448478058,43.72317180835364,2.6
4989,2021.0,8.0,14.0,23.0,31.0,16.73,4989.0,19.512060484736573,-155.08192152366345,6.100138407323275,2.6
4990,2021.0,8.0,15.0,15.0,0.0,47.53,4990.0,20.10527361120324,-155.6116483033241,44.93406395294734,2.6
4991,2021.0,8.0,19.0,19.0,11.0,46.05,4991.0,19.1419737316123,-155.87523721600465,31.400302162197733,3.1
4992,2021.0,8.0,26.0,5.0,57.0,29.36,4992.0,19.36678867166444,-155.77683157920785,35.86799241599531,2.7
4993,2021.0,9.0,8.0,14.0,27.0,57.44,4993.0,19.44591151880985,-155.788791390804,31.15491220086712,4.1
4994,2021.0,9.0,21.0,13.0,29.0,56.75,4994.0,19.12936224380848,-155.62909136224906,36.97751600245535,2.5
4995,2021.0,9.0,29.0,10.0,4.0,39.46,4995.0,19.901810161011053,-155.52882684944433,20.941279196234955,2.7
4996,2021.0,9.0,29.0,12.0,19.0,38.43,4996.0,19.762071378682485,-155.21856717218336,34.24071807823224,3.0
4997,2021.0,10.0,4.0,18.0,23.0,3.75,4997.0,19.373825293971525,-155.70054465444815,31.580281995487336,3.1
4998,2021.0,10.0,6.0,20.0,55.0,55.4,4998.0,19.646219061154383,-155.51270920289346,28.1583293336251,2.5
4999,2021.0,10.0,7.0,0.0,26.0,44.47,4999.0,19.510207279856203,-155.56563936330602,7.197120948665184,2.6
5000,2021.0,10.0,16.0,7.0,59.0,57.41,5000.0,19.523564415469828,-155.54989427195645,43.17424407697593,2.7
5001,2021.0,10.0,26.0,9.0,33.0,57.72,5001.0,19.44826968925793,-155.7458874941177,12.623813609907913,2.8
5002,2021.0,10.0,28.0,2.0,9.0,47.3,5002.0,19.267730961399643,-155.61652151260864,21.85897658584017,3.6
5003,2021.0,11.0,4.0,12.0,15.0,39.67,5003.0,19.883226050768148,-155.65197316272588,31.29009190359215,2.6
5004,2021.0,11.0,8.0,16.0,8.0,4.92,5004.0,19.27174347197853,-155.2019253132379,9.226056789341088,2.6
5005,2021.0,11.0,17.0,14.0,34.0,9.83,5005.0,19.703821664793416,-155.9518526602394,21.395096467200556,2.9
5006,2021.0,12.0,3.0,18.0,46.0,7.02,5006.0,19.44983842097933,-155.86451071004657,24.959203069646826,2.5
5007,2021.0,12.0,5.0,10.0,21.0,54.63,5007.0,19.6195887015786,-155.12960630951724,6.107748125365797,2.6
5008,2021.0,12.0,7.0,20.0,6.0,40.75,5008.0,19.175753911088066,-155.5217282597358,7.3835188573787,2.5
5009,2021.0,12.0,8.0,16.0,12.0,12.47,5009.0,19.53453104052841,-155.62492866166605,2.658767716017868,2.8
5010,2021.0,12.0,8.0,17.0,3.0,5.49,5010.0,19.22803909511682,-155.8112339740676,38.19005609468769,2.7
5011,2021.0,12.0,13.0,2.0,56.0,40.04,5011.0,19.2187545037011,-155.7520917956833,29.052247147328224,2.7
5012,2021.0,12.0,15.0,17.0,52.0,56.04,5012.0,19.75442688072097,-155.3082891075833,43.31229546269356,2.8
5013,2021.0,12.0,24.0,1.0,56.0,11.18,5013.0,19.48612674175147,-155.94009077934328,13.490865878033151,3.1
5014,2021.0,12.0,24.0,3.0,24.0,48.09,5014.0,19.52557459935089,-155.85102397751342,15.360034889935658,2.9
5015,2021.0,12.0,24.0,16.0,22.0,15.27,5015.0,19.58989973176724,-155.14118622658788,2.67275530380259,2.7
5016,2021.0,12.0,25.0,5.0,54.0,37.45,5016.0,19.65481816812932,-155.816204036174,19.129397729335373,2.7
5017,2022.0,1.0,1.0,23.0,0.0,18.66,5017.0,20.09834635448982,-155.64341760572995,30.177185338162204,3.0
5018,2022.0,1.0,7.0,16.0,45.0,48.8,5018.0,19.484113166009777,-155.75246662506498,27.66350130730449,2.6
5019,2022.0,1.0,8.0,3.0,11.0,34.81,5019.0,19.30257687747109,-155.17617696265677,7.186195990477875,2.7
5020,2022.0,1.0,12.0,14.0,26.0,9.21,5020.0,19.43349204712209,-155.41392677509322,34.91380528646205,2.7
5021,2022.0,1.0,12.0,18.0,19.0,46.67,5021.0,19.861333847750828,-155.1236739232102,4.846825298098233,2.6
5022,2022.0,1.0,14.0,17.0,30.0,26.5,5022.0,19.71958576316904,-155.95664384728886,10.869115345131624,2.5
5023,2022.0,1.0,15.0,14.0,27.0,25.01,5023.0,19.153287805436104,-155.67487465026045,43.35610882359976,2.5
5024,2022.0,1.0,18.0,9.0,48.0,12.27,5024.0,19.284484004901987,-155.67036034307756,20.23061145524481,3.2
5025,2022.0,1.0,30.0,9.0,45.0,26.09,5025.0,19.86110040691792,-155.8684873759211,40.05826142218381,3.0
5026,2022.0,2.0,2.0,20.0,22.0,17.1,5026.0,19.427038355939,-155.63939950103426,14.656362605346136,3.3
5027,2022.0,2.0,19.0,14.0,38.0,18.71,5027.0,19.46019656730334,-155.8409143867801,25.69229290571847,4.5
5028,2022.0,2.0,22.0,2.0,52.0,14.89,5028.0,19.63792215331867,-155.85563901465574,35.06738101834572,3.1
5029,2022.0,2.0,23.0,14.0,25.0,44.13,5029.0,19.503678464859,-155.15747586444056,27.249763851428398,2.6
5030,2022.0,3.0,1.0,12.0,26.0,38.16,5030.0,19.78429517440125,-155.64731302057066,22.78874463041979,2.9
5031,2022.0,3.0,9.0,6.0,26.0,54.9,5031.0,19.747542840622664,-155.3686633330244,17.818999142511704,2.6
5032,2022.0,3.0,9.0,14.0,50.0,28.06,5032.0,19.855800321457554,-155.72276084021286,8.234694916363269,2.7
5033,2022.0,3.0,11.0,3.0,39.0,43.8,5033.0,19.731958218760543,-155.4516825015655,15.672408402093884,2.5
5034,2022.0,3.0,11.0,6.0,43.0,51.81,5034.0,19.57150031161262,-155.3696620796193,25.1927717844134,2.9
5035,2022.0,3.0,11.0,8.0,28.0,52.56,5035.0,19.63622336215239,-155.3243429449468,3.8224830208938223,3.5
5036,2022.0,3.0,22.0,8.0,55.0,34.8,5036.0,19.971383948385057,-155.3715472317579,38.86692585405516,3.1
5037,2022.0,3.0,25.0,1.0,53.0,39.86,5037.0,19.646093179452844,-154.96762746292123,17.936836318457704,3.1
5038,2022.0,3.0,25.0,10.0,1.0,7.02,5038.0,19.43711677683251,-154.90272753167616,42.9035733953949,3.1
5039,2022.0,3.0,26.0,7.0,31.0,25.13,5039.0,19.46588893197461,-155.44914628615103,20.05456202193063,2.6
5040,2022.0,3.0,28.0,5.0,38.0,19.95,5040.0,19.86256767258035,-155.8035535234744,20.23933586277429,3.1
5041,2022.0,3.0,30.0,17.0,12.0,46.77,5041.0,19.98112071850116,-155.55157733834096,16.48307381114747,2.8
5042,2022.0,4.0,15.0,3.0,49.0,36.45,5042.0,19.59897382759097,-155.7650029825649,17.820128921881945,3.0
5043,2022.0,4.0,15.0,20.0,3.0,54.39,5043.0,19.243698723933687,-155.3577796510588,39.97895020456284,2.8
5044,2022.0,4.0,22.0,23.0,14.0,45.8,5044.0,19.510221177261545,-155.76008620971422,21.254067542319117,2.9
5045,2022.0,4.0,23.0,11.0,58.0,58.42,5045.0,19.073566070885903,-155.59353048435395,35.3141467106603,2.6
5046,2022.0,4.0,25.0,17.0,28.0,38.85,5046.0,19.01001040104854,-155.7040855807106,15.523173517565368,2.6
5047,2022.0,4.0,29.0,19.0,44.0,2.11,5047.0,19.30520177309581,-155.8541767120681,8.075594860143761,3.1
5048,2022.0,5.0,15.0,3.0,59.0,30.08,5048.0,19.533917538378827,-155.45022562759823,39.08190223144985,2.7
5049,2022.0,5.0,26.0,20.0,24.0,15.67,5049.0,19.43926070866076,-155.09990022149114,37.66818919901643,2.5
5050,2022.0,6.0,3.0,19.0,38.0,45.79,5050.0,19.71345752027157,-155.00580025386702,32.36368064163991,2.5
5051,2022.0,6.0,13.0,8.0,43.0,23.28,5051.0,19.373516475773304,-155.82756770399143,44.69013644988017,3.7
5052,2022.0,6.0,16.0,13.0,31.0,0.79,5052.0,19.60824986336159,-155.36098615831253,3.2797051431636346,2.8
5053,2022.0,6.0,17.0,22.0,29.0,4.28,5053.0,19.54070856527783,-155.37133459420346,8.480015085119211,2.9
5054,2022.0,6.0,18.0,20.0,55.0,2.43,5054.0,19.18459249717852,-155.5183190375241,11.999403774069018,2.8
5055,2022.0,6.0,22.0,13.0,43.0,37.92,5055.0,20.06833288738769,-155.6028501343755,41.15326374568893,2.7
5056,2022.0,6.0,28.0,20.0,30.0,46.92,5056.0,19.68212685358402,-155.43167058928046,33.89878043668487,2.5
5057,2022.0,7.0,3.0,1.0,53.0,34.05,5057.0,19.723321681124737,-155.18279925009077,13.901193338291227,3.0
5058,2022.0,7.0,8.0,3.0,29.0,49.83,5058.0,19.68396051660965,-155.5522608264338,4.210900357639609,2.9
5059,2022.0,7.0,8.0,23.0,10.0,30.33,5059.0,19.625842355787764,-154.93249402836628,36.97920104705305,2.5
5060,2022.0,7.0,17.0,4.0,40.0,55.47,5060.0,19.695417915472632,-155.1781646866043,24.575324781739965,2.9
5061,2022.0,7.0,28.0,22.0,12.0,51.25,5061.0,19.66654661044835,-155.72241440337422,12.619087548223211,2.5
5062,2022.0,8.0,8.0,21.0,20.0,4.68,5062.0,19.51830060486787,-155.92794041483293,32.44957654529019,2.5
5063,2022.0,8.0,18.0,6.0,1.0,35.17,5063.0,19.48916157013994,-155.68094749331,42.70512121225328,3.0
5064,2022.0,8.0,20.0,21.0,42.0,47.99,5064.0,20.20560157718384,-155.87070570930925,31.364013598223337,3.6
5065,2022.0,8.0,22.0,0.0,24.0,8.45,5065.0,19.522902257110733,-155.90468613473038,25.90916851965266,3.1
5066,2022.0,8.0,25.0,3.0,7.0,34.58,5066.0,19.952846062061173,-155.33195234382276,20.584697616705355,2.6
5067,2022.0,8.0,25.0,17.0,2.0,9.5,5067.0,19.55003402744684,-154.94184375740684,25.452909872934228,2.5
5068,2022.0,9.0,2.0,22.0,9.0,21.75,5068.0,19.779821472339783,-155.10279048355702,41.60710993461388,2.5
5069,2022.0,9.0,18.0,2.0,5.0,41.0,5069.0,19.55694852428118,-155.9565714010118,2.2943174797186976,3.8
5070,2022.0,9.0,18.0,22.0,32.0,23.28,5070.0,19.83719445336384,-155.51512131293492,3.979103054671497,2.5
5071,2022.0,9.0,24.0,14.0,41.0,27.72,5071.0,20.05476058977522,-155.48806276736295,30.26206829669227,3.3
5072,2022.0,9.0,29.0,4.0,31.0,9.22,5072.0,19.672096945823828,-155.87629276896982,1.536303735954058,2.5
5073,2022.0,9.0,30.0,4.0,21.0,4.38,5073.0,19.202116578841824,-155.69553992744216,20.90423492504413,2.9
5074,2022.0,10.0,5.0,9.0,53.0,40.3,5074.0,19.739519787015947,-155.241554163536,13.081506480137593,3.3
5075,2022.0,10.0,10.0,4.0,54.0,29.59,5075.0,19.98393147567374,-155.72963463065378,38.56619072561023,2.9
5076,2022.0,10.0,10.0,18.0,55.0,23.26,5076.0,19.37587233246884,-155.08010376279725,13.45332095844994,3.0
5077,2022.0,10.0,27.0,7.0,46.0,27.46,5077.0,19.66447837786073,-155.24787753673968,30.02740574573248,2.5
5078,2022.0,10.0,31.0,13.0,42.0,4.79,5078.0,19.638909082408333,-155.82384149830142,3.815638785169524,2.5
5079,2022.0,11.0,6.0,0.0,53.0,9.84,5079.0,19.9598795739118,-155.57716236119114,38.980637664561606,2.5
5080,2022.0,11.0,7.0,21.0,25.0,40.53,5080.0,19.161292122937617,-155.65794727771845,24.04788973672102,2.6
5081,2022.0,11.0,11.0,1.0,54.0,31.34,5081.0,19.49531048735752,-154.85545188662772,3.642627787187444,3.7
5082,2022.0,11.0,18.0,11.0,40.0,23.53,5082.0,19.812137095701228,-155.30714034743127,21.781698009342804,2.6
5083,2022.0,11.0,25.0,16.0,26.0,53.9,5083.0,19.89079312511313,-155.63231883744345,30.98801574207193,4.2
5084,2022.0,11.0,28.0,14.0,37.0,42.29,5084.0,19.173460776659105,-155.6885700714414,11.36429324648502,2.8
5085,2022.0,12.0,19.0,2.0,41.0,7.85,5085.0,19.71295862133553,-155.18608705835584,19.71774929911033,2.7
5086,2022.0,12.0,22.0,1.0,50.0,59.36,5086.0,19.726571290981457,-155.66488608822254,13.424078916240974,2.6
5087,2023.0,1.0,4.0,16.0,17.0,27.95,5087.0,19.43004207851578,-155.40183067865655,11.655371045125928,2.5
5088,2023.0,1.0,5.0,16.0,36.0,15.96,5088.0,19.165073915712664,-155.65908264172597,34.78771596021819,2.8
5089,2023.0,1.0,13.0,1.0,34.0,55.93,5089.0,19.32792760854702,-155.4789787190116,3.13203593675204,3.0
5090,2023.0,1.0,26.0,12.0,9.0,52.9,5090.0,19.31256130988298,-155.77538466772657,11.260379735443514,2.7
5091,2023.0,2.0,2.0,1.0,57.0,35.63,5091.0,19.673191485770754,-155.03753455118348,37.55222941886818,2.7
5092,2023.0,2.0,10.0,12.0,53.0,55.39,5092.0,19.40410526362501,-155.23136223380408,9.618530824665068,2.5
5093,2023.0,2.0,28.0,2.0,56.0,0.62,5093.0,19.749965351596703,-155.51925067582658,34.17761957578257,2.5
5094,2023.0,3.0,1.0,17.0,3.0,17.97,5094.0,19.27621312620056,-155.37771558037247,8.158702966260952,2.9
5095,2023.0,3.0,4.0,6.0,23.0,21.81,5095.0,19.232953198662905,-155.7929055673983,9.72729244585564,4.3
5096,2023.0,3.0,8.0,7.0,12.0,37.71,5096.0,19.155131228537748,-155.67615187464827,13.199056436094413,2.8
5097,2023.0,3.0,19.0,11.0,6.0,32.76,5097.0,19.385469338488228,-155.73701484006978,7.011211762695593,2.6
5098,2023.0,3.0,24.0,4.0,22.0,45.59,5098.0,19.909454784435773,-155.66236701651604,29.420261754476527,2.6
5099,2023.0,3.0,24.0,14.0,39.0,26.54,5099.0,19.534114116511184,-155.3603295729139,5.657638182622451,3.7
5100,2023.0,3.0,26.0,19.0,46.0,44.71,5100.0,19.55322077553732,-155.15969006166927,27.71661138185926,3.6
5101,2023.0,4.0,1.0,7.0,26.0,5.71,5101.0,19.51504082734236,-155.70902031136387,13.272123365470494,4.2
5102,2023.0,4.0,2.0,3.0,10.0,49.54,5102.0,19.87792908109434,-155.34230581018528,37.7057057490411,2.5
5103,2023.0,4.0,6.0,13.0,20.0,10.93,5103.0,19.23476487962277,-155.62147962796377,35.400514298080275,2.8
5104,2023.0,4.0,12.0,9.0,43.0,48.99,5104.0,19.37576334615735,-155.63436377739498,6.764807734114928,2.5
5105,2023.0,4.0,15.0,10.0,49.0,55.43,5105.0,19.8412285139628,-155.81263032458293,22.12285500570061,3.6
5106,2023.0,4.0,15.0,15.0,43.0,55.47,5106.0,19.984938024070416,-155.79853436897622,21.16460727217527,3.6
5107,2023.0,4.0,17.0,2.0,29.0,16.12,5107.0,19.41623128936989,-155.57342838139232,1.345363993170587,2.8
5108,2023.0,4.0,27.0,0.0,28.0,45.26,5108.0,19.54356654478763,-155.926161357388,9.965584484586842,2.5
5109,2023.0,4.0,27.0,11.0,56.0,7.03,5109.0,19.48788729505376,-155.68363128654445,11.537296750228265,2.6
5110,2023.0,4.0,27.0,15.0,24.0,12.22,5110.0,19.29235989560979,-155.3856055102938,42.60986766881689,2.6
5111,2023.0,4.0,29.0,6.0,33.0,15.3,5111.0,19.830833635249967,-155.46468314396853,43.5015859487734,3.0
5112,2023.0,5.0,4.0,0.0,54.0,6.16,5112.0,19.673437007601507,-155.41086762794504,14.040473220207293,3.1
5113,2023.0,5.0,13.0,6.0,40.0,34.98,5113.0,19.044057623789644,-155.64442387215175,16.301312597299706,3.5
5114,2023.0,5.0,19.0,7.0,29.0,7.83,5114.0,19.74576912176174,-155.09072156664254,41.23438873546271,2.5
5115,2023.0,5.0,20.0,16.0,2.0,6.79,5115.0,19.83995279647731,-155.8604108361371,43.25830031686429,2.5
5116,2023.0,6.0,1.0,9.0,36.0,50.62,5116.0,19.009825981554474,-155.76796664287693,12.304757179678996,2.8
5117,2023.0,6.0,13.0,17.0,12.0,10.27,5117.0,19.86895813038805,-155.2009468865698,5.7890125977412215,2.7
5118,2023.0,6.0,14.0,14.0,37.0,11.52,5118.0,19.304463621975,-155.62811906292535,38.88230304037111,2.5
5119,2023.0,6.0,27.0,13.0,46.0,29.19,5119.0,19.49655116748476,-155.18659663273388,18.39547700989505,2.9
5120,2023.0,7.0,5.0,23.0,13.0,1.2,5120.0,20.046255342522475,-155.58183787974207,41.72463197753672,2.5
5121,2023.0,7.0,6.0,5.0,32.0,1.62,5121.0,19.79842428476352,-155.96012557144826,2.892907124530685,2.7
5122,2023.0,7.0,6.0,7.0,28.0,4.25,5122.0,19.728728555693287,-155.28547631966703,11.37247977267588,2.8
5123,2023.0,7.0,8.0,7.0,53.0,34.88,5123.0,19.508388572068124,-155.89684481844097,38.57742864241558,3.3
5124,2023.0,7.0,10.0,12.0,41.0,44.19,5124.0,19.01756016801826,-155.56560494747143,28.769830331929747,3.2
5125,2023.0,7.0,10.0,21.0,42.0,31.7,5125.0,19.15860362244704,-155.46466518253865,4.2652323074968415,2.8
5126,2023.0,7.0,13.0,10.0,38.0,8.16,5126.0,19.4836889416422,-154.96987448846568,12.275460639491056,2.6
5127,2023.0,7.0,14.0,22.0,33.0,47.53,5127.0,19.121083729354503,-155.80271439408693,11.661158365511993,2.5
5128,2023.0,7.0,15.0,20.0,50.0,31.7,5128.0,19.278894723694865,-155.585942562447,25.514925967578705,2.6
5129,2023.0,7.0,21.0,3.0,25.0,5.15,5129.0,19.170587268671103,-155.44467929934922,29.46665380822557,2.7
5130,2023.0,7.0,21.0,15.0,21.0,7.26,5130.0,19.90387499335466,-155.855714823644,36.5721707210172,2.6
5131,2023.0,7.0,30.0,12.0,37.0,0.93,5131.0,19.638158421002608,-155.06269590982663,22.701355679040976,2.7
5132,2023.0,8.0,3.0,15.0,54.0,11.63,5132.0,19.5740802294778,-155.7159479781398,13.723021202407336,2.5
5133,2023.0,8.0,6.0,3.0,58.0,8.86,5133.0,19.475826375442747,-155.59037544253505,12.838707989277989,2.9
5134,2023.0,8.0,6.0,20.0,42.0,1.68,5134.0,19.361977465007005,-155.48842270994936,17.557840604915242,3.0
5135,2023.0,8.0,8.0,18.0,15.0,57.58,5135.0,19.47154313874842,-155.12859772318194,38.5502758501294,3.2
5136,2023.0,8.0,20.0,14.0,52.0,5.47,5136.0,19.343071322281144,-155.27907029470427,20.58366643331709,2.6
5137,2023.0,8.0,23.0,5.0,33.0,39.39,5137.0,19.024465862880504,-155.6435043455881,6.719194152384969,3.0
5138,2023.0,8.0,23.0,13.0,16.0,49.05,5138.0,19.70075488126469,-155.3985578819675,14.76665115725525,3.3
5139,2023.0,9.0,1.0,1.0,45.0,11.92,5139.0,19.53302395956739,-155.68023012590805,28.98382060268252,3.1
5140,2023.0,9.0,2.0,22.0,15.0,36.82,5140.0,19.702914778283205,-155.63627591893538,9.925687780981749,2.6
5141,2023.0,9.0,4.0,7.0,57.0,7.2,5141.0,19.43538187074418,-155.23717178478364,2.172105090372156,2.8
5142,2023.0,9.0,17.0,11.0,48.0,43.83,5142.0,19.282906854844995,-155.58692210820786,15.466724527981707,2.7
5143,2023.0,9.0,18.0,7.0,24.0,4.92,5143.0,19.579500775405947,-155.3979015732914,24.35241354557896,2.7
5144,2023.0,9.0,23.0,2.0,26.0,24.66,5144.0,20.046635848778187,-155.76493559235965,6.960858456813838,2.7
5145,2023.0,10.0,13.0,15.0,44.0,52.48,5145.0,19.522378963593923,-155.53756969313324,30.77673059379719,3.2
5146,2023.0,10.0,14.0,21.0,5.0,46.14,5146.0,19.50322071567494,-154.89186745960356,35.693373636329824,2.6
5147,2023.0,10.0,16.0,17.0,31.0,35.92,5147.0,19.8585869833374,-155.2938622103297,5.742074302038775,2.5
5148,2023.0,10.0,17.0,11.0,11.0,46.19,5148.0,19.13838542809169,-155.8855535628459,2.1018757075495142,2.5
5149,2023.0,10.0,19.0,5.0,28.0,15.92,5149.0,19.475647658716085,-155.7956319141303,38.69942264911754,2.5
5150,2023.0,10.0,22.0,11.0,40.0,44.05,5150.0,19.98807584319221,-155.8042947597423,11.801360872804125,3.1
5151,2023.0,10.0,22.0,23.0,9.0,9.43,5151.0,19.680308382953523,-155.00536678852802,24.473761372009506,2.5
5152,2023.0,11.0,1.0,17.0,33.0,15.41,5152.0,19.38324819093112,-155.84255285502522,30.814073944210804,2.8
5153,2023.0,11.0,4.0,10.0,10.0,46.02,5153.0,19.519596344227867,-155.78396230562268,25.319858028662782,2.7
5154,2023.0,11.0,5.0,4.0,43.0,8.12,5154.0,19.589528532697468,-154.87968987138956,4.2436370577286615,2.7
5155,2023.0,11.0,6.0,18.0,50.0,3.6,5155.0,19.946543599324784,-155.55202190660168,20.19424209697292,2.5
5156,2023.0,11.0,7.0,20.0,54.0,25.97,5156.0,19.290018143226344,-155.31886819955207,38.947551430725085,2.5
5157,2023.0,11.0,8.0,3.0,2.0,31.04,5157.0,19.98199886252153,-155.52095741040904,26.362730131879605,3.3
5158,2023.0,11.0,11.0,7.0,43.0,56.71,5158.0,19.48524391597676,-155.04519158755812,2.9406405376637537,3.5
5159,2023.0,11.0,16.0,3.0,0.0,59.59,5159.0,19.9503919395986,-155.4937193967258,33.842007630828505,2.5
5160,2023.0,11.0,18.0,17.0,52.0,15.17,5160.0,19.46623201893864,-154.89473869923793,44.46626526713516,3.1
5161,2023.0,11.0,22.0,15.0,51.0,33.24,5161.0,19.66618344717966,-155.38034504079883,14.416924698605843,3.6
5162,2023.0,12.0,3.0,1.0,37.0,49.81,5162.0,20.00343983066909,-155.75440007111183,44.783417787433415,2.5
5163,2023.0,12.0,6.0,18.0,53.0,18.16,5163.0,19.8952782344722,-155.27349764268308,33.02214681737018,2.6
5164,2023.0,12.0,7.0,9.0,12.0,25.5,5164.0,20.011193777049737,-155.7746855332067,36.72888096506186,3.1
5165,2023.0,12.0,8.0,23.0,52.0,7.92,5165.0,19.616013619744223,-155.30331234925245,14.743937933205665,2.6
5166,2023.0,12.0,14.0,1.0,25.0,1.77,5166.0,19.32787144265197,-155.07223410436364,23.274294486142065,3.0
5167,2023.0,12.0,19.0,18.0,50.0,51.85,5167.0,19.867947261233663,-155.70094105936096,39.83946906834463,2.5
5168,2024.0,1.0,4.0,5.0,9.0,3.09,5168.0,19.7660877016198,-155.62838863628025,39.6235539491144,3.1
5169,2024.0,1.0,20.0,10.0,15.0,50.13,5169.0,19.58374586787754,-154.87223856244282,31.512029144620367,2.6
5170,2024.0,1.0,21.0,1.0,18.0,20.46,5170.0,19.34670147740488,-155.20186790008373,21.7357082015582,2.5
5171,2024.0,1.0,22.0,14.0,50.0,20.58,5171.0,19.5286617319042,-155.66444108696552,3.046959399097762,2.7
5172,2024.0,2.0,2.0,0.0,19.0,23.93,5172.0,19.54179456029764,-154.9173596698751,39.018329914702456,3.2
5173,2024.0,2.0,2.0,22.0,4.0,4.97,5173.0,19.910824682554782,-155.39547382793913,44.38426220643595,2.6
5174,2024.0,2.0,6.0,20.0,55.0,50.71,5174.0,19.59904695721484,-155.46367517719267,44.0889279896321,3.1
5175,2024.0,2.0,12.0,10.0,56.0,10.03,5175.0,19.54678888424293,-155.3409173621926,39.14306638109027,3.4
5176,2024.0,2.0,17.0,15.0,10.0,48.88,5176.0,19.267442058486743,-155.84231798597236,27.55728255974481,2.9
5177,2024.0,2.0,20.0,12.0,46.0,3.41,5177.0,19.393503729526834,-155.21275100709502,21.98423453768643,2.7
5178,2024.0,2.0,29.0,6.0,53.0,4.86,5178.0,19.268106080385785,-155.50900264528877,35.28188778423863,2.6
5179,2024.0,3.0,1.0,13.0,23.0,55.57,5179.0,19.84117781203213,-155.8662504040753,34.41857115601045,2.7
5180,2024.0,3.0,12.0,0.0,56.0,22.07,5180.0,19.4858693110788,-155.4785543597626,12.808952486303468,3.4
5181,2024.0,3.0,19.0,4.0,21.0,48.84,5181.0,20.15938200561326,-155.6838197408579,22.653120659168977,2.5
5182,2024.0,3.0,21.0,6.0,0.0,38.37,5182.0,19.500617186157964,-154.8328397007157,31.42682543197912,2.6
5183,2024.0,3.0,21.0,6.0,11.0,51.2,5183.0,19.02279260950905,-155.58203068956257,11.601833525357968,2.6
5184,2024.0,3.0,21.0,11.0,37.0,27.83,5184.0,19.91215918438725,-155.20661499225938,5.2764398756183,2.5
5185,2024.0,3.0,24.0,9.0,53.0,39.16,5185.0,19.04467961766241,-155.75934836542666,25.250753893511064,2.6
5186,2024.0,4.0,1.0,2.0,25.0,49.6,5186.0,19.418316750978214,-155.08263088362892,34.5148150503817,2.7
5187,2024.0,4.0,6.0,10.0,22.0,59.36,5187.0,19.422053671064923,-154.92342882602563,4.144863032621937,2.5
5188,2024.0,4.0,9.0,7.0,57.0,1.06,5188.0,19.54780743215432,-155.40582175440636,42.00444225392472,2.5
5189,2024.0,4.0,13.0,21.0,36.0,58.71,5189.0,19.63361252949004,-154.99825297667138,25.692067332426276,4.1
5190,2024.0,4.0,26.0,12.0,57.0,46.66,5190.0,19.89411873645015,-155.57407308240772,20.255800229687345,2.5
5191,2024.0,4.0,27.0,20.0,30.0,56.14,5191.0,20.034748868537488,-155.60717315889082,33.34666415328256,4.3
5192,2024.0,4.0,28.0,2.0,1.0,49.57,5192.0,19.37268973550392,-155.57004193794958,6.8074639571414295,2.8
5193,2024.0,4.0,30.0,12.0,1.0,33.43,5193.0,19.36921449270386,-155.36024458730245,44.54290232367713,2.7
5194,2024.0,5.0,3.0,3.0,47.0,13.6,5194.0,19.474290202580345,-155.51346545139526,34.08604157251306,2.5
5195,2024.0,5.0,4.0,19.0,19.0,30.77,5195.0,19.5730838945122,-154.9827134294348,32.5951868248757,2.9
5196,2024.0,5.0,6.0,21.0,28.0,51.27,5196.0,19.53644090044407,-155.37176185871178,37.44208414787656,2.6
5197,2024.0,5.0,8.0,3.0,15.0,40.04,5197.0,19.647099492282702,-155.13936569084052,2.770970222254282,2.7
5198,2024.0,5.0,11.0,3.0,39.0,20.22,5198.0,19.266433757923284,-155.3993031517547,23.63804502269976,2.7
5199,2024.0,5.0,12.0,20.0,59.0,58.65,5199.0,19.457210679367567,-155.33123480247775,21.426023195092554,2.8
5200,2024.0,5.0,16.0,23.0,7.0,30.2,5200.0,19.003076891315416,-155.64252632152176,10.44423326778512,3.5
5201,2024.0,5.0,28.0,7.0,7.0,20.63,5201.0,19.648115200074425,-155.90822102608007,2.5761315528484983,2.6
5202,2024.0,6.0,1.0,1.0,22.0,59.84,5202.0,19.770359548714367,-155.36879090491954,7.28860383490041,2.6
5203,2024.0,6.0,10.0,11.0,53.0,11.8,5203.0,19.88171913532714,-155.38992967815648,11.353883389458916,2.7
5204,2024.0,6.0,12.0,18.0,19.0,12.21,5204.0,20.202883471942847,-155.7439736619657,39.34711813548712,2.7
5205,2024.0,6.0,18.0,20.0,21.0,26.8,5205.0,19.458051383099487,-154.92435457581345,11.93453436182866,2.7
5206,2024.0,6.0,28.0,6.0,46.0,16.41,5206.0,19.96331038130966,-155.31365780891494,44.08181515881836,2.6
5207,2024.0,7.0,1.0,19.0,8.0,32.23,5207.0,20.07235653980976,-155.47988822439189,10.73456340171568,2.7
5208,2024.0,7.0,6.0,3.0,35.0,49.19,5208.0,19.755463615511545,-155.45051687549133,5.866515139000568,2.6
5209,2024.0,7.0,11.0,14.0,57.0,16.84,5209.0,19.3771566692286,-155.6077691902681,7.095568898317065,2.5
5210,2024.0,7.0,19.0,14.0,44.0,57.46,5210.0,19.579118233509966,-155.45384436115785,34.36487744985823,2.5
5211,2024.0,7.0,20.0,4.0,15.0,2.61,5211.0,19.4895922063126,-155.58932984128313,34.46081838346042,2.7
5212,2024.0,7.0,21.0,21.0,48.0,51.78,5212.0,19.407437301515213,-155.55490224907192,38.39129005813683,2.8
5213,2024.0,7.0,25.0,10.0,31.0,49.76,5213.0,19.62658428645128,-155.45927884141994,31.6557915635522,2.7
5214,2024.0,7.0,27.0,23.0,41.0,13.13,5214.0,19.620632670142744,-155.44270930517743,20.312030288572608,3.1
5215,2024.0,8.0,4.0,12.0,35.0,28.4,5215.0,19.33110252260092,-155.21675240000948,26.01326520106733,2.7
5216,2024.0,8.0,6.0,14.0,23.0,48.75,5216.0,19.90038264182472,-155.5572106116313,3.5997285752016746,3.7
5217,2024.0,8.0,9.0,19.0,29.0,6.97,5217.0,19.65732323556989,-155.10539319609563,10.791207046122707,2.6
5218,2024.0,8.0,12.0,5.0,27.0,55.39,5218.0,19.75720078158338,-155.1067140252641,16.5958216404073,3.1
5219,2024.0,8.0,18.0,9.0,22.0,51.92,5219.0,19.471913210205727,-155.36573516772313,1.3617336039813583,2.6
5220,2024.0,8.0,23.0,16.0,33.0,55.36,5220.0,19.686523771802843,-155.70046956000718,15.822525694624652,2.6
5221,2024.0,8.0,26.0,10.0,46.0,23.27,5221.0,19.06232679835495,-155.62497598259472,16.503530462108827,2.6
5222,2024.0,8.0,27.0,10.0,14.0,19.75,5222.0,19.50256691214213,-155.2808860737782,19.34056055699798,3.3
5223,2024.0,8.0,31.0,0.0,30.0,0.71,5223.0,19.323192695954543,-155.09539465983195,38.70231732393745,2.6
5224,2024.0,9.0,2.0,6.0,9.0,59.36,5224.0,19.98068264722816,-155.66725970683203,41.62951707260429,2.8
5225,2024.0,9.0,3.0,7.0,30.0,17.32,5225.0,19.778178938989907,-155.65390983661655,32.88937355904731,2.7
5226,2024.0,9.0,6.0,17.0,33.0,21.05,5226.0,19.548299517887777,-155.75639946058874,42.1522340861898,2.7
5227,2024.0,9.0,7.0,12.0,41.0,49.07,5227.0,19.617204328970104,-155.42123008444094,31.1394997255447,3.8
5228,2024.0,9.0,10.0,3.0,2.0,57.79,5228.0,19.91633953412902,-155.6369744544751,31.88753805215731,2.6
5229,2024.0,9.0,10.0,11.0,8.0,32.48,5229.0,19.74051320988942,-155.88864378053282,6.598586896430726,3.3
5230,2024.0,9.0,16.0,14.0,28.0,19.57,5230.0,19.06729452850741,-155.5527304424508,23.572614726180817,2.6
5231,2024.0,9.0,17.0,4.0,57.0,34.89,5231.0,19.857991783639285,-155.16346705761816,7.548643416579955,2.6
5232,2024.0,10.0,3.0,23.0,8.0,57.26,5232.0,20.228442936179714,-155.79995360799157,37.87413384961931,2.7
5233,2024.0,10.0,8.0,9.0,46.0,15.59,5233.0,19.935964532324064,-155.80182127100238,30.21114597208539,3.1
5234,2024.0,10.0,11.0,17.0,13.0,40.6,5234.0,19.749083989653546,-155.7462666731416,5.002027093667749,3.3
5235,2024.0,10.0,11.0,21.0,23.0,36.66,5235.0,19.8358883805746,-155.43108434477102,3.1957642171520506,2.7
5236,2024.0,10.0,12.0,13.0,5.0,29.05,5236.0,19.98977767732107,-155.287064718473,21.18697924232271,2.5
5237,2024.0,10.0,22.0,3.0,40.0,2.05,5237.0,20.14206371340265,-155.72935536751308,15.478133853987062,2.5
5238,2024.0,10.0,26.0,13.0,32.0,54.39,5238.0,19.340875454426943,-155.74133269643093,17.830448784344437,2.7
5239,2024.0,10.0,26.0,18.0,21.0,8.87,5239.0,19.71417688056966,-155.59126026113506,21.42703792034318,2.5
5240,2024.0,10.0,27.0,3.0,24.0,41.1,5240.0,19.032440741954755,-155.85978562233066,22.48810457380632,2.7
5241,2024.0,11.0,8.0,6.0,16.0,46.62,5241.0,19.515640324768,-155.8343411972785,2.8857797453350917,2.9
5242,2024.0,11.0,10.0,4.0,24.0,59.22,5242.0,19.60375888117586,-155.41182619950465,10.727596548245252,3.4
5243,2024.0,11.0,21.0,14.0,1.0,10.8,5243.0,20.0083991811442,-155.3948847676398,6.403149850422638,2.7
5244,2024.0,12.0,3.0,4.0,54.0,10.35,5244.0,19.65721554818893,-155.85677487986766,37.61514284235401,2.7
5245,2024.0,12.0,19.0,0.0,29.0,58.35,5245.0,20.008397291723814,-155.35000359850704,32.81221003164853,3.6
5246,2024.0,12.0,27.0,17.0,30.0,24.04,5246.0,19.905130241529456,-155.76257893291415,28.92701183005269,2.9
